image_url,title,price,category_id,isbn,description,author,in_stock,url_slug,publisher,publish_year,page_count
https://cdn1.fahasa.com/media/catalog/product/h/a/hanh-trinh-yeu-thuong_nhat-ki-thien-nhan_bia.jpg,Hành Trình Yêu Thương - Nhật Kí Thiện Nhân (Tái Bản 2025),81000,43,9780085480898,"Lorem ipsum dolor sit amet, consectetur adipiscing elit. Nam congue vel tellus non luctus. Vestibulum vitae nunc lorem. Sed lacinia lectus vel augue imperdiet ultricies. Donec id venenatis ex, vitae pretium ligula. Sed nulla eros, dignissim at feugiat non, posuere sit amet urna. Ut eu porttitor tellus. Cras eu massa nulla. Morbi porta fermentum elit eu iaculis. Pellentesque hendrerit venenatis purus at feugiat. Pellentesque vitae feugiat purus. Donec mattis rhoncus lacinia. Sed quam diam, molestie id laoreet eu, lacinia ac turpis. Cras tincidunt lobortis elit quis aliquam. Proin et massa libero.

Aliquam id pharetra arcu. Vivamus vitae mattis ligula. Sed efficitur urna vitae scelerisque tempor. Proin purus magna, vulputate eu ligula a, vehicula malesuada enim. Curabitur aliquet rutrum enim et tincidunt. Vestibulum ante ipsum primis in faucibus orci luctus et ultrices posuere cubilia curae; Vivamus pharetra enim leo, nec molestie nibh consectetur quis. Class aptent taciti sociosqu ad litora torquent per conubia nostra, per inceptos himenaeos. Nunc quis maximus elit, vitae pulvinar urna. Integer at mi elit. Phasellus vitae rutrum sem. Vivamus et mauris ac nisl congue congue eu eget elit. Nullam at quam velit. Pellentesque dictum, diam nec tempor aliquet, tortor justo fermentum sapien, at condimentum turpis elit vel sapien. Aenean rutrum tellus sodales tortor viverra eleifend.

Donec facilisis, diam efficitur maximus ultrices, enim lectus rutrum elit, eget malesuada mi justo dapibus enim. Maecenas finibus euismod nulla quis dignissim. Sed dictum ante rutrum turpis euismod laoreet. Sed placerat tellus leo. In ut lobortis lorem. Nullam vitae lectus egestas urna tincidunt aliquet. Ut sagittis vel enim eget malesuada. Cras in congue tortor. Interdum et malesuada fames ac ante ipsum primis in faucibus. Nunc tempus consequat neque, et eleifend nulla aliquam eu.",Author 1,7,hanh-trinh-yeu-thuong-nhat-ki-thien-nhan-tai-ban-2025,NXB 1,2002,79
https://cdn1.fahasa.com/media/catalog/product/9/7/9786043779851_1_1.jpg,Gánh Gánh Gồng Gồng (Tái Bản 2024),128000,43,9780085480899,"Lorem ipsum dolor sit amet, consectetur adipiscing elit. Nam congue vel tellus non luctus. Vestibulum vitae nunc lorem. Sed lacinia lectus vel augue imperdiet ultricies. Donec id venenatis ex, vitae pretium ligula. Sed nulla eros, dignissim at feugiat non, posuere sit amet urna. Ut eu porttitor tellus. Cras eu massa nulla. Morbi porta fermentum elit eu iaculis. Pellentesque hendrerit venenatis purus at feugiat. Pellentesque vitae feugiat purus. Donec mattis rhoncus lacinia. Sed quam diam, molestie id laoreet eu, lacinia ac turpis. Cras tincidunt lobortis elit quis aliquam. Proin et massa libero.

Aliquam id pharetra arcu. Vivamus vitae mattis ligula. Sed efficitur urna vitae scelerisque tempor. Proin purus magna, vulputate eu ligula a, vehicula malesuada enim. Curabitur aliquet rutrum enim et tincidunt. Vestibulum ante ipsum primis in faucibus orci luctus et ultrices posuere cubilia curae; Vivamus pharetra enim leo, nec molestie nibh consectetur quis. Class aptent taciti sociosqu ad litora torquent per conubia nostra, per inceptos himenaeos. Nunc quis maximus elit, vitae pulvinar urna. Integer at mi elit. Phasellus vitae rutrum sem. Vivamus et mauris ac nisl congue congue eu eget elit. Nullam at quam velit. Pellentesque dictum, diam nec tempor aliquet, tortor justo fermentum sapien, at condimentum turpis elit vel sapien. Aenean rutrum tellus sodales tortor viverra eleifend.

Donec facilisis, diam efficitur maximus ultrices, enim lectus rutrum elit, eget malesuada mi justo dapibus enim. Maecenas finibus euismod nulla quis dignissim. Sed dictum ante rutrum turpis euismod laoreet. Sed placerat tellus leo. In ut lobortis lorem. Nullam vitae lectus egestas urna tincidunt aliquet. Ut sagittis vel enim eget malesuada. Cras in congue tortor. Interdum et malesuada fames ac ante ipsum primis in faucibus. Nunc tempus consequat neque, et eleifend nulla aliquam eu.",Author 2,19,ganh-ganh-gong-gong-tai-ban-2024,NXB 2,2016,110
https://cdn1.fahasa.com/media/catalog/product/9/7/9786045193327.jpg,Người Thầy (Tái Bản),240000,43,9780085480900,"Lorem ipsum dolor sit amet, consectetur adipiscing elit. Nam congue vel tellus non luctus. Vestibulum vitae nunc lorem. Sed lacinia lectus vel augue imperdiet ultricies. Donec id venenatis ex, vitae pretium ligula. Sed nulla eros, dignissim at feugiat non, posuere sit amet urna. Ut eu porttitor tellus. Cras eu massa nulla. Morbi porta fermentum elit eu iaculis. Pellentesque hendrerit venenatis purus at feugiat. Pellentesque vitae feugiat purus. Donec mattis rhoncus lacinia. Sed quam diam, molestie id laoreet eu, lacinia ac turpis. Cras tincidunt lobortis elit quis aliquam. Proin et massa libero.

Aliquam id pharetra arcu. Vivamus vitae mattis ligula. Sed efficitur urna vitae scelerisque tempor. Proin purus magna, vulputate eu ligula a, vehicula malesuada enim. Curabitur aliquet rutrum enim et tincidunt. Vestibulum ante ipsum primis in faucibus orci luctus et ultrices posuere cubilia curae; Vivamus pharetra enim leo, nec molestie nibh consectetur quis. Class aptent taciti sociosqu ad litora torquent per conubia nostra, per inceptos himenaeos. Nunc quis maximus elit, vitae pulvinar urna. Integer at mi elit. Phasellus vitae rutrum sem. Vivamus et mauris ac nisl congue congue eu eget elit. Nullam at quam velit. Pellentesque dictum, diam nec tempor aliquet, tortor justo fermentum sapien, at condimentum turpis elit vel sapien. Aenean rutrum tellus sodales tortor viverra eleifend.

Donec facilisis, diam efficitur maximus ultrices, enim lectus rutrum elit, eget malesuada mi justo dapibus enim. Maecenas finibus euismod nulla quis dignissim. Sed dictum ante rutrum turpis euismod laoreet. Sed placerat tellus leo. In ut lobortis lorem. Nullam vitae lectus egestas urna tincidunt aliquet. Ut sagittis vel enim eget malesuada. Cras in congue tortor. Interdum et malesuada fames ac ante ipsum primis in faucibus. Nunc tempus consequat neque, et eleifend nulla aliquam eu.",Author 3,3,nguoi-thay-tai-ban,NXB 3,2016,104
https://cdn1.fahasa.com/media/catalog/product/h/o/hoikytrandainghia.jpg,Hồi Ký Giáo Sư-Viện Sĩ-Thiếu Tướng-Anh Hùng Lao Động Trần Đại Nghĩa - Cuộc Đời Và Hành Trình Sự Nghiệp,127500,43,9780085480901,"Lorem ipsum dolor sit amet, consectetur adipiscing elit. Nam congue vel tellus non luctus. Vestibulum vitae nunc lorem. Sed lacinia lectus vel augue imperdiet ultricies. Donec id venenatis ex, vitae pretium ligula. Sed nulla eros, dignissim at feugiat non, posuere sit amet urna. Ut eu porttitor tellus. Cras eu massa nulla. Morbi porta fermentum elit eu iaculis. Pellentesque hendrerit venenatis purus at feugiat. Pellentesque vitae feugiat purus. Donec mattis rhoncus lacinia. Sed quam diam, molestie id laoreet eu, lacinia ac turpis. Cras tincidunt lobortis elit quis aliquam. Proin et massa libero.

Aliquam id pharetra arcu. Vivamus vitae mattis ligula. Sed efficitur urna vitae scelerisque tempor. Proin purus magna, vulputate eu ligula a, vehicula malesuada enim. Curabitur aliquet rutrum enim et tincidunt. Vestibulum ante ipsum primis in faucibus orci luctus et ultrices posuere cubilia curae; Vivamus pharetra enim leo, nec molestie nibh consectetur quis. Class aptent taciti sociosqu ad litora torquent per conubia nostra, per inceptos himenaeos. Nunc quis maximus elit, vitae pulvinar urna. Integer at mi elit. Phasellus vitae rutrum sem. Vivamus et mauris ac nisl congue congue eu eget elit. Nullam at quam velit. Pellentesque dictum, diam nec tempor aliquet, tortor justo fermentum sapien, at condimentum turpis elit vel sapien. Aenean rutrum tellus sodales tortor viverra eleifend.

Donec facilisis, diam efficitur maximus ultrices, enim lectus rutrum elit, eget malesuada mi justo dapibus enim. Maecenas finibus euismod nulla quis dignissim. Sed dictum ante rutrum turpis euismod laoreet. Sed placerat tellus leo. In ut lobortis lorem. Nullam vitae lectus egestas urna tincidunt aliquet. Ut sagittis vel enim eget malesuada. Cras in congue tortor. Interdum et malesuada fames ac ante ipsum primis in faucibus. Nunc tempus consequat neque, et eleifend nulla aliquam eu.",Author 4,9,hoi-ky-giao-su-vien-si-thieu-tuong-anh-hung-lao-ong-tran-ai-nghia-cuoc-oi-va-hanh-trinh-su-nghiep,NXB 4,2019,148
https://cdn1.fahasa.com/media/catalog/product/b/_/b_a-gia-_nh_-b_n-b_-v_-_t-n_c_1.jpg,"Hồi Ký Nguyễn Thị Bình - Gia Đình, Bạn Bè Và Đất Nước",151050,43,9780085480902,"Lorem ipsum dolor sit amet, consectetur adipiscing elit. Nam congue vel tellus non luctus. Vestibulum vitae nunc lorem. Sed lacinia lectus vel augue imperdiet ultricies. Donec id venenatis ex, vitae pretium ligula. Sed nulla eros, dignissim at feugiat non, posuere sit amet urna. Ut eu porttitor tellus. Cras eu massa nulla. Morbi porta fermentum elit eu iaculis. Pellentesque hendrerit venenatis purus at feugiat. Pellentesque vitae feugiat purus. Donec mattis rhoncus lacinia. Sed quam diam, molestie id laoreet eu, lacinia ac turpis. Cras tincidunt lobortis elit quis aliquam. Proin et massa libero.

Aliquam id pharetra arcu. Vivamus vitae mattis ligula. Sed efficitur urna vitae scelerisque tempor. Proin purus magna, vulputate eu ligula a, vehicula malesuada enim. Curabitur aliquet rutrum enim et tincidunt. Vestibulum ante ipsum primis in faucibus orci luctus et ultrices posuere cubilia curae; Vivamus pharetra enim leo, nec molestie nibh consectetur quis. Class aptent taciti sociosqu ad litora torquent per conubia nostra, per inceptos himenaeos. Nunc quis maximus elit, vitae pulvinar urna. Integer at mi elit. Phasellus vitae rutrum sem. Vivamus et mauris ac nisl congue congue eu eget elit. Nullam at quam velit. Pellentesque dictum, diam nec tempor aliquet, tortor justo fermentum sapien, at condimentum turpis elit vel sapien. Aenean rutrum tellus sodales tortor viverra eleifend.

Donec facilisis, diam efficitur maximus ultrices, enim lectus rutrum elit, eget malesuada mi justo dapibus enim. Maecenas finibus euismod nulla quis dignissim. Sed dictum ante rutrum turpis euismod laoreet. Sed placerat tellus leo. In ut lobortis lorem. Nullam vitae lectus egestas urna tincidunt aliquet. Ut sagittis vel enim eget malesuada. Cras in congue tortor. Interdum et malesuada fames ac ante ipsum primis in faucibus. Nunc tempus consequat neque, et eleifend nulla aliquam eu.",Author 5,11,hoi-ky-nguyen-thi-binh-gia-inh-ban-be-va-at-nuoc,NXB 5,2022,91
https://cdn1.fahasa.com/media/catalog/product/z/6/z6760718718514_ad54bca1da7542b56ac16c6998b3344f.jpg,Bùi Kiến Thành - Người Mở Khóa Lãng Du (Tái Bản 2025),119400,43,9780085480903,"Lorem ipsum dolor sit amet, consectetur adipiscing elit. Nam congue vel tellus non luctus. Vestibulum vitae nunc lorem. Sed lacinia lectus vel augue imperdiet ultricies. Donec id venenatis ex, vitae pretium ligula. Sed nulla eros, dignissim at feugiat non, posuere sit amet urna. Ut eu porttitor tellus. Cras eu massa nulla. Morbi porta fermentum elit eu iaculis. Pellentesque hendrerit venenatis purus at feugiat. Pellentesque vitae feugiat purus. Donec mattis rhoncus lacinia. Sed quam diam, molestie id laoreet eu, lacinia ac turpis. Cras tincidunt lobortis elit quis aliquam. Proin et massa libero.

Aliquam id pharetra arcu. Vivamus vitae mattis ligula. Sed efficitur urna vitae scelerisque tempor. Proin purus magna, vulputate eu ligula a, vehicula malesuada enim. Curabitur aliquet rutrum enim et tincidunt. Vestibulum ante ipsum primis in faucibus orci luctus et ultrices posuere cubilia curae; Vivamus pharetra enim leo, nec molestie nibh consectetur quis. Class aptent taciti sociosqu ad litora torquent per conubia nostra, per inceptos himenaeos. Nunc quis maximus elit, vitae pulvinar urna. Integer at mi elit. Phasellus vitae rutrum sem. Vivamus et mauris ac nisl congue congue eu eget elit. Nullam at quam velit. Pellentesque dictum, diam nec tempor aliquet, tortor justo fermentum sapien, at condimentum turpis elit vel sapien. Aenean rutrum tellus sodales tortor viverra eleifend.

Donec facilisis, diam efficitur maximus ultrices, enim lectus rutrum elit, eget malesuada mi justo dapibus enim. Maecenas finibus euismod nulla quis dignissim. Sed dictum ante rutrum turpis euismod laoreet. Sed placerat tellus leo. In ut lobortis lorem. Nullam vitae lectus egestas urna tincidunt aliquet. Ut sagittis vel enim eget malesuada. Cras in congue tortor. Interdum et malesuada fames ac ante ipsum primis in faucibus. Nunc tempus consequat neque, et eleifend nulla aliquam eu.",Author 6,7,bui-kien-thanh-nguoi-mo-khoa-lang-du-tai-ban-2025,NXB 6,2016,115
https://cdn1.fahasa.com/media/catalog/product/8/9/8935086855720.jpg,Điệp Viên Hoàn Hảo X6 - Phạm Xuân Ẩn - Bìa Cứng (Tái Bản 2022),144540,43,9780085480904,"Lorem ipsum dolor sit amet, consectetur adipiscing elit. Nam congue vel tellus non luctus. Vestibulum vitae nunc lorem. Sed lacinia lectus vel augue imperdiet ultricies. Donec id venenatis ex, vitae pretium ligula. Sed nulla eros, dignissim at feugiat non, posuere sit amet urna. Ut eu porttitor tellus. Cras eu massa nulla. Morbi porta fermentum elit eu iaculis. Pellentesque hendrerit venenatis purus at feugiat. Pellentesque vitae feugiat purus. Donec mattis rhoncus lacinia. Sed quam diam, molestie id laoreet eu, lacinia ac turpis. Cras tincidunt lobortis elit quis aliquam. Proin et massa libero.

Aliquam id pharetra arcu. Vivamus vitae mattis ligula. Sed efficitur urna vitae scelerisque tempor. Proin purus magna, vulputate eu ligula a, vehicula malesuada enim. Curabitur aliquet rutrum enim et tincidunt. Vestibulum ante ipsum primis in faucibus orci luctus et ultrices posuere cubilia curae; Vivamus pharetra enim leo, nec molestie nibh consectetur quis. Class aptent taciti sociosqu ad litora torquent per conubia nostra, per inceptos himenaeos. Nunc quis maximus elit, vitae pulvinar urna. Integer at mi elit. Phasellus vitae rutrum sem. Vivamus et mauris ac nisl congue congue eu eget elit. Nullam at quam velit. Pellentesque dictum, diam nec tempor aliquet, tortor justo fermentum sapien, at condimentum turpis elit vel sapien. Aenean rutrum tellus sodales tortor viverra eleifend.

Donec facilisis, diam efficitur maximus ultrices, enim lectus rutrum elit, eget malesuada mi justo dapibus enim. Maecenas finibus euismod nulla quis dignissim. Sed dictum ante rutrum turpis euismod laoreet. Sed placerat tellus leo. In ut lobortis lorem. Nullam vitae lectus egestas urna tincidunt aliquet. Ut sagittis vel enim eget malesuada. Cras in congue tortor. Interdum et malesuada fames ac ante ipsum primis in faucibus. Nunc tempus consequat neque, et eleifend nulla aliquam eu.",Author 7,8,iep-vien-hoan-hao-x6-pham-xuan-an-bia-cung-tai-ban-2022,NXB 7,2007,86
https://cdn1.fahasa.com/media/catalog/product/i/m/image_220964.jpg,Khi Hơi Thở Hóa Thinh Không (Tái Bản 2020),76300,43,9780085480905,"Lorem ipsum dolor sit amet, consectetur adipiscing elit. Nam congue vel tellus non luctus. Vestibulum vitae nunc lorem. Sed lacinia lectus vel augue imperdiet ultricies. Donec id venenatis ex, vitae pretium ligula. Sed nulla eros, dignissim at feugiat non, posuere sit amet urna. Ut eu porttitor tellus. Cras eu massa nulla. Morbi porta fermentum elit eu iaculis. Pellentesque hendrerit venenatis purus at feugiat. Pellentesque vitae feugiat purus. Donec mattis rhoncus lacinia. Sed quam diam, molestie id laoreet eu, lacinia ac turpis. Cras tincidunt lobortis elit quis aliquam. Proin et massa libero.

Aliquam id pharetra arcu. Vivamus vitae mattis ligula. Sed efficitur urna vitae scelerisque tempor. Proin purus magna, vulputate eu ligula a, vehicula malesuada enim. Curabitur aliquet rutrum enim et tincidunt. Vestibulum ante ipsum primis in faucibus orci luctus et ultrices posuere cubilia curae; Vivamus pharetra enim leo, nec molestie nibh consectetur quis. Class aptent taciti sociosqu ad litora torquent per conubia nostra, per inceptos himenaeos. Nunc quis maximus elit, vitae pulvinar urna. Integer at mi elit. Phasellus vitae rutrum sem. Vivamus et mauris ac nisl congue congue eu eget elit. Nullam at quam velit. Pellentesque dictum, diam nec tempor aliquet, tortor justo fermentum sapien, at condimentum turpis elit vel sapien. Aenean rutrum tellus sodales tortor viverra eleifend.

Donec facilisis, diam efficitur maximus ultrices, enim lectus rutrum elit, eget malesuada mi justo dapibus enim. Maecenas finibus euismod nulla quis dignissim. Sed dictum ante rutrum turpis euismod laoreet. Sed placerat tellus leo. In ut lobortis lorem. Nullam vitae lectus egestas urna tincidunt aliquet. Ut sagittis vel enim eget malesuada. Cras in congue tortor. Interdum et malesuada fames ac ante ipsum primis in faucibus. Nunc tempus consequat neque, et eleifend nulla aliquam eu.",Author 8,10,khi-hoi-tho-hoa-thinh-khong-tai-ban-2020,NXB 8,2018,64
https://cdn1.fahasa.com/media/catalog/product/8/9/8935086855737.jpg,Điệp Viên Hoàn Hảo X6 - Phạm Xuân Ẩn,129940,43,9780085480906,"Lorem ipsum dolor sit amet, consectetur adipiscing elit. Nam congue vel tellus non luctus. Vestibulum vitae nunc lorem. Sed lacinia lectus vel augue imperdiet ultricies. Donec id venenatis ex, vitae pretium ligula. Sed nulla eros, dignissim at feugiat non, posuere sit amet urna. Ut eu porttitor tellus. Cras eu massa nulla. Morbi porta fermentum elit eu iaculis. Pellentesque hendrerit venenatis purus at feugiat. Pellentesque vitae feugiat purus. Donec mattis rhoncus lacinia. Sed quam diam, molestie id laoreet eu, lacinia ac turpis. Cras tincidunt lobortis elit quis aliquam. Proin et massa libero.

Aliquam id pharetra arcu. Vivamus vitae mattis ligula. Sed efficitur urna vitae scelerisque tempor. Proin purus magna, vulputate eu ligula a, vehicula malesuada enim. Curabitur aliquet rutrum enim et tincidunt. Vestibulum ante ipsum primis in faucibus orci luctus et ultrices posuere cubilia curae; Vivamus pharetra enim leo, nec molestie nibh consectetur quis. Class aptent taciti sociosqu ad litora torquent per conubia nostra, per inceptos himenaeos. Nunc quis maximus elit, vitae pulvinar urna. Integer at mi elit. Phasellus vitae rutrum sem. Vivamus et mauris ac nisl congue congue eu eget elit. Nullam at quam velit. Pellentesque dictum, diam nec tempor aliquet, tortor justo fermentum sapien, at condimentum turpis elit vel sapien. Aenean rutrum tellus sodales tortor viverra eleifend.

Donec facilisis, diam efficitur maximus ultrices, enim lectus rutrum elit, eget malesuada mi justo dapibus enim. Maecenas finibus euismod nulla quis dignissim. Sed dictum ante rutrum turpis euismod laoreet. Sed placerat tellus leo. In ut lobortis lorem. Nullam vitae lectus egestas urna tincidunt aliquet. Ut sagittis vel enim eget malesuada. Cras in congue tortor. Interdum et malesuada fames ac ante ipsum primis in faucibus. Nunc tempus consequat neque, et eleifend nulla aliquam eu.",Author 9,20,iep-vien-hoan-hao-x6-pham-xuan-an,NXB 9,2005,144
https://cdn1.fahasa.com/media/catalog/product/5/1/514083751a66972514d29e8b29a03e6f.jpg,Hòn Tuyết Lăn - Những Triết Lý Sống Và Đầu Tư Vượt Thời Gian Của Warren Buffett (Tái Bản 2024),548000,43,9780085480907,"Lorem ipsum dolor sit amet, consectetur adipiscing elit. Nam congue vel tellus non luctus. Vestibulum vitae nunc lorem. Sed lacinia lectus vel augue imperdiet ultricies. Donec id venenatis ex, vitae pretium ligula. Sed nulla eros, dignissim at feugiat non, posuere sit amet urna. Ut eu porttitor tellus. Cras eu massa nulla. Morbi porta fermentum elit eu iaculis. Pellentesque hendrerit venenatis purus at feugiat. Pellentesque vitae feugiat purus. Donec mattis rhoncus lacinia. Sed quam diam, molestie id laoreet eu, lacinia ac turpis. Cras tincidunt lobortis elit quis aliquam. Proin et massa libero.

Aliquam id pharetra arcu. Vivamus vitae mattis ligula. Sed efficitur urna vitae scelerisque tempor. Proin purus magna, vulputate eu ligula a, vehicula malesuada enim. Curabitur aliquet rutrum enim et tincidunt. Vestibulum ante ipsum primis in faucibus orci luctus et ultrices posuere cubilia curae; Vivamus pharetra enim leo, nec molestie nibh consectetur quis. Class aptent taciti sociosqu ad litora torquent per conubia nostra, per inceptos himenaeos. Nunc quis maximus elit, vitae pulvinar urna. Integer at mi elit. Phasellus vitae rutrum sem. Vivamus et mauris ac nisl congue congue eu eget elit. Nullam at quam velit. Pellentesque dictum, diam nec tempor aliquet, tortor justo fermentum sapien, at condimentum turpis elit vel sapien. Aenean rutrum tellus sodales tortor viverra eleifend.

Donec facilisis, diam efficitur maximus ultrices, enim lectus rutrum elit, eget malesuada mi justo dapibus enim. Maecenas finibus euismod nulla quis dignissim. Sed dictum ante rutrum turpis euismod laoreet. Sed placerat tellus leo. In ut lobortis lorem. Nullam vitae lectus egestas urna tincidunt aliquet. Ut sagittis vel enim eget malesuada. Cras in congue tortor. Interdum et malesuada fames ac ante ipsum primis in faucibus. Nunc tempus consequat neque, et eleifend nulla aliquam eu.",Author 10,8,hon-tuyet-lan-nhung-triet-ly-song-va-au-tu-vuot-thoi-gian-cua-warren-buffett-tai-ban-2024,NXB 10,2015,107
https://cdn1.fahasa.com/media/catalog/product/v/e/ve-mien-bi-an-01.jpg,Về Miền Bí Ẩn - Chuyến Phiêu Lưu Của Một Cuộc Đời Phi Thường,144500,43,9780085480908,"Lorem ipsum dolor sit amet, consectetur adipiscing elit. Nam congue vel tellus non luctus. Vestibulum vitae nunc lorem. Sed lacinia lectus vel augue imperdiet ultricies. Donec id venenatis ex, vitae pretium ligula. Sed nulla eros, dignissim at feugiat non, posuere sit amet urna. Ut eu porttitor tellus. Cras eu massa nulla. Morbi porta fermentum elit eu iaculis. Pellentesque hendrerit venenatis purus at feugiat. Pellentesque vitae feugiat purus. Donec mattis rhoncus lacinia. Sed quam diam, molestie id laoreet eu, lacinia ac turpis. Cras tincidunt lobortis elit quis aliquam. Proin et massa libero.

Aliquam id pharetra arcu. Vivamus vitae mattis ligula. Sed efficitur urna vitae scelerisque tempor. Proin purus magna, vulputate eu ligula a, vehicula malesuada enim. Curabitur aliquet rutrum enim et tincidunt. Vestibulum ante ipsum primis in faucibus orci luctus et ultrices posuere cubilia curae; Vivamus pharetra enim leo, nec molestie nibh consectetur quis. Class aptent taciti sociosqu ad litora torquent per conubia nostra, per inceptos himenaeos. Nunc quis maximus elit, vitae pulvinar urna. Integer at mi elit. Phasellus vitae rutrum sem. Vivamus et mauris ac nisl congue congue eu eget elit. Nullam at quam velit. Pellentesque dictum, diam nec tempor aliquet, tortor justo fermentum sapien, at condimentum turpis elit vel sapien. Aenean rutrum tellus sodales tortor viverra eleifend.

Donec facilisis, diam efficitur maximus ultrices, enim lectus rutrum elit, eget malesuada mi justo dapibus enim. Maecenas finibus euismod nulla quis dignissim. Sed dictum ante rutrum turpis euismod laoreet. Sed placerat tellus leo. In ut lobortis lorem. Nullam vitae lectus egestas urna tincidunt aliquet. Ut sagittis vel enim eget malesuada. Cras in congue tortor. Interdum et malesuada fames ac ante ipsum primis in faucibus. Nunc tempus consequat neque, et eleifend nulla aliquam eu.",Author 11,6,ve-mien-bi-an-chuyen-phieu-luu-cua-mot-cuoc-oi-phi-thuong,NXB 11,2007,58
https://cdn1.fahasa.com/media/catalog/product/8/9/8934974208624.jpg,"Món Quà Của Sinh Mệnh - Thương Yêu, Mất Mát Và Ý Nghĩa Sự Sống",114500,43,9780085480909,"Lorem ipsum dolor sit amet, consectetur adipiscing elit. Nam congue vel tellus non luctus. Vestibulum vitae nunc lorem. Sed lacinia lectus vel augue imperdiet ultricies. Donec id venenatis ex, vitae pretium ligula. Sed nulla eros, dignissim at feugiat non, posuere sit amet urna. Ut eu porttitor tellus. Cras eu massa nulla. Morbi porta fermentum elit eu iaculis. Pellentesque hendrerit venenatis purus at feugiat. Pellentesque vitae feugiat purus. Donec mattis rhoncus lacinia. Sed quam diam, molestie id laoreet eu, lacinia ac turpis. Cras tincidunt lobortis elit quis aliquam. Proin et massa libero.

Aliquam id pharetra arcu. Vivamus vitae mattis ligula. Sed efficitur urna vitae scelerisque tempor. Proin purus magna, vulputate eu ligula a, vehicula malesuada enim. Curabitur aliquet rutrum enim et tincidunt. Vestibulum ante ipsum primis in faucibus orci luctus et ultrices posuere cubilia curae; Vivamus pharetra enim leo, nec molestie nibh consectetur quis. Class aptent taciti sociosqu ad litora torquent per conubia nostra, per inceptos himenaeos. Nunc quis maximus elit, vitae pulvinar urna. Integer at mi elit. Phasellus vitae rutrum sem. Vivamus et mauris ac nisl congue congue eu eget elit. Nullam at quam velit. Pellentesque dictum, diam nec tempor aliquet, tortor justo fermentum sapien, at condimentum turpis elit vel sapien. Aenean rutrum tellus sodales tortor viverra eleifend.

Donec facilisis, diam efficitur maximus ultrices, enim lectus rutrum elit, eget malesuada mi justo dapibus enim. Maecenas finibus euismod nulla quis dignissim. Sed dictum ante rutrum turpis euismod laoreet. Sed placerat tellus leo. In ut lobortis lorem. Nullam vitae lectus egestas urna tincidunt aliquet. Ut sagittis vel enim eget malesuada. Cras in congue tortor. Interdum et malesuada fames ac ante ipsum primis in faucibus. Nunc tempus consequat neque, et eleifend nulla aliquam eu.",Author 12,4,mon-qua-cua-sinh-menh-thuong-yeu-mat-mat-va-y-nghia-su-song,NXB 12,2015,133
https://cdn1.fahasa.com/media/catalog/product/m/k/mk-1_1.jpg,Cánh Chim Bất Tử - Câu Chuyện Về Người Phi Công Huyền Thoại Nguyễn Văn Bảy - Tặng Kèm Bookmark + Postcard,119000,43,9780085480910,"Lorem ipsum dolor sit amet, consectetur adipiscing elit. Nam congue vel tellus non luctus. Vestibulum vitae nunc lorem. Sed lacinia lectus vel augue imperdiet ultricies. Donec id venenatis ex, vitae pretium ligula. Sed nulla eros, dignissim at feugiat non, posuere sit amet urna. Ut eu porttitor tellus. Cras eu massa nulla. Morbi porta fermentum elit eu iaculis. Pellentesque hendrerit venenatis purus at feugiat. Pellentesque vitae feugiat purus. Donec mattis rhoncus lacinia. Sed quam diam, molestie id laoreet eu, lacinia ac turpis. Cras tincidunt lobortis elit quis aliquam. Proin et massa libero.

Aliquam id pharetra arcu. Vivamus vitae mattis ligula. Sed efficitur urna vitae scelerisque tempor. Proin purus magna, vulputate eu ligula a, vehicula malesuada enim. Curabitur aliquet rutrum enim et tincidunt. Vestibulum ante ipsum primis in faucibus orci luctus et ultrices posuere cubilia curae; Vivamus pharetra enim leo, nec molestie nibh consectetur quis. Class aptent taciti sociosqu ad litora torquent per conubia nostra, per inceptos himenaeos. Nunc quis maximus elit, vitae pulvinar urna. Integer at mi elit. Phasellus vitae rutrum sem. Vivamus et mauris ac nisl congue congue eu eget elit. Nullam at quam velit. Pellentesque dictum, diam nec tempor aliquet, tortor justo fermentum sapien, at condimentum turpis elit vel sapien. Aenean rutrum tellus sodales tortor viverra eleifend.

Donec facilisis, diam efficitur maximus ultrices, enim lectus rutrum elit, eget malesuada mi justo dapibus enim. Maecenas finibus euismod nulla quis dignissim. Sed dictum ante rutrum turpis euismod laoreet. Sed placerat tellus leo. In ut lobortis lorem. Nullam vitae lectus egestas urna tincidunt aliquet. Ut sagittis vel enim eget malesuada. Cras in congue tortor. Interdum et malesuada fames ac ante ipsum primis in faucibus. Nunc tempus consequat neque, et eleifend nulla aliquam eu.",Author 13,17,canh-chim-bat-tu-cau-chuyen-ve-nguoi-phi-cong-huyen-thoai-nguyen-van-bay-tang-kem-bookmark-postcard,NXB 13,2001,113
https://cdn1.fahasa.com/media/catalog/product/i/m/image_237517.jpg,Kể Chuyện Cuộc Đời Các Thiên Tài: Leonardo Da Vinci - Thiên Tài Toàn Năng,48000,43,9780085480911,"Lorem ipsum dolor sit amet, consectetur adipiscing elit. Nam congue vel tellus non luctus. Vestibulum vitae nunc lorem. Sed lacinia lectus vel augue imperdiet ultricies. Donec id venenatis ex, vitae pretium ligula. Sed nulla eros, dignissim at feugiat non, posuere sit amet urna. Ut eu porttitor tellus. Cras eu massa nulla. Morbi porta fermentum elit eu iaculis. Pellentesque hendrerit venenatis purus at feugiat. Pellentesque vitae feugiat purus. Donec mattis rhoncus lacinia. Sed quam diam, molestie id laoreet eu, lacinia ac turpis. Cras tincidunt lobortis elit quis aliquam. Proin et massa libero.

Aliquam id pharetra arcu. Vivamus vitae mattis ligula. Sed efficitur urna vitae scelerisque tempor. Proin purus magna, vulputate eu ligula a, vehicula malesuada enim. Curabitur aliquet rutrum enim et tincidunt. Vestibulum ante ipsum primis in faucibus orci luctus et ultrices posuere cubilia curae; Vivamus pharetra enim leo, nec molestie nibh consectetur quis. Class aptent taciti sociosqu ad litora torquent per conubia nostra, per inceptos himenaeos. Nunc quis maximus elit, vitae pulvinar urna. Integer at mi elit. Phasellus vitae rutrum sem. Vivamus et mauris ac nisl congue congue eu eget elit. Nullam at quam velit. Pellentesque dictum, diam nec tempor aliquet, tortor justo fermentum sapien, at condimentum turpis elit vel sapien. Aenean rutrum tellus sodales tortor viverra eleifend.

Donec facilisis, diam efficitur maximus ultrices, enim lectus rutrum elit, eget malesuada mi justo dapibus enim. Maecenas finibus euismod nulla quis dignissim. Sed dictum ante rutrum turpis euismod laoreet. Sed placerat tellus leo. In ut lobortis lorem. Nullam vitae lectus egestas urna tincidunt aliquet. Ut sagittis vel enim eget malesuada. Cras in congue tortor. Interdum et malesuada fames ac ante ipsum primis in faucibus. Nunc tempus consequat neque, et eleifend nulla aliquam eu.",Author 14,18,ke-chuyen-cuoc-oi-cac-thien-tai-leonardo-da-vinci-thien-tai-toan-nang,NXB 14,2023,59
https://cdn1.fahasa.com/media/catalog/product/i/m/image_244718_1_6160_1.jpg,"Từ Kiến Trúc Sư Thành Bác Sĩ Tại Hoa Kỳ - Dám Chọn Lựa, Dám Thành Công (Tái Bản 2023)",111500,43,9780085480912,"Lorem ipsum dolor sit amet, consectetur adipiscing elit. Nam congue vel tellus non luctus. Vestibulum vitae nunc lorem. Sed lacinia lectus vel augue imperdiet ultricies. Donec id venenatis ex, vitae pretium ligula. Sed nulla eros, dignissim at feugiat non, posuere sit amet urna. Ut eu porttitor tellus. Cras eu massa nulla. Morbi porta fermentum elit eu iaculis. Pellentesque hendrerit venenatis purus at feugiat. Pellentesque vitae feugiat purus. Donec mattis rhoncus lacinia. Sed quam diam, molestie id laoreet eu, lacinia ac turpis. Cras tincidunt lobortis elit quis aliquam. Proin et massa libero.

Aliquam id pharetra arcu. Vivamus vitae mattis ligula. Sed efficitur urna vitae scelerisque tempor. Proin purus magna, vulputate eu ligula a, vehicula malesuada enim. Curabitur aliquet rutrum enim et tincidunt. Vestibulum ante ipsum primis in faucibus orci luctus et ultrices posuere cubilia curae; Vivamus pharetra enim leo, nec molestie nibh consectetur quis. Class aptent taciti sociosqu ad litora torquent per conubia nostra, per inceptos himenaeos. Nunc quis maximus elit, vitae pulvinar urna. Integer at mi elit. Phasellus vitae rutrum sem. Vivamus et mauris ac nisl congue congue eu eget elit. Nullam at quam velit. Pellentesque dictum, diam nec tempor aliquet, tortor justo fermentum sapien, at condimentum turpis elit vel sapien. Aenean rutrum tellus sodales tortor viverra eleifend.

Donec facilisis, diam efficitur maximus ultrices, enim lectus rutrum elit, eget malesuada mi justo dapibus enim. Maecenas finibus euismod nulla quis dignissim. Sed dictum ante rutrum turpis euismod laoreet. Sed placerat tellus leo. In ut lobortis lorem. Nullam vitae lectus egestas urna tincidunt aliquet. Ut sagittis vel enim eget malesuada. Cras in congue tortor. Interdum et malesuada fames ac ante ipsum primis in faucibus. Nunc tempus consequat neque, et eleifend nulla aliquam eu.",Author 15,4,tu-kien-truc-su-thanh-bac-si-tai-hoa-ky-dam-chon-lua-dam-thanh-cong-tai-ban-2023,NXB 15,2010,137
https://cdn1.fahasa.com/media/catalog/product/i/m/image_237524.jpg,Kể Chuyện Cuộc Đời Các Thiên Tài: Marie Curie - Nhà Nữ Khoa Học Kiệt Xuất,60000,43,9780085480913,"Lorem ipsum dolor sit amet, consectetur adipiscing elit. Nam congue vel tellus non luctus. Vestibulum vitae nunc lorem. Sed lacinia lectus vel augue imperdiet ultricies. Donec id venenatis ex, vitae pretium ligula. Sed nulla eros, dignissim at feugiat non, posuere sit amet urna. Ut eu porttitor tellus. Cras eu massa nulla. Morbi porta fermentum elit eu iaculis. Pellentesque hendrerit venenatis purus at feugiat. Pellentesque vitae feugiat purus. Donec mattis rhoncus lacinia. Sed quam diam, molestie id laoreet eu, lacinia ac turpis. Cras tincidunt lobortis elit quis aliquam. Proin et massa libero.

Aliquam id pharetra arcu. Vivamus vitae mattis ligula. Sed efficitur urna vitae scelerisque tempor. Proin purus magna, vulputate eu ligula a, vehicula malesuada enim. Curabitur aliquet rutrum enim et tincidunt. Vestibulum ante ipsum primis in faucibus orci luctus et ultrices posuere cubilia curae; Vivamus pharetra enim leo, nec molestie nibh consectetur quis. Class aptent taciti sociosqu ad litora torquent per conubia nostra, per inceptos himenaeos. Nunc quis maximus elit, vitae pulvinar urna. Integer at mi elit. Phasellus vitae rutrum sem. Vivamus et mauris ac nisl congue congue eu eget elit. Nullam at quam velit. Pellentesque dictum, diam nec tempor aliquet, tortor justo fermentum sapien, at condimentum turpis elit vel sapien. Aenean rutrum tellus sodales tortor viverra eleifend.

Donec facilisis, diam efficitur maximus ultrices, enim lectus rutrum elit, eget malesuada mi justo dapibus enim. Maecenas finibus euismod nulla quis dignissim. Sed dictum ante rutrum turpis euismod laoreet. Sed placerat tellus leo. In ut lobortis lorem. Nullam vitae lectus egestas urna tincidunt aliquet. Ut sagittis vel enim eget malesuada. Cras in congue tortor. Interdum et malesuada fames ac ante ipsum primis in faucibus. Nunc tempus consequat neque, et eleifend nulla aliquam eu.",Author 16,12,ke-chuyen-cuoc-oi-cac-thien-tai-marie-curie-nha-nu-khoa-hoc-kiet-xuat,NXB 16,2014,140
https://cdn1.fahasa.com/media/catalog/product/9/7/9786043461725.jpg,Cuộc Đời Kỳ Lạ Của Nikola Tesla (Tái Bản 2023),72000,43,9780085480914,"Lorem ipsum dolor sit amet, consectetur adipiscing elit. Nam congue vel tellus non luctus. Vestibulum vitae nunc lorem. Sed lacinia lectus vel augue imperdiet ultricies. Donec id venenatis ex, vitae pretium ligula. Sed nulla eros, dignissim at feugiat non, posuere sit amet urna. Ut eu porttitor tellus. Cras eu massa nulla. Morbi porta fermentum elit eu iaculis. Pellentesque hendrerit venenatis purus at feugiat. Pellentesque vitae feugiat purus. Donec mattis rhoncus lacinia. Sed quam diam, molestie id laoreet eu, lacinia ac turpis. Cras tincidunt lobortis elit quis aliquam. Proin et massa libero.

Aliquam id pharetra arcu. Vivamus vitae mattis ligula. Sed efficitur urna vitae scelerisque tempor. Proin purus magna, vulputate eu ligula a, vehicula malesuada enim. Curabitur aliquet rutrum enim et tincidunt. Vestibulum ante ipsum primis in faucibus orci luctus et ultrices posuere cubilia curae; Vivamus pharetra enim leo, nec molestie nibh consectetur quis. Class aptent taciti sociosqu ad litora torquent per conubia nostra, per inceptos himenaeos. Nunc quis maximus elit, vitae pulvinar urna. Integer at mi elit. Phasellus vitae rutrum sem. Vivamus et mauris ac nisl congue congue eu eget elit. Nullam at quam velit. Pellentesque dictum, diam nec tempor aliquet, tortor justo fermentum sapien, at condimentum turpis elit vel sapien. Aenean rutrum tellus sodales tortor viverra eleifend.

Donec facilisis, diam efficitur maximus ultrices, enim lectus rutrum elit, eget malesuada mi justo dapibus enim. Maecenas finibus euismod nulla quis dignissim. Sed dictum ante rutrum turpis euismod laoreet. Sed placerat tellus leo. In ut lobortis lorem. Nullam vitae lectus egestas urna tincidunt aliquet. Ut sagittis vel enim eget malesuada. Cras in congue tortor. Interdum et malesuada fames ac ante ipsum primis in faucibus. Nunc tempus consequat neque, et eleifend nulla aliquam eu.",Author 17,8,cuoc-oi-ky-la-cua-nikola-tesla-tai-ban-2023,NXB 17,2011,90
https://cdn1.fahasa.com/media/catalog/product/b/_/b_a_v_ng-ki_n-l_m.jpg,Vương Kiện Lâm - Bứt Phá Những Giới Hạn - Hành Trình Xây Dựng Đế Chế Vạn Đạt Và Tham Vọng Lớn Lao Của Ông Trùm Bất Động Sản,105000,43,9780085480915,"Lorem ipsum dolor sit amet, consectetur adipiscing elit. Nam congue vel tellus non luctus. Vestibulum vitae nunc lorem. Sed lacinia lectus vel augue imperdiet ultricies. Donec id venenatis ex, vitae pretium ligula. Sed nulla eros, dignissim at feugiat non, posuere sit amet urna. Ut eu porttitor tellus. Cras eu massa nulla. Morbi porta fermentum elit eu iaculis. Pellentesque hendrerit venenatis purus at feugiat. Pellentesque vitae feugiat purus. Donec mattis rhoncus lacinia. Sed quam diam, molestie id laoreet eu, lacinia ac turpis. Cras tincidunt lobortis elit quis aliquam. Proin et massa libero.

Aliquam id pharetra arcu. Vivamus vitae mattis ligula. Sed efficitur urna vitae scelerisque tempor. Proin purus magna, vulputate eu ligula a, vehicula malesuada enim. Curabitur aliquet rutrum enim et tincidunt. Vestibulum ante ipsum primis in faucibus orci luctus et ultrices posuere cubilia curae; Vivamus pharetra enim leo, nec molestie nibh consectetur quis. Class aptent taciti sociosqu ad litora torquent per conubia nostra, per inceptos himenaeos. Nunc quis maximus elit, vitae pulvinar urna. Integer at mi elit. Phasellus vitae rutrum sem. Vivamus et mauris ac nisl congue congue eu eget elit. Nullam at quam velit. Pellentesque dictum, diam nec tempor aliquet, tortor justo fermentum sapien, at condimentum turpis elit vel sapien. Aenean rutrum tellus sodales tortor viverra eleifend.

Donec facilisis, diam efficitur maximus ultrices, enim lectus rutrum elit, eget malesuada mi justo dapibus enim. Maecenas finibus euismod nulla quis dignissim. Sed dictum ante rutrum turpis euismod laoreet. Sed placerat tellus leo. In ut lobortis lorem. Nullam vitae lectus egestas urna tincidunt aliquet. Ut sagittis vel enim eget malesuada. Cras in congue tortor. Interdum et malesuada fames ac ante ipsum primis in faucibus. Nunc tempus consequat neque, et eleifend nulla aliquam eu.",Author 18,16,vuong-kien-lam-but-pha-nhung-gioi-han-hanh-trinh-xay-dung-e-che-van-at-va-tham-vong-lon-lao-cua-ong-trum-bat-ong-san,NXB 18,2012,96
https://cdn1.fahasa.com/media/catalog/product/b/_/b_a_v_ng-v__1.jpg,Vương Vệ - Vị Tỉ Phú Khiêm Nhường - Hành Trình Biến SP Express Trở Thành FedEx Của Trung Quốc,105000,43,9780085480916,"Lorem ipsum dolor sit amet, consectetur adipiscing elit. Nam congue vel tellus non luctus. Vestibulum vitae nunc lorem. Sed lacinia lectus vel augue imperdiet ultricies. Donec id venenatis ex, vitae pretium ligula. Sed nulla eros, dignissim at feugiat non, posuere sit amet urna. Ut eu porttitor tellus. Cras eu massa nulla. Morbi porta fermentum elit eu iaculis. Pellentesque hendrerit venenatis purus at feugiat. Pellentesque vitae feugiat purus. Donec mattis rhoncus lacinia. Sed quam diam, molestie id laoreet eu, lacinia ac turpis. Cras tincidunt lobortis elit quis aliquam. Proin et massa libero.

Aliquam id pharetra arcu. Vivamus vitae mattis ligula. Sed efficitur urna vitae scelerisque tempor. Proin purus magna, vulputate eu ligula a, vehicula malesuada enim. Curabitur aliquet rutrum enim et tincidunt. Vestibulum ante ipsum primis in faucibus orci luctus et ultrices posuere cubilia curae; Vivamus pharetra enim leo, nec molestie nibh consectetur quis. Class aptent taciti sociosqu ad litora torquent per conubia nostra, per inceptos himenaeos. Nunc quis maximus elit, vitae pulvinar urna. Integer at mi elit. Phasellus vitae rutrum sem. Vivamus et mauris ac nisl congue congue eu eget elit. Nullam at quam velit. Pellentesque dictum, diam nec tempor aliquet, tortor justo fermentum sapien, at condimentum turpis elit vel sapien. Aenean rutrum tellus sodales tortor viverra eleifend.

Donec facilisis, diam efficitur maximus ultrices, enim lectus rutrum elit, eget malesuada mi justo dapibus enim. Maecenas finibus euismod nulla quis dignissim. Sed dictum ante rutrum turpis euismod laoreet. Sed placerat tellus leo. In ut lobortis lorem. Nullam vitae lectus egestas urna tincidunt aliquet. Ut sagittis vel enim eget malesuada. Cras in congue tortor. Interdum et malesuada fames ac ante ipsum primis in faucibus. Nunc tempus consequat neque, et eleifend nulla aliquam eu.",Author 19,7,vuong-ve-vi-ti-phu-khiem-nhuong-hanh-trinh-bien-sp-express-tro-thanh-fedex-cua-trung-quoc,NXB 19,2012,105
https://cdn1.fahasa.com/media/catalog/product/b/_/b_a_nh_m-ch_nh-phi.jpg,"Nhậm Chính Phi - Đã Lập Nghiệp, Phải Làm Nên Nghiệp Lớn - Người Đưa Huawei Trở Thành Đối Thủ Đáng Kính Nhất Trong Ngành Viễn Thông",105000,43,9780085480917,"Lorem ipsum dolor sit amet, consectetur adipiscing elit. Nam congue vel tellus non luctus. Vestibulum vitae nunc lorem. Sed lacinia lectus vel augue imperdiet ultricies. Donec id venenatis ex, vitae pretium ligula. Sed nulla eros, dignissim at feugiat non, posuere sit amet urna. Ut eu porttitor tellus. Cras eu massa nulla. Morbi porta fermentum elit eu iaculis. Pellentesque hendrerit venenatis purus at feugiat. Pellentesque vitae feugiat purus. Donec mattis rhoncus lacinia. Sed quam diam, molestie id laoreet eu, lacinia ac turpis. Cras tincidunt lobortis elit quis aliquam. Proin et massa libero.

Aliquam id pharetra arcu. Vivamus vitae mattis ligula. Sed efficitur urna vitae scelerisque tempor. Proin purus magna, vulputate eu ligula a, vehicula malesuada enim. Curabitur aliquet rutrum enim et tincidunt. Vestibulum ante ipsum primis in faucibus orci luctus et ultrices posuere cubilia curae; Vivamus pharetra enim leo, nec molestie nibh consectetur quis. Class aptent taciti sociosqu ad litora torquent per conubia nostra, per inceptos himenaeos. Nunc quis maximus elit, vitae pulvinar urna. Integer at mi elit. Phasellus vitae rutrum sem. Vivamus et mauris ac nisl congue congue eu eget elit. Nullam at quam velit. Pellentesque dictum, diam nec tempor aliquet, tortor justo fermentum sapien, at condimentum turpis elit vel sapien. Aenean rutrum tellus sodales tortor viverra eleifend.

Donec facilisis, diam efficitur maximus ultrices, enim lectus rutrum elit, eget malesuada mi justo dapibus enim. Maecenas finibus euismod nulla quis dignissim. Sed dictum ante rutrum turpis euismod laoreet. Sed placerat tellus leo. In ut lobortis lorem. Nullam vitae lectus egestas urna tincidunt aliquet. Ut sagittis vel enim eget malesuada. Cras in congue tortor. Interdum et malesuada fames ac ante ipsum primis in faucibus. Nunc tempus consequat neque, et eleifend nulla aliquam eu.",Author 20,5,nham-chinh-phi-a-lap-nghiep-phai-lam-nen-nghiep-lon-nguoi-ua-huawei-tro-thanh-oi-thu-ang-kinh-nhat-trong-nganh-vien-thong,NXB 20,2008,132
https://cdn1.fahasa.com/media/catalog/product/8/9/8934974182405.jpg,Hành Trình Một Đời Người: Những Đúc Kết Từ 15 Năm Ở Vị Trí Ceo Công Ty Walt Disney,136000,43,9780085480918,"Lorem ipsum dolor sit amet, consectetur adipiscing elit. Nam congue vel tellus non luctus. Vestibulum vitae nunc lorem. Sed lacinia lectus vel augue imperdiet ultricies. Donec id venenatis ex, vitae pretium ligula. Sed nulla eros, dignissim at feugiat non, posuere sit amet urna. Ut eu porttitor tellus. Cras eu massa nulla. Morbi porta fermentum elit eu iaculis. Pellentesque hendrerit venenatis purus at feugiat. Pellentesque vitae feugiat purus. Donec mattis rhoncus lacinia. Sed quam diam, molestie id laoreet eu, lacinia ac turpis. Cras tincidunt lobortis elit quis aliquam. Proin et massa libero.

Aliquam id pharetra arcu. Vivamus vitae mattis ligula. Sed efficitur urna vitae scelerisque tempor. Proin purus magna, vulputate eu ligula a, vehicula malesuada enim. Curabitur aliquet rutrum enim et tincidunt. Vestibulum ante ipsum primis in faucibus orci luctus et ultrices posuere cubilia curae; Vivamus pharetra enim leo, nec molestie nibh consectetur quis. Class aptent taciti sociosqu ad litora torquent per conubia nostra, per inceptos himenaeos. Nunc quis maximus elit, vitae pulvinar urna. Integer at mi elit. Phasellus vitae rutrum sem. Vivamus et mauris ac nisl congue congue eu eget elit. Nullam at quam velit. Pellentesque dictum, diam nec tempor aliquet, tortor justo fermentum sapien, at condimentum turpis elit vel sapien. Aenean rutrum tellus sodales tortor viverra eleifend.

Donec facilisis, diam efficitur maximus ultrices, enim lectus rutrum elit, eget malesuada mi justo dapibus enim. Maecenas finibus euismod nulla quis dignissim. Sed dictum ante rutrum turpis euismod laoreet. Sed placerat tellus leo. In ut lobortis lorem. Nullam vitae lectus egestas urna tincidunt aliquet. Ut sagittis vel enim eget malesuada. Cras in congue tortor. Interdum et malesuada fames ac ante ipsum primis in faucibus. Nunc tempus consequat neque, et eleifend nulla aliquam eu.",Author 21,11,hanh-trinh-mot-oi-nguoi-nhung-uc-ket-tu-15-nam-o-vi-tri-ceo-cong-ty-walt-disney,NXB 21,2005,112
https://cdn1.fahasa.com/media/catalog/product/8/9/8935095634910.jpg,Hồ Chí Minh - Hành Trình 79 Mùa Xuân,180000,43,9780085480919,"Lorem ipsum dolor sit amet, consectetur adipiscing elit. Nam congue vel tellus non luctus. Vestibulum vitae nunc lorem. Sed lacinia lectus vel augue imperdiet ultricies. Donec id venenatis ex, vitae pretium ligula. Sed nulla eros, dignissim at feugiat non, posuere sit amet urna. Ut eu porttitor tellus. Cras eu massa nulla. Morbi porta fermentum elit eu iaculis. Pellentesque hendrerit venenatis purus at feugiat. Pellentesque vitae feugiat purus. Donec mattis rhoncus lacinia. Sed quam diam, molestie id laoreet eu, lacinia ac turpis. Cras tincidunt lobortis elit quis aliquam. Proin et massa libero.

Aliquam id pharetra arcu. Vivamus vitae mattis ligula. Sed efficitur urna vitae scelerisque tempor. Proin purus magna, vulputate eu ligula a, vehicula malesuada enim. Curabitur aliquet rutrum enim et tincidunt. Vestibulum ante ipsum primis in faucibus orci luctus et ultrices posuere cubilia curae; Vivamus pharetra enim leo, nec molestie nibh consectetur quis. Class aptent taciti sociosqu ad litora torquent per conubia nostra, per inceptos himenaeos. Nunc quis maximus elit, vitae pulvinar urna. Integer at mi elit. Phasellus vitae rutrum sem. Vivamus et mauris ac nisl congue congue eu eget elit. Nullam at quam velit. Pellentesque dictum, diam nec tempor aliquet, tortor justo fermentum sapien, at condimentum turpis elit vel sapien. Aenean rutrum tellus sodales tortor viverra eleifend.

Donec facilisis, diam efficitur maximus ultrices, enim lectus rutrum elit, eget malesuada mi justo dapibus enim. Maecenas finibus euismod nulla quis dignissim. Sed dictum ante rutrum turpis euismod laoreet. Sed placerat tellus leo. In ut lobortis lorem. Nullam vitae lectus egestas urna tincidunt aliquet. Ut sagittis vel enim eget malesuada. Cras in congue tortor. Interdum et malesuada fames ac ante ipsum primis in faucibus. Nunc tempus consequat neque, et eleifend nulla aliquam eu.",Author 22,3,ho-chi-minh-hanh-trinh-79-mua-xuan,NXB 22,2005,102
https://cdn1.fahasa.com/media/catalog/product/b/_/b_a-gia-_nh_-b_n-b_-v_-_t-n_c_1_1.jpg,"Hồi Ký Nguyễn Thị Bình - Gia Đình, Bạn Bè Và Đất Nước - Bìa Cứng",212500,43,9780085480920,"Lorem ipsum dolor sit amet, consectetur adipiscing elit. Nam congue vel tellus non luctus. Vestibulum vitae nunc lorem. Sed lacinia lectus vel augue imperdiet ultricies. Donec id venenatis ex, vitae pretium ligula. Sed nulla eros, dignissim at feugiat non, posuere sit amet urna. Ut eu porttitor tellus. Cras eu massa nulla. Morbi porta fermentum elit eu iaculis. Pellentesque hendrerit venenatis purus at feugiat. Pellentesque vitae feugiat purus. Donec mattis rhoncus lacinia. Sed quam diam, molestie id laoreet eu, lacinia ac turpis. Cras tincidunt lobortis elit quis aliquam. Proin et massa libero.

Aliquam id pharetra arcu. Vivamus vitae mattis ligula. Sed efficitur urna vitae scelerisque tempor. Proin purus magna, vulputate eu ligula a, vehicula malesuada enim. Curabitur aliquet rutrum enim et tincidunt. Vestibulum ante ipsum primis in faucibus orci luctus et ultrices posuere cubilia curae; Vivamus pharetra enim leo, nec molestie nibh consectetur quis. Class aptent taciti sociosqu ad litora torquent per conubia nostra, per inceptos himenaeos. Nunc quis maximus elit, vitae pulvinar urna. Integer at mi elit. Phasellus vitae rutrum sem. Vivamus et mauris ac nisl congue congue eu eget elit. Nullam at quam velit. Pellentesque dictum, diam nec tempor aliquet, tortor justo fermentum sapien, at condimentum turpis elit vel sapien. Aenean rutrum tellus sodales tortor viverra eleifend.

Donec facilisis, diam efficitur maximus ultrices, enim lectus rutrum elit, eget malesuada mi justo dapibus enim. Maecenas finibus euismod nulla quis dignissim. Sed dictum ante rutrum turpis euismod laoreet. Sed placerat tellus leo. In ut lobortis lorem. Nullam vitae lectus egestas urna tincidunt aliquet. Ut sagittis vel enim eget malesuada. Cras in congue tortor. Interdum et malesuada fames ac ante ipsum primis in faucibus. Nunc tempus consequat neque, et eleifend nulla aliquam eu.",Author 23,7,hoi-ky-nguyen-thi-binh-gia-inh-ban-be-va-at-nuoc-bia-cung,NXB 23,2024,52
https://cdn1.fahasa.com/media/catalog/product/z/6/z6928481870537_930d454a4d56467ad2764d926bf40e81.jpg,Hành Trình Vì Hòa Bình,192000,43,9780085480921,"Lorem ipsum dolor sit amet, consectetur adipiscing elit. Nam congue vel tellus non luctus. Vestibulum vitae nunc lorem. Sed lacinia lectus vel augue imperdiet ultricies. Donec id venenatis ex, vitae pretium ligula. Sed nulla eros, dignissim at feugiat non, posuere sit amet urna. Ut eu porttitor tellus. Cras eu massa nulla. Morbi porta fermentum elit eu iaculis. Pellentesque hendrerit venenatis purus at feugiat. Pellentesque vitae feugiat purus. Donec mattis rhoncus lacinia. Sed quam diam, molestie id laoreet eu, lacinia ac turpis. Cras tincidunt lobortis elit quis aliquam. Proin et massa libero.

Aliquam id pharetra arcu. Vivamus vitae mattis ligula. Sed efficitur urna vitae scelerisque tempor. Proin purus magna, vulputate eu ligula a, vehicula malesuada enim. Curabitur aliquet rutrum enim et tincidunt. Vestibulum ante ipsum primis in faucibus orci luctus et ultrices posuere cubilia curae; Vivamus pharetra enim leo, nec molestie nibh consectetur quis. Class aptent taciti sociosqu ad litora torquent per conubia nostra, per inceptos himenaeos. Nunc quis maximus elit, vitae pulvinar urna. Integer at mi elit. Phasellus vitae rutrum sem. Vivamus et mauris ac nisl congue congue eu eget elit. Nullam at quam velit. Pellentesque dictum, diam nec tempor aliquet, tortor justo fermentum sapien, at condimentum turpis elit vel sapien. Aenean rutrum tellus sodales tortor viverra eleifend.

Donec facilisis, diam efficitur maximus ultrices, enim lectus rutrum elit, eget malesuada mi justo dapibus enim. Maecenas finibus euismod nulla quis dignissim. Sed dictum ante rutrum turpis euismod laoreet. Sed placerat tellus leo. In ut lobortis lorem. Nullam vitae lectus egestas urna tincidunt aliquet. Ut sagittis vel enim eget malesuada. Cras in congue tortor. Interdum et malesuada fames ac ante ipsum primis in faucibus. Nunc tempus consequat neque, et eleifend nulla aliquam eu.",Author 24,7,hanh-trinh-vi-hoa-binh,NXB 24,2018,145
https://cdn1.fahasa.com/media/catalog/product/9/7/9786044771281.jpg,Kể Chuyện Thiên Tài Nổi Tiếng - Newton - Nhà Khoa Học Đại Tài,35000,43,9780085480922,"Lorem ipsum dolor sit amet, consectetur adipiscing elit. Nam congue vel tellus non luctus. Vestibulum vitae nunc lorem. Sed lacinia lectus vel augue imperdiet ultricies. Donec id venenatis ex, vitae pretium ligula. Sed nulla eros, dignissim at feugiat non, posuere sit amet urna. Ut eu porttitor tellus. Cras eu massa nulla. Morbi porta fermentum elit eu iaculis. Pellentesque hendrerit venenatis purus at feugiat. Pellentesque vitae feugiat purus. Donec mattis rhoncus lacinia. Sed quam diam, molestie id laoreet eu, lacinia ac turpis. Cras tincidunt lobortis elit quis aliquam. Proin et massa libero.

Aliquam id pharetra arcu. Vivamus vitae mattis ligula. Sed efficitur urna vitae scelerisque tempor. Proin purus magna, vulputate eu ligula a, vehicula malesuada enim. Curabitur aliquet rutrum enim et tincidunt. Vestibulum ante ipsum primis in faucibus orci luctus et ultrices posuere cubilia curae; Vivamus pharetra enim leo, nec molestie nibh consectetur quis. Class aptent taciti sociosqu ad litora torquent per conubia nostra, per inceptos himenaeos. Nunc quis maximus elit, vitae pulvinar urna. Integer at mi elit. Phasellus vitae rutrum sem. Vivamus et mauris ac nisl congue congue eu eget elit. Nullam at quam velit. Pellentesque dictum, diam nec tempor aliquet, tortor justo fermentum sapien, at condimentum turpis elit vel sapien. Aenean rutrum tellus sodales tortor viverra eleifend.

Donec facilisis, diam efficitur maximus ultrices, enim lectus rutrum elit, eget malesuada mi justo dapibus enim. Maecenas finibus euismod nulla quis dignissim. Sed dictum ante rutrum turpis euismod laoreet. Sed placerat tellus leo. In ut lobortis lorem. Nullam vitae lectus egestas urna tincidunt aliquet. Ut sagittis vel enim eget malesuada. Cras in congue tortor. Interdum et malesuada fames ac ante ipsum primis in faucibus. Nunc tempus consequat neque, et eleifend nulla aliquam eu.",Author 25,10,ke-chuyen-thien-tai-noi-tieng-newton-nha-khoa-hoc-ai-tai,NXB 25,2025,67
https://cdn1.fahasa.com/media/catalog/product/i/m/image_237518.jpg,Kể Chuyện Cuộc Đời Các Thiên Tài: Những Thăng Trầm Trong Cuộc Đời Và Sự Nghiệp Của Andersen,48000,43,9780085480923,"Lorem ipsum dolor sit amet, consectetur adipiscing elit. Nam congue vel tellus non luctus. Vestibulum vitae nunc lorem. Sed lacinia lectus vel augue imperdiet ultricies. Donec id venenatis ex, vitae pretium ligula. Sed nulla eros, dignissim at feugiat non, posuere sit amet urna. Ut eu porttitor tellus. Cras eu massa nulla. Morbi porta fermentum elit eu iaculis. Pellentesque hendrerit venenatis purus at feugiat. Pellentesque vitae feugiat purus. Donec mattis rhoncus lacinia. Sed quam diam, molestie id laoreet eu, lacinia ac turpis. Cras tincidunt lobortis elit quis aliquam. Proin et massa libero.

Aliquam id pharetra arcu. Vivamus vitae mattis ligula. Sed efficitur urna vitae scelerisque tempor. Proin purus magna, vulputate eu ligula a, vehicula malesuada enim. Curabitur aliquet rutrum enim et tincidunt. Vestibulum ante ipsum primis in faucibus orci luctus et ultrices posuere cubilia curae; Vivamus pharetra enim leo, nec molestie nibh consectetur quis. Class aptent taciti sociosqu ad litora torquent per conubia nostra, per inceptos himenaeos. Nunc quis maximus elit, vitae pulvinar urna. Integer at mi elit. Phasellus vitae rutrum sem. Vivamus et mauris ac nisl congue congue eu eget elit. Nullam at quam velit. Pellentesque dictum, diam nec tempor aliquet, tortor justo fermentum sapien, at condimentum turpis elit vel sapien. Aenean rutrum tellus sodales tortor viverra eleifend.

Donec facilisis, diam efficitur maximus ultrices, enim lectus rutrum elit, eget malesuada mi justo dapibus enim. Maecenas finibus euismod nulla quis dignissim. Sed dictum ante rutrum turpis euismod laoreet. Sed placerat tellus leo. In ut lobortis lorem. Nullam vitae lectus egestas urna tincidunt aliquet. Ut sagittis vel enim eget malesuada. Cras in congue tortor. Interdum et malesuada fames ac ante ipsum primis in faucibus. Nunc tempus consequat neque, et eleifend nulla aliquam eu.",Author 26,16,ke-chuyen-cuoc-oi-cac-thien-tai-nhung-thang-tram-trong-cuoc-oi-va-su-nghiep-cua-andersen,NXB 26,2006,54
https://cdn1.fahasa.com/media/catalog/product/i/m/image_237520.jpg,Kể Chuyện Cuộc Đời Các Thiên Tài: Albert Einstein - Tuổi Thơ Gian Khó Và Cuộc Đời Khoa Học Vĩ Đại,44000,43,9780085480924,"Lorem ipsum dolor sit amet, consectetur adipiscing elit. Nam congue vel tellus non luctus. Vestibulum vitae nunc lorem. Sed lacinia lectus vel augue imperdiet ultricies. Donec id venenatis ex, vitae pretium ligula. Sed nulla eros, dignissim at feugiat non, posuere sit amet urna. Ut eu porttitor tellus. Cras eu massa nulla. Morbi porta fermentum elit eu iaculis. Pellentesque hendrerit venenatis purus at feugiat. Pellentesque vitae feugiat purus. Donec mattis rhoncus lacinia. Sed quam diam, molestie id laoreet eu, lacinia ac turpis. Cras tincidunt lobortis elit quis aliquam. Proin et massa libero.

Aliquam id pharetra arcu. Vivamus vitae mattis ligula. Sed efficitur urna vitae scelerisque tempor. Proin purus magna, vulputate eu ligula a, vehicula malesuada enim. Curabitur aliquet rutrum enim et tincidunt. Vestibulum ante ipsum primis in faucibus orci luctus et ultrices posuere cubilia curae; Vivamus pharetra enim leo, nec molestie nibh consectetur quis. Class aptent taciti sociosqu ad litora torquent per conubia nostra, per inceptos himenaeos. Nunc quis maximus elit, vitae pulvinar urna. Integer at mi elit. Phasellus vitae rutrum sem. Vivamus et mauris ac nisl congue congue eu eget elit. Nullam at quam velit. Pellentesque dictum, diam nec tempor aliquet, tortor justo fermentum sapien, at condimentum turpis elit vel sapien. Aenean rutrum tellus sodales tortor viverra eleifend.

Donec facilisis, diam efficitur maximus ultrices, enim lectus rutrum elit, eget malesuada mi justo dapibus enim. Maecenas finibus euismod nulla quis dignissim. Sed dictum ante rutrum turpis euismod laoreet. Sed placerat tellus leo. In ut lobortis lorem. Nullam vitae lectus egestas urna tincidunt aliquet. Ut sagittis vel enim eget malesuada. Cras in congue tortor. Interdum et malesuada fames ac ante ipsum primis in faucibus. Nunc tempus consequat neque, et eleifend nulla aliquam eu.",Author 27,14,ke-chuyen-cuoc-oi-cac-thien-tai-albert-einstein-tuoi-tho-gian-kho-va-cuoc-oi-khoa-hoc-vi-ai,NXB 27,2024,53
https://cdn1.fahasa.com/media/catalog/product/8/9/8935210307330.jpg,Kể Chuyện Cuộc Đời Các Thiên Tài - Heinrich Hermann Robert Koch - Nhà Vi Trùng Học Tài Ba,44000,43,9780085480925,"Lorem ipsum dolor sit amet, consectetur adipiscing elit. Nam congue vel tellus non luctus. Vestibulum vitae nunc lorem. Sed lacinia lectus vel augue imperdiet ultricies. Donec id venenatis ex, vitae pretium ligula. Sed nulla eros, dignissim at feugiat non, posuere sit amet urna. Ut eu porttitor tellus. Cras eu massa nulla. Morbi porta fermentum elit eu iaculis. Pellentesque hendrerit venenatis purus at feugiat. Pellentesque vitae feugiat purus. Donec mattis rhoncus lacinia. Sed quam diam, molestie id laoreet eu, lacinia ac turpis. Cras tincidunt lobortis elit quis aliquam. Proin et massa libero.

Aliquam id pharetra arcu. Vivamus vitae mattis ligula. Sed efficitur urna vitae scelerisque tempor. Proin purus magna, vulputate eu ligula a, vehicula malesuada enim. Curabitur aliquet rutrum enim et tincidunt. Vestibulum ante ipsum primis in faucibus orci luctus et ultrices posuere cubilia curae; Vivamus pharetra enim leo, nec molestie nibh consectetur quis. Class aptent taciti sociosqu ad litora torquent per conubia nostra, per inceptos himenaeos. Nunc quis maximus elit, vitae pulvinar urna. Integer at mi elit. Phasellus vitae rutrum sem. Vivamus et mauris ac nisl congue congue eu eget elit. Nullam at quam velit. Pellentesque dictum, diam nec tempor aliquet, tortor justo fermentum sapien, at condimentum turpis elit vel sapien. Aenean rutrum tellus sodales tortor viverra eleifend.

Donec facilisis, diam efficitur maximus ultrices, enim lectus rutrum elit, eget malesuada mi justo dapibus enim. Maecenas finibus euismod nulla quis dignissim. Sed dictum ante rutrum turpis euismod laoreet. Sed placerat tellus leo. In ut lobortis lorem. Nullam vitae lectus egestas urna tincidunt aliquet. Ut sagittis vel enim eget malesuada. Cras in congue tortor. Interdum et malesuada fames ac ante ipsum primis in faucibus. Nunc tempus consequat neque, et eleifend nulla aliquam eu.",Author 28,12,ke-chuyen-cuoc-oi-cac-thien-tai-heinrich-hermann-robert-koch-nha-vi-trung-hoc-tai-ba,NXB 28,2012,100
https://cdn1.fahasa.com/media/catalog/product/i/m/image_237522.jpg,Kể Chuyện Cuộc Đời Các Thiên Tài: Isaac Newton - Nhà Khoa Học Vĩ Đại,32000,43,9780085480926,"Lorem ipsum dolor sit amet, consectetur adipiscing elit. Nam congue vel tellus non luctus. Vestibulum vitae nunc lorem. Sed lacinia lectus vel augue imperdiet ultricies. Donec id venenatis ex, vitae pretium ligula. Sed nulla eros, dignissim at feugiat non, posuere sit amet urna. Ut eu porttitor tellus. Cras eu massa nulla. Morbi porta fermentum elit eu iaculis. Pellentesque hendrerit venenatis purus at feugiat. Pellentesque vitae feugiat purus. Donec mattis rhoncus lacinia. Sed quam diam, molestie id laoreet eu, lacinia ac turpis. Cras tincidunt lobortis elit quis aliquam. Proin et massa libero.

Aliquam id pharetra arcu. Vivamus vitae mattis ligula. Sed efficitur urna vitae scelerisque tempor. Proin purus magna, vulputate eu ligula a, vehicula malesuada enim. Curabitur aliquet rutrum enim et tincidunt. Vestibulum ante ipsum primis in faucibus orci luctus et ultrices posuere cubilia curae; Vivamus pharetra enim leo, nec molestie nibh consectetur quis. Class aptent taciti sociosqu ad litora torquent per conubia nostra, per inceptos himenaeos. Nunc quis maximus elit, vitae pulvinar urna. Integer at mi elit. Phasellus vitae rutrum sem. Vivamus et mauris ac nisl congue congue eu eget elit. Nullam at quam velit. Pellentesque dictum, diam nec tempor aliquet, tortor justo fermentum sapien, at condimentum turpis elit vel sapien. Aenean rutrum tellus sodales tortor viverra eleifend.

Donec facilisis, diam efficitur maximus ultrices, enim lectus rutrum elit, eget malesuada mi justo dapibus enim. Maecenas finibus euismod nulla quis dignissim. Sed dictum ante rutrum turpis euismod laoreet. Sed placerat tellus leo. In ut lobortis lorem. Nullam vitae lectus egestas urna tincidunt aliquet. Ut sagittis vel enim eget malesuada. Cras in congue tortor. Interdum et malesuada fames ac ante ipsum primis in faucibus. Nunc tempus consequat neque, et eleifend nulla aliquam eu.",Author 29,20,ke-chuyen-cuoc-oi-cac-thien-tai-isaac-newton-nha-khoa-hoc-vi-ai,NXB 29,2024,86
https://cdn1.fahasa.com/media/catalog/product/9/7/9786045622339.jpg,Làm Dâu Nước Anh,46500,43,9780085480927,"Lorem ipsum dolor sit amet, consectetur adipiscing elit. Nam congue vel tellus non luctus. Vestibulum vitae nunc lorem. Sed lacinia lectus vel augue imperdiet ultricies. Donec id venenatis ex, vitae pretium ligula. Sed nulla eros, dignissim at feugiat non, posuere sit amet urna. Ut eu porttitor tellus. Cras eu massa nulla. Morbi porta fermentum elit eu iaculis. Pellentesque hendrerit venenatis purus at feugiat. Pellentesque vitae feugiat purus. Donec mattis rhoncus lacinia. Sed quam diam, molestie id laoreet eu, lacinia ac turpis. Cras tincidunt lobortis elit quis aliquam. Proin et massa libero.

Aliquam id pharetra arcu. Vivamus vitae mattis ligula. Sed efficitur urna vitae scelerisque tempor. Proin purus magna, vulputate eu ligula a, vehicula malesuada enim. Curabitur aliquet rutrum enim et tincidunt. Vestibulum ante ipsum primis in faucibus orci luctus et ultrices posuere cubilia curae; Vivamus pharetra enim leo, nec molestie nibh consectetur quis. Class aptent taciti sociosqu ad litora torquent per conubia nostra, per inceptos himenaeos. Nunc quis maximus elit, vitae pulvinar urna. Integer at mi elit. Phasellus vitae rutrum sem. Vivamus et mauris ac nisl congue congue eu eget elit. Nullam at quam velit. Pellentesque dictum, diam nec tempor aliquet, tortor justo fermentum sapien, at condimentum turpis elit vel sapien. Aenean rutrum tellus sodales tortor viverra eleifend.

Donec facilisis, diam efficitur maximus ultrices, enim lectus rutrum elit, eget malesuada mi justo dapibus enim. Maecenas finibus euismod nulla quis dignissim. Sed dictum ante rutrum turpis euismod laoreet. Sed placerat tellus leo. In ut lobortis lorem. Nullam vitae lectus egestas urna tincidunt aliquet. Ut sagittis vel enim eget malesuada. Cras in congue tortor. Interdum et malesuada fames ac ante ipsum primis in faucibus. Nunc tempus consequat neque, et eleifend nulla aliquam eu.",Author 30,12,lam-dau-nuoc-anh,NXB 30,2006,76
https://cdn1.fahasa.com/media/catalog/product/8/9/8935210307347.jpg,Kể Chuyện Cuộc Đời Các Thiên Tài - Louis Pasteur - Thầy Thuốc Vĩ Đại Của Nhân Loại,32000,43,9780085480928,"Lorem ipsum dolor sit amet, consectetur adipiscing elit. Nam congue vel tellus non luctus. Vestibulum vitae nunc lorem. Sed lacinia lectus vel augue imperdiet ultricies. Donec id venenatis ex, vitae pretium ligula. Sed nulla eros, dignissim at feugiat non, posuere sit amet urna. Ut eu porttitor tellus. Cras eu massa nulla. Morbi porta fermentum elit eu iaculis. Pellentesque hendrerit venenatis purus at feugiat. Pellentesque vitae feugiat purus. Donec mattis rhoncus lacinia. Sed quam diam, molestie id laoreet eu, lacinia ac turpis. Cras tincidunt lobortis elit quis aliquam. Proin et massa libero.

Aliquam id pharetra arcu. Vivamus vitae mattis ligula. Sed efficitur urna vitae scelerisque tempor. Proin purus magna, vulputate eu ligula a, vehicula malesuada enim. Curabitur aliquet rutrum enim et tincidunt. Vestibulum ante ipsum primis in faucibus orci luctus et ultrices posuere cubilia curae; Vivamus pharetra enim leo, nec molestie nibh consectetur quis. Class aptent taciti sociosqu ad litora torquent per conubia nostra, per inceptos himenaeos. Nunc quis maximus elit, vitae pulvinar urna. Integer at mi elit. Phasellus vitae rutrum sem. Vivamus et mauris ac nisl congue congue eu eget elit. Nullam at quam velit. Pellentesque dictum, diam nec tempor aliquet, tortor justo fermentum sapien, at condimentum turpis elit vel sapien. Aenean rutrum tellus sodales tortor viverra eleifend.

Donec facilisis, diam efficitur maximus ultrices, enim lectus rutrum elit, eget malesuada mi justo dapibus enim. Maecenas finibus euismod nulla quis dignissim. Sed dictum ante rutrum turpis euismod laoreet. Sed placerat tellus leo. In ut lobortis lorem. Nullam vitae lectus egestas urna tincidunt aliquet. Ut sagittis vel enim eget malesuada. Cras in congue tortor. Interdum et malesuada fames ac ante ipsum primis in faucibus. Nunc tempus consequat neque, et eleifend nulla aliquam eu.",Author 31,10,ke-chuyen-cuoc-oi-cac-thien-tai-louis-pasteur-thay-thuoc-vi-ai-cua-nhan-loai,NXB 31,2022,72
https://cdn1.fahasa.com/media/catalog/product/i/m/image_237523.jpg,Kể Chuyện Cuộc Đời Các Thiên Tài: Lev Tolstoy - Nhà Văn Hiện Thực Thiên Tài,56000,43,9780085480929,"Lorem ipsum dolor sit amet, consectetur adipiscing elit. Nam congue vel tellus non luctus. Vestibulum vitae nunc lorem. Sed lacinia lectus vel augue imperdiet ultricies. Donec id venenatis ex, vitae pretium ligula. Sed nulla eros, dignissim at feugiat non, posuere sit amet urna. Ut eu porttitor tellus. Cras eu massa nulla. Morbi porta fermentum elit eu iaculis. Pellentesque hendrerit venenatis purus at feugiat. Pellentesque vitae feugiat purus. Donec mattis rhoncus lacinia. Sed quam diam, molestie id laoreet eu, lacinia ac turpis. Cras tincidunt lobortis elit quis aliquam. Proin et massa libero.

Aliquam id pharetra arcu. Vivamus vitae mattis ligula. Sed efficitur urna vitae scelerisque tempor. Proin purus magna, vulputate eu ligula a, vehicula malesuada enim. Curabitur aliquet rutrum enim et tincidunt. Vestibulum ante ipsum primis in faucibus orci luctus et ultrices posuere cubilia curae; Vivamus pharetra enim leo, nec molestie nibh consectetur quis. Class aptent taciti sociosqu ad litora torquent per conubia nostra, per inceptos himenaeos. Nunc quis maximus elit, vitae pulvinar urna. Integer at mi elit. Phasellus vitae rutrum sem. Vivamus et mauris ac nisl congue congue eu eget elit. Nullam at quam velit. Pellentesque dictum, diam nec tempor aliquet, tortor justo fermentum sapien, at condimentum turpis elit vel sapien. Aenean rutrum tellus sodales tortor viverra eleifend.

Donec facilisis, diam efficitur maximus ultrices, enim lectus rutrum elit, eget malesuada mi justo dapibus enim. Maecenas finibus euismod nulla quis dignissim. Sed dictum ante rutrum turpis euismod laoreet. Sed placerat tellus leo. In ut lobortis lorem. Nullam vitae lectus egestas urna tincidunt aliquet. Ut sagittis vel enim eget malesuada. Cras in congue tortor. Interdum et malesuada fames ac ante ipsum primis in faucibus. Nunc tempus consequat neque, et eleifend nulla aliquam eu.",Author 32,14,ke-chuyen-cuoc-oi-cac-thien-tai-lev-tolstoy-nha-van-hien-thuc-thien-tai,NXB 32,2025,123
https://cdn1.fahasa.com/media/catalog/product/8/9/8936066695848.jpg,Stephen King - Chuyện Nghề Viết,175000,43,9780085480930,"Lorem ipsum dolor sit amet, consectetur adipiscing elit. Nam congue vel tellus non luctus. Vestibulum vitae nunc lorem. Sed lacinia lectus vel augue imperdiet ultricies. Donec id venenatis ex, vitae pretium ligula. Sed nulla eros, dignissim at feugiat non, posuere sit amet urna. Ut eu porttitor tellus. Cras eu massa nulla. Morbi porta fermentum elit eu iaculis. Pellentesque hendrerit venenatis purus at feugiat. Pellentesque vitae feugiat purus. Donec mattis rhoncus lacinia. Sed quam diam, molestie id laoreet eu, lacinia ac turpis. Cras tincidunt lobortis elit quis aliquam. Proin et massa libero.

Aliquam id pharetra arcu. Vivamus vitae mattis ligula. Sed efficitur urna vitae scelerisque tempor. Proin purus magna, vulputate eu ligula a, vehicula malesuada enim. Curabitur aliquet rutrum enim et tincidunt. Vestibulum ante ipsum primis in faucibus orci luctus et ultrices posuere cubilia curae; Vivamus pharetra enim leo, nec molestie nibh consectetur quis. Class aptent taciti sociosqu ad litora torquent per conubia nostra, per inceptos himenaeos. Nunc quis maximus elit, vitae pulvinar urna. Integer at mi elit. Phasellus vitae rutrum sem. Vivamus et mauris ac nisl congue congue eu eget elit. Nullam at quam velit. Pellentesque dictum, diam nec tempor aliquet, tortor justo fermentum sapien, at condimentum turpis elit vel sapien. Aenean rutrum tellus sodales tortor viverra eleifend.

Donec facilisis, diam efficitur maximus ultrices, enim lectus rutrum elit, eget malesuada mi justo dapibus enim. Maecenas finibus euismod nulla quis dignissim. Sed dictum ante rutrum turpis euismod laoreet. Sed placerat tellus leo. In ut lobortis lorem. Nullam vitae lectus egestas urna tincidunt aliquet. Ut sagittis vel enim eget malesuada. Cras in congue tortor. Interdum et malesuada fames ac ante ipsum primis in faucibus. Nunc tempus consequat neque, et eleifend nulla aliquam eu.",Author 33,14,stephen-king-chuyen-nghe-viet,NXB 33,2005,93
https://cdn1.fahasa.com/media/catalog/product/b/i/bia-khuc-bi-ca-cua-ga-dan-que-.jpg,Khúc Bi Ca Của Gã Dân Quê - Hồi Ức Về Một Gia Đình Và Một Nền Văn Hóa Trong Cơn Khủng Hoảng,159000,43,9780085480931,"Lorem ipsum dolor sit amet, consectetur adipiscing elit. Nam congue vel tellus non luctus. Vestibulum vitae nunc lorem. Sed lacinia lectus vel augue imperdiet ultricies. Donec id venenatis ex, vitae pretium ligula. Sed nulla eros, dignissim at feugiat non, posuere sit amet urna. Ut eu porttitor tellus. Cras eu massa nulla. Morbi porta fermentum elit eu iaculis. Pellentesque hendrerit venenatis purus at feugiat. Pellentesque vitae feugiat purus. Donec mattis rhoncus lacinia. Sed quam diam, molestie id laoreet eu, lacinia ac turpis. Cras tincidunt lobortis elit quis aliquam. Proin et massa libero.

Aliquam id pharetra arcu. Vivamus vitae mattis ligula. Sed efficitur urna vitae scelerisque tempor. Proin purus magna, vulputate eu ligula a, vehicula malesuada enim. Curabitur aliquet rutrum enim et tincidunt. Vestibulum ante ipsum primis in faucibus orci luctus et ultrices posuere cubilia curae; Vivamus pharetra enim leo, nec molestie nibh consectetur quis. Class aptent taciti sociosqu ad litora torquent per conubia nostra, per inceptos himenaeos. Nunc quis maximus elit, vitae pulvinar urna. Integer at mi elit. Phasellus vitae rutrum sem. Vivamus et mauris ac nisl congue congue eu eget elit. Nullam at quam velit. Pellentesque dictum, diam nec tempor aliquet, tortor justo fermentum sapien, at condimentum turpis elit vel sapien. Aenean rutrum tellus sodales tortor viverra eleifend.

Donec facilisis, diam efficitur maximus ultrices, enim lectus rutrum elit, eget malesuada mi justo dapibus enim. Maecenas finibus euismod nulla quis dignissim. Sed dictum ante rutrum turpis euismod laoreet. Sed placerat tellus leo. In ut lobortis lorem. Nullam vitae lectus egestas urna tincidunt aliquet. Ut sagittis vel enim eget malesuada. Cras in congue tortor. Interdum et malesuada fames ac ante ipsum primis in faucibus. Nunc tempus consequat neque, et eleifend nulla aliquam eu.",Author 34,20,khuc-bi-ca-cua-ga-dan-que-hoi-uc-ve-mot-gia-inh-va-mot-nen-van-hoa-trong-con-khung-hoang,NXB 34,2014,99
https://cdn1.fahasa.com/media/catalog/product/e/l/elonmusk_1.jpg,Tiểu Sử Elon Musk - Bìa Cứng,424000,43,9780085480932,"Lorem ipsum dolor sit amet, consectetur adipiscing elit. Nam congue vel tellus non luctus. Vestibulum vitae nunc lorem. Sed lacinia lectus vel augue imperdiet ultricies. Donec id venenatis ex, vitae pretium ligula. Sed nulla eros, dignissim at feugiat non, posuere sit amet urna. Ut eu porttitor tellus. Cras eu massa nulla. Morbi porta fermentum elit eu iaculis. Pellentesque hendrerit venenatis purus at feugiat. Pellentesque vitae feugiat purus. Donec mattis rhoncus lacinia. Sed quam diam, molestie id laoreet eu, lacinia ac turpis. Cras tincidunt lobortis elit quis aliquam. Proin et massa libero.

Aliquam id pharetra arcu. Vivamus vitae mattis ligula. Sed efficitur urna vitae scelerisque tempor. Proin purus magna, vulputate eu ligula a, vehicula malesuada enim. Curabitur aliquet rutrum enim et tincidunt. Vestibulum ante ipsum primis in faucibus orci luctus et ultrices posuere cubilia curae; Vivamus pharetra enim leo, nec molestie nibh consectetur quis. Class aptent taciti sociosqu ad litora torquent per conubia nostra, per inceptos himenaeos. Nunc quis maximus elit, vitae pulvinar urna. Integer at mi elit. Phasellus vitae rutrum sem. Vivamus et mauris ac nisl congue congue eu eget elit. Nullam at quam velit. Pellentesque dictum, diam nec tempor aliquet, tortor justo fermentum sapien, at condimentum turpis elit vel sapien. Aenean rutrum tellus sodales tortor viverra eleifend.

Donec facilisis, diam efficitur maximus ultrices, enim lectus rutrum elit, eget malesuada mi justo dapibus enim. Maecenas finibus euismod nulla quis dignissim. Sed dictum ante rutrum turpis euismod laoreet. Sed placerat tellus leo. In ut lobortis lorem. Nullam vitae lectus egestas urna tincidunt aliquet. Ut sagittis vel enim eget malesuada. Cras in congue tortor. Interdum et malesuada fames ac ante ipsum primis in faucibus. Nunc tempus consequat neque, et eleifend nulla aliquam eu.",Author 35,13,tieu-su-elon-musk-bia-cung,NXB 35,2018,82
https://cdn1.fahasa.com/media/catalog/product/i/m/image_238740.jpg,Công Ty Tôi Gìn Giữ - Cuộc Đời Của Tôi Trong Ngành Mỹ Phẩm,155350,43,9780085480933,"Lorem ipsum dolor sit amet, consectetur adipiscing elit. Nam congue vel tellus non luctus. Vestibulum vitae nunc lorem. Sed lacinia lectus vel augue imperdiet ultricies. Donec id venenatis ex, vitae pretium ligula. Sed nulla eros, dignissim at feugiat non, posuere sit amet urna. Ut eu porttitor tellus. Cras eu massa nulla. Morbi porta fermentum elit eu iaculis. Pellentesque hendrerit venenatis purus at feugiat. Pellentesque vitae feugiat purus. Donec mattis rhoncus lacinia. Sed quam diam, molestie id laoreet eu, lacinia ac turpis. Cras tincidunt lobortis elit quis aliquam. Proin et massa libero.

Aliquam id pharetra arcu. Vivamus vitae mattis ligula. Sed efficitur urna vitae scelerisque tempor. Proin purus magna, vulputate eu ligula a, vehicula malesuada enim. Curabitur aliquet rutrum enim et tincidunt. Vestibulum ante ipsum primis in faucibus orci luctus et ultrices posuere cubilia curae; Vivamus pharetra enim leo, nec molestie nibh consectetur quis. Class aptent taciti sociosqu ad litora torquent per conubia nostra, per inceptos himenaeos. Nunc quis maximus elit, vitae pulvinar urna. Integer at mi elit. Phasellus vitae rutrum sem. Vivamus et mauris ac nisl congue congue eu eget elit. Nullam at quam velit. Pellentesque dictum, diam nec tempor aliquet, tortor justo fermentum sapien, at condimentum turpis elit vel sapien. Aenean rutrum tellus sodales tortor viverra eleifend.

Donec facilisis, diam efficitur maximus ultrices, enim lectus rutrum elit, eget malesuada mi justo dapibus enim. Maecenas finibus euismod nulla quis dignissim. Sed dictum ante rutrum turpis euismod laoreet. Sed placerat tellus leo. In ut lobortis lorem. Nullam vitae lectus egestas urna tincidunt aliquet. Ut sagittis vel enim eget malesuada. Cras in congue tortor. Interdum et malesuada fames ac ante ipsum primis in faucibus. Nunc tempus consequat neque, et eleifend nulla aliquam eu.",Author 36,11,cong-ty-toi-gin-giu-cuoc-oi-cua-toi-trong-nganh-my-pham,NXB 36,2015,113
https://cdn1.fahasa.com/media/catalog/product/i/m/image_195509_1_49329_1.jpg,Nick Vujicic - Cuộc Sống Không Giới Hạn (Tái Bản 2022),108040,43,9780085480934,"Lorem ipsum dolor sit amet, consectetur adipiscing elit. Nam congue vel tellus non luctus. Vestibulum vitae nunc lorem. Sed lacinia lectus vel augue imperdiet ultricies. Donec id venenatis ex, vitae pretium ligula. Sed nulla eros, dignissim at feugiat non, posuere sit amet urna. Ut eu porttitor tellus. Cras eu massa nulla. Morbi porta fermentum elit eu iaculis. Pellentesque hendrerit venenatis purus at feugiat. Pellentesque vitae feugiat purus. Donec mattis rhoncus lacinia. Sed quam diam, molestie id laoreet eu, lacinia ac turpis. Cras tincidunt lobortis elit quis aliquam. Proin et massa libero.

Aliquam id pharetra arcu. Vivamus vitae mattis ligula. Sed efficitur urna vitae scelerisque tempor. Proin purus magna, vulputate eu ligula a, vehicula malesuada enim. Curabitur aliquet rutrum enim et tincidunt. Vestibulum ante ipsum primis in faucibus orci luctus et ultrices posuere cubilia curae; Vivamus pharetra enim leo, nec molestie nibh consectetur quis. Class aptent taciti sociosqu ad litora torquent per conubia nostra, per inceptos himenaeos. Nunc quis maximus elit, vitae pulvinar urna. Integer at mi elit. Phasellus vitae rutrum sem. Vivamus et mauris ac nisl congue congue eu eget elit. Nullam at quam velit. Pellentesque dictum, diam nec tempor aliquet, tortor justo fermentum sapien, at condimentum turpis elit vel sapien. Aenean rutrum tellus sodales tortor viverra eleifend.

Donec facilisis, diam efficitur maximus ultrices, enim lectus rutrum elit, eget malesuada mi justo dapibus enim. Maecenas finibus euismod nulla quis dignissim. Sed dictum ante rutrum turpis euismod laoreet. Sed placerat tellus leo. In ut lobortis lorem. Nullam vitae lectus egestas urna tincidunt aliquet. Ut sagittis vel enim eget malesuada. Cras in congue tortor. Interdum et malesuada fames ac ante ipsum primis in faucibus. Nunc tempus consequat neque, et eleifend nulla aliquam eu.",Author 37,13,nick-vujicic-cuoc-song-khong-gioi-han-tai-ban-2022,NXB 37,2025,148
https://cdn1.fahasa.com/media/catalog/product/e/l/elonmusk_1_1.jpg,Tiểu Sử Elon Musk - Bản Đặc Biệt - Bìa Cứng AR,849000,43,9780085480935,"Lorem ipsum dolor sit amet, consectetur adipiscing elit. Nam congue vel tellus non luctus. Vestibulum vitae nunc lorem. Sed lacinia lectus vel augue imperdiet ultricies. Donec id venenatis ex, vitae pretium ligula. Sed nulla eros, dignissim at feugiat non, posuere sit amet urna. Ut eu porttitor tellus. Cras eu massa nulla. Morbi porta fermentum elit eu iaculis. Pellentesque hendrerit venenatis purus at feugiat. Pellentesque vitae feugiat purus. Donec mattis rhoncus lacinia. Sed quam diam, molestie id laoreet eu, lacinia ac turpis. Cras tincidunt lobortis elit quis aliquam. Proin et massa libero.

Aliquam id pharetra arcu. Vivamus vitae mattis ligula. Sed efficitur urna vitae scelerisque tempor. Proin purus magna, vulputate eu ligula a, vehicula malesuada enim. Curabitur aliquet rutrum enim et tincidunt. Vestibulum ante ipsum primis in faucibus orci luctus et ultrices posuere cubilia curae; Vivamus pharetra enim leo, nec molestie nibh consectetur quis. Class aptent taciti sociosqu ad litora torquent per conubia nostra, per inceptos himenaeos. Nunc quis maximus elit, vitae pulvinar urna. Integer at mi elit. Phasellus vitae rutrum sem. Vivamus et mauris ac nisl congue congue eu eget elit. Nullam at quam velit. Pellentesque dictum, diam nec tempor aliquet, tortor justo fermentum sapien, at condimentum turpis elit vel sapien. Aenean rutrum tellus sodales tortor viverra eleifend.

Donec facilisis, diam efficitur maximus ultrices, enim lectus rutrum elit, eget malesuada mi justo dapibus enim. Maecenas finibus euismod nulla quis dignissim. Sed dictum ante rutrum turpis euismod laoreet. Sed placerat tellus leo. In ut lobortis lorem. Nullam vitae lectus egestas urna tincidunt aliquet. Ut sagittis vel enim eget malesuada. Cras in congue tortor. Interdum et malesuada fames ac ante ipsum primis in faucibus. Nunc tempus consequat neque, et eleifend nulla aliquam eu.",Author 38,5,tieu-su-elon-musk-ban-ac-biet-bia-cung-ar,NXB 38,2010,136
https://cdn1.fahasa.com/media/catalog/product/b/_/b_a__ng-minh-ch_u.jpg,Đổng Minh Châu - Trí Tuệ Kiến Tạo Tương Lai - Những Triết Lý Kinh Doanh Đưa Gree Electric Trở Thành Một Huyền Thoại,105000,43,9780085480936,"Lorem ipsum dolor sit amet, consectetur adipiscing elit. Nam congue vel tellus non luctus. Vestibulum vitae nunc lorem. Sed lacinia lectus vel augue imperdiet ultricies. Donec id venenatis ex, vitae pretium ligula. Sed nulla eros, dignissim at feugiat non, posuere sit amet urna. Ut eu porttitor tellus. Cras eu massa nulla. Morbi porta fermentum elit eu iaculis. Pellentesque hendrerit venenatis purus at feugiat. Pellentesque vitae feugiat purus. Donec mattis rhoncus lacinia. Sed quam diam, molestie id laoreet eu, lacinia ac turpis. Cras tincidunt lobortis elit quis aliquam. Proin et massa libero.

Aliquam id pharetra arcu. Vivamus vitae mattis ligula. Sed efficitur urna vitae scelerisque tempor. Proin purus magna, vulputate eu ligula a, vehicula malesuada enim. Curabitur aliquet rutrum enim et tincidunt. Vestibulum ante ipsum primis in faucibus orci luctus et ultrices posuere cubilia curae; Vivamus pharetra enim leo, nec molestie nibh consectetur quis. Class aptent taciti sociosqu ad litora torquent per conubia nostra, per inceptos himenaeos. Nunc quis maximus elit, vitae pulvinar urna. Integer at mi elit. Phasellus vitae rutrum sem. Vivamus et mauris ac nisl congue congue eu eget elit. Nullam at quam velit. Pellentesque dictum, diam nec tempor aliquet, tortor justo fermentum sapien, at condimentum turpis elit vel sapien. Aenean rutrum tellus sodales tortor viverra eleifend.

Donec facilisis, diam efficitur maximus ultrices, enim lectus rutrum elit, eget malesuada mi justo dapibus enim. Maecenas finibus euismod nulla quis dignissim. Sed dictum ante rutrum turpis euismod laoreet. Sed placerat tellus leo. In ut lobortis lorem. Nullam vitae lectus egestas urna tincidunt aliquet. Ut sagittis vel enim eget malesuada. Cras in congue tortor. Interdum et malesuada fames ac ante ipsum primis in faucibus. Nunc tempus consequat neque, et eleifend nulla aliquam eu.",Author 39,12,ong-minh-chau-tri-tue-kien-tao-tuong-lai-nhung-triet-ly-kinh-doanh-ua-gree-electric-tro-thanh-mot-huyen-thoai,NXB 39,2024,97
https://cdn1.fahasa.com/media/catalog/product/i/m/image_244718_1_2508.jpg,Arianna Huffington - Bà Hoàng Truyền Thông Và Chuyên Gia Chăm Sóc Sức Khỏe,90350,43,9780085480937,"Lorem ipsum dolor sit amet, consectetur adipiscing elit. Nam congue vel tellus non luctus. Vestibulum vitae nunc lorem. Sed lacinia lectus vel augue imperdiet ultricies. Donec id venenatis ex, vitae pretium ligula. Sed nulla eros, dignissim at feugiat non, posuere sit amet urna. Ut eu porttitor tellus. Cras eu massa nulla. Morbi porta fermentum elit eu iaculis. Pellentesque hendrerit venenatis purus at feugiat. Pellentesque vitae feugiat purus. Donec mattis rhoncus lacinia. Sed quam diam, molestie id laoreet eu, lacinia ac turpis. Cras tincidunt lobortis elit quis aliquam. Proin et massa libero.

Aliquam id pharetra arcu. Vivamus vitae mattis ligula. Sed efficitur urna vitae scelerisque tempor. Proin purus magna, vulputate eu ligula a, vehicula malesuada enim. Curabitur aliquet rutrum enim et tincidunt. Vestibulum ante ipsum primis in faucibus orci luctus et ultrices posuere cubilia curae; Vivamus pharetra enim leo, nec molestie nibh consectetur quis. Class aptent taciti sociosqu ad litora torquent per conubia nostra, per inceptos himenaeos. Nunc quis maximus elit, vitae pulvinar urna. Integer at mi elit. Phasellus vitae rutrum sem. Vivamus et mauris ac nisl congue congue eu eget elit. Nullam at quam velit. Pellentesque dictum, diam nec tempor aliquet, tortor justo fermentum sapien, at condimentum turpis elit vel sapien. Aenean rutrum tellus sodales tortor viverra eleifend.

Donec facilisis, diam efficitur maximus ultrices, enim lectus rutrum elit, eget malesuada mi justo dapibus enim. Maecenas finibus euismod nulla quis dignissim. Sed dictum ante rutrum turpis euismod laoreet. Sed placerat tellus leo. In ut lobortis lorem. Nullam vitae lectus egestas urna tincidunt aliquet. Ut sagittis vel enim eget malesuada. Cras in congue tortor. Interdum et malesuada fames ac ante ipsum primis in faucibus. Nunc tempus consequat neque, et eleifend nulla aliquam eu.",Author 40,7,arianna-huffington-ba-hoang-truyen-thong-va-chuyen-gia-cham-soc-suc-khoe,NXB 40,2018,98
https://cdn1.fahasa.com/media/catalog/product/e/d/edison-front_1.jpg,Sự Thật Về Edison - Phù Thủy Xứ Menlo Park Qua Lời Kể Của Henry Ford (Tái Bản 2022),63500,43,9780085480938,"Lorem ipsum dolor sit amet, consectetur adipiscing elit. Nam congue vel tellus non luctus. Vestibulum vitae nunc lorem. Sed lacinia lectus vel augue imperdiet ultricies. Donec id venenatis ex, vitae pretium ligula. Sed nulla eros, dignissim at feugiat non, posuere sit amet urna. Ut eu porttitor tellus. Cras eu massa nulla. Morbi porta fermentum elit eu iaculis. Pellentesque hendrerit venenatis purus at feugiat. Pellentesque vitae feugiat purus. Donec mattis rhoncus lacinia. Sed quam diam, molestie id laoreet eu, lacinia ac turpis. Cras tincidunt lobortis elit quis aliquam. Proin et massa libero.

Aliquam id pharetra arcu. Vivamus vitae mattis ligula. Sed efficitur urna vitae scelerisque tempor. Proin purus magna, vulputate eu ligula a, vehicula malesuada enim. Curabitur aliquet rutrum enim et tincidunt. Vestibulum ante ipsum primis in faucibus orci luctus et ultrices posuere cubilia curae; Vivamus pharetra enim leo, nec molestie nibh consectetur quis. Class aptent taciti sociosqu ad litora torquent per conubia nostra, per inceptos himenaeos. Nunc quis maximus elit, vitae pulvinar urna. Integer at mi elit. Phasellus vitae rutrum sem. Vivamus et mauris ac nisl congue congue eu eget elit. Nullam at quam velit. Pellentesque dictum, diam nec tempor aliquet, tortor justo fermentum sapien, at condimentum turpis elit vel sapien. Aenean rutrum tellus sodales tortor viverra eleifend.

Donec facilisis, diam efficitur maximus ultrices, enim lectus rutrum elit, eget malesuada mi justo dapibus enim. Maecenas finibus euismod nulla quis dignissim. Sed dictum ante rutrum turpis euismod laoreet. Sed placerat tellus leo. In ut lobortis lorem. Nullam vitae lectus egestas urna tincidunt aliquet. Ut sagittis vel enim eget malesuada. Cras in congue tortor. Interdum et malesuada fames ac ante ipsum primis in faucibus. Nunc tempus consequat neque, et eleifend nulla aliquam eu.",Author 41,6,su-that-ve-edison-phu-thuy-xu-menlo-park-qua-loi-ke-cua-henry-ford-tai-ban-2022,NXB 41,2016,60
https://cdn1.fahasa.com/media/catalog/product/8/9/8935210306265.jpg,Escalante - Người Thầy Xuất Sắc Nhất Nước Mỹ,124000,43,9780085480939,"Lorem ipsum dolor sit amet, consectetur adipiscing elit. Nam congue vel tellus non luctus. Vestibulum vitae nunc lorem. Sed lacinia lectus vel augue imperdiet ultricies. Donec id venenatis ex, vitae pretium ligula. Sed nulla eros, dignissim at feugiat non, posuere sit amet urna. Ut eu porttitor tellus. Cras eu massa nulla. Morbi porta fermentum elit eu iaculis. Pellentesque hendrerit venenatis purus at feugiat. Pellentesque vitae feugiat purus. Donec mattis rhoncus lacinia. Sed quam diam, molestie id laoreet eu, lacinia ac turpis. Cras tincidunt lobortis elit quis aliquam. Proin et massa libero.

Aliquam id pharetra arcu. Vivamus vitae mattis ligula. Sed efficitur urna vitae scelerisque tempor. Proin purus magna, vulputate eu ligula a, vehicula malesuada enim. Curabitur aliquet rutrum enim et tincidunt. Vestibulum ante ipsum primis in faucibus orci luctus et ultrices posuere cubilia curae; Vivamus pharetra enim leo, nec molestie nibh consectetur quis. Class aptent taciti sociosqu ad litora torquent per conubia nostra, per inceptos himenaeos. Nunc quis maximus elit, vitae pulvinar urna. Integer at mi elit. Phasellus vitae rutrum sem. Vivamus et mauris ac nisl congue congue eu eget elit. Nullam at quam velit. Pellentesque dictum, diam nec tempor aliquet, tortor justo fermentum sapien, at condimentum turpis elit vel sapien. Aenean rutrum tellus sodales tortor viverra eleifend.

Donec facilisis, diam efficitur maximus ultrices, enim lectus rutrum elit, eget malesuada mi justo dapibus enim. Maecenas finibus euismod nulla quis dignissim. Sed dictum ante rutrum turpis euismod laoreet. Sed placerat tellus leo. In ut lobortis lorem. Nullam vitae lectus egestas urna tincidunt aliquet. Ut sagittis vel enim eget malesuada. Cras in congue tortor. Interdum et malesuada fames ac ante ipsum primis in faucibus. Nunc tempus consequat neque, et eleifend nulla aliquam eu.",Author 42,13,escalante-nguoi-thay-xuat-sac-nhat-nuoc-my,NXB 42,2012,120
https://cdn1.fahasa.com/media/catalog/product/n/x/nxbtre_full_26222025_092247.jpg,The Legacy Of Hồ Chí Minh - Uncle Hồ - The Name That Illuminates Việt Nam's Beauty - Bìa Cứng,297500,43,9780085480940,"Lorem ipsum dolor sit amet, consectetur adipiscing elit. Nam congue vel tellus non luctus. Vestibulum vitae nunc lorem. Sed lacinia lectus vel augue imperdiet ultricies. Donec id venenatis ex, vitae pretium ligula. Sed nulla eros, dignissim at feugiat non, posuere sit amet urna. Ut eu porttitor tellus. Cras eu massa nulla. Morbi porta fermentum elit eu iaculis. Pellentesque hendrerit venenatis purus at feugiat. Pellentesque vitae feugiat purus. Donec mattis rhoncus lacinia. Sed quam diam, molestie id laoreet eu, lacinia ac turpis. Cras tincidunt lobortis elit quis aliquam. Proin et massa libero.

Aliquam id pharetra arcu. Vivamus vitae mattis ligula. Sed efficitur urna vitae scelerisque tempor. Proin purus magna, vulputate eu ligula a, vehicula malesuada enim. Curabitur aliquet rutrum enim et tincidunt. Vestibulum ante ipsum primis in faucibus orci luctus et ultrices posuere cubilia curae; Vivamus pharetra enim leo, nec molestie nibh consectetur quis. Class aptent taciti sociosqu ad litora torquent per conubia nostra, per inceptos himenaeos. Nunc quis maximus elit, vitae pulvinar urna. Integer at mi elit. Phasellus vitae rutrum sem. Vivamus et mauris ac nisl congue congue eu eget elit. Nullam at quam velit. Pellentesque dictum, diam nec tempor aliquet, tortor justo fermentum sapien, at condimentum turpis elit vel sapien. Aenean rutrum tellus sodales tortor viverra eleifend.

Donec facilisis, diam efficitur maximus ultrices, enim lectus rutrum elit, eget malesuada mi justo dapibus enim. Maecenas finibus euismod nulla quis dignissim. Sed dictum ante rutrum turpis euismod laoreet. Sed placerat tellus leo. In ut lobortis lorem. Nullam vitae lectus egestas urna tincidunt aliquet. Ut sagittis vel enim eget malesuada. Cras in congue tortor. Interdum et malesuada fames ac ante ipsum primis in faucibus. Nunc tempus consequat neque, et eleifend nulla aliquam eu.",Author 43,9,the-legacy-of-ho-chi-minh-uncle-ho-the-name-that-illuminates-viet-nam-s-beauty-bia-cung,NXB 43,2022,72
https://cdn1.fahasa.com/media/catalog/product/8/9/8935251419016_1.jpg,"Elon Musk - Tesla, Spacex Và Sứ Mệnh Tìm Kiếm Một Tương Lai Ngoài Sức Tưởng Tượng - Bìa Cứng (Tái Bản 2023)",288000,43,9780085480941,"Lorem ipsum dolor sit amet, consectetur adipiscing elit. Nam congue vel tellus non luctus. Vestibulum vitae nunc lorem. Sed lacinia lectus vel augue imperdiet ultricies. Donec id venenatis ex, vitae pretium ligula. Sed nulla eros, dignissim at feugiat non, posuere sit amet urna. Ut eu porttitor tellus. Cras eu massa nulla. Morbi porta fermentum elit eu iaculis. Pellentesque hendrerit venenatis purus at feugiat. Pellentesque vitae feugiat purus. Donec mattis rhoncus lacinia. Sed quam diam, molestie id laoreet eu, lacinia ac turpis. Cras tincidunt lobortis elit quis aliquam. Proin et massa libero.

Aliquam id pharetra arcu. Vivamus vitae mattis ligula. Sed efficitur urna vitae scelerisque tempor. Proin purus magna, vulputate eu ligula a, vehicula malesuada enim. Curabitur aliquet rutrum enim et tincidunt. Vestibulum ante ipsum primis in faucibus orci luctus et ultrices posuere cubilia curae; Vivamus pharetra enim leo, nec molestie nibh consectetur quis. Class aptent taciti sociosqu ad litora torquent per conubia nostra, per inceptos himenaeos. Nunc quis maximus elit, vitae pulvinar urna. Integer at mi elit. Phasellus vitae rutrum sem. Vivamus et mauris ac nisl congue congue eu eget elit. Nullam at quam velit. Pellentesque dictum, diam nec tempor aliquet, tortor justo fermentum sapien, at condimentum turpis elit vel sapien. Aenean rutrum tellus sodales tortor viverra eleifend.

Donec facilisis, diam efficitur maximus ultrices, enim lectus rutrum elit, eget malesuada mi justo dapibus enim. Maecenas finibus euismod nulla quis dignissim. Sed dictum ante rutrum turpis euismod laoreet. Sed placerat tellus leo. In ut lobortis lorem. Nullam vitae lectus egestas urna tincidunt aliquet. Ut sagittis vel enim eget malesuada. Cras in congue tortor. Interdum et malesuada fames ac ante ipsum primis in faucibus. Nunc tempus consequat neque, et eleifend nulla aliquam eu.",Author 44,8,elon-musk-tesla-spacex-va-su-menh-tim-kiem-mot-tuong-lai-ngoai-suc-tuong-tuong-bia-cung-tai-ban-2023,NXB 44,2024,146
https://cdn1.fahasa.com/media/catalog/product/c/h/ch_nh-s_ch-_i-l_---h_-ch_-minh---ti_u-s_-b_ng-h_nh.jpg,Hồ Chí Minh - Tiểu Sử Bằng Hình - Bìa Cứng - Tặng Kèm 1 Bookmark + 4 Postcard,578000,43,9780085480942,"Lorem ipsum dolor sit amet, consectetur adipiscing elit. Nam congue vel tellus non luctus. Vestibulum vitae nunc lorem. Sed lacinia lectus vel augue imperdiet ultricies. Donec id venenatis ex, vitae pretium ligula. Sed nulla eros, dignissim at feugiat non, posuere sit amet urna. Ut eu porttitor tellus. Cras eu massa nulla. Morbi porta fermentum elit eu iaculis. Pellentesque hendrerit venenatis purus at feugiat. Pellentesque vitae feugiat purus. Donec mattis rhoncus lacinia. Sed quam diam, molestie id laoreet eu, lacinia ac turpis. Cras tincidunt lobortis elit quis aliquam. Proin et massa libero.

Aliquam id pharetra arcu. Vivamus vitae mattis ligula. Sed efficitur urna vitae scelerisque tempor. Proin purus magna, vulputate eu ligula a, vehicula malesuada enim. Curabitur aliquet rutrum enim et tincidunt. Vestibulum ante ipsum primis in faucibus orci luctus et ultrices posuere cubilia curae; Vivamus pharetra enim leo, nec molestie nibh consectetur quis. Class aptent taciti sociosqu ad litora torquent per conubia nostra, per inceptos himenaeos. Nunc quis maximus elit, vitae pulvinar urna. Integer at mi elit. Phasellus vitae rutrum sem. Vivamus et mauris ac nisl congue congue eu eget elit. Nullam at quam velit. Pellentesque dictum, diam nec tempor aliquet, tortor justo fermentum sapien, at condimentum turpis elit vel sapien. Aenean rutrum tellus sodales tortor viverra eleifend.

Donec facilisis, diam efficitur maximus ultrices, enim lectus rutrum elit, eget malesuada mi justo dapibus enim. Maecenas finibus euismod nulla quis dignissim. Sed dictum ante rutrum turpis euismod laoreet. Sed placerat tellus leo. In ut lobortis lorem. Nullam vitae lectus egestas urna tincidunt aliquet. Ut sagittis vel enim eget malesuada. Cras in congue tortor. Interdum et malesuada fames ac ante ipsum primis in faucibus. Nunc tempus consequat neque, et eleifend nulla aliquam eu.",Author 45,3,ho-chi-minh-tieu-su-bang-hinh-bia-cung-tang-kem-1-bookmark-4-postcard,NXB 45,2016,54
https://cdn1.fahasa.com/media/catalog/product/u/n/untitled-1_1_36.jpg,Ánh Sáng Trong Ta - The Light We Carry,144540,43,9780085480943,"Lorem ipsum dolor sit amet, consectetur adipiscing elit. Nam congue vel tellus non luctus. Vestibulum vitae nunc lorem. Sed lacinia lectus vel augue imperdiet ultricies. Donec id venenatis ex, vitae pretium ligula. Sed nulla eros, dignissim at feugiat non, posuere sit amet urna. Ut eu porttitor tellus. Cras eu massa nulla. Morbi porta fermentum elit eu iaculis. Pellentesque hendrerit venenatis purus at feugiat. Pellentesque vitae feugiat purus. Donec mattis rhoncus lacinia. Sed quam diam, molestie id laoreet eu, lacinia ac turpis. Cras tincidunt lobortis elit quis aliquam. Proin et massa libero.

Aliquam id pharetra arcu. Vivamus vitae mattis ligula. Sed efficitur urna vitae scelerisque tempor. Proin purus magna, vulputate eu ligula a, vehicula malesuada enim. Curabitur aliquet rutrum enim et tincidunt. Vestibulum ante ipsum primis in faucibus orci luctus et ultrices posuere cubilia curae; Vivamus pharetra enim leo, nec molestie nibh consectetur quis. Class aptent taciti sociosqu ad litora torquent per conubia nostra, per inceptos himenaeos. Nunc quis maximus elit, vitae pulvinar urna. Integer at mi elit. Phasellus vitae rutrum sem. Vivamus et mauris ac nisl congue congue eu eget elit. Nullam at quam velit. Pellentesque dictum, diam nec tempor aliquet, tortor justo fermentum sapien, at condimentum turpis elit vel sapien. Aenean rutrum tellus sodales tortor viverra eleifend.

Donec facilisis, diam efficitur maximus ultrices, enim lectus rutrum elit, eget malesuada mi justo dapibus enim. Maecenas finibus euismod nulla quis dignissim. Sed dictum ante rutrum turpis euismod laoreet. Sed placerat tellus leo. In ut lobortis lorem. Nullam vitae lectus egestas urna tincidunt aliquet. Ut sagittis vel enim eget malesuada. Cras in congue tortor. Interdum et malesuada fames ac ante ipsum primis in faucibus. Nunc tempus consequat neque, et eleifend nulla aliquam eu.",Author 46,4,anh-sang-trong-ta-the-light-we-carry,NXB 46,2010,118
https://cdn1.fahasa.com/media/catalog/product/8/9/8934974201335.jpg,Nông Trại Ngộ Nghĩnh - Cuộc Sống Đầy Bất Ngờ Của Tôi Với 600 Con Vật Giải Cứu,131500,43,9780085480944,"Lorem ipsum dolor sit amet, consectetur adipiscing elit. Nam congue vel tellus non luctus. Vestibulum vitae nunc lorem. Sed lacinia lectus vel augue imperdiet ultricies. Donec id venenatis ex, vitae pretium ligula. Sed nulla eros, dignissim at feugiat non, posuere sit amet urna. Ut eu porttitor tellus. Cras eu massa nulla. Morbi porta fermentum elit eu iaculis. Pellentesque hendrerit venenatis purus at feugiat. Pellentesque vitae feugiat purus. Donec mattis rhoncus lacinia. Sed quam diam, molestie id laoreet eu, lacinia ac turpis. Cras tincidunt lobortis elit quis aliquam. Proin et massa libero.

Aliquam id pharetra arcu. Vivamus vitae mattis ligula. Sed efficitur urna vitae scelerisque tempor. Proin purus magna, vulputate eu ligula a, vehicula malesuada enim. Curabitur aliquet rutrum enim et tincidunt. Vestibulum ante ipsum primis in faucibus orci luctus et ultrices posuere cubilia curae; Vivamus pharetra enim leo, nec molestie nibh consectetur quis. Class aptent taciti sociosqu ad litora torquent per conubia nostra, per inceptos himenaeos. Nunc quis maximus elit, vitae pulvinar urna. Integer at mi elit. Phasellus vitae rutrum sem. Vivamus et mauris ac nisl congue congue eu eget elit. Nullam at quam velit. Pellentesque dictum, diam nec tempor aliquet, tortor justo fermentum sapien, at condimentum turpis elit vel sapien. Aenean rutrum tellus sodales tortor viverra eleifend.

Donec facilisis, diam efficitur maximus ultrices, enim lectus rutrum elit, eget malesuada mi justo dapibus enim. Maecenas finibus euismod nulla quis dignissim. Sed dictum ante rutrum turpis euismod laoreet. Sed placerat tellus leo. In ut lobortis lorem. Nullam vitae lectus egestas urna tincidunt aliquet. Ut sagittis vel enim eget malesuada. Cras in congue tortor. Interdum et malesuada fames ac ante ipsum primis in faucibus. Nunc tempus consequat neque, et eleifend nulla aliquam eu.",Author 47,7,nong-trai-ngo-nghinh-cuoc-song-ay-bat-ngo-cua-toi-voi-600-con-vat-giai-cuu,NXB 47,2004,58
https://cdn1.fahasa.com/media/catalog/product/e/l/elon-musk-khong-gioi-han-thien-tai-sieu-pham-cua-the-ky-21-sb.jpg,Elon Musk - Không Giới Hạn - Thiên Tài Siêu Phàm Của Thế Kỷ 21,103500,43,9780085480945,"Lorem ipsum dolor sit amet, consectetur adipiscing elit. Nam congue vel tellus non luctus. Vestibulum vitae nunc lorem. Sed lacinia lectus vel augue imperdiet ultricies. Donec id venenatis ex, vitae pretium ligula. Sed nulla eros, dignissim at feugiat non, posuere sit amet urna. Ut eu porttitor tellus. Cras eu massa nulla. Morbi porta fermentum elit eu iaculis. Pellentesque hendrerit venenatis purus at feugiat. Pellentesque vitae feugiat purus. Donec mattis rhoncus lacinia. Sed quam diam, molestie id laoreet eu, lacinia ac turpis. Cras tincidunt lobortis elit quis aliquam. Proin et massa libero.

Aliquam id pharetra arcu. Vivamus vitae mattis ligula. Sed efficitur urna vitae scelerisque tempor. Proin purus magna, vulputate eu ligula a, vehicula malesuada enim. Curabitur aliquet rutrum enim et tincidunt. Vestibulum ante ipsum primis in faucibus orci luctus et ultrices posuere cubilia curae; Vivamus pharetra enim leo, nec molestie nibh consectetur quis. Class aptent taciti sociosqu ad litora torquent per conubia nostra, per inceptos himenaeos. Nunc quis maximus elit, vitae pulvinar urna. Integer at mi elit. Phasellus vitae rutrum sem. Vivamus et mauris ac nisl congue congue eu eget elit. Nullam at quam velit. Pellentesque dictum, diam nec tempor aliquet, tortor justo fermentum sapien, at condimentum turpis elit vel sapien. Aenean rutrum tellus sodales tortor viverra eleifend.

Donec facilisis, diam efficitur maximus ultrices, enim lectus rutrum elit, eget malesuada mi justo dapibus enim. Maecenas finibus euismod nulla quis dignissim. Sed dictum ante rutrum turpis euismod laoreet. Sed placerat tellus leo. In ut lobortis lorem. Nullam vitae lectus egestas urna tincidunt aliquet. Ut sagittis vel enim eget malesuada. Cras in congue tortor. Interdum et malesuada fames ac ante ipsum primis in faucibus. Nunc tempus consequat neque, et eleifend nulla aliquam eu.",Author 48,7,elon-musk-khong-gioi-han-thien-tai-sieu-pham-cua-the-ky-21,NXB 48,2001,144
https://cdn1.fahasa.com/media/catalog/product/i/m/image_244718_1_4407.jpg,Giành Phiếu Bầu Bằng Mọi Giá,193500,47,9780085480946,"Lorem ipsum dolor sit amet, consectetur adipiscing elit. Nam congue vel tellus non luctus. Vestibulum vitae nunc lorem. Sed lacinia lectus vel augue imperdiet ultricies. Donec id venenatis ex, vitae pretium ligula. Sed nulla eros, dignissim at feugiat non, posuere sit amet urna. Ut eu porttitor tellus. Cras eu massa nulla. Morbi porta fermentum elit eu iaculis. Pellentesque hendrerit venenatis purus at feugiat. Pellentesque vitae feugiat purus. Donec mattis rhoncus lacinia. Sed quam diam, molestie id laoreet eu, lacinia ac turpis. Cras tincidunt lobortis elit quis aliquam. Proin et massa libero.

Aliquam id pharetra arcu. Vivamus vitae mattis ligula. Sed efficitur urna vitae scelerisque tempor. Proin purus magna, vulputate eu ligula a, vehicula malesuada enim. Curabitur aliquet rutrum enim et tincidunt. Vestibulum ante ipsum primis in faucibus orci luctus et ultrices posuere cubilia curae; Vivamus pharetra enim leo, nec molestie nibh consectetur quis. Class aptent taciti sociosqu ad litora torquent per conubia nostra, per inceptos himenaeos. Nunc quis maximus elit, vitae pulvinar urna. Integer at mi elit. Phasellus vitae rutrum sem. Vivamus et mauris ac nisl congue congue eu eget elit. Nullam at quam velit. Pellentesque dictum, diam nec tempor aliquet, tortor justo fermentum sapien, at condimentum turpis elit vel sapien. Aenean rutrum tellus sodales tortor viverra eleifend.

Donec facilisis, diam efficitur maximus ultrices, enim lectus rutrum elit, eget malesuada mi justo dapibus enim. Maecenas finibus euismod nulla quis dignissim. Sed dictum ante rutrum turpis euismod laoreet. Sed placerat tellus leo. In ut lobortis lorem. Nullam vitae lectus egestas urna tincidunt aliquet. Ut sagittis vel enim eget malesuada. Cras in congue tortor. Interdum et malesuada fames ac ante ipsum primis in faucibus. Nunc tempus consequat neque, et eleifend nulla aliquam eu.",Author 49,8,gianh-phieu-bau-bang-moi-gia,NXB 49,2016,134
https://cdn1.fahasa.com/media/catalog/product/8/9/8936228203263.jpg,Vị Tổng Thống Gây Tranh Cãi Lịch Sử Hoa Kỳ - Donald Trump - Không Bao Giờ Bỏ Cuộc,103500,47,9780085480947,"Lorem ipsum dolor sit amet, consectetur adipiscing elit. Nam congue vel tellus non luctus. Vestibulum vitae nunc lorem. Sed lacinia lectus vel augue imperdiet ultricies. Donec id venenatis ex, vitae pretium ligula. Sed nulla eros, dignissim at feugiat non, posuere sit amet urna. Ut eu porttitor tellus. Cras eu massa nulla. Morbi porta fermentum elit eu iaculis. Pellentesque hendrerit venenatis purus at feugiat. Pellentesque vitae feugiat purus. Donec mattis rhoncus lacinia. Sed quam diam, molestie id laoreet eu, lacinia ac turpis. Cras tincidunt lobortis elit quis aliquam. Proin et massa libero.

Aliquam id pharetra arcu. Vivamus vitae mattis ligula. Sed efficitur urna vitae scelerisque tempor. Proin purus magna, vulputate eu ligula a, vehicula malesuada enim. Curabitur aliquet rutrum enim et tincidunt. Vestibulum ante ipsum primis in faucibus orci luctus et ultrices posuere cubilia curae; Vivamus pharetra enim leo, nec molestie nibh consectetur quis. Class aptent taciti sociosqu ad litora torquent per conubia nostra, per inceptos himenaeos. Nunc quis maximus elit, vitae pulvinar urna. Integer at mi elit. Phasellus vitae rutrum sem. Vivamus et mauris ac nisl congue congue eu eget elit. Nullam at quam velit. Pellentesque dictum, diam nec tempor aliquet, tortor justo fermentum sapien, at condimentum turpis elit vel sapien. Aenean rutrum tellus sodales tortor viverra eleifend.

Donec facilisis, diam efficitur maximus ultrices, enim lectus rutrum elit, eget malesuada mi justo dapibus enim. Maecenas finibus euismod nulla quis dignissim. Sed dictum ante rutrum turpis euismod laoreet. Sed placerat tellus leo. In ut lobortis lorem. Nullam vitae lectus egestas urna tincidunt aliquet. Ut sagittis vel enim eget malesuada. Cras in congue tortor. Interdum et malesuada fames ac ante ipsum primis in faucibus. Nunc tempus consequat neque, et eleifend nulla aliquam eu.",Author 50,6,vi-tong-thong-gay-tranh-cai-lich-su-hoa-ky-donald-trump-khong-bao-gio-bo-cuoc,NXB 50,2000,109
https://cdn1.fahasa.com/media/catalog/product/8/9/8935251419948.jpg,Dầu Và Máu - Bìa Cứng,211500,47,9780085480948,"Lorem ipsum dolor sit amet, consectetur adipiscing elit. Nam congue vel tellus non luctus. Vestibulum vitae nunc lorem. Sed lacinia lectus vel augue imperdiet ultricies. Donec id venenatis ex, vitae pretium ligula. Sed nulla eros, dignissim at feugiat non, posuere sit amet urna. Ut eu porttitor tellus. Cras eu massa nulla. Morbi porta fermentum elit eu iaculis. Pellentesque hendrerit venenatis purus at feugiat. Pellentesque vitae feugiat purus. Donec mattis rhoncus lacinia. Sed quam diam, molestie id laoreet eu, lacinia ac turpis. Cras tincidunt lobortis elit quis aliquam. Proin et massa libero.

Aliquam id pharetra arcu. Vivamus vitae mattis ligula. Sed efficitur urna vitae scelerisque tempor. Proin purus magna, vulputate eu ligula a, vehicula malesuada enim. Curabitur aliquet rutrum enim et tincidunt. Vestibulum ante ipsum primis in faucibus orci luctus et ultrices posuere cubilia curae; Vivamus pharetra enim leo, nec molestie nibh consectetur quis. Class aptent taciti sociosqu ad litora torquent per conubia nostra, per inceptos himenaeos. Nunc quis maximus elit, vitae pulvinar urna. Integer at mi elit. Phasellus vitae rutrum sem. Vivamus et mauris ac nisl congue congue eu eget elit. Nullam at quam velit. Pellentesque dictum, diam nec tempor aliquet, tortor justo fermentum sapien, at condimentum turpis elit vel sapien. Aenean rutrum tellus sodales tortor viverra eleifend.

Donec facilisis, diam efficitur maximus ultrices, enim lectus rutrum elit, eget malesuada mi justo dapibus enim. Maecenas finibus euismod nulla quis dignissim. Sed dictum ante rutrum turpis euismod laoreet. Sed placerat tellus leo. In ut lobortis lorem. Nullam vitae lectus egestas urna tincidunt aliquet. Ut sagittis vel enim eget malesuada. Cras in congue tortor. Interdum et malesuada fames ac ante ipsum primis in faucibus. Nunc tempus consequat neque, et eleifend nulla aliquam eu.",Author 51,4,dau-va-mau-bia-cung,NXB 51,2014,70
https://cdn1.fahasa.com/media/catalog/product/8/9/8934974138266.jpg,Bác Hồ Với Các Kỳ Đại Hội Đảng,45000,47,9780085480949,"Lorem ipsum dolor sit amet, consectetur adipiscing elit. Nam congue vel tellus non luctus. Vestibulum vitae nunc lorem. Sed lacinia lectus vel augue imperdiet ultricies. Donec id venenatis ex, vitae pretium ligula. Sed nulla eros, dignissim at feugiat non, posuere sit amet urna. Ut eu porttitor tellus. Cras eu massa nulla. Morbi porta fermentum elit eu iaculis. Pellentesque hendrerit venenatis purus at feugiat. Pellentesque vitae feugiat purus. Donec mattis rhoncus lacinia. Sed quam diam, molestie id laoreet eu, lacinia ac turpis. Cras tincidunt lobortis elit quis aliquam. Proin et massa libero.

Aliquam id pharetra arcu. Vivamus vitae mattis ligula. Sed efficitur urna vitae scelerisque tempor. Proin purus magna, vulputate eu ligula a, vehicula malesuada enim. Curabitur aliquet rutrum enim et tincidunt. Vestibulum ante ipsum primis in faucibus orci luctus et ultrices posuere cubilia curae; Vivamus pharetra enim leo, nec molestie nibh consectetur quis. Class aptent taciti sociosqu ad litora torquent per conubia nostra, per inceptos himenaeos. Nunc quis maximus elit, vitae pulvinar urna. Integer at mi elit. Phasellus vitae rutrum sem. Vivamus et mauris ac nisl congue congue eu eget elit. Nullam at quam velit. Pellentesque dictum, diam nec tempor aliquet, tortor justo fermentum sapien, at condimentum turpis elit vel sapien. Aenean rutrum tellus sodales tortor viverra eleifend.

Donec facilisis, diam efficitur maximus ultrices, enim lectus rutrum elit, eget malesuada mi justo dapibus enim. Maecenas finibus euismod nulla quis dignissim. Sed dictum ante rutrum turpis euismod laoreet. Sed placerat tellus leo. In ut lobortis lorem. Nullam vitae lectus egestas urna tincidunt aliquet. Ut sagittis vel enim eget malesuada. Cras in congue tortor. Interdum et malesuada fames ac ante ipsum primis in faucibus. Nunc tempus consequat neque, et eleifend nulla aliquam eu.",Author 52,8,bac-ho-voi-cac-ky-ai-hoi-ang,NXB 52,2023,129
https://cdn1.fahasa.com/media/catalog/product/u/n/untitled-1_86.jpg,Thoại Ngọc Hầu Qua Những Tài Liệu Mới (Tái Bản 2018),131500,47,9780085480950,"Lorem ipsum dolor sit amet, consectetur adipiscing elit. Nam congue vel tellus non luctus. Vestibulum vitae nunc lorem. Sed lacinia lectus vel augue imperdiet ultricies. Donec id venenatis ex, vitae pretium ligula. Sed nulla eros, dignissim at feugiat non, posuere sit amet urna. Ut eu porttitor tellus. Cras eu massa nulla. Morbi porta fermentum elit eu iaculis. Pellentesque hendrerit venenatis purus at feugiat. Pellentesque vitae feugiat purus. Donec mattis rhoncus lacinia. Sed quam diam, molestie id laoreet eu, lacinia ac turpis. Cras tincidunt lobortis elit quis aliquam. Proin et massa libero.

Aliquam id pharetra arcu. Vivamus vitae mattis ligula. Sed efficitur urna vitae scelerisque tempor. Proin purus magna, vulputate eu ligula a, vehicula malesuada enim. Curabitur aliquet rutrum enim et tincidunt. Vestibulum ante ipsum primis in faucibus orci luctus et ultrices posuere cubilia curae; Vivamus pharetra enim leo, nec molestie nibh consectetur quis. Class aptent taciti sociosqu ad litora torquent per conubia nostra, per inceptos himenaeos. Nunc quis maximus elit, vitae pulvinar urna. Integer at mi elit. Phasellus vitae rutrum sem. Vivamus et mauris ac nisl congue congue eu eget elit. Nullam at quam velit. Pellentesque dictum, diam nec tempor aliquet, tortor justo fermentum sapien, at condimentum turpis elit vel sapien. Aenean rutrum tellus sodales tortor viverra eleifend.

Donec facilisis, diam efficitur maximus ultrices, enim lectus rutrum elit, eget malesuada mi justo dapibus enim. Maecenas finibus euismod nulla quis dignissim. Sed dictum ante rutrum turpis euismod laoreet. Sed placerat tellus leo. In ut lobortis lorem. Nullam vitae lectus egestas urna tincidunt aliquet. Ut sagittis vel enim eget malesuada. Cras in congue tortor. Interdum et malesuada fames ac ante ipsum primis in faucibus. Nunc tempus consequat neque, et eleifend nulla aliquam eu.",Author 53,9,thoai-ngoc-hau-qua-nhung-tai-lieu-moi-tai-ban-2018,NXB 53,2010,103
https://cdn1.fahasa.com/media/catalog/product/i/m/image_195509_1_27543.jpg,Bắc Hành Lược Ký,106000,47,9780085480951,"Lorem ipsum dolor sit amet, consectetur adipiscing elit. Nam congue vel tellus non luctus. Vestibulum vitae nunc lorem. Sed lacinia lectus vel augue imperdiet ultricies. Donec id venenatis ex, vitae pretium ligula. Sed nulla eros, dignissim at feugiat non, posuere sit amet urna. Ut eu porttitor tellus. Cras eu massa nulla. Morbi porta fermentum elit eu iaculis. Pellentesque hendrerit venenatis purus at feugiat. Pellentesque vitae feugiat purus. Donec mattis rhoncus lacinia. Sed quam diam, molestie id laoreet eu, lacinia ac turpis. Cras tincidunt lobortis elit quis aliquam. Proin et massa libero.

Aliquam id pharetra arcu. Vivamus vitae mattis ligula. Sed efficitur urna vitae scelerisque tempor. Proin purus magna, vulputate eu ligula a, vehicula malesuada enim. Curabitur aliquet rutrum enim et tincidunt. Vestibulum ante ipsum primis in faucibus orci luctus et ultrices posuere cubilia curae; Vivamus pharetra enim leo, nec molestie nibh consectetur quis. Class aptent taciti sociosqu ad litora torquent per conubia nostra, per inceptos himenaeos. Nunc quis maximus elit, vitae pulvinar urna. Integer at mi elit. Phasellus vitae rutrum sem. Vivamus et mauris ac nisl congue congue eu eget elit. Nullam at quam velit. Pellentesque dictum, diam nec tempor aliquet, tortor justo fermentum sapien, at condimentum turpis elit vel sapien. Aenean rutrum tellus sodales tortor viverra eleifend.

Donec facilisis, diam efficitur maximus ultrices, enim lectus rutrum elit, eget malesuada mi justo dapibus enim. Maecenas finibus euismod nulla quis dignissim. Sed dictum ante rutrum turpis euismod laoreet. Sed placerat tellus leo. In ut lobortis lorem. Nullam vitae lectus egestas urna tincidunt aliquet. Ut sagittis vel enim eget malesuada. Cras in congue tortor. Interdum et malesuada fames ac ante ipsum primis in faucibus. Nunc tempus consequat neque, et eleifend nulla aliquam eu.",Author 54,8,bac-hanh-luoc-ky,NXB 54,2016,118
https://cdn1.fahasa.com/media/catalog/product/4/5/45-doi-tong-thong-01.jpg,45 Đời Tổng Thống Hoa Kỳ,509000,47,9780085480952,"Lorem ipsum dolor sit amet, consectetur adipiscing elit. Nam congue vel tellus non luctus. Vestibulum vitae nunc lorem. Sed lacinia lectus vel augue imperdiet ultricies. Donec id venenatis ex, vitae pretium ligula. Sed nulla eros, dignissim at feugiat non, posuere sit amet urna. Ut eu porttitor tellus. Cras eu massa nulla. Morbi porta fermentum elit eu iaculis. Pellentesque hendrerit venenatis purus at feugiat. Pellentesque vitae feugiat purus. Donec mattis rhoncus lacinia. Sed quam diam, molestie id laoreet eu, lacinia ac turpis. Cras tincidunt lobortis elit quis aliquam. Proin et massa libero.

Aliquam id pharetra arcu. Vivamus vitae mattis ligula. Sed efficitur urna vitae scelerisque tempor. Proin purus magna, vulputate eu ligula a, vehicula malesuada enim. Curabitur aliquet rutrum enim et tincidunt. Vestibulum ante ipsum primis in faucibus orci luctus et ultrices posuere cubilia curae; Vivamus pharetra enim leo, nec molestie nibh consectetur quis. Class aptent taciti sociosqu ad litora torquent per conubia nostra, per inceptos himenaeos. Nunc quis maximus elit, vitae pulvinar urna. Integer at mi elit. Phasellus vitae rutrum sem. Vivamus et mauris ac nisl congue congue eu eget elit. Nullam at quam velit. Pellentesque dictum, diam nec tempor aliquet, tortor justo fermentum sapien, at condimentum turpis elit vel sapien. Aenean rutrum tellus sodales tortor viverra eleifend.

Donec facilisis, diam efficitur maximus ultrices, enim lectus rutrum elit, eget malesuada mi justo dapibus enim. Maecenas finibus euismod nulla quis dignissim. Sed dictum ante rutrum turpis euismod laoreet. Sed placerat tellus leo. In ut lobortis lorem. Nullam vitae lectus egestas urna tincidunt aliquet. Ut sagittis vel enim eget malesuada. Cras in congue tortor. Interdum et malesuada fames ac ante ipsum primis in faucibus. Nunc tempus consequat neque, et eleifend nulla aliquam eu.",Author 55,17,45-oi-tong-thong-hoa-ky,NXB 55,2000,53
https://cdn1.fahasa.com/media/catalog/product/i/m/image_216008.jpg,Putin - Logic Của Quyền Lực - Putin: Innenansichten Der Macht,122640,47,9780085480953,"Lorem ipsum dolor sit amet, consectetur adipiscing elit. Nam congue vel tellus non luctus. Vestibulum vitae nunc lorem. Sed lacinia lectus vel augue imperdiet ultricies. Donec id venenatis ex, vitae pretium ligula. Sed nulla eros, dignissim at feugiat non, posuere sit amet urna. Ut eu porttitor tellus. Cras eu massa nulla. Morbi porta fermentum elit eu iaculis. Pellentesque hendrerit venenatis purus at feugiat. Pellentesque vitae feugiat purus. Donec mattis rhoncus lacinia. Sed quam diam, molestie id laoreet eu, lacinia ac turpis. Cras tincidunt lobortis elit quis aliquam. Proin et massa libero.

Aliquam id pharetra arcu. Vivamus vitae mattis ligula. Sed efficitur urna vitae scelerisque tempor. Proin purus magna, vulputate eu ligula a, vehicula malesuada enim. Curabitur aliquet rutrum enim et tincidunt. Vestibulum ante ipsum primis in faucibus orci luctus et ultrices posuere cubilia curae; Vivamus pharetra enim leo, nec molestie nibh consectetur quis. Class aptent taciti sociosqu ad litora torquent per conubia nostra, per inceptos himenaeos. Nunc quis maximus elit, vitae pulvinar urna. Integer at mi elit. Phasellus vitae rutrum sem. Vivamus et mauris ac nisl congue congue eu eget elit. Nullam at quam velit. Pellentesque dictum, diam nec tempor aliquet, tortor justo fermentum sapien, at condimentum turpis elit vel sapien. Aenean rutrum tellus sodales tortor viverra eleifend.

Donec facilisis, diam efficitur maximus ultrices, enim lectus rutrum elit, eget malesuada mi justo dapibus enim. Maecenas finibus euismod nulla quis dignissim. Sed dictum ante rutrum turpis euismod laoreet. Sed placerat tellus leo. In ut lobortis lorem. Nullam vitae lectus egestas urna tincidunt aliquet. Ut sagittis vel enim eget malesuada. Cras in congue tortor. Interdum et malesuada fames ac ante ipsum primis in faucibus. Nunc tempus consequat neque, et eleifend nulla aliquam eu.",Author 56,5,putin-logic-cua-quyen-luc-putin-innenansichten-der-macht,NXB 56,2018,129
https://cdn1.fahasa.com/media/catalog/product/i/m/image_195509_1_35053_1.jpg,Hồi Ký Lý Quang Diệu,211500,47,9780085480954,"Lorem ipsum dolor sit amet, consectetur adipiscing elit. Nam congue vel tellus non luctus. Vestibulum vitae nunc lorem. Sed lacinia lectus vel augue imperdiet ultricies. Donec id venenatis ex, vitae pretium ligula. Sed nulla eros, dignissim at feugiat non, posuere sit amet urna. Ut eu porttitor tellus. Cras eu massa nulla. Morbi porta fermentum elit eu iaculis. Pellentesque hendrerit venenatis purus at feugiat. Pellentesque vitae feugiat purus. Donec mattis rhoncus lacinia. Sed quam diam, molestie id laoreet eu, lacinia ac turpis. Cras tincidunt lobortis elit quis aliquam. Proin et massa libero.

Aliquam id pharetra arcu. Vivamus vitae mattis ligula. Sed efficitur urna vitae scelerisque tempor. Proin purus magna, vulputate eu ligula a, vehicula malesuada enim. Curabitur aliquet rutrum enim et tincidunt. Vestibulum ante ipsum primis in faucibus orci luctus et ultrices posuere cubilia curae; Vivamus pharetra enim leo, nec molestie nibh consectetur quis. Class aptent taciti sociosqu ad litora torquent per conubia nostra, per inceptos himenaeos. Nunc quis maximus elit, vitae pulvinar urna. Integer at mi elit. Phasellus vitae rutrum sem. Vivamus et mauris ac nisl congue congue eu eget elit. Nullam at quam velit. Pellentesque dictum, diam nec tempor aliquet, tortor justo fermentum sapien, at condimentum turpis elit vel sapien. Aenean rutrum tellus sodales tortor viverra eleifend.

Donec facilisis, diam efficitur maximus ultrices, enim lectus rutrum elit, eget malesuada mi justo dapibus enim. Maecenas finibus euismod nulla quis dignissim. Sed dictum ante rutrum turpis euismod laoreet. Sed placerat tellus leo. In ut lobortis lorem. Nullam vitae lectus egestas urna tincidunt aliquet. Ut sagittis vel enim eget malesuada. Cras in congue tortor. Interdum et malesuada fames ac ante ipsum primis in faucibus. Nunc tempus consequat neque, et eleifend nulla aliquam eu.",Author 57,18,hoi-ky-ly-quang-dieu,NXB 57,2002,109
https://cdn1.fahasa.com/media/catalog/product/i/m/image_195509_1_35053_1.jpg,Hồi Ký Lý Quang Diệu - Tập 2: Từ Thế Giới Thứ Ba Vươn Lên Thứ Nhất (Tái Bản 2023),390000,47,9780085480955,"Lorem ipsum dolor sit amet, consectetur adipiscing elit. Nam congue vel tellus non luctus. Vestibulum vitae nunc lorem. Sed lacinia lectus vel augue imperdiet ultricies. Donec id venenatis ex, vitae pretium ligula. Sed nulla eros, dignissim at feugiat non, posuere sit amet urna. Ut eu porttitor tellus. Cras eu massa nulla. Morbi porta fermentum elit eu iaculis. Pellentesque hendrerit venenatis purus at feugiat. Pellentesque vitae feugiat purus. Donec mattis rhoncus lacinia. Sed quam diam, molestie id laoreet eu, lacinia ac turpis. Cras tincidunt lobortis elit quis aliquam. Proin et massa libero.

Aliquam id pharetra arcu. Vivamus vitae mattis ligula. Sed efficitur urna vitae scelerisque tempor. Proin purus magna, vulputate eu ligula a, vehicula malesuada enim. Curabitur aliquet rutrum enim et tincidunt. Vestibulum ante ipsum primis in faucibus orci luctus et ultrices posuere cubilia curae; Vivamus pharetra enim leo, nec molestie nibh consectetur quis. Class aptent taciti sociosqu ad litora torquent per conubia nostra, per inceptos himenaeos. Nunc quis maximus elit, vitae pulvinar urna. Integer at mi elit. Phasellus vitae rutrum sem. Vivamus et mauris ac nisl congue congue eu eget elit. Nullam at quam velit. Pellentesque dictum, diam nec tempor aliquet, tortor justo fermentum sapien, at condimentum turpis elit vel sapien. Aenean rutrum tellus sodales tortor viverra eleifend.

Donec facilisis, diam efficitur maximus ultrices, enim lectus rutrum elit, eget malesuada mi justo dapibus enim. Maecenas finibus euismod nulla quis dignissim. Sed dictum ante rutrum turpis euismod laoreet. Sed placerat tellus leo. In ut lobortis lorem. Nullam vitae lectus egestas urna tincidunt aliquet. Ut sagittis vel enim eget malesuada. Cras in congue tortor. Interdum et malesuada fames ac ante ipsum primis in faucibus. Nunc tempus consequat neque, et eleifend nulla aliquam eu.",Author 58,19,hoi-ky-ly-quang-dieu-tap-2-tu-the-gioi-thu-ba-vuon-len-thu-nhat-tai-ban-2023,NXB 58,2015,105
https://cdn1.fahasa.com/media/catalog/product/d/a/da-den-luc-phai-cung-ran.u547.d20161215.t090546.604305.jpg,Donald J.Trump - Đã Đến Lúc Phải Cứng Rắn Để Khôi Phục Sự Vĩ Đại Của Nước Mỹ (Tái Bản 2024),109500,47,9780085480956,"Lorem ipsum dolor sit amet, consectetur adipiscing elit. Nam congue vel tellus non luctus. Vestibulum vitae nunc lorem. Sed lacinia lectus vel augue imperdiet ultricies. Donec id venenatis ex, vitae pretium ligula. Sed nulla eros, dignissim at feugiat non, posuere sit amet urna. Ut eu porttitor tellus. Cras eu massa nulla. Morbi porta fermentum elit eu iaculis. Pellentesque hendrerit venenatis purus at feugiat. Pellentesque vitae feugiat purus. Donec mattis rhoncus lacinia. Sed quam diam, molestie id laoreet eu, lacinia ac turpis. Cras tincidunt lobortis elit quis aliquam. Proin et massa libero.

Aliquam id pharetra arcu. Vivamus vitae mattis ligula. Sed efficitur urna vitae scelerisque tempor. Proin purus magna, vulputate eu ligula a, vehicula malesuada enim. Curabitur aliquet rutrum enim et tincidunt. Vestibulum ante ipsum primis in faucibus orci luctus et ultrices posuere cubilia curae; Vivamus pharetra enim leo, nec molestie nibh consectetur quis. Class aptent taciti sociosqu ad litora torquent per conubia nostra, per inceptos himenaeos. Nunc quis maximus elit, vitae pulvinar urna. Integer at mi elit. Phasellus vitae rutrum sem. Vivamus et mauris ac nisl congue congue eu eget elit. Nullam at quam velit. Pellentesque dictum, diam nec tempor aliquet, tortor justo fermentum sapien, at condimentum turpis elit vel sapien. Aenean rutrum tellus sodales tortor viverra eleifend.

Donec facilisis, diam efficitur maximus ultrices, enim lectus rutrum elit, eget malesuada mi justo dapibus enim. Maecenas finibus euismod nulla quis dignissim. Sed dictum ante rutrum turpis euismod laoreet. Sed placerat tellus leo. In ut lobortis lorem. Nullam vitae lectus egestas urna tincidunt aliquet. Ut sagittis vel enim eget malesuada. Cras in congue tortor. Interdum et malesuada fames ac ante ipsum primis in faucibus. Nunc tempus consequat neque, et eleifend nulla aliquam eu.",Author 59,17,donald-j-trump-a-en-luc-phai-cung-ran-e-khoi-phuc-su-vi-ai-cua-nuoc-my-tai-ban-2024,NXB 59,2020,115
https://cdn1.fahasa.com/media/catalog/product/c/a/cachmang.jpg,Cách Mạng,93440,47,9780085480957,"Lorem ipsum dolor sit amet, consectetur adipiscing elit. Nam congue vel tellus non luctus. Vestibulum vitae nunc lorem. Sed lacinia lectus vel augue imperdiet ultricies. Donec id venenatis ex, vitae pretium ligula. Sed nulla eros, dignissim at feugiat non, posuere sit amet urna. Ut eu porttitor tellus. Cras eu massa nulla. Morbi porta fermentum elit eu iaculis. Pellentesque hendrerit venenatis purus at feugiat. Pellentesque vitae feugiat purus. Donec mattis rhoncus lacinia. Sed quam diam, molestie id laoreet eu, lacinia ac turpis. Cras tincidunt lobortis elit quis aliquam. Proin et massa libero.

Aliquam id pharetra arcu. Vivamus vitae mattis ligula. Sed efficitur urna vitae scelerisque tempor. Proin purus magna, vulputate eu ligula a, vehicula malesuada enim. Curabitur aliquet rutrum enim et tincidunt. Vestibulum ante ipsum primis in faucibus orci luctus et ultrices posuere cubilia curae; Vivamus pharetra enim leo, nec molestie nibh consectetur quis. Class aptent taciti sociosqu ad litora torquent per conubia nostra, per inceptos himenaeos. Nunc quis maximus elit, vitae pulvinar urna. Integer at mi elit. Phasellus vitae rutrum sem. Vivamus et mauris ac nisl congue congue eu eget elit. Nullam at quam velit. Pellentesque dictum, diam nec tempor aliquet, tortor justo fermentum sapien, at condimentum turpis elit vel sapien. Aenean rutrum tellus sodales tortor viverra eleifend.

Donec facilisis, diam efficitur maximus ultrices, enim lectus rutrum elit, eget malesuada mi justo dapibus enim. Maecenas finibus euismod nulla quis dignissim. Sed dictum ante rutrum turpis euismod laoreet. Sed placerat tellus leo. In ut lobortis lorem. Nullam vitae lectus egestas urna tincidunt aliquet. Ut sagittis vel enim eget malesuada. Cras in congue tortor. Interdum et malesuada fames ac ante ipsum primis in faucibus. Nunc tempus consequat neque, et eleifend nulla aliquam eu.",Author 60,9,cach-mang,NXB 60,2023,109
https://cdn1.fahasa.com/media/catalog/product/i/m/image_176921.jpg,Tự Truyện Benjamin Franklin (Tái Bản 2018),92500,47,9780085480958,"Lorem ipsum dolor sit amet, consectetur adipiscing elit. Nam congue vel tellus non luctus. Vestibulum vitae nunc lorem. Sed lacinia lectus vel augue imperdiet ultricies. Donec id venenatis ex, vitae pretium ligula. Sed nulla eros, dignissim at feugiat non, posuere sit amet urna. Ut eu porttitor tellus. Cras eu massa nulla. Morbi porta fermentum elit eu iaculis. Pellentesque hendrerit venenatis purus at feugiat. Pellentesque vitae feugiat purus. Donec mattis rhoncus lacinia. Sed quam diam, molestie id laoreet eu, lacinia ac turpis. Cras tincidunt lobortis elit quis aliquam. Proin et massa libero.

Aliquam id pharetra arcu. Vivamus vitae mattis ligula. Sed efficitur urna vitae scelerisque tempor. Proin purus magna, vulputate eu ligula a, vehicula malesuada enim. Curabitur aliquet rutrum enim et tincidunt. Vestibulum ante ipsum primis in faucibus orci luctus et ultrices posuere cubilia curae; Vivamus pharetra enim leo, nec molestie nibh consectetur quis. Class aptent taciti sociosqu ad litora torquent per conubia nostra, per inceptos himenaeos. Nunc quis maximus elit, vitae pulvinar urna. Integer at mi elit. Phasellus vitae rutrum sem. Vivamus et mauris ac nisl congue congue eu eget elit. Nullam at quam velit. Pellentesque dictum, diam nec tempor aliquet, tortor justo fermentum sapien, at condimentum turpis elit vel sapien. Aenean rutrum tellus sodales tortor viverra eleifend.

Donec facilisis, diam efficitur maximus ultrices, enim lectus rutrum elit, eget malesuada mi justo dapibus enim. Maecenas finibus euismod nulla quis dignissim. Sed dictum ante rutrum turpis euismod laoreet. Sed placerat tellus leo. In ut lobortis lorem. Nullam vitae lectus egestas urna tincidunt aliquet. Ut sagittis vel enim eget malesuada. Cras in congue tortor. Interdum et malesuada fames ac ante ipsum primis in faucibus. Nunc tempus consequat neque, et eleifend nulla aliquam eu.",Author 61,18,tu-truyen-benjamin-franklin-tai-ban-2018,NXB 61,2015,88
https://cdn1.fahasa.com/media/catalog/product/i/m/image_195509_1_40510.jpg,Hơn Cả Tin Tức - Tương Lai Của Báo Chí (Tái Bản 2020),119000,47,9780085480959,"Lorem ipsum dolor sit amet, consectetur adipiscing elit. Nam congue vel tellus non luctus. Vestibulum vitae nunc lorem. Sed lacinia lectus vel augue imperdiet ultricies. Donec id venenatis ex, vitae pretium ligula. Sed nulla eros, dignissim at feugiat non, posuere sit amet urna. Ut eu porttitor tellus. Cras eu massa nulla. Morbi porta fermentum elit eu iaculis. Pellentesque hendrerit venenatis purus at feugiat. Pellentesque vitae feugiat purus. Donec mattis rhoncus lacinia. Sed quam diam, molestie id laoreet eu, lacinia ac turpis. Cras tincidunt lobortis elit quis aliquam. Proin et massa libero.

Aliquam id pharetra arcu. Vivamus vitae mattis ligula. Sed efficitur urna vitae scelerisque tempor. Proin purus magna, vulputate eu ligula a, vehicula malesuada enim. Curabitur aliquet rutrum enim et tincidunt. Vestibulum ante ipsum primis in faucibus orci luctus et ultrices posuere cubilia curae; Vivamus pharetra enim leo, nec molestie nibh consectetur quis. Class aptent taciti sociosqu ad litora torquent per conubia nostra, per inceptos himenaeos. Nunc quis maximus elit, vitae pulvinar urna. Integer at mi elit. Phasellus vitae rutrum sem. Vivamus et mauris ac nisl congue congue eu eget elit. Nullam at quam velit. Pellentesque dictum, diam nec tempor aliquet, tortor justo fermentum sapien, at condimentum turpis elit vel sapien. Aenean rutrum tellus sodales tortor viverra eleifend.

Donec facilisis, diam efficitur maximus ultrices, enim lectus rutrum elit, eget malesuada mi justo dapibus enim. Maecenas finibus euismod nulla quis dignissim. Sed dictum ante rutrum turpis euismod laoreet. Sed placerat tellus leo. In ut lobortis lorem. Nullam vitae lectus egestas urna tincidunt aliquet. Ut sagittis vel enim eget malesuada. Cras in congue tortor. Interdum et malesuada fames ac ante ipsum primis in faucibus. Nunc tempus consequat neque, et eleifend nulla aliquam eu.",Author 62,15,hon-ca-tin-tuc-tuong-lai-cua-bao-chi-tai-ban-2020,NXB 62,2005,147
https://cdn1.fahasa.com/media/catalog/product/i/m/image_195509_1_47017.jpg,Những Nhân Chứng Cuối Cùng,136000,47,9780085480960,"Lorem ipsum dolor sit amet, consectetur adipiscing elit. Nam congue vel tellus non luctus. Vestibulum vitae nunc lorem. Sed lacinia lectus vel augue imperdiet ultricies. Donec id venenatis ex, vitae pretium ligula. Sed nulla eros, dignissim at feugiat non, posuere sit amet urna. Ut eu porttitor tellus. Cras eu massa nulla. Morbi porta fermentum elit eu iaculis. Pellentesque hendrerit venenatis purus at feugiat. Pellentesque vitae feugiat purus. Donec mattis rhoncus lacinia. Sed quam diam, molestie id laoreet eu, lacinia ac turpis. Cras tincidunt lobortis elit quis aliquam. Proin et massa libero.

Aliquam id pharetra arcu. Vivamus vitae mattis ligula. Sed efficitur urna vitae scelerisque tempor. Proin purus magna, vulputate eu ligula a, vehicula malesuada enim. Curabitur aliquet rutrum enim et tincidunt. Vestibulum ante ipsum primis in faucibus orci luctus et ultrices posuere cubilia curae; Vivamus pharetra enim leo, nec molestie nibh consectetur quis. Class aptent taciti sociosqu ad litora torquent per conubia nostra, per inceptos himenaeos. Nunc quis maximus elit, vitae pulvinar urna. Integer at mi elit. Phasellus vitae rutrum sem. Vivamus et mauris ac nisl congue congue eu eget elit. Nullam at quam velit. Pellentesque dictum, diam nec tempor aliquet, tortor justo fermentum sapien, at condimentum turpis elit vel sapien. Aenean rutrum tellus sodales tortor viverra eleifend.

Donec facilisis, diam efficitur maximus ultrices, enim lectus rutrum elit, eget malesuada mi justo dapibus enim. Maecenas finibus euismod nulla quis dignissim. Sed dictum ante rutrum turpis euismod laoreet. Sed placerat tellus leo. In ut lobortis lorem. Nullam vitae lectus egestas urna tincidunt aliquet. Ut sagittis vel enim eget malesuada. Cras in congue tortor. Interdum et malesuada fames ac ante ipsum primis in faucibus. Nunc tempus consequat neque, et eleifend nulla aliquam eu.",Author 63,11,nhung-nhan-chung-cuoi-cung,NXB 63,2015,114
https://cdn1.fahasa.com/media/catalog/product/i/m/image_195509_1_56100.jpg,Nước Mỹ Trong Mắt Trump - The United States Of Trump : How The President Really Sees America,168000,47,9780085480961,"Lorem ipsum dolor sit amet, consectetur adipiscing elit. Nam congue vel tellus non luctus. Vestibulum vitae nunc lorem. Sed lacinia lectus vel augue imperdiet ultricies. Donec id venenatis ex, vitae pretium ligula. Sed nulla eros, dignissim at feugiat non, posuere sit amet urna. Ut eu porttitor tellus. Cras eu massa nulla. Morbi porta fermentum elit eu iaculis. Pellentesque hendrerit venenatis purus at feugiat. Pellentesque vitae feugiat purus. Donec mattis rhoncus lacinia. Sed quam diam, molestie id laoreet eu, lacinia ac turpis. Cras tincidunt lobortis elit quis aliquam. Proin et massa libero.

Aliquam id pharetra arcu. Vivamus vitae mattis ligula. Sed efficitur urna vitae scelerisque tempor. Proin purus magna, vulputate eu ligula a, vehicula malesuada enim. Curabitur aliquet rutrum enim et tincidunt. Vestibulum ante ipsum primis in faucibus orci luctus et ultrices posuere cubilia curae; Vivamus pharetra enim leo, nec molestie nibh consectetur quis. Class aptent taciti sociosqu ad litora torquent per conubia nostra, per inceptos himenaeos. Nunc quis maximus elit, vitae pulvinar urna. Integer at mi elit. Phasellus vitae rutrum sem. Vivamus et mauris ac nisl congue congue eu eget elit. Nullam at quam velit. Pellentesque dictum, diam nec tempor aliquet, tortor justo fermentum sapien, at condimentum turpis elit vel sapien. Aenean rutrum tellus sodales tortor viverra eleifend.

Donec facilisis, diam efficitur maximus ultrices, enim lectus rutrum elit, eget malesuada mi justo dapibus enim. Maecenas finibus euismod nulla quis dignissim. Sed dictum ante rutrum turpis euismod laoreet. Sed placerat tellus leo. In ut lobortis lorem. Nullam vitae lectus egestas urna tincidunt aliquet. Ut sagittis vel enim eget malesuada. Cras in congue tortor. Interdum et malesuada fames ac ante ipsum primis in faucibus. Nunc tempus consequat neque, et eleifend nulla aliquam eu.",Author 64,10,nuoc-my-trong-mat-trump-the-united-states-of-trump-how-the-president-really-sees-america,NXB 64,2013,79
https://cdn1.fahasa.com/media/catalog/product/b/i/bia-1---cac-doi-tong-thong-hoa-ky.jpg,Bách Khoa Thư Hình Ảnh: Các Đời Tổng Thống Hoa Kỳ,272000,47,9780085480962,"Lorem ipsum dolor sit amet, consectetur adipiscing elit. Nam congue vel tellus non luctus. Vestibulum vitae nunc lorem. Sed lacinia lectus vel augue imperdiet ultricies. Donec id venenatis ex, vitae pretium ligula. Sed nulla eros, dignissim at feugiat non, posuere sit amet urna. Ut eu porttitor tellus. Cras eu massa nulla. Morbi porta fermentum elit eu iaculis. Pellentesque hendrerit venenatis purus at feugiat. Pellentesque vitae feugiat purus. Donec mattis rhoncus lacinia. Sed quam diam, molestie id laoreet eu, lacinia ac turpis. Cras tincidunt lobortis elit quis aliquam. Proin et massa libero.

Aliquam id pharetra arcu. Vivamus vitae mattis ligula. Sed efficitur urna vitae scelerisque tempor. Proin purus magna, vulputate eu ligula a, vehicula malesuada enim. Curabitur aliquet rutrum enim et tincidunt. Vestibulum ante ipsum primis in faucibus orci luctus et ultrices posuere cubilia curae; Vivamus pharetra enim leo, nec molestie nibh consectetur quis. Class aptent taciti sociosqu ad litora torquent per conubia nostra, per inceptos himenaeos. Nunc quis maximus elit, vitae pulvinar urna. Integer at mi elit. Phasellus vitae rutrum sem. Vivamus et mauris ac nisl congue congue eu eget elit. Nullam at quam velit. Pellentesque dictum, diam nec tempor aliquet, tortor justo fermentum sapien, at condimentum turpis elit vel sapien. Aenean rutrum tellus sodales tortor viverra eleifend.

Donec facilisis, diam efficitur maximus ultrices, enim lectus rutrum elit, eget malesuada mi justo dapibus enim. Maecenas finibus euismod nulla quis dignissim. Sed dictum ante rutrum turpis euismod laoreet. Sed placerat tellus leo. In ut lobortis lorem. Nullam vitae lectus egestas urna tincidunt aliquet. Ut sagittis vel enim eget malesuada. Cras in congue tortor. Interdum et malesuada fames ac ante ipsum primis in faucibus. Nunc tempus consequat neque, et eleifend nulla aliquam eu.",Author 65,15,bach-khoa-thu-hinh-anh-cac-oi-tong-thong-hoa-ky,NXB 65,2021,114
https://cdn1.fahasa.com/media/catalog/product/i/m/image_216020.jpg,Gia Tộc Morgan,424000,47,9780085480963,"Lorem ipsum dolor sit amet, consectetur adipiscing elit. Nam congue vel tellus non luctus. Vestibulum vitae nunc lorem. Sed lacinia lectus vel augue imperdiet ultricies. Donec id venenatis ex, vitae pretium ligula. Sed nulla eros, dignissim at feugiat non, posuere sit amet urna. Ut eu porttitor tellus. Cras eu massa nulla. Morbi porta fermentum elit eu iaculis. Pellentesque hendrerit venenatis purus at feugiat. Pellentesque vitae feugiat purus. Donec mattis rhoncus lacinia. Sed quam diam, molestie id laoreet eu, lacinia ac turpis. Cras tincidunt lobortis elit quis aliquam. Proin et massa libero.

Aliquam id pharetra arcu. Vivamus vitae mattis ligula. Sed efficitur urna vitae scelerisque tempor. Proin purus magna, vulputate eu ligula a, vehicula malesuada enim. Curabitur aliquet rutrum enim et tincidunt. Vestibulum ante ipsum primis in faucibus orci luctus et ultrices posuere cubilia curae; Vivamus pharetra enim leo, nec molestie nibh consectetur quis. Class aptent taciti sociosqu ad litora torquent per conubia nostra, per inceptos himenaeos. Nunc quis maximus elit, vitae pulvinar urna. Integer at mi elit. Phasellus vitae rutrum sem. Vivamus et mauris ac nisl congue congue eu eget elit. Nullam at quam velit. Pellentesque dictum, diam nec tempor aliquet, tortor justo fermentum sapien, at condimentum turpis elit vel sapien. Aenean rutrum tellus sodales tortor viverra eleifend.

Donec facilisis, diam efficitur maximus ultrices, enim lectus rutrum elit, eget malesuada mi justo dapibus enim. Maecenas finibus euismod nulla quis dignissim. Sed dictum ante rutrum turpis euismod laoreet. Sed placerat tellus leo. In ut lobortis lorem. Nullam vitae lectus egestas urna tincidunt aliquet. Ut sagittis vel enim eget malesuada. Cras in congue tortor. Interdum et malesuada fames ac ante ipsum primis in faucibus. Nunc tempus consequat neque, et eleifend nulla aliquam eu.",Author 66,17,gia-toc-morgan,NXB 66,2000,76
https://cdn1.fahasa.com/media/catalog/product/t/i/titan_2.jpg,Titan - Gia Tộc Rockefeller (Tái Bản 2020),424000,47,9780085480964,"Lorem ipsum dolor sit amet, consectetur adipiscing elit. Nam congue vel tellus non luctus. Vestibulum vitae nunc lorem. Sed lacinia lectus vel augue imperdiet ultricies. Donec id venenatis ex, vitae pretium ligula. Sed nulla eros, dignissim at feugiat non, posuere sit amet urna. Ut eu porttitor tellus. Cras eu massa nulla. Morbi porta fermentum elit eu iaculis. Pellentesque hendrerit venenatis purus at feugiat. Pellentesque vitae feugiat purus. Donec mattis rhoncus lacinia. Sed quam diam, molestie id laoreet eu, lacinia ac turpis. Cras tincidunt lobortis elit quis aliquam. Proin et massa libero.

Aliquam id pharetra arcu. Vivamus vitae mattis ligula. Sed efficitur urna vitae scelerisque tempor. Proin purus magna, vulputate eu ligula a, vehicula malesuada enim. Curabitur aliquet rutrum enim et tincidunt. Vestibulum ante ipsum primis in faucibus orci luctus et ultrices posuere cubilia curae; Vivamus pharetra enim leo, nec molestie nibh consectetur quis. Class aptent taciti sociosqu ad litora torquent per conubia nostra, per inceptos himenaeos. Nunc quis maximus elit, vitae pulvinar urna. Integer at mi elit. Phasellus vitae rutrum sem. Vivamus et mauris ac nisl congue congue eu eget elit. Nullam at quam velit. Pellentesque dictum, diam nec tempor aliquet, tortor justo fermentum sapien, at condimentum turpis elit vel sapien. Aenean rutrum tellus sodales tortor viverra eleifend.

Donec facilisis, diam efficitur maximus ultrices, enim lectus rutrum elit, eget malesuada mi justo dapibus enim. Maecenas finibus euismod nulla quis dignissim. Sed dictum ante rutrum turpis euismod laoreet. Sed placerat tellus leo. In ut lobortis lorem. Nullam vitae lectus egestas urna tincidunt aliquet. Ut sagittis vel enim eget malesuada. Cras in congue tortor. Interdum et malesuada fames ac ante ipsum primis in faucibus. Nunc tempus consequat neque, et eleifend nulla aliquam eu.",Author 67,17,titan-gia-toc-rockefeller-tai-ban-2020,NXB 67,2000,130
https://cdn1.fahasa.com/media/catalog/product/t/i/titan-morgan_1.jpg,Combo Gia Tộc Morgan + Titan - Gia Tộc Rockefeller (Bộ 2 Cuốn),848000,47,9780085480965,"Lorem ipsum dolor sit amet, consectetur adipiscing elit. Nam congue vel tellus non luctus. Vestibulum vitae nunc lorem. Sed lacinia lectus vel augue imperdiet ultricies. Donec id venenatis ex, vitae pretium ligula. Sed nulla eros, dignissim at feugiat non, posuere sit amet urna. Ut eu porttitor tellus. Cras eu massa nulla. Morbi porta fermentum elit eu iaculis. Pellentesque hendrerit venenatis purus at feugiat. Pellentesque vitae feugiat purus. Donec mattis rhoncus lacinia. Sed quam diam, molestie id laoreet eu, lacinia ac turpis. Cras tincidunt lobortis elit quis aliquam. Proin et massa libero.

Aliquam id pharetra arcu. Vivamus vitae mattis ligula. Sed efficitur urna vitae scelerisque tempor. Proin purus magna, vulputate eu ligula a, vehicula malesuada enim. Curabitur aliquet rutrum enim et tincidunt. Vestibulum ante ipsum primis in faucibus orci luctus et ultrices posuere cubilia curae; Vivamus pharetra enim leo, nec molestie nibh consectetur quis. Class aptent taciti sociosqu ad litora torquent per conubia nostra, per inceptos himenaeos. Nunc quis maximus elit, vitae pulvinar urna. Integer at mi elit. Phasellus vitae rutrum sem. Vivamus et mauris ac nisl congue congue eu eget elit. Nullam at quam velit. Pellentesque dictum, diam nec tempor aliquet, tortor justo fermentum sapien, at condimentum turpis elit vel sapien. Aenean rutrum tellus sodales tortor viverra eleifend.

Donec facilisis, diam efficitur maximus ultrices, enim lectus rutrum elit, eget malesuada mi justo dapibus enim. Maecenas finibus euismod nulla quis dignissim. Sed dictum ante rutrum turpis euismod laoreet. Sed placerat tellus leo. In ut lobortis lorem. Nullam vitae lectus egestas urna tincidunt aliquet. Ut sagittis vel enim eget malesuada. Cras in congue tortor. Interdum et malesuada fames ac ante ipsum primis in faucibus. Nunc tempus consequat neque, et eleifend nulla aliquam eu.",Author 68,9,combo-gia-toc-morgan-titan-gia-toc-rockefeller-bo-2-cuon,NXB 68,2017,81
https://cdn1.fahasa.com/media/catalog/product/i/m/image_226958.jpg,Con Tàu Ma Của Thế Chiến II,114500,47,9780085480966,"Lorem ipsum dolor sit amet, consectetur adipiscing elit. Nam congue vel tellus non luctus. Vestibulum vitae nunc lorem. Sed lacinia lectus vel augue imperdiet ultricies. Donec id venenatis ex, vitae pretium ligula. Sed nulla eros, dignissim at feugiat non, posuere sit amet urna. Ut eu porttitor tellus. Cras eu massa nulla. Morbi porta fermentum elit eu iaculis. Pellentesque hendrerit venenatis purus at feugiat. Pellentesque vitae feugiat purus. Donec mattis rhoncus lacinia. Sed quam diam, molestie id laoreet eu, lacinia ac turpis. Cras tincidunt lobortis elit quis aliquam. Proin et massa libero.

Aliquam id pharetra arcu. Vivamus vitae mattis ligula. Sed efficitur urna vitae scelerisque tempor. Proin purus magna, vulputate eu ligula a, vehicula malesuada enim. Curabitur aliquet rutrum enim et tincidunt. Vestibulum ante ipsum primis in faucibus orci luctus et ultrices posuere cubilia curae; Vivamus pharetra enim leo, nec molestie nibh consectetur quis. Class aptent taciti sociosqu ad litora torquent per conubia nostra, per inceptos himenaeos. Nunc quis maximus elit, vitae pulvinar urna. Integer at mi elit. Phasellus vitae rutrum sem. Vivamus et mauris ac nisl congue congue eu eget elit. Nullam at quam velit. Pellentesque dictum, diam nec tempor aliquet, tortor justo fermentum sapien, at condimentum turpis elit vel sapien. Aenean rutrum tellus sodales tortor viverra eleifend.

Donec facilisis, diam efficitur maximus ultrices, enim lectus rutrum elit, eget malesuada mi justo dapibus enim. Maecenas finibus euismod nulla quis dignissim. Sed dictum ante rutrum turpis euismod laoreet. Sed placerat tellus leo. In ut lobortis lorem. Nullam vitae lectus egestas urna tincidunt aliquet. Ut sagittis vel enim eget malesuada. Cras in congue tortor. Interdum et malesuada fames ac ante ipsum primis in faucibus. Nunc tempus consequat neque, et eleifend nulla aliquam eu.",Author 69,7,con-tau-ma-cua-the-chien-ii,NXB 69,2012,75
https://cdn1.fahasa.com/media/catalog/product/8/9/8936144201527.jpg,Cái Chết Của Nền Dân Chủ: Những Bước Tiến Quyền Lực Của Hitler,208500,47,9780085480967,"Lorem ipsum dolor sit amet, consectetur adipiscing elit. Nam congue vel tellus non luctus. Vestibulum vitae nunc lorem. Sed lacinia lectus vel augue imperdiet ultricies. Donec id venenatis ex, vitae pretium ligula. Sed nulla eros, dignissim at feugiat non, posuere sit amet urna. Ut eu porttitor tellus. Cras eu massa nulla. Morbi porta fermentum elit eu iaculis. Pellentesque hendrerit venenatis purus at feugiat. Pellentesque vitae feugiat purus. Donec mattis rhoncus lacinia. Sed quam diam, molestie id laoreet eu, lacinia ac turpis. Cras tincidunt lobortis elit quis aliquam. Proin et massa libero.

Aliquam id pharetra arcu. Vivamus vitae mattis ligula. Sed efficitur urna vitae scelerisque tempor. Proin purus magna, vulputate eu ligula a, vehicula malesuada enim. Curabitur aliquet rutrum enim et tincidunt. Vestibulum ante ipsum primis in faucibus orci luctus et ultrices posuere cubilia curae; Vivamus pharetra enim leo, nec molestie nibh consectetur quis. Class aptent taciti sociosqu ad litora torquent per conubia nostra, per inceptos himenaeos. Nunc quis maximus elit, vitae pulvinar urna. Integer at mi elit. Phasellus vitae rutrum sem. Vivamus et mauris ac nisl congue congue eu eget elit. Nullam at quam velit. Pellentesque dictum, diam nec tempor aliquet, tortor justo fermentum sapien, at condimentum turpis elit vel sapien. Aenean rutrum tellus sodales tortor viverra eleifend.

Donec facilisis, diam efficitur maximus ultrices, enim lectus rutrum elit, eget malesuada mi justo dapibus enim. Maecenas finibus euismod nulla quis dignissim. Sed dictum ante rutrum turpis euismod laoreet. Sed placerat tellus leo. In ut lobortis lorem. Nullam vitae lectus egestas urna tincidunt aliquet. Ut sagittis vel enim eget malesuada. Cras in congue tortor. Interdum et malesuada fames ac ante ipsum primis in faucibus. Nunc tempus consequat neque, et eleifend nulla aliquam eu.",Author 70,20,cai-chet-cua-nen-dan-chu-nhung-buoc-tien-quyen-luc-cua-hitler,NXB 70,2013,107
https://cdn1.fahasa.com/media/catalog/product/8/9/8935235233362.jpg,Âm Mưu Câu Kết - Chính Trị Hoa Kỳ Bị Thao Túng Từ Bên Ngoài Như Thế Nào?,160500,47,9780085480968,"Lorem ipsum dolor sit amet, consectetur adipiscing elit. Nam congue vel tellus non luctus. Vestibulum vitae nunc lorem. Sed lacinia lectus vel augue imperdiet ultricies. Donec id venenatis ex, vitae pretium ligula. Sed nulla eros, dignissim at feugiat non, posuere sit amet urna. Ut eu porttitor tellus. Cras eu massa nulla. Morbi porta fermentum elit eu iaculis. Pellentesque hendrerit venenatis purus at feugiat. Pellentesque vitae feugiat purus. Donec mattis rhoncus lacinia. Sed quam diam, molestie id laoreet eu, lacinia ac turpis. Cras tincidunt lobortis elit quis aliquam. Proin et massa libero.

Aliquam id pharetra arcu. Vivamus vitae mattis ligula. Sed efficitur urna vitae scelerisque tempor. Proin purus magna, vulputate eu ligula a, vehicula malesuada enim. Curabitur aliquet rutrum enim et tincidunt. Vestibulum ante ipsum primis in faucibus orci luctus et ultrices posuere cubilia curae; Vivamus pharetra enim leo, nec molestie nibh consectetur quis. Class aptent taciti sociosqu ad litora torquent per conubia nostra, per inceptos himenaeos. Nunc quis maximus elit, vitae pulvinar urna. Integer at mi elit. Phasellus vitae rutrum sem. Vivamus et mauris ac nisl congue congue eu eget elit. Nullam at quam velit. Pellentesque dictum, diam nec tempor aliquet, tortor justo fermentum sapien, at condimentum turpis elit vel sapien. Aenean rutrum tellus sodales tortor viverra eleifend.

Donec facilisis, diam efficitur maximus ultrices, enim lectus rutrum elit, eget malesuada mi justo dapibus enim. Maecenas finibus euismod nulla quis dignissim. Sed dictum ante rutrum turpis euismod laoreet. Sed placerat tellus leo. In ut lobortis lorem. Nullam vitae lectus egestas urna tincidunt aliquet. Ut sagittis vel enim eget malesuada. Cras in congue tortor. Interdum et malesuada fames ac ante ipsum primis in faucibus. Nunc tempus consequat neque, et eleifend nulla aliquam eu.",Author 71,11,am-muu-cau-ket-chinh-tri-hoa-ky-bi-thao-tung-tu-ben-ngoai-nhu-the-nao,NXB 71,2010,134
https://cdn1.fahasa.com/media/catalog/product/i/m/image_195509_1_35051_1.jpg,Hồi Ký Lý Quang Diệu - Tập 1: Câu Chuyện Singapore (Tái Bản 2023),339000,47,9780085480969,"Lorem ipsum dolor sit amet, consectetur adipiscing elit. Nam congue vel tellus non luctus. Vestibulum vitae nunc lorem. Sed lacinia lectus vel augue imperdiet ultricies. Donec id venenatis ex, vitae pretium ligula. Sed nulla eros, dignissim at feugiat non, posuere sit amet urna. Ut eu porttitor tellus. Cras eu massa nulla. Morbi porta fermentum elit eu iaculis. Pellentesque hendrerit venenatis purus at feugiat. Pellentesque vitae feugiat purus. Donec mattis rhoncus lacinia. Sed quam diam, molestie id laoreet eu, lacinia ac turpis. Cras tincidunt lobortis elit quis aliquam. Proin et massa libero.

Aliquam id pharetra arcu. Vivamus vitae mattis ligula. Sed efficitur urna vitae scelerisque tempor. Proin purus magna, vulputate eu ligula a, vehicula malesuada enim. Curabitur aliquet rutrum enim et tincidunt. Vestibulum ante ipsum primis in faucibus orci luctus et ultrices posuere cubilia curae; Vivamus pharetra enim leo, nec molestie nibh consectetur quis. Class aptent taciti sociosqu ad litora torquent per conubia nostra, per inceptos himenaeos. Nunc quis maximus elit, vitae pulvinar urna. Integer at mi elit. Phasellus vitae rutrum sem. Vivamus et mauris ac nisl congue congue eu eget elit. Nullam at quam velit. Pellentesque dictum, diam nec tempor aliquet, tortor justo fermentum sapien, at condimentum turpis elit vel sapien. Aenean rutrum tellus sodales tortor viverra eleifend.

Donec facilisis, diam efficitur maximus ultrices, enim lectus rutrum elit, eget malesuada mi justo dapibus enim. Maecenas finibus euismod nulla quis dignissim. Sed dictum ante rutrum turpis euismod laoreet. Sed placerat tellus leo. In ut lobortis lorem. Nullam vitae lectus egestas urna tincidunt aliquet. Ut sagittis vel enim eget malesuada. Cras in congue tortor. Interdum et malesuada fames ac ante ipsum primis in faucibus. Nunc tempus consequat neque, et eleifend nulla aliquam eu.",Author 72,10,hoi-ky-ly-quang-dieu-tap-1-cau-chuyen-singapore-tai-ban-2023,NXB 72,2016,71
https://cdn1.fahasa.com/media/catalog/product/i/m/image_195509_1_37509_1.jpg,Napoleon Đại Đế - Bìa Cứng (Tái Bản 2023),449500,47,9780085480970,"Lorem ipsum dolor sit amet, consectetur adipiscing elit. Nam congue vel tellus non luctus. Vestibulum vitae nunc lorem. Sed lacinia lectus vel augue imperdiet ultricies. Donec id venenatis ex, vitae pretium ligula. Sed nulla eros, dignissim at feugiat non, posuere sit amet urna. Ut eu porttitor tellus. Cras eu massa nulla. Morbi porta fermentum elit eu iaculis. Pellentesque hendrerit venenatis purus at feugiat. Pellentesque vitae feugiat purus. Donec mattis rhoncus lacinia. Sed quam diam, molestie id laoreet eu, lacinia ac turpis. Cras tincidunt lobortis elit quis aliquam. Proin et massa libero.

Aliquam id pharetra arcu. Vivamus vitae mattis ligula. Sed efficitur urna vitae scelerisque tempor. Proin purus magna, vulputate eu ligula a, vehicula malesuada enim. Curabitur aliquet rutrum enim et tincidunt. Vestibulum ante ipsum primis in faucibus orci luctus et ultrices posuere cubilia curae; Vivamus pharetra enim leo, nec molestie nibh consectetur quis. Class aptent taciti sociosqu ad litora torquent per conubia nostra, per inceptos himenaeos. Nunc quis maximus elit, vitae pulvinar urna. Integer at mi elit. Phasellus vitae rutrum sem. Vivamus et mauris ac nisl congue congue eu eget elit. Nullam at quam velit. Pellentesque dictum, diam nec tempor aliquet, tortor justo fermentum sapien, at condimentum turpis elit vel sapien. Aenean rutrum tellus sodales tortor viverra eleifend.

Donec facilisis, diam efficitur maximus ultrices, enim lectus rutrum elit, eget malesuada mi justo dapibus enim. Maecenas finibus euismod nulla quis dignissim. Sed dictum ante rutrum turpis euismod laoreet. Sed placerat tellus leo. In ut lobortis lorem. Nullam vitae lectus egestas urna tincidunt aliquet. Ut sagittis vel enim eget malesuada. Cras in congue tortor. Interdum et malesuada fames ac ante ipsum primis in faucibus. Nunc tempus consequat neque, et eleifend nulla aliquam eu.",Author 73,11,napoleon-ai-e-bia-cung-tai-ban-2023,NXB 73,2010,53
https://cdn1.fahasa.com/media/catalog/product/9/7/9786048474225.jpg,Cuộc Đời Của Các Triết Gia Nổi Tiếng,409500,47,9780085480971,"Lorem ipsum dolor sit amet, consectetur adipiscing elit. Nam congue vel tellus non luctus. Vestibulum vitae nunc lorem. Sed lacinia lectus vel augue imperdiet ultricies. Donec id venenatis ex, vitae pretium ligula. Sed nulla eros, dignissim at feugiat non, posuere sit amet urna. Ut eu porttitor tellus. Cras eu massa nulla. Morbi porta fermentum elit eu iaculis. Pellentesque hendrerit venenatis purus at feugiat. Pellentesque vitae feugiat purus. Donec mattis rhoncus lacinia. Sed quam diam, molestie id laoreet eu, lacinia ac turpis. Cras tincidunt lobortis elit quis aliquam. Proin et massa libero.

Aliquam id pharetra arcu. Vivamus vitae mattis ligula. Sed efficitur urna vitae scelerisque tempor. Proin purus magna, vulputate eu ligula a, vehicula malesuada enim. Curabitur aliquet rutrum enim et tincidunt. Vestibulum ante ipsum primis in faucibus orci luctus et ultrices posuere cubilia curae; Vivamus pharetra enim leo, nec molestie nibh consectetur quis. Class aptent taciti sociosqu ad litora torquent per conubia nostra, per inceptos himenaeos. Nunc quis maximus elit, vitae pulvinar urna. Integer at mi elit. Phasellus vitae rutrum sem. Vivamus et mauris ac nisl congue congue eu eget elit. Nullam at quam velit. Pellentesque dictum, diam nec tempor aliquet, tortor justo fermentum sapien, at condimentum turpis elit vel sapien. Aenean rutrum tellus sodales tortor viverra eleifend.

Donec facilisis, diam efficitur maximus ultrices, enim lectus rutrum elit, eget malesuada mi justo dapibus enim. Maecenas finibus euismod nulla quis dignissim. Sed dictum ante rutrum turpis euismod laoreet. Sed placerat tellus leo. In ut lobortis lorem. Nullam vitae lectus egestas urna tincidunt aliquet. Ut sagittis vel enim eget malesuada. Cras in congue tortor. Interdum et malesuada fames ac ante ipsum primis in faucibus. Nunc tempus consequat neque, et eleifend nulla aliquam eu.",Author 74,14,cuoc-oi-cua-cac-triet-gia-noi-tieng,NXB 74,2017,114
https://cdn1.fahasa.com/media/catalog/product/8/9/8935270704391.jpg,Nguồn Gốc Trật Tự Chính Trị - Từ Thời Tiền Sử Đến Cách Mạng Pháp,254000,47,9780085480972,"Lorem ipsum dolor sit amet, consectetur adipiscing elit. Nam congue vel tellus non luctus. Vestibulum vitae nunc lorem. Sed lacinia lectus vel augue imperdiet ultricies. Donec id venenatis ex, vitae pretium ligula. Sed nulla eros, dignissim at feugiat non, posuere sit amet urna. Ut eu porttitor tellus. Cras eu massa nulla. Morbi porta fermentum elit eu iaculis. Pellentesque hendrerit venenatis purus at feugiat. Pellentesque vitae feugiat purus. Donec mattis rhoncus lacinia. Sed quam diam, molestie id laoreet eu, lacinia ac turpis. Cras tincidunt lobortis elit quis aliquam. Proin et massa libero.

Aliquam id pharetra arcu. Vivamus vitae mattis ligula. Sed efficitur urna vitae scelerisque tempor. Proin purus magna, vulputate eu ligula a, vehicula malesuada enim. Curabitur aliquet rutrum enim et tincidunt. Vestibulum ante ipsum primis in faucibus orci luctus et ultrices posuere cubilia curae; Vivamus pharetra enim leo, nec molestie nibh consectetur quis. Class aptent taciti sociosqu ad litora torquent per conubia nostra, per inceptos himenaeos. Nunc quis maximus elit, vitae pulvinar urna. Integer at mi elit. Phasellus vitae rutrum sem. Vivamus et mauris ac nisl congue congue eu eget elit. Nullam at quam velit. Pellentesque dictum, diam nec tempor aliquet, tortor justo fermentum sapien, at condimentum turpis elit vel sapien. Aenean rutrum tellus sodales tortor viverra eleifend.

Donec facilisis, diam efficitur maximus ultrices, enim lectus rutrum elit, eget malesuada mi justo dapibus enim. Maecenas finibus euismod nulla quis dignissim. Sed dictum ante rutrum turpis euismod laoreet. Sed placerat tellus leo. In ut lobortis lorem. Nullam vitae lectus egestas urna tincidunt aliquet. Ut sagittis vel enim eget malesuada. Cras in congue tortor. Interdum et malesuada fames ac ante ipsum primis in faucibus. Nunc tempus consequat neque, et eleifend nulla aliquam eu.",Author 75,3,nguon-goc-trat-tu-chinh-tri-tu-thoi-tien-su-en-cach-mang-phap,NXB 75,2020,62
https://cdn1.fahasa.com/media/catalog/product/z/5/z5484697182816_c453c656508dd175e6f9879faabadf35.jpg,Trật Tự Chính Trị Và Suy Tàn Chính Trị - Từ Cách Mạng Công Nghiệp Tới Toàn Cầu Hóa,279500,47,9780085480973,"Lorem ipsum dolor sit amet, consectetur adipiscing elit. Nam congue vel tellus non luctus. Vestibulum vitae nunc lorem. Sed lacinia lectus vel augue imperdiet ultricies. Donec id venenatis ex, vitae pretium ligula. Sed nulla eros, dignissim at feugiat non, posuere sit amet urna. Ut eu porttitor tellus. Cras eu massa nulla. Morbi porta fermentum elit eu iaculis. Pellentesque hendrerit venenatis purus at feugiat. Pellentesque vitae feugiat purus. Donec mattis rhoncus lacinia. Sed quam diam, molestie id laoreet eu, lacinia ac turpis. Cras tincidunt lobortis elit quis aliquam. Proin et massa libero.

Aliquam id pharetra arcu. Vivamus vitae mattis ligula. Sed efficitur urna vitae scelerisque tempor. Proin purus magna, vulputate eu ligula a, vehicula malesuada enim. Curabitur aliquet rutrum enim et tincidunt. Vestibulum ante ipsum primis in faucibus orci luctus et ultrices posuere cubilia curae; Vivamus pharetra enim leo, nec molestie nibh consectetur quis. Class aptent taciti sociosqu ad litora torquent per conubia nostra, per inceptos himenaeos. Nunc quis maximus elit, vitae pulvinar urna. Integer at mi elit. Phasellus vitae rutrum sem. Vivamus et mauris ac nisl congue congue eu eget elit. Nullam at quam velit. Pellentesque dictum, diam nec tempor aliquet, tortor justo fermentum sapien, at condimentum turpis elit vel sapien. Aenean rutrum tellus sodales tortor viverra eleifend.

Donec facilisis, diam efficitur maximus ultrices, enim lectus rutrum elit, eget malesuada mi justo dapibus enim. Maecenas finibus euismod nulla quis dignissim. Sed dictum ante rutrum turpis euismod laoreet. Sed placerat tellus leo. In ut lobortis lorem. Nullam vitae lectus egestas urna tincidunt aliquet. Ut sagittis vel enim eget malesuada. Cras in congue tortor. Interdum et malesuada fames ac ante ipsum primis in faucibus. Nunc tempus consequat neque, et eleifend nulla aliquam eu.",Author 76,14,trat-tu-chinh-tri-va-suy-tan-chinh-tri-tu-cach-mang-cong-nghiep-toi-toan-cau-hoa,NXB 76,2022,91
https://cdn1.fahasa.com/media/catalog/product/8/9/8935086835029.jpg,Huyền Thoại Che - Bản Lĩnh Tính Cách Tình Yêu Và Sự Bất Tử (Tái Bản 2014),52560,47,9780085480974,"Lorem ipsum dolor sit amet, consectetur adipiscing elit. Nam congue vel tellus non luctus. Vestibulum vitae nunc lorem. Sed lacinia lectus vel augue imperdiet ultricies. Donec id venenatis ex, vitae pretium ligula. Sed nulla eros, dignissim at feugiat non, posuere sit amet urna. Ut eu porttitor tellus. Cras eu massa nulla. Morbi porta fermentum elit eu iaculis. Pellentesque hendrerit venenatis purus at feugiat. Pellentesque vitae feugiat purus. Donec mattis rhoncus lacinia. Sed quam diam, molestie id laoreet eu, lacinia ac turpis. Cras tincidunt lobortis elit quis aliquam. Proin et massa libero.

Aliquam id pharetra arcu. Vivamus vitae mattis ligula. Sed efficitur urna vitae scelerisque tempor. Proin purus magna, vulputate eu ligula a, vehicula malesuada enim. Curabitur aliquet rutrum enim et tincidunt. Vestibulum ante ipsum primis in faucibus orci luctus et ultrices posuere cubilia curae; Vivamus pharetra enim leo, nec molestie nibh consectetur quis. Class aptent taciti sociosqu ad litora torquent per conubia nostra, per inceptos himenaeos. Nunc quis maximus elit, vitae pulvinar urna. Integer at mi elit. Phasellus vitae rutrum sem. Vivamus et mauris ac nisl congue congue eu eget elit. Nullam at quam velit. Pellentesque dictum, diam nec tempor aliquet, tortor justo fermentum sapien, at condimentum turpis elit vel sapien. Aenean rutrum tellus sodales tortor viverra eleifend.

Donec facilisis, diam efficitur maximus ultrices, enim lectus rutrum elit, eget malesuada mi justo dapibus enim. Maecenas finibus euismod nulla quis dignissim. Sed dictum ante rutrum turpis euismod laoreet. Sed placerat tellus leo. In ut lobortis lorem. Nullam vitae lectus egestas urna tincidunt aliquet. Ut sagittis vel enim eget malesuada. Cras in congue tortor. Interdum et malesuada fames ac ante ipsum primis in faucibus. Nunc tempus consequat neque, et eleifend nulla aliquam eu.",Author 77,10,huyen-thoai-che-ban-linh-tinh-cach-tinh-yeu-va-su-bat-tu-tai-ban-2014,NXB 77,2015,81
https://cdn1.fahasa.com/media/catalog/product/i/m/image_229267.jpg,Angela Merkel - Thế Giới Của Vị Nữ Thủ Tướng,102000,47,9780085480975,"Lorem ipsum dolor sit amet, consectetur adipiscing elit. Nam congue vel tellus non luctus. Vestibulum vitae nunc lorem. Sed lacinia lectus vel augue imperdiet ultricies. Donec id venenatis ex, vitae pretium ligula. Sed nulla eros, dignissim at feugiat non, posuere sit amet urna. Ut eu porttitor tellus. Cras eu massa nulla. Morbi porta fermentum elit eu iaculis. Pellentesque hendrerit venenatis purus at feugiat. Pellentesque vitae feugiat purus. Donec mattis rhoncus lacinia. Sed quam diam, molestie id laoreet eu, lacinia ac turpis. Cras tincidunt lobortis elit quis aliquam. Proin et massa libero.

Aliquam id pharetra arcu. Vivamus vitae mattis ligula. Sed efficitur urna vitae scelerisque tempor. Proin purus magna, vulputate eu ligula a, vehicula malesuada enim. Curabitur aliquet rutrum enim et tincidunt. Vestibulum ante ipsum primis in faucibus orci luctus et ultrices posuere cubilia curae; Vivamus pharetra enim leo, nec molestie nibh consectetur quis. Class aptent taciti sociosqu ad litora torquent per conubia nostra, per inceptos himenaeos. Nunc quis maximus elit, vitae pulvinar urna. Integer at mi elit. Phasellus vitae rutrum sem. Vivamus et mauris ac nisl congue congue eu eget elit. Nullam at quam velit. Pellentesque dictum, diam nec tempor aliquet, tortor justo fermentum sapien, at condimentum turpis elit vel sapien. Aenean rutrum tellus sodales tortor viverra eleifend.

Donec facilisis, diam efficitur maximus ultrices, enim lectus rutrum elit, eget malesuada mi justo dapibus enim. Maecenas finibus euismod nulla quis dignissim. Sed dictum ante rutrum turpis euismod laoreet. Sed placerat tellus leo. In ut lobortis lorem. Nullam vitae lectus egestas urna tincidunt aliquet. Ut sagittis vel enim eget malesuada. Cras in congue tortor. Interdum et malesuada fames ac ante ipsum primis in faucibus. Nunc tempus consequat neque, et eleifend nulla aliquam eu.",Author 78,17,angela-merkel-the-gioi-cua-vi-nu-thu-tuong,NXB 78,2001,108
https://cdn1.fahasa.com/media/catalog/product/u/n/untitled-1_165.jpg,Aung San Suu Kyi - Sợ Hãi & Tự Do,122640,47,9780085480976,"Lorem ipsum dolor sit amet, consectetur adipiscing elit. Nam congue vel tellus non luctus. Vestibulum vitae nunc lorem. Sed lacinia lectus vel augue imperdiet ultricies. Donec id venenatis ex, vitae pretium ligula. Sed nulla eros, dignissim at feugiat non, posuere sit amet urna. Ut eu porttitor tellus. Cras eu massa nulla. Morbi porta fermentum elit eu iaculis. Pellentesque hendrerit venenatis purus at feugiat. Pellentesque vitae feugiat purus. Donec mattis rhoncus lacinia. Sed quam diam, molestie id laoreet eu, lacinia ac turpis. Cras tincidunt lobortis elit quis aliquam. Proin et massa libero.

Aliquam id pharetra arcu. Vivamus vitae mattis ligula. Sed efficitur urna vitae scelerisque tempor. Proin purus magna, vulputate eu ligula a, vehicula malesuada enim. Curabitur aliquet rutrum enim et tincidunt. Vestibulum ante ipsum primis in faucibus orci luctus et ultrices posuere cubilia curae; Vivamus pharetra enim leo, nec molestie nibh consectetur quis. Class aptent taciti sociosqu ad litora torquent per conubia nostra, per inceptos himenaeos. Nunc quis maximus elit, vitae pulvinar urna. Integer at mi elit. Phasellus vitae rutrum sem. Vivamus et mauris ac nisl congue congue eu eget elit. Nullam at quam velit. Pellentesque dictum, diam nec tempor aliquet, tortor justo fermentum sapien, at condimentum turpis elit vel sapien. Aenean rutrum tellus sodales tortor viverra eleifend.

Donec facilisis, diam efficitur maximus ultrices, enim lectus rutrum elit, eget malesuada mi justo dapibus enim. Maecenas finibus euismod nulla quis dignissim. Sed dictum ante rutrum turpis euismod laoreet. Sed placerat tellus leo. In ut lobortis lorem. Nullam vitae lectus egestas urna tincidunt aliquet. Ut sagittis vel enim eget malesuada. Cras in congue tortor. Interdum et malesuada fames ac ante ipsum primis in faucibus. Nunc tempus consequat neque, et eleifend nulla aliquam eu.",Author 79,17,aung-san-suu-kyi-so-hai-tu-do,NXB 79,2004,137
https://cdn1.fahasa.com/media/catalog/product/u/n/untitled-2_156.jpg,Điện Biên Phủ Trên Không - Bản Anh Hùng Ca Dưới Trời Rực Lửa - Tặng Kèm Standee - Quà Tặng Độc Quyền Fahasa,149500,44,9780085480977,"Lorem ipsum dolor sit amet, consectetur adipiscing elit. Nam congue vel tellus non luctus. Vestibulum vitae nunc lorem. Sed lacinia lectus vel augue imperdiet ultricies. Donec id venenatis ex, vitae pretium ligula. Sed nulla eros, dignissim at feugiat non, posuere sit amet urna. Ut eu porttitor tellus. Cras eu massa nulla. Morbi porta fermentum elit eu iaculis. Pellentesque hendrerit venenatis purus at feugiat. Pellentesque vitae feugiat purus. Donec mattis rhoncus lacinia. Sed quam diam, molestie id laoreet eu, lacinia ac turpis. Cras tincidunt lobortis elit quis aliquam. Proin et massa libero.

Aliquam id pharetra arcu. Vivamus vitae mattis ligula. Sed efficitur urna vitae scelerisque tempor. Proin purus magna, vulputate eu ligula a, vehicula malesuada enim. Curabitur aliquet rutrum enim et tincidunt. Vestibulum ante ipsum primis in faucibus orci luctus et ultrices posuere cubilia curae; Vivamus pharetra enim leo, nec molestie nibh consectetur quis. Class aptent taciti sociosqu ad litora torquent per conubia nostra, per inceptos himenaeos. Nunc quis maximus elit, vitae pulvinar urna. Integer at mi elit. Phasellus vitae rutrum sem. Vivamus et mauris ac nisl congue congue eu eget elit. Nullam at quam velit. Pellentesque dictum, diam nec tempor aliquet, tortor justo fermentum sapien, at condimentum turpis elit vel sapien. Aenean rutrum tellus sodales tortor viverra eleifend.

Donec facilisis, diam efficitur maximus ultrices, enim lectus rutrum elit, eget malesuada mi justo dapibus enim. Maecenas finibus euismod nulla quis dignissim. Sed dictum ante rutrum turpis euismod laoreet. Sed placerat tellus leo. In ut lobortis lorem. Nullam vitae lectus egestas urna tincidunt aliquet. Ut sagittis vel enim eget malesuada. Cras in congue tortor. Interdum et malesuada fames ac ante ipsum primis in faucibus. Nunc tempus consequat neque, et eleifend nulla aliquam eu.",Author 80,14,ien-bien-phu-tren-khong-ban-anh-hung-ca-duoi-troi-ruc-lua-tang-kem-standee-qua-tang-oc-quyen-fahasa,NXB 80,2002,143
https://cdn1.fahasa.com/media/catalog/product/h/o/hoi-ki-ve-bac-ho_mai-nho-on-nguoi.jpg,Hồi Kí Về Bác Hồ - Mãi Nhớ Ơn Người,36000,44,9780085480978,"Lorem ipsum dolor sit amet, consectetur adipiscing elit. Nam congue vel tellus non luctus. Vestibulum vitae nunc lorem. Sed lacinia lectus vel augue imperdiet ultricies. Donec id venenatis ex, vitae pretium ligula. Sed nulla eros, dignissim at feugiat non, posuere sit amet urna. Ut eu porttitor tellus. Cras eu massa nulla. Morbi porta fermentum elit eu iaculis. Pellentesque hendrerit venenatis purus at feugiat. Pellentesque vitae feugiat purus. Donec mattis rhoncus lacinia. Sed quam diam, molestie id laoreet eu, lacinia ac turpis. Cras tincidunt lobortis elit quis aliquam. Proin et massa libero.

Aliquam id pharetra arcu. Vivamus vitae mattis ligula. Sed efficitur urna vitae scelerisque tempor. Proin purus magna, vulputate eu ligula a, vehicula malesuada enim. Curabitur aliquet rutrum enim et tincidunt. Vestibulum ante ipsum primis in faucibus orci luctus et ultrices posuere cubilia curae; Vivamus pharetra enim leo, nec molestie nibh consectetur quis. Class aptent taciti sociosqu ad litora torquent per conubia nostra, per inceptos himenaeos. Nunc quis maximus elit, vitae pulvinar urna. Integer at mi elit. Phasellus vitae rutrum sem. Vivamus et mauris ac nisl congue congue eu eget elit. Nullam at quam velit. Pellentesque dictum, diam nec tempor aliquet, tortor justo fermentum sapien, at condimentum turpis elit vel sapien. Aenean rutrum tellus sodales tortor viverra eleifend.

Donec facilisis, diam efficitur maximus ultrices, enim lectus rutrum elit, eget malesuada mi justo dapibus enim. Maecenas finibus euismod nulla quis dignissim. Sed dictum ante rutrum turpis euismod laoreet. Sed placerat tellus leo. In ut lobortis lorem. Nullam vitae lectus egestas urna tincidunt aliquet. Ut sagittis vel enim eget malesuada. Cras in congue tortor. Interdum et malesuada fames ac ante ipsum primis in faucibus. Nunc tempus consequat neque, et eleifend nulla aliquam eu.",Author 81,10,hoi-ki-ve-bac-ho-mai-nho-on-nguoi,NXB 81,2000,141
https://cdn1.fahasa.com/media/catalog/product/8/9/8935279172863.jpg,Tổng Hành Dinh Trong Mùa Xuân Toàn Thắng - Hồi Ức,94000,44,9780085480979,"Lorem ipsum dolor sit amet, consectetur adipiscing elit. Nam congue vel tellus non luctus. Vestibulum vitae nunc lorem. Sed lacinia lectus vel augue imperdiet ultricies. Donec id venenatis ex, vitae pretium ligula. Sed nulla eros, dignissim at feugiat non, posuere sit amet urna. Ut eu porttitor tellus. Cras eu massa nulla. Morbi porta fermentum elit eu iaculis. Pellentesque hendrerit venenatis purus at feugiat. Pellentesque vitae feugiat purus. Donec mattis rhoncus lacinia. Sed quam diam, molestie id laoreet eu, lacinia ac turpis. Cras tincidunt lobortis elit quis aliquam. Proin et massa libero.

Aliquam id pharetra arcu. Vivamus vitae mattis ligula. Sed efficitur urna vitae scelerisque tempor. Proin purus magna, vulputate eu ligula a, vehicula malesuada enim. Curabitur aliquet rutrum enim et tincidunt. Vestibulum ante ipsum primis in faucibus orci luctus et ultrices posuere cubilia curae; Vivamus pharetra enim leo, nec molestie nibh consectetur quis. Class aptent taciti sociosqu ad litora torquent per conubia nostra, per inceptos himenaeos. Nunc quis maximus elit, vitae pulvinar urna. Integer at mi elit. Phasellus vitae rutrum sem. Vivamus et mauris ac nisl congue congue eu eget elit. Nullam at quam velit. Pellentesque dictum, diam nec tempor aliquet, tortor justo fermentum sapien, at condimentum turpis elit vel sapien. Aenean rutrum tellus sodales tortor viverra eleifend.

Donec facilisis, diam efficitur maximus ultrices, enim lectus rutrum elit, eget malesuada mi justo dapibus enim. Maecenas finibus euismod nulla quis dignissim. Sed dictum ante rutrum turpis euismod laoreet. Sed placerat tellus leo. In ut lobortis lorem. Nullam vitae lectus egestas urna tincidunt aliquet. Ut sagittis vel enim eget malesuada. Cras in congue tortor. Interdum et malesuada fames ac ante ipsum primis in faucibus. Nunc tempus consequat neque, et eleifend nulla aliquam eu.",Author 82,18,tong-hanh-dinh-trong-mua-xuan-toan-thang-hoi-uc,NXB 82,2007,85
https://cdn1.fahasa.com/media/catalog/product/9/7/9786043773927.jpg,Tình Báo Kể Chuyện,127500,44,9780085480980,"Lorem ipsum dolor sit amet, consectetur adipiscing elit. Nam congue vel tellus non luctus. Vestibulum vitae nunc lorem. Sed lacinia lectus vel augue imperdiet ultricies. Donec id venenatis ex, vitae pretium ligula. Sed nulla eros, dignissim at feugiat non, posuere sit amet urna. Ut eu porttitor tellus. Cras eu massa nulla. Morbi porta fermentum elit eu iaculis. Pellentesque hendrerit venenatis purus at feugiat. Pellentesque vitae feugiat purus. Donec mattis rhoncus lacinia. Sed quam diam, molestie id laoreet eu, lacinia ac turpis. Cras tincidunt lobortis elit quis aliquam. Proin et massa libero.

Aliquam id pharetra arcu. Vivamus vitae mattis ligula. Sed efficitur urna vitae scelerisque tempor. Proin purus magna, vulputate eu ligula a, vehicula malesuada enim. Curabitur aliquet rutrum enim et tincidunt. Vestibulum ante ipsum primis in faucibus orci luctus et ultrices posuere cubilia curae; Vivamus pharetra enim leo, nec molestie nibh consectetur quis. Class aptent taciti sociosqu ad litora torquent per conubia nostra, per inceptos himenaeos. Nunc quis maximus elit, vitae pulvinar urna. Integer at mi elit. Phasellus vitae rutrum sem. Vivamus et mauris ac nisl congue congue eu eget elit. Nullam at quam velit. Pellentesque dictum, diam nec tempor aliquet, tortor justo fermentum sapien, at condimentum turpis elit vel sapien. Aenean rutrum tellus sodales tortor viverra eleifend.

Donec facilisis, diam efficitur maximus ultrices, enim lectus rutrum elit, eget malesuada mi justo dapibus enim. Maecenas finibus euismod nulla quis dignissim. Sed dictum ante rutrum turpis euismod laoreet. Sed placerat tellus leo. In ut lobortis lorem. Nullam vitae lectus egestas urna tincidunt aliquet. Ut sagittis vel enim eget malesuada. Cras in congue tortor. Interdum et malesuada fames ac ante ipsum primis in faucibus. Nunc tempus consequat neque, et eleifend nulla aliquam eu.",Author 83,6,tinh-bao-ke-chuyen,NXB 83,2017,92
https://cdn1.fahasa.com/media/catalog/product/b/_/b_a-h_i-_c-qu_ng-tr_.jpg,Hồi Ức Quảng Trị,93500,44,9780085480981,"Lorem ipsum dolor sit amet, consectetur adipiscing elit. Nam congue vel tellus non luctus. Vestibulum vitae nunc lorem. Sed lacinia lectus vel augue imperdiet ultricies. Donec id venenatis ex, vitae pretium ligula. Sed nulla eros, dignissim at feugiat non, posuere sit amet urna. Ut eu porttitor tellus. Cras eu massa nulla. Morbi porta fermentum elit eu iaculis. Pellentesque hendrerit venenatis purus at feugiat. Pellentesque vitae feugiat purus. Donec mattis rhoncus lacinia. Sed quam diam, molestie id laoreet eu, lacinia ac turpis. Cras tincidunt lobortis elit quis aliquam. Proin et massa libero.

Aliquam id pharetra arcu. Vivamus vitae mattis ligula. Sed efficitur urna vitae scelerisque tempor. Proin purus magna, vulputate eu ligula a, vehicula malesuada enim. Curabitur aliquet rutrum enim et tincidunt. Vestibulum ante ipsum primis in faucibus orci luctus et ultrices posuere cubilia curae; Vivamus pharetra enim leo, nec molestie nibh consectetur quis. Class aptent taciti sociosqu ad litora torquent per conubia nostra, per inceptos himenaeos. Nunc quis maximus elit, vitae pulvinar urna. Integer at mi elit. Phasellus vitae rutrum sem. Vivamus et mauris ac nisl congue congue eu eget elit. Nullam at quam velit. Pellentesque dictum, diam nec tempor aliquet, tortor justo fermentum sapien, at condimentum turpis elit vel sapien. Aenean rutrum tellus sodales tortor viverra eleifend.

Donec facilisis, diam efficitur maximus ultrices, enim lectus rutrum elit, eget malesuada mi justo dapibus enim. Maecenas finibus euismod nulla quis dignissim. Sed dictum ante rutrum turpis euismod laoreet. Sed placerat tellus leo. In ut lobortis lorem. Nullam vitae lectus egestas urna tincidunt aliquet. Ut sagittis vel enim eget malesuada. Cras in congue tortor. Interdum et malesuada fames ac ante ipsum primis in faucibus. Nunc tempus consequat neque, et eleifend nulla aliquam eu.",Author 84,12,hoi-uc-quang-tri,NXB 84,2023,102
https://cdn1.fahasa.com/media/catalog/product/h/o/hoi-ki-ve-bac-ho_gan-ben-bac-va-hoc-o-bac.jpg,Hồi Kí Về Bác Hồ - Gần Bên Bác Và Học Ở Bác,36000,44,9780085480982,"Lorem ipsum dolor sit amet, consectetur adipiscing elit. Nam congue vel tellus non luctus. Vestibulum vitae nunc lorem. Sed lacinia lectus vel augue imperdiet ultricies. Donec id venenatis ex, vitae pretium ligula. Sed nulla eros, dignissim at feugiat non, posuere sit amet urna. Ut eu porttitor tellus. Cras eu massa nulla. Morbi porta fermentum elit eu iaculis. Pellentesque hendrerit venenatis purus at feugiat. Pellentesque vitae feugiat purus. Donec mattis rhoncus lacinia. Sed quam diam, molestie id laoreet eu, lacinia ac turpis. Cras tincidunt lobortis elit quis aliquam. Proin et massa libero.

Aliquam id pharetra arcu. Vivamus vitae mattis ligula. Sed efficitur urna vitae scelerisque tempor. Proin purus magna, vulputate eu ligula a, vehicula malesuada enim. Curabitur aliquet rutrum enim et tincidunt. Vestibulum ante ipsum primis in faucibus orci luctus et ultrices posuere cubilia curae; Vivamus pharetra enim leo, nec molestie nibh consectetur quis. Class aptent taciti sociosqu ad litora torquent per conubia nostra, per inceptos himenaeos. Nunc quis maximus elit, vitae pulvinar urna. Integer at mi elit. Phasellus vitae rutrum sem. Vivamus et mauris ac nisl congue congue eu eget elit. Nullam at quam velit. Pellentesque dictum, diam nec tempor aliquet, tortor justo fermentum sapien, at condimentum turpis elit vel sapien. Aenean rutrum tellus sodales tortor viverra eleifend.

Donec facilisis, diam efficitur maximus ultrices, enim lectus rutrum elit, eget malesuada mi justo dapibus enim. Maecenas finibus euismod nulla quis dignissim. Sed dictum ante rutrum turpis euismod laoreet. Sed placerat tellus leo. In ut lobortis lorem. Nullam vitae lectus egestas urna tincidunt aliquet. Ut sagittis vel enim eget malesuada. Cras in congue tortor. Interdum et malesuada fames ac ante ipsum primis in faucibus. Nunc tempus consequat neque, et eleifend nulla aliquam eu.",Author 85,13,hoi-ki-ve-bac-ho-gan-ben-bac-va-hoc-o-bac,NXB 85,2002,148
https://cdn1.fahasa.com/media/catalog/product/t/h/thu-ki-bac-ho-ke-chuyen_bia.jpg,Thư Kí Bác Hồ Kể Chuyện,45000,44,9780085480983,"Lorem ipsum dolor sit amet, consectetur adipiscing elit. Nam congue vel tellus non luctus. Vestibulum vitae nunc lorem. Sed lacinia lectus vel augue imperdiet ultricies. Donec id venenatis ex, vitae pretium ligula. Sed nulla eros, dignissim at feugiat non, posuere sit amet urna. Ut eu porttitor tellus. Cras eu massa nulla. Morbi porta fermentum elit eu iaculis. Pellentesque hendrerit venenatis purus at feugiat. Pellentesque vitae feugiat purus. Donec mattis rhoncus lacinia. Sed quam diam, molestie id laoreet eu, lacinia ac turpis. Cras tincidunt lobortis elit quis aliquam. Proin et massa libero.

Aliquam id pharetra arcu. Vivamus vitae mattis ligula. Sed efficitur urna vitae scelerisque tempor. Proin purus magna, vulputate eu ligula a, vehicula malesuada enim. Curabitur aliquet rutrum enim et tincidunt. Vestibulum ante ipsum primis in faucibus orci luctus et ultrices posuere cubilia curae; Vivamus pharetra enim leo, nec molestie nibh consectetur quis. Class aptent taciti sociosqu ad litora torquent per conubia nostra, per inceptos himenaeos. Nunc quis maximus elit, vitae pulvinar urna. Integer at mi elit. Phasellus vitae rutrum sem. Vivamus et mauris ac nisl congue congue eu eget elit. Nullam at quam velit. Pellentesque dictum, diam nec tempor aliquet, tortor justo fermentum sapien, at condimentum turpis elit vel sapien. Aenean rutrum tellus sodales tortor viverra eleifend.

Donec facilisis, diam efficitur maximus ultrices, enim lectus rutrum elit, eget malesuada mi justo dapibus enim. Maecenas finibus euismod nulla quis dignissim. Sed dictum ante rutrum turpis euismod laoreet. Sed placerat tellus leo. In ut lobortis lorem. Nullam vitae lectus egestas urna tincidunt aliquet. Ut sagittis vel enim eget malesuada. Cras in congue tortor. Interdum et malesuada fames ac ante ipsum primis in faucibus. Nunc tempus consequat neque, et eleifend nulla aliquam eu.",Author 86,18,thu-ki-bac-ho-ke-chuyen,NXB 86,2019,68
https://cdn1.fahasa.com/media/catalog/product/n/l/nlqk.jpg,Nhìn Lại Quá Khứ - Tấn Thảm Kịch Và Những Bài Học Về Việt Nam,239000,44,9780085480984,"Lorem ipsum dolor sit amet, consectetur adipiscing elit. Nam congue vel tellus non luctus. Vestibulum vitae nunc lorem. Sed lacinia lectus vel augue imperdiet ultricies. Donec id venenatis ex, vitae pretium ligula. Sed nulla eros, dignissim at feugiat non, posuere sit amet urna. Ut eu porttitor tellus. Cras eu massa nulla. Morbi porta fermentum elit eu iaculis. Pellentesque hendrerit venenatis purus at feugiat. Pellentesque vitae feugiat purus. Donec mattis rhoncus lacinia. Sed quam diam, molestie id laoreet eu, lacinia ac turpis. Cras tincidunt lobortis elit quis aliquam. Proin et massa libero.

Aliquam id pharetra arcu. Vivamus vitae mattis ligula. Sed efficitur urna vitae scelerisque tempor. Proin purus magna, vulputate eu ligula a, vehicula malesuada enim. Curabitur aliquet rutrum enim et tincidunt. Vestibulum ante ipsum primis in faucibus orci luctus et ultrices posuere cubilia curae; Vivamus pharetra enim leo, nec molestie nibh consectetur quis. Class aptent taciti sociosqu ad litora torquent per conubia nostra, per inceptos himenaeos. Nunc quis maximus elit, vitae pulvinar urna. Integer at mi elit. Phasellus vitae rutrum sem. Vivamus et mauris ac nisl congue congue eu eget elit. Nullam at quam velit. Pellentesque dictum, diam nec tempor aliquet, tortor justo fermentum sapien, at condimentum turpis elit vel sapien. Aenean rutrum tellus sodales tortor viverra eleifend.

Donec facilisis, diam efficitur maximus ultrices, enim lectus rutrum elit, eget malesuada mi justo dapibus enim. Maecenas finibus euismod nulla quis dignissim. Sed dictum ante rutrum turpis euismod laoreet. Sed placerat tellus leo. In ut lobortis lorem. Nullam vitae lectus egestas urna tincidunt aliquet. Ut sagittis vel enim eget malesuada. Cras in congue tortor. Interdum et malesuada fames ac ante ipsum primis in faucibus. Nunc tempus consequat neque, et eleifend nulla aliquam eu.",Author 87,11,nhin-lai-qua-khu-tan-tham-kich-va-nhung-bai-hoc-ve-viet-nam,NXB 87,2017,121
https://cdn1.fahasa.com/media/catalog/product/8/9/8935227360397.jpg,Đại Tướng Võ Nguyên Giáp - Từ Thầy Giáo Đến Vị Tướng Huyền Thoại - Bìa Cứng,83000,44,9780085480985,"Lorem ipsum dolor sit amet, consectetur adipiscing elit. Nam congue vel tellus non luctus. Vestibulum vitae nunc lorem. Sed lacinia lectus vel augue imperdiet ultricies. Donec id venenatis ex, vitae pretium ligula. Sed nulla eros, dignissim at feugiat non, posuere sit amet urna. Ut eu porttitor tellus. Cras eu massa nulla. Morbi porta fermentum elit eu iaculis. Pellentesque hendrerit venenatis purus at feugiat. Pellentesque vitae feugiat purus. Donec mattis rhoncus lacinia. Sed quam diam, molestie id laoreet eu, lacinia ac turpis. Cras tincidunt lobortis elit quis aliquam. Proin et massa libero.

Aliquam id pharetra arcu. Vivamus vitae mattis ligula. Sed efficitur urna vitae scelerisque tempor. Proin purus magna, vulputate eu ligula a, vehicula malesuada enim. Curabitur aliquet rutrum enim et tincidunt. Vestibulum ante ipsum primis in faucibus orci luctus et ultrices posuere cubilia curae; Vivamus pharetra enim leo, nec molestie nibh consectetur quis. Class aptent taciti sociosqu ad litora torquent per conubia nostra, per inceptos himenaeos. Nunc quis maximus elit, vitae pulvinar urna. Integer at mi elit. Phasellus vitae rutrum sem. Vivamus et mauris ac nisl congue congue eu eget elit. Nullam at quam velit. Pellentesque dictum, diam nec tempor aliquet, tortor justo fermentum sapien, at condimentum turpis elit vel sapien. Aenean rutrum tellus sodales tortor viverra eleifend.

Donec facilisis, diam efficitur maximus ultrices, enim lectus rutrum elit, eget malesuada mi justo dapibus enim. Maecenas finibus euismod nulla quis dignissim. Sed dictum ante rutrum turpis euismod laoreet. Sed placerat tellus leo. In ut lobortis lorem. Nullam vitae lectus egestas urna tincidunt aliquet. Ut sagittis vel enim eget malesuada. Cras in congue tortor. Interdum et malesuada fames ac ante ipsum primis in faucibus. Nunc tempus consequat neque, et eleifend nulla aliquam eu.",Author 88,13,ai-tuong-vo-nguyen-giap-tu-thay-giao-en-vi-tuong-huyen-thoai-bia-cung,NXB 88,2016,148
https://cdn1.fahasa.com/media/catalog/product/8/9/8935227360403.jpg,Bác Hồ Sáng Mãi Niềm Tin - Bìa Cứng,83000,44,9780085480986,"Lorem ipsum dolor sit amet, consectetur adipiscing elit. Nam congue vel tellus non luctus. Vestibulum vitae nunc lorem. Sed lacinia lectus vel augue imperdiet ultricies. Donec id venenatis ex, vitae pretium ligula. Sed nulla eros, dignissim at feugiat non, posuere sit amet urna. Ut eu porttitor tellus. Cras eu massa nulla. Morbi porta fermentum elit eu iaculis. Pellentesque hendrerit venenatis purus at feugiat. Pellentesque vitae feugiat purus. Donec mattis rhoncus lacinia. Sed quam diam, molestie id laoreet eu, lacinia ac turpis. Cras tincidunt lobortis elit quis aliquam. Proin et massa libero.

Aliquam id pharetra arcu. Vivamus vitae mattis ligula. Sed efficitur urna vitae scelerisque tempor. Proin purus magna, vulputate eu ligula a, vehicula malesuada enim. Curabitur aliquet rutrum enim et tincidunt. Vestibulum ante ipsum primis in faucibus orci luctus et ultrices posuere cubilia curae; Vivamus pharetra enim leo, nec molestie nibh consectetur quis. Class aptent taciti sociosqu ad litora torquent per conubia nostra, per inceptos himenaeos. Nunc quis maximus elit, vitae pulvinar urna. Integer at mi elit. Phasellus vitae rutrum sem. Vivamus et mauris ac nisl congue congue eu eget elit. Nullam at quam velit. Pellentesque dictum, diam nec tempor aliquet, tortor justo fermentum sapien, at condimentum turpis elit vel sapien. Aenean rutrum tellus sodales tortor viverra eleifend.

Donec facilisis, diam efficitur maximus ultrices, enim lectus rutrum elit, eget malesuada mi justo dapibus enim. Maecenas finibus euismod nulla quis dignissim. Sed dictum ante rutrum turpis euismod laoreet. Sed placerat tellus leo. In ut lobortis lorem. Nullam vitae lectus egestas urna tincidunt aliquet. Ut sagittis vel enim eget malesuada. Cras in congue tortor. Interdum et malesuada fames ac ante ipsum primis in faucibus. Nunc tempus consequat neque, et eleifend nulla aliquam eu.",Author 89,11,bac-ho-sang-mai-niem-tin-bia-cung,NXB 89,2003,141
https://cdn1.fahasa.com/media/catalog/product/b/_/b_a---_n-n_i-r_i.jpg,Đến Nơi Rồi - Câu Chuyện Truyền Cảm Hứng Của Một Gia Đình Dũng Cảm Tìm Ánh Sáng Tương Lai Nơi Đất Khách (Tái Bản 2024),143200,44,9780085480987,"Lorem ipsum dolor sit amet, consectetur adipiscing elit. Nam congue vel tellus non luctus. Vestibulum vitae nunc lorem. Sed lacinia lectus vel augue imperdiet ultricies. Donec id venenatis ex, vitae pretium ligula. Sed nulla eros, dignissim at feugiat non, posuere sit amet urna. Ut eu porttitor tellus. Cras eu massa nulla. Morbi porta fermentum elit eu iaculis. Pellentesque hendrerit venenatis purus at feugiat. Pellentesque vitae feugiat purus. Donec mattis rhoncus lacinia. Sed quam diam, molestie id laoreet eu, lacinia ac turpis. Cras tincidunt lobortis elit quis aliquam. Proin et massa libero.

Aliquam id pharetra arcu. Vivamus vitae mattis ligula. Sed efficitur urna vitae scelerisque tempor. Proin purus magna, vulputate eu ligula a, vehicula malesuada enim. Curabitur aliquet rutrum enim et tincidunt. Vestibulum ante ipsum primis in faucibus orci luctus et ultrices posuere cubilia curae; Vivamus pharetra enim leo, nec molestie nibh consectetur quis. Class aptent taciti sociosqu ad litora torquent per conubia nostra, per inceptos himenaeos. Nunc quis maximus elit, vitae pulvinar urna. Integer at mi elit. Phasellus vitae rutrum sem. Vivamus et mauris ac nisl congue congue eu eget elit. Nullam at quam velit. Pellentesque dictum, diam nec tempor aliquet, tortor justo fermentum sapien, at condimentum turpis elit vel sapien. Aenean rutrum tellus sodales tortor viverra eleifend.

Donec facilisis, diam efficitur maximus ultrices, enim lectus rutrum elit, eget malesuada mi justo dapibus enim. Maecenas finibus euismod nulla quis dignissim. Sed dictum ante rutrum turpis euismod laoreet. Sed placerat tellus leo. In ut lobortis lorem. Nullam vitae lectus egestas urna tincidunt aliquet. Ut sagittis vel enim eget malesuada. Cras in congue tortor. Interdum et malesuada fames ac ante ipsum primis in faucibus. Nunc tempus consequat neque, et eleifend nulla aliquam eu.",Author 90,4,en-noi-roi-cau-chuyen-truyen-cam-hung-cua-mot-gia-inh-dung-cam-tim-anh-sang-tuong-lai-noi-at-khach-tai-ban-2024,NXB 90,2016,76
https://cdn1.fahasa.com/media/catalog/product/8/9/8935235245556.jpg,Nhật Ký Đặng Thùy Trâm - Ấn Bản Đặc Biệt 20 Năm Thành Lập Nhã Nam - Bìa Cứng,254000,44,9780085480988,"Lorem ipsum dolor sit amet, consectetur adipiscing elit. Nam congue vel tellus non luctus. Vestibulum vitae nunc lorem. Sed lacinia lectus vel augue imperdiet ultricies. Donec id venenatis ex, vitae pretium ligula. Sed nulla eros, dignissim at feugiat non, posuere sit amet urna. Ut eu porttitor tellus. Cras eu massa nulla. Morbi porta fermentum elit eu iaculis. Pellentesque hendrerit venenatis purus at feugiat. Pellentesque vitae feugiat purus. Donec mattis rhoncus lacinia. Sed quam diam, molestie id laoreet eu, lacinia ac turpis. Cras tincidunt lobortis elit quis aliquam. Proin et massa libero.

Aliquam id pharetra arcu. Vivamus vitae mattis ligula. Sed efficitur urna vitae scelerisque tempor. Proin purus magna, vulputate eu ligula a, vehicula malesuada enim. Curabitur aliquet rutrum enim et tincidunt. Vestibulum ante ipsum primis in faucibus orci luctus et ultrices posuere cubilia curae; Vivamus pharetra enim leo, nec molestie nibh consectetur quis. Class aptent taciti sociosqu ad litora torquent per conubia nostra, per inceptos himenaeos. Nunc quis maximus elit, vitae pulvinar urna. Integer at mi elit. Phasellus vitae rutrum sem. Vivamus et mauris ac nisl congue congue eu eget elit. Nullam at quam velit. Pellentesque dictum, diam nec tempor aliquet, tortor justo fermentum sapien, at condimentum turpis elit vel sapien. Aenean rutrum tellus sodales tortor viverra eleifend.

Donec facilisis, diam efficitur maximus ultrices, enim lectus rutrum elit, eget malesuada mi justo dapibus enim. Maecenas finibus euismod nulla quis dignissim. Sed dictum ante rutrum turpis euismod laoreet. Sed placerat tellus leo. In ut lobortis lorem. Nullam vitae lectus egestas urna tincidunt aliquet. Ut sagittis vel enim eget malesuada. Cras in congue tortor. Interdum et malesuada fames ac ante ipsum primis in faucibus. Nunc tempus consequat neque, et eleifend nulla aliquam eu.",Author 91,17,nhat-ky-ang-thuy-tram-an-ban-ac-biet-20-nam-thanh-lap-nha-nam-bia-cung,NXB 91,2024,136
https://cdn1.fahasa.com/media/catalog/product/b/_/b_a-1_100-nha-khoa-hoc-vi-dai.jpg,100 Nhà Khoa Học Vĩ Đại Thay Đổi Thế Giới,174000,44,9780085480989,"Lorem ipsum dolor sit amet, consectetur adipiscing elit. Nam congue vel tellus non luctus. Vestibulum vitae nunc lorem. Sed lacinia lectus vel augue imperdiet ultricies. Donec id venenatis ex, vitae pretium ligula. Sed nulla eros, dignissim at feugiat non, posuere sit amet urna. Ut eu porttitor tellus. Cras eu massa nulla. Morbi porta fermentum elit eu iaculis. Pellentesque hendrerit venenatis purus at feugiat. Pellentesque vitae feugiat purus. Donec mattis rhoncus lacinia. Sed quam diam, molestie id laoreet eu, lacinia ac turpis. Cras tincidunt lobortis elit quis aliquam. Proin et massa libero.

Aliquam id pharetra arcu. Vivamus vitae mattis ligula. Sed efficitur urna vitae scelerisque tempor. Proin purus magna, vulputate eu ligula a, vehicula malesuada enim. Curabitur aliquet rutrum enim et tincidunt. Vestibulum ante ipsum primis in faucibus orci luctus et ultrices posuere cubilia curae; Vivamus pharetra enim leo, nec molestie nibh consectetur quis. Class aptent taciti sociosqu ad litora torquent per conubia nostra, per inceptos himenaeos. Nunc quis maximus elit, vitae pulvinar urna. Integer at mi elit. Phasellus vitae rutrum sem. Vivamus et mauris ac nisl congue congue eu eget elit. Nullam at quam velit. Pellentesque dictum, diam nec tempor aliquet, tortor justo fermentum sapien, at condimentum turpis elit vel sapien. Aenean rutrum tellus sodales tortor viverra eleifend.

Donec facilisis, diam efficitur maximus ultrices, enim lectus rutrum elit, eget malesuada mi justo dapibus enim. Maecenas finibus euismod nulla quis dignissim. Sed dictum ante rutrum turpis euismod laoreet. Sed placerat tellus leo. In ut lobortis lorem. Nullam vitae lectus egestas urna tincidunt aliquet. Ut sagittis vel enim eget malesuada. Cras in congue tortor. Interdum et malesuada fames ac ante ipsum primis in faucibus. Nunc tempus consequat neque, et eleifend nulla aliquam eu.",Author 92,10,100-nha-khoa-hoc-vi-ai-thay-oi-the-gioi,NXB 92,2003,107
https://cdn1.fahasa.com/media/catalog/product/8/9/8934974203766.jpg,Những Mảnh Ký Ức 1979-1989 - Chuyện Kể Từ Biên Giới Phía Bắc,284500,44,9780085480990,"Lorem ipsum dolor sit amet, consectetur adipiscing elit. Nam congue vel tellus non luctus. Vestibulum vitae nunc lorem. Sed lacinia lectus vel augue imperdiet ultricies. Donec id venenatis ex, vitae pretium ligula. Sed nulla eros, dignissim at feugiat non, posuere sit amet urna. Ut eu porttitor tellus. Cras eu massa nulla. Morbi porta fermentum elit eu iaculis. Pellentesque hendrerit venenatis purus at feugiat. Pellentesque vitae feugiat purus. Donec mattis rhoncus lacinia. Sed quam diam, molestie id laoreet eu, lacinia ac turpis. Cras tincidunt lobortis elit quis aliquam. Proin et massa libero.

Aliquam id pharetra arcu. Vivamus vitae mattis ligula. Sed efficitur urna vitae scelerisque tempor. Proin purus magna, vulputate eu ligula a, vehicula malesuada enim. Curabitur aliquet rutrum enim et tincidunt. Vestibulum ante ipsum primis in faucibus orci luctus et ultrices posuere cubilia curae; Vivamus pharetra enim leo, nec molestie nibh consectetur quis. Class aptent taciti sociosqu ad litora torquent per conubia nostra, per inceptos himenaeos. Nunc quis maximus elit, vitae pulvinar urna. Integer at mi elit. Phasellus vitae rutrum sem. Vivamus et mauris ac nisl congue congue eu eget elit. Nullam at quam velit. Pellentesque dictum, diam nec tempor aliquet, tortor justo fermentum sapien, at condimentum turpis elit vel sapien. Aenean rutrum tellus sodales tortor viverra eleifend.

Donec facilisis, diam efficitur maximus ultrices, enim lectus rutrum elit, eget malesuada mi justo dapibus enim. Maecenas finibus euismod nulla quis dignissim. Sed dictum ante rutrum turpis euismod laoreet. Sed placerat tellus leo. In ut lobortis lorem. Nullam vitae lectus egestas urna tincidunt aliquet. Ut sagittis vel enim eget malesuada. Cras in congue tortor. Interdum et malesuada fames ac ante ipsum primis in faucibus. Nunc tempus consequat neque, et eleifend nulla aliquam eu.",Author 93,7,nhung-manh-ky-uc-1979-1989-chuyen-ke-tu-bien-gioi-phia-bac,NXB 93,2007,130
https://cdn1.fahasa.com/media/catalog/product/8/9/8935244881615.jpg,Người Lính Phi Công Kể Chuyện,31500,44,9780085480991,"Lorem ipsum dolor sit amet, consectetur adipiscing elit. Nam congue vel tellus non luctus. Vestibulum vitae nunc lorem. Sed lacinia lectus vel augue imperdiet ultricies. Donec id venenatis ex, vitae pretium ligula. Sed nulla eros, dignissim at feugiat non, posuere sit amet urna. Ut eu porttitor tellus. Cras eu massa nulla. Morbi porta fermentum elit eu iaculis. Pellentesque hendrerit venenatis purus at feugiat. Pellentesque vitae feugiat purus. Donec mattis rhoncus lacinia. Sed quam diam, molestie id laoreet eu, lacinia ac turpis. Cras tincidunt lobortis elit quis aliquam. Proin et massa libero.

Aliquam id pharetra arcu. Vivamus vitae mattis ligula. Sed efficitur urna vitae scelerisque tempor. Proin purus magna, vulputate eu ligula a, vehicula malesuada enim. Curabitur aliquet rutrum enim et tincidunt. Vestibulum ante ipsum primis in faucibus orci luctus et ultrices posuere cubilia curae; Vivamus pharetra enim leo, nec molestie nibh consectetur quis. Class aptent taciti sociosqu ad litora torquent per conubia nostra, per inceptos himenaeos. Nunc quis maximus elit, vitae pulvinar urna. Integer at mi elit. Phasellus vitae rutrum sem. Vivamus et mauris ac nisl congue congue eu eget elit. Nullam at quam velit. Pellentesque dictum, diam nec tempor aliquet, tortor justo fermentum sapien, at condimentum turpis elit vel sapien. Aenean rutrum tellus sodales tortor viverra eleifend.

Donec facilisis, diam efficitur maximus ultrices, enim lectus rutrum elit, eget malesuada mi justo dapibus enim. Maecenas finibus euismod nulla quis dignissim. Sed dictum ante rutrum turpis euismod laoreet. Sed placerat tellus leo. In ut lobortis lorem. Nullam vitae lectus egestas urna tincidunt aliquet. Ut sagittis vel enim eget malesuada. Cras in congue tortor. Interdum et malesuada fames ac ante ipsum primis in faucibus. Nunc tempus consequat neque, et eleifend nulla aliquam eu.",Author 94,17,nguoi-linh-phi-cong-ke-chuyen,NXB 94,2012,141
https://cdn1.fahasa.com/media/catalog/product/8/9/8935270704025.jpg,Cổ Học Tinh Hoa,160500,44,9780085480992,"Lorem ipsum dolor sit amet, consectetur adipiscing elit. Nam congue vel tellus non luctus. Vestibulum vitae nunc lorem. Sed lacinia lectus vel augue imperdiet ultricies. Donec id venenatis ex, vitae pretium ligula. Sed nulla eros, dignissim at feugiat non, posuere sit amet urna. Ut eu porttitor tellus. Cras eu massa nulla. Morbi porta fermentum elit eu iaculis. Pellentesque hendrerit venenatis purus at feugiat. Pellentesque vitae feugiat purus. Donec mattis rhoncus lacinia. Sed quam diam, molestie id laoreet eu, lacinia ac turpis. Cras tincidunt lobortis elit quis aliquam. Proin et massa libero.

Aliquam id pharetra arcu. Vivamus vitae mattis ligula. Sed efficitur urna vitae scelerisque tempor. Proin purus magna, vulputate eu ligula a, vehicula malesuada enim. Curabitur aliquet rutrum enim et tincidunt. Vestibulum ante ipsum primis in faucibus orci luctus et ultrices posuere cubilia curae; Vivamus pharetra enim leo, nec molestie nibh consectetur quis. Class aptent taciti sociosqu ad litora torquent per conubia nostra, per inceptos himenaeos. Nunc quis maximus elit, vitae pulvinar urna. Integer at mi elit. Phasellus vitae rutrum sem. Vivamus et mauris ac nisl congue congue eu eget elit. Nullam at quam velit. Pellentesque dictum, diam nec tempor aliquet, tortor justo fermentum sapien, at condimentum turpis elit vel sapien. Aenean rutrum tellus sodales tortor viverra eleifend.

Donec facilisis, diam efficitur maximus ultrices, enim lectus rutrum elit, eget malesuada mi justo dapibus enim. Maecenas finibus euismod nulla quis dignissim. Sed dictum ante rutrum turpis euismod laoreet. Sed placerat tellus leo. In ut lobortis lorem. Nullam vitae lectus egestas urna tincidunt aliquet. Ut sagittis vel enim eget malesuada. Cras in congue tortor. Interdum et malesuada fames ac ante ipsum primis in faucibus. Nunc tempus consequat neque, et eleifend nulla aliquam eu.",Author 95,5,co-hoc-tinh-hoa,NXB 95,2011,129
https://cdn1.fahasa.com/media/catalog/product/9/7/9786326261202.jpg,Ông Tướng Tình Báo Và Hai Bà Vợ - Thiếu Tướng-Anh Hùng Lực Lượng Vũ Trang Nhân Dân Đặng Trần Đức,312000,44,9780085480993,"Lorem ipsum dolor sit amet, consectetur adipiscing elit. Nam congue vel tellus non luctus. Vestibulum vitae nunc lorem. Sed lacinia lectus vel augue imperdiet ultricies. Donec id venenatis ex, vitae pretium ligula. Sed nulla eros, dignissim at feugiat non, posuere sit amet urna. Ut eu porttitor tellus. Cras eu massa nulla. Morbi porta fermentum elit eu iaculis. Pellentesque hendrerit venenatis purus at feugiat. Pellentesque vitae feugiat purus. Donec mattis rhoncus lacinia. Sed quam diam, molestie id laoreet eu, lacinia ac turpis. Cras tincidunt lobortis elit quis aliquam. Proin et massa libero.

Aliquam id pharetra arcu. Vivamus vitae mattis ligula. Sed efficitur urna vitae scelerisque tempor. Proin purus magna, vulputate eu ligula a, vehicula malesuada enim. Curabitur aliquet rutrum enim et tincidunt. Vestibulum ante ipsum primis in faucibus orci luctus et ultrices posuere cubilia curae; Vivamus pharetra enim leo, nec molestie nibh consectetur quis. Class aptent taciti sociosqu ad litora torquent per conubia nostra, per inceptos himenaeos. Nunc quis maximus elit, vitae pulvinar urna. Integer at mi elit. Phasellus vitae rutrum sem. Vivamus et mauris ac nisl congue congue eu eget elit. Nullam at quam velit. Pellentesque dictum, diam nec tempor aliquet, tortor justo fermentum sapien, at condimentum turpis elit vel sapien. Aenean rutrum tellus sodales tortor viverra eleifend.

Donec facilisis, diam efficitur maximus ultrices, enim lectus rutrum elit, eget malesuada mi justo dapibus enim. Maecenas finibus euismod nulla quis dignissim. Sed dictum ante rutrum turpis euismod laoreet. Sed placerat tellus leo. In ut lobortis lorem. Nullam vitae lectus egestas urna tincidunt aliquet. Ut sagittis vel enim eget malesuada. Cras in congue tortor. Interdum et malesuada fames ac ante ipsum primis in faucibus. Nunc tempus consequat neque, et eleifend nulla aliquam eu.",Author 96,10,ong-tuong-tinh-bao-va-hai-ba-vo-thieu-tuong-anh-hung-luc-luong-vu-trang-nhan-dan-ang-tran-uc,NXB 96,2011,123
https://cdn1.fahasa.com/media/catalog/product/z/7/z7360349587378_3656a2af85c005dc004a714926ff368e.jpg,Sống Như Anh - Anh Hùng Lực Lượng Vũ Trang Nhân Dân Nguyễn Văn Trỗi - Tặng Kèm Đai Sách Kỷ Niệm + Bookmark + Bộ Tem Anh Nguyễn Văn Trỗi Độc Quyền,99000,44,9780085480994,"Lorem ipsum dolor sit amet, consectetur adipiscing elit. Nam congue vel tellus non luctus. Vestibulum vitae nunc lorem. Sed lacinia lectus vel augue imperdiet ultricies. Donec id venenatis ex, vitae pretium ligula. Sed nulla eros, dignissim at feugiat non, posuere sit amet urna. Ut eu porttitor tellus. Cras eu massa nulla. Morbi porta fermentum elit eu iaculis. Pellentesque hendrerit venenatis purus at feugiat. Pellentesque vitae feugiat purus. Donec mattis rhoncus lacinia. Sed quam diam, molestie id laoreet eu, lacinia ac turpis. Cras tincidunt lobortis elit quis aliquam. Proin et massa libero.

Aliquam id pharetra arcu. Vivamus vitae mattis ligula. Sed efficitur urna vitae scelerisque tempor. Proin purus magna, vulputate eu ligula a, vehicula malesuada enim. Curabitur aliquet rutrum enim et tincidunt. Vestibulum ante ipsum primis in faucibus orci luctus et ultrices posuere cubilia curae; Vivamus pharetra enim leo, nec molestie nibh consectetur quis. Class aptent taciti sociosqu ad litora torquent per conubia nostra, per inceptos himenaeos. Nunc quis maximus elit, vitae pulvinar urna. Integer at mi elit. Phasellus vitae rutrum sem. Vivamus et mauris ac nisl congue congue eu eget elit. Nullam at quam velit. Pellentesque dictum, diam nec tempor aliquet, tortor justo fermentum sapien, at condimentum turpis elit vel sapien. Aenean rutrum tellus sodales tortor viverra eleifend.

Donec facilisis, diam efficitur maximus ultrices, enim lectus rutrum elit, eget malesuada mi justo dapibus enim. Maecenas finibus euismod nulla quis dignissim. Sed dictum ante rutrum turpis euismod laoreet. Sed placerat tellus leo. In ut lobortis lorem. Nullam vitae lectus egestas urna tincidunt aliquet. Ut sagittis vel enim eget malesuada. Cras in congue tortor. Interdum et malesuada fames ac ante ipsum primis in faucibus. Nunc tempus consequat neque, et eleifend nulla aliquam eu.",Author 97,20,song-nhu-anh-anh-hung-luc-luong-vu-trang-nhan-dan-nguyen-van-troi-tang-kem-ai-sach-ky-niem-bookmark-bo-tem-anh-nguyen-van-troi-oc-quyen,NXB 97,2020,89
https://cdn1.fahasa.com/media/catalog/product/8/9/8934974184966.jpg,Lịch Sử Việt Nam Bằng Tranh - Cờ Lau Vạn Thắng Vương (Bản Màu) (Tái Bản 2023),59500,44,9780085480995,"Lorem ipsum dolor sit amet, consectetur adipiscing elit. Nam congue vel tellus non luctus. Vestibulum vitae nunc lorem. Sed lacinia lectus vel augue imperdiet ultricies. Donec id venenatis ex, vitae pretium ligula. Sed nulla eros, dignissim at feugiat non, posuere sit amet urna. Ut eu porttitor tellus. Cras eu massa nulla. Morbi porta fermentum elit eu iaculis. Pellentesque hendrerit venenatis purus at feugiat. Pellentesque vitae feugiat purus. Donec mattis rhoncus lacinia. Sed quam diam, molestie id laoreet eu, lacinia ac turpis. Cras tincidunt lobortis elit quis aliquam. Proin et massa libero.

Aliquam id pharetra arcu. Vivamus vitae mattis ligula. Sed efficitur urna vitae scelerisque tempor. Proin purus magna, vulputate eu ligula a, vehicula malesuada enim. Curabitur aliquet rutrum enim et tincidunt. Vestibulum ante ipsum primis in faucibus orci luctus et ultrices posuere cubilia curae; Vivamus pharetra enim leo, nec molestie nibh consectetur quis. Class aptent taciti sociosqu ad litora torquent per conubia nostra, per inceptos himenaeos. Nunc quis maximus elit, vitae pulvinar urna. Integer at mi elit. Phasellus vitae rutrum sem. Vivamus et mauris ac nisl congue congue eu eget elit. Nullam at quam velit. Pellentesque dictum, diam nec tempor aliquet, tortor justo fermentum sapien, at condimentum turpis elit vel sapien. Aenean rutrum tellus sodales tortor viverra eleifend.

Donec facilisis, diam efficitur maximus ultrices, enim lectus rutrum elit, eget malesuada mi justo dapibus enim. Maecenas finibus euismod nulla quis dignissim. Sed dictum ante rutrum turpis euismod laoreet. Sed placerat tellus leo. In ut lobortis lorem. Nullam vitae lectus egestas urna tincidunt aliquet. Ut sagittis vel enim eget malesuada. Cras in congue tortor. Interdum et malesuada fames ac ante ipsum primis in faucibus. Nunc tempus consequat neque, et eleifend nulla aliquam eu.",Author 98,9,lich-su-viet-nam-bang-tranh-co-lau-van-thang-vuong-ban-mau-tai-ban-2023,NXB 98,2023,85
https://cdn1.fahasa.com/media/catalog/product/8/9/8934974184997.jpg,Lịch Sử Việt Nam Bằng Tranh - Hai Bà Trưng (Bản Màu) (Tái Bản 2023),59500,44,9780085480996,"Lorem ipsum dolor sit amet, consectetur adipiscing elit. Nam congue vel tellus non luctus. Vestibulum vitae nunc lorem. Sed lacinia lectus vel augue imperdiet ultricies. Donec id venenatis ex, vitae pretium ligula. Sed nulla eros, dignissim at feugiat non, posuere sit amet urna. Ut eu porttitor tellus. Cras eu massa nulla. Morbi porta fermentum elit eu iaculis. Pellentesque hendrerit venenatis purus at feugiat. Pellentesque vitae feugiat purus. Donec mattis rhoncus lacinia. Sed quam diam, molestie id laoreet eu, lacinia ac turpis. Cras tincidunt lobortis elit quis aliquam. Proin et massa libero.

Aliquam id pharetra arcu. Vivamus vitae mattis ligula. Sed efficitur urna vitae scelerisque tempor. Proin purus magna, vulputate eu ligula a, vehicula malesuada enim. Curabitur aliquet rutrum enim et tincidunt. Vestibulum ante ipsum primis in faucibus orci luctus et ultrices posuere cubilia curae; Vivamus pharetra enim leo, nec molestie nibh consectetur quis. Class aptent taciti sociosqu ad litora torquent per conubia nostra, per inceptos himenaeos. Nunc quis maximus elit, vitae pulvinar urna. Integer at mi elit. Phasellus vitae rutrum sem. Vivamus et mauris ac nisl congue congue eu eget elit. Nullam at quam velit. Pellentesque dictum, diam nec tempor aliquet, tortor justo fermentum sapien, at condimentum turpis elit vel sapien. Aenean rutrum tellus sodales tortor viverra eleifend.

Donec facilisis, diam efficitur maximus ultrices, enim lectus rutrum elit, eget malesuada mi justo dapibus enim. Maecenas finibus euismod nulla quis dignissim. Sed dictum ante rutrum turpis euismod laoreet. Sed placerat tellus leo. In ut lobortis lorem. Nullam vitae lectus egestas urna tincidunt aliquet. Ut sagittis vel enim eget malesuada. Cras in congue tortor. Interdum et malesuada fames ac ante ipsum primis in faucibus. Nunc tempus consequat neque, et eleifend nulla aliquam eu.",Author 99,18,lich-su-viet-nam-bang-tranh-hai-ba-trung-ban-mau-tai-ban-2023,NXB 99,2004,68
https://cdn1.fahasa.com/media/catalog/product/9/7/9786044910895.jpg,Cùng Cha Tới Auschwits,146250,44,9780085480997,"Lorem ipsum dolor sit amet, consectetur adipiscing elit. Nam congue vel tellus non luctus. Vestibulum vitae nunc lorem. Sed lacinia lectus vel augue imperdiet ultricies. Donec id venenatis ex, vitae pretium ligula. Sed nulla eros, dignissim at feugiat non, posuere sit amet urna. Ut eu porttitor tellus. Cras eu massa nulla. Morbi porta fermentum elit eu iaculis. Pellentesque hendrerit venenatis purus at feugiat. Pellentesque vitae feugiat purus. Donec mattis rhoncus lacinia. Sed quam diam, molestie id laoreet eu, lacinia ac turpis. Cras tincidunt lobortis elit quis aliquam. Proin et massa libero.

Aliquam id pharetra arcu. Vivamus vitae mattis ligula. Sed efficitur urna vitae scelerisque tempor. Proin purus magna, vulputate eu ligula a, vehicula malesuada enim. Curabitur aliquet rutrum enim et tincidunt. Vestibulum ante ipsum primis in faucibus orci luctus et ultrices posuere cubilia curae; Vivamus pharetra enim leo, nec molestie nibh consectetur quis. Class aptent taciti sociosqu ad litora torquent per conubia nostra, per inceptos himenaeos. Nunc quis maximus elit, vitae pulvinar urna. Integer at mi elit. Phasellus vitae rutrum sem. Vivamus et mauris ac nisl congue congue eu eget elit. Nullam at quam velit. Pellentesque dictum, diam nec tempor aliquet, tortor justo fermentum sapien, at condimentum turpis elit vel sapien. Aenean rutrum tellus sodales tortor viverra eleifend.

Donec facilisis, diam efficitur maximus ultrices, enim lectus rutrum elit, eget malesuada mi justo dapibus enim. Maecenas finibus euismod nulla quis dignissim. Sed dictum ante rutrum turpis euismod laoreet. Sed placerat tellus leo. In ut lobortis lorem. Nullam vitae lectus egestas urna tincidunt aliquet. Ut sagittis vel enim eget malesuada. Cras in congue tortor. Interdum et malesuada fames ac ante ipsum primis in faucibus. Nunc tempus consequat neque, et eleifend nulla aliquam eu.",Author 100,9,cung-cha-toi-auschwits,NXB 100,2000,119
https://cdn1.fahasa.com/media/catalog/product/8/9/8934974184959.jpg,Lịch Sử Việt Nam Bằng Tranh - Lý Thường Kiệt (Bản Màu) (Tái Bản 2023),59500,44,9780085480998,"Lorem ipsum dolor sit amet, consectetur adipiscing elit. Nam congue vel tellus non luctus. Vestibulum vitae nunc lorem. Sed lacinia lectus vel augue imperdiet ultricies. Donec id venenatis ex, vitae pretium ligula. Sed nulla eros, dignissim at feugiat non, posuere sit amet urna. Ut eu porttitor tellus. Cras eu massa nulla. Morbi porta fermentum elit eu iaculis. Pellentesque hendrerit venenatis purus at feugiat. Pellentesque vitae feugiat purus. Donec mattis rhoncus lacinia. Sed quam diam, molestie id laoreet eu, lacinia ac turpis. Cras tincidunt lobortis elit quis aliquam. Proin et massa libero.

Aliquam id pharetra arcu. Vivamus vitae mattis ligula. Sed efficitur urna vitae scelerisque tempor. Proin purus magna, vulputate eu ligula a, vehicula malesuada enim. Curabitur aliquet rutrum enim et tincidunt. Vestibulum ante ipsum primis in faucibus orci luctus et ultrices posuere cubilia curae; Vivamus pharetra enim leo, nec molestie nibh consectetur quis. Class aptent taciti sociosqu ad litora torquent per conubia nostra, per inceptos himenaeos. Nunc quis maximus elit, vitae pulvinar urna. Integer at mi elit. Phasellus vitae rutrum sem. Vivamus et mauris ac nisl congue congue eu eget elit. Nullam at quam velit. Pellentesque dictum, diam nec tempor aliquet, tortor justo fermentum sapien, at condimentum turpis elit vel sapien. Aenean rutrum tellus sodales tortor viverra eleifend.

Donec facilisis, diam efficitur maximus ultrices, enim lectus rutrum elit, eget malesuada mi justo dapibus enim. Maecenas finibus euismod nulla quis dignissim. Sed dictum ante rutrum turpis euismod laoreet. Sed placerat tellus leo. In ut lobortis lorem. Nullam vitae lectus egestas urna tincidunt aliquet. Ut sagittis vel enim eget malesuada. Cras in congue tortor. Interdum et malesuada fames ac ante ipsum primis in faucibus. Nunc tempus consequat neque, et eleifend nulla aliquam eu.",Author 101,4,lich-su-viet-nam-bang-tranh-ly-thuong-kiet-ban-mau-tai-ban-2023,NXB 101,2016,85
https://cdn1.fahasa.com/media/catalog/product/8/9/8934974184973.jpg,Lịch Sử Việt Nam Bằng Tranh - Nguyễn Trãi (Bản Màu) (Tái Bản 2023),55000,44,9780085480999,"Lorem ipsum dolor sit amet, consectetur adipiscing elit. Nam congue vel tellus non luctus. Vestibulum vitae nunc lorem. Sed lacinia lectus vel augue imperdiet ultricies. Donec id venenatis ex, vitae pretium ligula. Sed nulla eros, dignissim at feugiat non, posuere sit amet urna. Ut eu porttitor tellus. Cras eu massa nulla. Morbi porta fermentum elit eu iaculis. Pellentesque hendrerit venenatis purus at feugiat. Pellentesque vitae feugiat purus. Donec mattis rhoncus lacinia. Sed quam diam, molestie id laoreet eu, lacinia ac turpis. Cras tincidunt lobortis elit quis aliquam. Proin et massa libero.

Aliquam id pharetra arcu. Vivamus vitae mattis ligula. Sed efficitur urna vitae scelerisque tempor. Proin purus magna, vulputate eu ligula a, vehicula malesuada enim. Curabitur aliquet rutrum enim et tincidunt. Vestibulum ante ipsum primis in faucibus orci luctus et ultrices posuere cubilia curae; Vivamus pharetra enim leo, nec molestie nibh consectetur quis. Class aptent taciti sociosqu ad litora torquent per conubia nostra, per inceptos himenaeos. Nunc quis maximus elit, vitae pulvinar urna. Integer at mi elit. Phasellus vitae rutrum sem. Vivamus et mauris ac nisl congue congue eu eget elit. Nullam at quam velit. Pellentesque dictum, diam nec tempor aliquet, tortor justo fermentum sapien, at condimentum turpis elit vel sapien. Aenean rutrum tellus sodales tortor viverra eleifend.

Donec facilisis, diam efficitur maximus ultrices, enim lectus rutrum elit, eget malesuada mi justo dapibus enim. Maecenas finibus euismod nulla quis dignissim. Sed dictum ante rutrum turpis euismod laoreet. Sed placerat tellus leo. In ut lobortis lorem. Nullam vitae lectus egestas urna tincidunt aliquet. Ut sagittis vel enim eget malesuada. Cras in congue tortor. Interdum et malesuada fames ac ante ipsum primis in faucibus. Nunc tempus consequat neque, et eleifend nulla aliquam eu.",Author 102,8,lich-su-viet-nam-bang-tranh-nguyen-trai-ban-mau-tai-ban-2023,NXB 102,2013,135
https://cdn1.fahasa.com/media/catalog/product/8/9/8934974184935.jpg,Lịch Sử Việt Nam Bằng Tranh - Thăng Long Buổi Đầu (Bản Màu) (Tái Bản 2023),55000,44,9780085481000,"Lorem ipsum dolor sit amet, consectetur adipiscing elit. Nam congue vel tellus non luctus. Vestibulum vitae nunc lorem. Sed lacinia lectus vel augue imperdiet ultricies. Donec id venenatis ex, vitae pretium ligula. Sed nulla eros, dignissim at feugiat non, posuere sit amet urna. Ut eu porttitor tellus. Cras eu massa nulla. Morbi porta fermentum elit eu iaculis. Pellentesque hendrerit venenatis purus at feugiat. Pellentesque vitae feugiat purus. Donec mattis rhoncus lacinia. Sed quam diam, molestie id laoreet eu, lacinia ac turpis. Cras tincidunt lobortis elit quis aliquam. Proin et massa libero.

Aliquam id pharetra arcu. Vivamus vitae mattis ligula. Sed efficitur urna vitae scelerisque tempor. Proin purus magna, vulputate eu ligula a, vehicula malesuada enim. Curabitur aliquet rutrum enim et tincidunt. Vestibulum ante ipsum primis in faucibus orci luctus et ultrices posuere cubilia curae; Vivamus pharetra enim leo, nec molestie nibh consectetur quis. Class aptent taciti sociosqu ad litora torquent per conubia nostra, per inceptos himenaeos. Nunc quis maximus elit, vitae pulvinar urna. Integer at mi elit. Phasellus vitae rutrum sem. Vivamus et mauris ac nisl congue congue eu eget elit. Nullam at quam velit. Pellentesque dictum, diam nec tempor aliquet, tortor justo fermentum sapien, at condimentum turpis elit vel sapien. Aenean rutrum tellus sodales tortor viverra eleifend.

Donec facilisis, diam efficitur maximus ultrices, enim lectus rutrum elit, eget malesuada mi justo dapibus enim. Maecenas finibus euismod nulla quis dignissim. Sed dictum ante rutrum turpis euismod laoreet. Sed placerat tellus leo. In ut lobortis lorem. Nullam vitae lectus egestas urna tincidunt aliquet. Ut sagittis vel enim eget malesuada. Cras in congue tortor. Interdum et malesuada fames ac ante ipsum primis in faucibus. Nunc tempus consequat neque, et eleifend nulla aliquam eu.",Author 103,18,lich-su-viet-nam-bang-tranh-thang-long-buoi-au-ban-mau-tai-ban-2023,NXB 103,2000,148
https://cdn1.fahasa.com/media/catalog/product/8/9/8934974185017.jpg,Lịch Sử Việt Nam Bằng Tranh - Vua Lê Đại Hành (Bản Màu) (Tái Bản 2023),51000,44,9780085481001,"Lorem ipsum dolor sit amet, consectetur adipiscing elit. Nam congue vel tellus non luctus. Vestibulum vitae nunc lorem. Sed lacinia lectus vel augue imperdiet ultricies. Donec id venenatis ex, vitae pretium ligula. Sed nulla eros, dignissim at feugiat non, posuere sit amet urna. Ut eu porttitor tellus. Cras eu massa nulla. Morbi porta fermentum elit eu iaculis. Pellentesque hendrerit venenatis purus at feugiat. Pellentesque vitae feugiat purus. Donec mattis rhoncus lacinia. Sed quam diam, molestie id laoreet eu, lacinia ac turpis. Cras tincidunt lobortis elit quis aliquam. Proin et massa libero.

Aliquam id pharetra arcu. Vivamus vitae mattis ligula. Sed efficitur urna vitae scelerisque tempor. Proin purus magna, vulputate eu ligula a, vehicula malesuada enim. Curabitur aliquet rutrum enim et tincidunt. Vestibulum ante ipsum primis in faucibus orci luctus et ultrices posuere cubilia curae; Vivamus pharetra enim leo, nec molestie nibh consectetur quis. Class aptent taciti sociosqu ad litora torquent per conubia nostra, per inceptos himenaeos. Nunc quis maximus elit, vitae pulvinar urna. Integer at mi elit. Phasellus vitae rutrum sem. Vivamus et mauris ac nisl congue congue eu eget elit. Nullam at quam velit. Pellentesque dictum, diam nec tempor aliquet, tortor justo fermentum sapien, at condimentum turpis elit vel sapien. Aenean rutrum tellus sodales tortor viverra eleifend.

Donec facilisis, diam efficitur maximus ultrices, enim lectus rutrum elit, eget malesuada mi justo dapibus enim. Maecenas finibus euismod nulla quis dignissim. Sed dictum ante rutrum turpis euismod laoreet. Sed placerat tellus leo. In ut lobortis lorem. Nullam vitae lectus egestas urna tincidunt aliquet. Ut sagittis vel enim eget malesuada. Cras in congue tortor. Interdum et malesuada fames ac ante ipsum primis in faucibus. Nunc tempus consequat neque, et eleifend nulla aliquam eu.",Author 104,8,lich-su-viet-nam-bang-tranh-vua-le-ai-hanh-ban-mau-tai-ban-2023,NXB 104,2017,90
https://cdn1.fahasa.com/media/catalog/product/i/m/image_195509_1_27262.jpg,Thành Đoàn Cùng Quân Và Dân Sài Gòn - Gia Định Tham Gia Chiến Dịch Hồ Chí Minh,195500,44,9780085481002,"Lorem ipsum dolor sit amet, consectetur adipiscing elit. Nam congue vel tellus non luctus. Vestibulum vitae nunc lorem. Sed lacinia lectus vel augue imperdiet ultricies. Donec id venenatis ex, vitae pretium ligula. Sed nulla eros, dignissim at feugiat non, posuere sit amet urna. Ut eu porttitor tellus. Cras eu massa nulla. Morbi porta fermentum elit eu iaculis. Pellentesque hendrerit venenatis purus at feugiat. Pellentesque vitae feugiat purus. Donec mattis rhoncus lacinia. Sed quam diam, molestie id laoreet eu, lacinia ac turpis. Cras tincidunt lobortis elit quis aliquam. Proin et massa libero.

Aliquam id pharetra arcu. Vivamus vitae mattis ligula. Sed efficitur urna vitae scelerisque tempor. Proin purus magna, vulputate eu ligula a, vehicula malesuada enim. Curabitur aliquet rutrum enim et tincidunt. Vestibulum ante ipsum primis in faucibus orci luctus et ultrices posuere cubilia curae; Vivamus pharetra enim leo, nec molestie nibh consectetur quis. Class aptent taciti sociosqu ad litora torquent per conubia nostra, per inceptos himenaeos. Nunc quis maximus elit, vitae pulvinar urna. Integer at mi elit. Phasellus vitae rutrum sem. Vivamus et mauris ac nisl congue congue eu eget elit. Nullam at quam velit. Pellentesque dictum, diam nec tempor aliquet, tortor justo fermentum sapien, at condimentum turpis elit vel sapien. Aenean rutrum tellus sodales tortor viverra eleifend.

Donec facilisis, diam efficitur maximus ultrices, enim lectus rutrum elit, eget malesuada mi justo dapibus enim. Maecenas finibus euismod nulla quis dignissim. Sed dictum ante rutrum turpis euismod laoreet. Sed placerat tellus leo. In ut lobortis lorem. Nullam vitae lectus egestas urna tincidunt aliquet. Ut sagittis vel enim eget malesuada. Cras in congue tortor. Interdum et malesuada fames ac ante ipsum primis in faucibus. Nunc tempus consequat neque, et eleifend nulla aliquam eu.",Author 105,20,thanh-oan-cung-quan-va-dan-sai-gon-gia-inh-tham-gia-chien-dich-ho-chi-minh,NXB 105,2007,90
https://cdn1.fahasa.com/media/catalog/product/9/7/9786047261291.jpg,Chuyện Kể Bác Hồ Với Công An Nhân Dân - Bìa Cứng,382500,44,9780085481003,"Lorem ipsum dolor sit amet, consectetur adipiscing elit. Nam congue vel tellus non luctus. Vestibulum vitae nunc lorem. Sed lacinia lectus vel augue imperdiet ultricies. Donec id venenatis ex, vitae pretium ligula. Sed nulla eros, dignissim at feugiat non, posuere sit amet urna. Ut eu porttitor tellus. Cras eu massa nulla. Morbi porta fermentum elit eu iaculis. Pellentesque hendrerit venenatis purus at feugiat. Pellentesque vitae feugiat purus. Donec mattis rhoncus lacinia. Sed quam diam, molestie id laoreet eu, lacinia ac turpis. Cras tincidunt lobortis elit quis aliquam. Proin et massa libero.

Aliquam id pharetra arcu. Vivamus vitae mattis ligula. Sed efficitur urna vitae scelerisque tempor. Proin purus magna, vulputate eu ligula a, vehicula malesuada enim. Curabitur aliquet rutrum enim et tincidunt. Vestibulum ante ipsum primis in faucibus orci luctus et ultrices posuere cubilia curae; Vivamus pharetra enim leo, nec molestie nibh consectetur quis. Class aptent taciti sociosqu ad litora torquent per conubia nostra, per inceptos himenaeos. Nunc quis maximus elit, vitae pulvinar urna. Integer at mi elit. Phasellus vitae rutrum sem. Vivamus et mauris ac nisl congue congue eu eget elit. Nullam at quam velit. Pellentesque dictum, diam nec tempor aliquet, tortor justo fermentum sapien, at condimentum turpis elit vel sapien. Aenean rutrum tellus sodales tortor viverra eleifend.

Donec facilisis, diam efficitur maximus ultrices, enim lectus rutrum elit, eget malesuada mi justo dapibus enim. Maecenas finibus euismod nulla quis dignissim. Sed dictum ante rutrum turpis euismod laoreet. Sed placerat tellus leo. In ut lobortis lorem. Nullam vitae lectus egestas urna tincidunt aliquet. Ut sagittis vel enim eget malesuada. Cras in congue tortor. Interdum et malesuada fames ac ante ipsum primis in faucibus. Nunc tempus consequat neque, et eleifend nulla aliquam eu.",Author 106,17,chuyen-ke-bac-ho-voi-cong-an-nhan-dan-bia-cung,NXB 106,2022,94
https://cdn1.fahasa.com/media/catalog/product/9/7/9786326040401.jpg,Đi Tìm Chính Mình,128000,44,9780085481004,"Lorem ipsum dolor sit amet, consectetur adipiscing elit. Nam congue vel tellus non luctus. Vestibulum vitae nunc lorem. Sed lacinia lectus vel augue imperdiet ultricies. Donec id venenatis ex, vitae pretium ligula. Sed nulla eros, dignissim at feugiat non, posuere sit amet urna. Ut eu porttitor tellus. Cras eu massa nulla. Morbi porta fermentum elit eu iaculis. Pellentesque hendrerit venenatis purus at feugiat. Pellentesque vitae feugiat purus. Donec mattis rhoncus lacinia. Sed quam diam, molestie id laoreet eu, lacinia ac turpis. Cras tincidunt lobortis elit quis aliquam. Proin et massa libero.

Aliquam id pharetra arcu. Vivamus vitae mattis ligula. Sed efficitur urna vitae scelerisque tempor. Proin purus magna, vulputate eu ligula a, vehicula malesuada enim. Curabitur aliquet rutrum enim et tincidunt. Vestibulum ante ipsum primis in faucibus orci luctus et ultrices posuere cubilia curae; Vivamus pharetra enim leo, nec molestie nibh consectetur quis. Class aptent taciti sociosqu ad litora torquent per conubia nostra, per inceptos himenaeos. Nunc quis maximus elit, vitae pulvinar urna. Integer at mi elit. Phasellus vitae rutrum sem. Vivamus et mauris ac nisl congue congue eu eget elit. Nullam at quam velit. Pellentesque dictum, diam nec tempor aliquet, tortor justo fermentum sapien, at condimentum turpis elit vel sapien. Aenean rutrum tellus sodales tortor viverra eleifend.

Donec facilisis, diam efficitur maximus ultrices, enim lectus rutrum elit, eget malesuada mi justo dapibus enim. Maecenas finibus euismod nulla quis dignissim. Sed dictum ante rutrum turpis euismod laoreet. Sed placerat tellus leo. In ut lobortis lorem. Nullam vitae lectus egestas urna tincidunt aliquet. Ut sagittis vel enim eget malesuada. Cras in congue tortor. Interdum et malesuada fames ac ante ipsum primis in faucibus. Nunc tempus consequat neque, et eleifend nulla aliquam eu.",Author 107,19,i-tim-chinh-minh,NXB 107,2023,109
https://cdn1.fahasa.com/media/catalog/product/i/m/image_195509_1_36738.jpg,Combo Sự Phát Triển Của Tư Tưởng Ở Việt Nam Từ Thế Kỷ XIX Đến Cách Mạng Tháng Tám: Tập 1 Và 2 (Bộ 2 Tập),323000,44,9780085481005,"Lorem ipsum dolor sit amet, consectetur adipiscing elit. Nam congue vel tellus non luctus. Vestibulum vitae nunc lorem. Sed lacinia lectus vel augue imperdiet ultricies. Donec id venenatis ex, vitae pretium ligula. Sed nulla eros, dignissim at feugiat non, posuere sit amet urna. Ut eu porttitor tellus. Cras eu massa nulla. Morbi porta fermentum elit eu iaculis. Pellentesque hendrerit venenatis purus at feugiat. Pellentesque vitae feugiat purus. Donec mattis rhoncus lacinia. Sed quam diam, molestie id laoreet eu, lacinia ac turpis. Cras tincidunt lobortis elit quis aliquam. Proin et massa libero.

Aliquam id pharetra arcu. Vivamus vitae mattis ligula. Sed efficitur urna vitae scelerisque tempor. Proin purus magna, vulputate eu ligula a, vehicula malesuada enim. Curabitur aliquet rutrum enim et tincidunt. Vestibulum ante ipsum primis in faucibus orci luctus et ultrices posuere cubilia curae; Vivamus pharetra enim leo, nec molestie nibh consectetur quis. Class aptent taciti sociosqu ad litora torquent per conubia nostra, per inceptos himenaeos. Nunc quis maximus elit, vitae pulvinar urna. Integer at mi elit. Phasellus vitae rutrum sem. Vivamus et mauris ac nisl congue congue eu eget elit. Nullam at quam velit. Pellentesque dictum, diam nec tempor aliquet, tortor justo fermentum sapien, at condimentum turpis elit vel sapien. Aenean rutrum tellus sodales tortor viverra eleifend.

Donec facilisis, diam efficitur maximus ultrices, enim lectus rutrum elit, eget malesuada mi justo dapibus enim. Maecenas finibus euismod nulla quis dignissim. Sed dictum ante rutrum turpis euismod laoreet. Sed placerat tellus leo. In ut lobortis lorem. Nullam vitae lectus egestas urna tincidunt aliquet. Ut sagittis vel enim eget malesuada. Cras in congue tortor. Interdum et malesuada fames ac ante ipsum primis in faucibus. Nunc tempus consequat neque, et eleifend nulla aliquam eu.",Author 108,7,combo-su-phat-trien-cua-tu-tuong-o-viet-nam-tu-the-ky-xix-en-cach-mang-thang-tam-tap-1-va-2-bo-2-tap,NXB 108,2015,146
https://cdn1.fahasa.com/media/catalog/product/9/7/9786047261307.jpg,Biên Niên Sự Kiện Chủ Tịch Hồ Chí Minh Với Công An Nhân Dân,76500,44,9780085481006,"Lorem ipsum dolor sit amet, consectetur adipiscing elit. Nam congue vel tellus non luctus. Vestibulum vitae nunc lorem. Sed lacinia lectus vel augue imperdiet ultricies. Donec id venenatis ex, vitae pretium ligula. Sed nulla eros, dignissim at feugiat non, posuere sit amet urna. Ut eu porttitor tellus. Cras eu massa nulla. Morbi porta fermentum elit eu iaculis. Pellentesque hendrerit venenatis purus at feugiat. Pellentesque vitae feugiat purus. Donec mattis rhoncus lacinia. Sed quam diam, molestie id laoreet eu, lacinia ac turpis. Cras tincidunt lobortis elit quis aliquam. Proin et massa libero.

Aliquam id pharetra arcu. Vivamus vitae mattis ligula. Sed efficitur urna vitae scelerisque tempor. Proin purus magna, vulputate eu ligula a, vehicula malesuada enim. Curabitur aliquet rutrum enim et tincidunt. Vestibulum ante ipsum primis in faucibus orci luctus et ultrices posuere cubilia curae; Vivamus pharetra enim leo, nec molestie nibh consectetur quis. Class aptent taciti sociosqu ad litora torquent per conubia nostra, per inceptos himenaeos. Nunc quis maximus elit, vitae pulvinar urna. Integer at mi elit. Phasellus vitae rutrum sem. Vivamus et mauris ac nisl congue congue eu eget elit. Nullam at quam velit. Pellentesque dictum, diam nec tempor aliquet, tortor justo fermentum sapien, at condimentum turpis elit vel sapien. Aenean rutrum tellus sodales tortor viverra eleifend.

Donec facilisis, diam efficitur maximus ultrices, enim lectus rutrum elit, eget malesuada mi justo dapibus enim. Maecenas finibus euismod nulla quis dignissim. Sed dictum ante rutrum turpis euismod laoreet. Sed placerat tellus leo. In ut lobortis lorem. Nullam vitae lectus egestas urna tincidunt aliquet. Ut sagittis vel enim eget malesuada. Cras in congue tortor. Interdum et malesuada fames ac ante ipsum primis in faucibus. Nunc tempus consequat neque, et eleifend nulla aliquam eu.",Author 109,13,bien-nien-su-kien-chu-tich-ho-chi-minh-voi-cong-an-nhan-dan,NXB 109,2006,50
https://cdn1.fahasa.com/media/catalog/product/b/_/b_a-h_-ch_-minh-qua-h_i-_c-c_a-nh_ng-c_u-t_-ch_nh-tr_-c_n-_o.jpg,Hồ Chí Minh Qua Hồi Ức Của Những Cựu Tù Chính Trị Côn Đảo,94000,44,9780085481007,"Lorem ipsum dolor sit amet, consectetur adipiscing elit. Nam congue vel tellus non luctus. Vestibulum vitae nunc lorem. Sed lacinia lectus vel augue imperdiet ultricies. Donec id venenatis ex, vitae pretium ligula. Sed nulla eros, dignissim at feugiat non, posuere sit amet urna. Ut eu porttitor tellus. Cras eu massa nulla. Morbi porta fermentum elit eu iaculis. Pellentesque hendrerit venenatis purus at feugiat. Pellentesque vitae feugiat purus. Donec mattis rhoncus lacinia. Sed quam diam, molestie id laoreet eu, lacinia ac turpis. Cras tincidunt lobortis elit quis aliquam. Proin et massa libero.

Aliquam id pharetra arcu. Vivamus vitae mattis ligula. Sed efficitur urna vitae scelerisque tempor. Proin purus magna, vulputate eu ligula a, vehicula malesuada enim. Curabitur aliquet rutrum enim et tincidunt. Vestibulum ante ipsum primis in faucibus orci luctus et ultrices posuere cubilia curae; Vivamus pharetra enim leo, nec molestie nibh consectetur quis. Class aptent taciti sociosqu ad litora torquent per conubia nostra, per inceptos himenaeos. Nunc quis maximus elit, vitae pulvinar urna. Integer at mi elit. Phasellus vitae rutrum sem. Vivamus et mauris ac nisl congue congue eu eget elit. Nullam at quam velit. Pellentesque dictum, diam nec tempor aliquet, tortor justo fermentum sapien, at condimentum turpis elit vel sapien. Aenean rutrum tellus sodales tortor viverra eleifend.

Donec facilisis, diam efficitur maximus ultrices, enim lectus rutrum elit, eget malesuada mi justo dapibus enim. Maecenas finibus euismod nulla quis dignissim. Sed dictum ante rutrum turpis euismod laoreet. Sed placerat tellus leo. In ut lobortis lorem. Nullam vitae lectus egestas urna tincidunt aliquet. Ut sagittis vel enim eget malesuada. Cras in congue tortor. Interdum et malesuada fames ac ante ipsum primis in faucibus. Nunc tempus consequat neque, et eleifend nulla aliquam eu.",Author 110,19,ho-chi-minh-qua-hoi-uc-cua-nhung-cuu-tu-chinh-tri-con-ao,NXB 110,2001,118
https://cdn1.fahasa.com/media/catalog/product/i/m/image_196250.jpg,Lịch Sử Cà Phê - Vàng Đen Hay Những Cuộc Du Hành Tăm Tối,216750,44,9780085481008,"Lorem ipsum dolor sit amet, consectetur adipiscing elit. Nam congue vel tellus non luctus. Vestibulum vitae nunc lorem. Sed lacinia lectus vel augue imperdiet ultricies. Donec id venenatis ex, vitae pretium ligula. Sed nulla eros, dignissim at feugiat non, posuere sit amet urna. Ut eu porttitor tellus. Cras eu massa nulla. Morbi porta fermentum elit eu iaculis. Pellentesque hendrerit venenatis purus at feugiat. Pellentesque vitae feugiat purus. Donec mattis rhoncus lacinia. Sed quam diam, molestie id laoreet eu, lacinia ac turpis. Cras tincidunt lobortis elit quis aliquam. Proin et massa libero.

Aliquam id pharetra arcu. Vivamus vitae mattis ligula. Sed efficitur urna vitae scelerisque tempor. Proin purus magna, vulputate eu ligula a, vehicula malesuada enim. Curabitur aliquet rutrum enim et tincidunt. Vestibulum ante ipsum primis in faucibus orci luctus et ultrices posuere cubilia curae; Vivamus pharetra enim leo, nec molestie nibh consectetur quis. Class aptent taciti sociosqu ad litora torquent per conubia nostra, per inceptos himenaeos. Nunc quis maximus elit, vitae pulvinar urna. Integer at mi elit. Phasellus vitae rutrum sem. Vivamus et mauris ac nisl congue congue eu eget elit. Nullam at quam velit. Pellentesque dictum, diam nec tempor aliquet, tortor justo fermentum sapien, at condimentum turpis elit vel sapien. Aenean rutrum tellus sodales tortor viverra eleifend.

Donec facilisis, diam efficitur maximus ultrices, enim lectus rutrum elit, eget malesuada mi justo dapibus enim. Maecenas finibus euismod nulla quis dignissim. Sed dictum ante rutrum turpis euismod laoreet. Sed placerat tellus leo. In ut lobortis lorem. Nullam vitae lectus egestas urna tincidunt aliquet. Ut sagittis vel enim eget malesuada. Cras in congue tortor. Interdum et malesuada fames ac ante ipsum primis in faucibus. Nunc tempus consequat neque, et eleifend nulla aliquam eu.",Author 111,15,lich-su-ca-phe-vang-en-hay-nhung-cuoc-du-hanh-tam-toi,NXB 111,2006,122
https://cdn1.fahasa.com/media/catalog/product/z/4/z4933209550294_20dd49046f06cc2f416df99349ab20ab.jpg,Hồi Ký Phóng Viên Hồi Ký Chiến Trường - Trên Những Nẻo Đường Chiến Tranh Và Hòa Bình,228500,44,9780085481009,"Lorem ipsum dolor sit amet, consectetur adipiscing elit. Nam congue vel tellus non luctus. Vestibulum vitae nunc lorem. Sed lacinia lectus vel augue imperdiet ultricies. Donec id venenatis ex, vitae pretium ligula. Sed nulla eros, dignissim at feugiat non, posuere sit amet urna. Ut eu porttitor tellus. Cras eu massa nulla. Morbi porta fermentum elit eu iaculis. Pellentesque hendrerit venenatis purus at feugiat. Pellentesque vitae feugiat purus. Donec mattis rhoncus lacinia. Sed quam diam, molestie id laoreet eu, lacinia ac turpis. Cras tincidunt lobortis elit quis aliquam. Proin et massa libero.

Aliquam id pharetra arcu. Vivamus vitae mattis ligula. Sed efficitur urna vitae scelerisque tempor. Proin purus magna, vulputate eu ligula a, vehicula malesuada enim. Curabitur aliquet rutrum enim et tincidunt. Vestibulum ante ipsum primis in faucibus orci luctus et ultrices posuere cubilia curae; Vivamus pharetra enim leo, nec molestie nibh consectetur quis. Class aptent taciti sociosqu ad litora torquent per conubia nostra, per inceptos himenaeos. Nunc quis maximus elit, vitae pulvinar urna. Integer at mi elit. Phasellus vitae rutrum sem. Vivamus et mauris ac nisl congue congue eu eget elit. Nullam at quam velit. Pellentesque dictum, diam nec tempor aliquet, tortor justo fermentum sapien, at condimentum turpis elit vel sapien. Aenean rutrum tellus sodales tortor viverra eleifend.

Donec facilisis, diam efficitur maximus ultrices, enim lectus rutrum elit, eget malesuada mi justo dapibus enim. Maecenas finibus euismod nulla quis dignissim. Sed dictum ante rutrum turpis euismod laoreet. Sed placerat tellus leo. In ut lobortis lorem. Nullam vitae lectus egestas urna tincidunt aliquet. Ut sagittis vel enim eget malesuada. Cras in congue tortor. Interdum et malesuada fames ac ante ipsum primis in faucibus. Nunc tempus consequat neque, et eleifend nulla aliquam eu.",Author 112,8,hoi-ky-phong-vien-hoi-ky-chien-truong-tren-nhung-neo-uong-chien-tranh-va-hoa-binh,NXB 112,2001,57
https://cdn1.fahasa.com/media/catalog/product/i/m/image_197598.jpg,Tư Trị Thông Giám - Tập 7,231000,44,9780085481010,"Lorem ipsum dolor sit amet, consectetur adipiscing elit. Nam congue vel tellus non luctus. Vestibulum vitae nunc lorem. Sed lacinia lectus vel augue imperdiet ultricies. Donec id venenatis ex, vitae pretium ligula. Sed nulla eros, dignissim at feugiat non, posuere sit amet urna. Ut eu porttitor tellus. Cras eu massa nulla. Morbi porta fermentum elit eu iaculis. Pellentesque hendrerit venenatis purus at feugiat. Pellentesque vitae feugiat purus. Donec mattis rhoncus lacinia. Sed quam diam, molestie id laoreet eu, lacinia ac turpis. Cras tincidunt lobortis elit quis aliquam. Proin et massa libero.

Aliquam id pharetra arcu. Vivamus vitae mattis ligula. Sed efficitur urna vitae scelerisque tempor. Proin purus magna, vulputate eu ligula a, vehicula malesuada enim. Curabitur aliquet rutrum enim et tincidunt. Vestibulum ante ipsum primis in faucibus orci luctus et ultrices posuere cubilia curae; Vivamus pharetra enim leo, nec molestie nibh consectetur quis. Class aptent taciti sociosqu ad litora torquent per conubia nostra, per inceptos himenaeos. Nunc quis maximus elit, vitae pulvinar urna. Integer at mi elit. Phasellus vitae rutrum sem. Vivamus et mauris ac nisl congue congue eu eget elit. Nullam at quam velit. Pellentesque dictum, diam nec tempor aliquet, tortor justo fermentum sapien, at condimentum turpis elit vel sapien. Aenean rutrum tellus sodales tortor viverra eleifend.

Donec facilisis, diam efficitur maximus ultrices, enim lectus rutrum elit, eget malesuada mi justo dapibus enim. Maecenas finibus euismod nulla quis dignissim. Sed dictum ante rutrum turpis euismod laoreet. Sed placerat tellus leo. In ut lobortis lorem. Nullam vitae lectus egestas urna tincidunt aliquet. Ut sagittis vel enim eget malesuada. Cras in congue tortor. Interdum et malesuada fames ac ante ipsum primis in faucibus. Nunc tempus consequat neque, et eleifend nulla aliquam eu.",Author 113,4,tu-tri-thong-giam-tap-7,NXB 113,2021,99
https://cdn1.fahasa.com/media/catalog/product/8/9/8935279152193.jpg,Việt Nam - Quê Hương Thứ Hai Của Tôi,202000,44,9780085481011,"Lorem ipsum dolor sit amet, consectetur adipiscing elit. Nam congue vel tellus non luctus. Vestibulum vitae nunc lorem. Sed lacinia lectus vel augue imperdiet ultricies. Donec id venenatis ex, vitae pretium ligula. Sed nulla eros, dignissim at feugiat non, posuere sit amet urna. Ut eu porttitor tellus. Cras eu massa nulla. Morbi porta fermentum elit eu iaculis. Pellentesque hendrerit venenatis purus at feugiat. Pellentesque vitae feugiat purus. Donec mattis rhoncus lacinia. Sed quam diam, molestie id laoreet eu, lacinia ac turpis. Cras tincidunt lobortis elit quis aliquam. Proin et massa libero.

Aliquam id pharetra arcu. Vivamus vitae mattis ligula. Sed efficitur urna vitae scelerisque tempor. Proin purus magna, vulputate eu ligula a, vehicula malesuada enim. Curabitur aliquet rutrum enim et tincidunt. Vestibulum ante ipsum primis in faucibus orci luctus et ultrices posuere cubilia curae; Vivamus pharetra enim leo, nec molestie nibh consectetur quis. Class aptent taciti sociosqu ad litora torquent per conubia nostra, per inceptos himenaeos. Nunc quis maximus elit, vitae pulvinar urna. Integer at mi elit. Phasellus vitae rutrum sem. Vivamus et mauris ac nisl congue congue eu eget elit. Nullam at quam velit. Pellentesque dictum, diam nec tempor aliquet, tortor justo fermentum sapien, at condimentum turpis elit vel sapien. Aenean rutrum tellus sodales tortor viverra eleifend.

Donec facilisis, diam efficitur maximus ultrices, enim lectus rutrum elit, eget malesuada mi justo dapibus enim. Maecenas finibus euismod nulla quis dignissim. Sed dictum ante rutrum turpis euismod laoreet. Sed placerat tellus leo. In ut lobortis lorem. Nullam vitae lectus egestas urna tincidunt aliquet. Ut sagittis vel enim eget malesuada. Cras in congue tortor. Interdum et malesuada fames ac ante ipsum primis in faucibus. Nunc tempus consequat neque, et eleifend nulla aliquam eu.",Author 114,16,viet-nam-que-huong-thu-hai-cua-toi,NXB 114,2012,88
https://cdn1.fahasa.com/media/catalog/product/s/o/song-trong-long-khang-chien_bia.jpg,Sống Trong Lòng Kháng Chiến,135000,44,9780085481012,"Lorem ipsum dolor sit amet, consectetur adipiscing elit. Nam congue vel tellus non luctus. Vestibulum vitae nunc lorem. Sed lacinia lectus vel augue imperdiet ultricies. Donec id venenatis ex, vitae pretium ligula. Sed nulla eros, dignissim at feugiat non, posuere sit amet urna. Ut eu porttitor tellus. Cras eu massa nulla. Morbi porta fermentum elit eu iaculis. Pellentesque hendrerit venenatis purus at feugiat. Pellentesque vitae feugiat purus. Donec mattis rhoncus lacinia. Sed quam diam, molestie id laoreet eu, lacinia ac turpis. Cras tincidunt lobortis elit quis aliquam. Proin et massa libero.

Aliquam id pharetra arcu. Vivamus vitae mattis ligula. Sed efficitur urna vitae scelerisque tempor. Proin purus magna, vulputate eu ligula a, vehicula malesuada enim. Curabitur aliquet rutrum enim et tincidunt. Vestibulum ante ipsum primis in faucibus orci luctus et ultrices posuere cubilia curae; Vivamus pharetra enim leo, nec molestie nibh consectetur quis. Class aptent taciti sociosqu ad litora torquent per conubia nostra, per inceptos himenaeos. Nunc quis maximus elit, vitae pulvinar urna. Integer at mi elit. Phasellus vitae rutrum sem. Vivamus et mauris ac nisl congue congue eu eget elit. Nullam at quam velit. Pellentesque dictum, diam nec tempor aliquet, tortor justo fermentum sapien, at condimentum turpis elit vel sapien. Aenean rutrum tellus sodales tortor viverra eleifend.

Donec facilisis, diam efficitur maximus ultrices, enim lectus rutrum elit, eget malesuada mi justo dapibus enim. Maecenas finibus euismod nulla quis dignissim. Sed dictum ante rutrum turpis euismod laoreet. Sed placerat tellus leo. In ut lobortis lorem. Nullam vitae lectus egestas urna tincidunt aliquet. Ut sagittis vel enim eget malesuada. Cras in congue tortor. Interdum et malesuada fames ac ante ipsum primis in faucibus. Nunc tempus consequat neque, et eleifend nulla aliquam eu.",Author 115,18,song-trong-long-khang-chien,NXB 115,2004,76
https://cdn1.fahasa.com/media/catalog/product/i/m/image_215492.jpg,Năng Lượng - Lịch Sử Nhân Loại Từ Than Củi Tới Hạt Nhân,220000,44,9780085481013,"Lorem ipsum dolor sit amet, consectetur adipiscing elit. Nam congue vel tellus non luctus. Vestibulum vitae nunc lorem. Sed lacinia lectus vel augue imperdiet ultricies. Donec id venenatis ex, vitae pretium ligula. Sed nulla eros, dignissim at feugiat non, posuere sit amet urna. Ut eu porttitor tellus. Cras eu massa nulla. Morbi porta fermentum elit eu iaculis. Pellentesque hendrerit venenatis purus at feugiat. Pellentesque vitae feugiat purus. Donec mattis rhoncus lacinia. Sed quam diam, molestie id laoreet eu, lacinia ac turpis. Cras tincidunt lobortis elit quis aliquam. Proin et massa libero.

Aliquam id pharetra arcu. Vivamus vitae mattis ligula. Sed efficitur urna vitae scelerisque tempor. Proin purus magna, vulputate eu ligula a, vehicula malesuada enim. Curabitur aliquet rutrum enim et tincidunt. Vestibulum ante ipsum primis in faucibus orci luctus et ultrices posuere cubilia curae; Vivamus pharetra enim leo, nec molestie nibh consectetur quis. Class aptent taciti sociosqu ad litora torquent per conubia nostra, per inceptos himenaeos. Nunc quis maximus elit, vitae pulvinar urna. Integer at mi elit. Phasellus vitae rutrum sem. Vivamus et mauris ac nisl congue congue eu eget elit. Nullam at quam velit. Pellentesque dictum, diam nec tempor aliquet, tortor justo fermentum sapien, at condimentum turpis elit vel sapien. Aenean rutrum tellus sodales tortor viverra eleifend.

Donec facilisis, diam efficitur maximus ultrices, enim lectus rutrum elit, eget malesuada mi justo dapibus enim. Maecenas finibus euismod nulla quis dignissim. Sed dictum ante rutrum turpis euismod laoreet. Sed placerat tellus leo. In ut lobortis lorem. Nullam vitae lectus egestas urna tincidunt aliquet. Ut sagittis vel enim eget malesuada. Cras in congue tortor. Interdum et malesuada fames ac ante ipsum primis in faucibus. Nunc tempus consequat neque, et eleifend nulla aliquam eu.",Author 116,20,nang-luong-lich-su-nhan-loai-tu-than-cui-toi-hat-nhan,NXB 116,2012,134
https://cdn1.fahasa.com/media/catalog/product/8/9/8935280501256.jpg,Mười Nhà Giáo Dục Lớn Của Nhật Bản Hiện Đại - Một Cách Nhìn Nhật Bản - Bìa Cứng,228000,44,9780085481014,"Lorem ipsum dolor sit amet, consectetur adipiscing elit. Nam congue vel tellus non luctus. Vestibulum vitae nunc lorem. Sed lacinia lectus vel augue imperdiet ultricies. Donec id venenatis ex, vitae pretium ligula. Sed nulla eros, dignissim at feugiat non, posuere sit amet urna. Ut eu porttitor tellus. Cras eu massa nulla. Morbi porta fermentum elit eu iaculis. Pellentesque hendrerit venenatis purus at feugiat. Pellentesque vitae feugiat purus. Donec mattis rhoncus lacinia. Sed quam diam, molestie id laoreet eu, lacinia ac turpis. Cras tincidunt lobortis elit quis aliquam. Proin et massa libero.

Aliquam id pharetra arcu. Vivamus vitae mattis ligula. Sed efficitur urna vitae scelerisque tempor. Proin purus magna, vulputate eu ligula a, vehicula malesuada enim. Curabitur aliquet rutrum enim et tincidunt. Vestibulum ante ipsum primis in faucibus orci luctus et ultrices posuere cubilia curae; Vivamus pharetra enim leo, nec molestie nibh consectetur quis. Class aptent taciti sociosqu ad litora torquent per conubia nostra, per inceptos himenaeos. Nunc quis maximus elit, vitae pulvinar urna. Integer at mi elit. Phasellus vitae rutrum sem. Vivamus et mauris ac nisl congue congue eu eget elit. Nullam at quam velit. Pellentesque dictum, diam nec tempor aliquet, tortor justo fermentum sapien, at condimentum turpis elit vel sapien. Aenean rutrum tellus sodales tortor viverra eleifend.

Donec facilisis, diam efficitur maximus ultrices, enim lectus rutrum elit, eget malesuada mi justo dapibus enim. Maecenas finibus euismod nulla quis dignissim. Sed dictum ante rutrum turpis euismod laoreet. Sed placerat tellus leo. In ut lobortis lorem. Nullam vitae lectus egestas urna tincidunt aliquet. Ut sagittis vel enim eget malesuada. Cras in congue tortor. Interdum et malesuada fames ac ante ipsum primis in faucibus. Nunc tempus consequat neque, et eleifend nulla aliquam eu.",Author 117,17,muoi-nha-giao-duc-lon-cua-nhat-ban-hien-ai-mot-cach-nhin-nhat-ban-bia-cung,NXB 117,2010,106
https://cdn1.fahasa.com/media/catalog/product/9/7/9786044507668.jpg,Ký Ức Người Lính - Tập 22,240000,44,9780085481015,"Lorem ipsum dolor sit amet, consectetur adipiscing elit. Nam congue vel tellus non luctus. Vestibulum vitae nunc lorem. Sed lacinia lectus vel augue imperdiet ultricies. Donec id venenatis ex, vitae pretium ligula. Sed nulla eros, dignissim at feugiat non, posuere sit amet urna. Ut eu porttitor tellus. Cras eu massa nulla. Morbi porta fermentum elit eu iaculis. Pellentesque hendrerit venenatis purus at feugiat. Pellentesque vitae feugiat purus. Donec mattis rhoncus lacinia. Sed quam diam, molestie id laoreet eu, lacinia ac turpis. Cras tincidunt lobortis elit quis aliquam. Proin et massa libero.

Aliquam id pharetra arcu. Vivamus vitae mattis ligula. Sed efficitur urna vitae scelerisque tempor. Proin purus magna, vulputate eu ligula a, vehicula malesuada enim. Curabitur aliquet rutrum enim et tincidunt. Vestibulum ante ipsum primis in faucibus orci luctus et ultrices posuere cubilia curae; Vivamus pharetra enim leo, nec molestie nibh consectetur quis. Class aptent taciti sociosqu ad litora torquent per conubia nostra, per inceptos himenaeos. Nunc quis maximus elit, vitae pulvinar urna. Integer at mi elit. Phasellus vitae rutrum sem. Vivamus et mauris ac nisl congue congue eu eget elit. Nullam at quam velit. Pellentesque dictum, diam nec tempor aliquet, tortor justo fermentum sapien, at condimentum turpis elit vel sapien. Aenean rutrum tellus sodales tortor viverra eleifend.

Donec facilisis, diam efficitur maximus ultrices, enim lectus rutrum elit, eget malesuada mi justo dapibus enim. Maecenas finibus euismod nulla quis dignissim. Sed dictum ante rutrum turpis euismod laoreet. Sed placerat tellus leo. In ut lobortis lorem. Nullam vitae lectus egestas urna tincidunt aliquet. Ut sagittis vel enim eget malesuada. Cras in congue tortor. Interdum et malesuada fames ac ante ipsum primis in faucibus. Nunc tempus consequat neque, et eleifend nulla aliquam eu.",Author 118,12,ky-uc-nguoi-linh-tap-22,NXB 118,2024,107
https://cdn1.fahasa.com/media/catalog/product/i/m/image_216018.jpg,Sử Ký III - Thế Gia,202000,44,9780085481016,"Lorem ipsum dolor sit amet, consectetur adipiscing elit. Nam congue vel tellus non luctus. Vestibulum vitae nunc lorem. Sed lacinia lectus vel augue imperdiet ultricies. Donec id venenatis ex, vitae pretium ligula. Sed nulla eros, dignissim at feugiat non, posuere sit amet urna. Ut eu porttitor tellus. Cras eu massa nulla. Morbi porta fermentum elit eu iaculis. Pellentesque hendrerit venenatis purus at feugiat. Pellentesque vitae feugiat purus. Donec mattis rhoncus lacinia. Sed quam diam, molestie id laoreet eu, lacinia ac turpis. Cras tincidunt lobortis elit quis aliquam. Proin et massa libero.

Aliquam id pharetra arcu. Vivamus vitae mattis ligula. Sed efficitur urna vitae scelerisque tempor. Proin purus magna, vulputate eu ligula a, vehicula malesuada enim. Curabitur aliquet rutrum enim et tincidunt. Vestibulum ante ipsum primis in faucibus orci luctus et ultrices posuere cubilia curae; Vivamus pharetra enim leo, nec molestie nibh consectetur quis. Class aptent taciti sociosqu ad litora torquent per conubia nostra, per inceptos himenaeos. Nunc quis maximus elit, vitae pulvinar urna. Integer at mi elit. Phasellus vitae rutrum sem. Vivamus et mauris ac nisl congue congue eu eget elit. Nullam at quam velit. Pellentesque dictum, diam nec tempor aliquet, tortor justo fermentum sapien, at condimentum turpis elit vel sapien. Aenean rutrum tellus sodales tortor viverra eleifend.

Donec facilisis, diam efficitur maximus ultrices, enim lectus rutrum elit, eget malesuada mi justo dapibus enim. Maecenas finibus euismod nulla quis dignissim. Sed dictum ante rutrum turpis euismod laoreet. Sed placerat tellus leo. In ut lobortis lorem. Nullam vitae lectus egestas urna tincidunt aliquet. Ut sagittis vel enim eget malesuada. Cras in congue tortor. Interdum et malesuada fames ac ante ipsum primis in faucibus. Nunc tempus consequat neque, et eleifend nulla aliquam eu.",Author 119,5,su-ky-iii-the-gia,NXB 119,2000,55
https://cdn1.fahasa.com/media/catalog/product/9/7/9786044830742.jpg,Chân Dung Anh Hùng Lý Tự Trọng - Qua Những Tư Liệu Lịch Sử,67000,44,9780085481017,"Lorem ipsum dolor sit amet, consectetur adipiscing elit. Nam congue vel tellus non luctus. Vestibulum vitae nunc lorem. Sed lacinia lectus vel augue imperdiet ultricies. Donec id venenatis ex, vitae pretium ligula. Sed nulla eros, dignissim at feugiat non, posuere sit amet urna. Ut eu porttitor tellus. Cras eu massa nulla. Morbi porta fermentum elit eu iaculis. Pellentesque hendrerit venenatis purus at feugiat. Pellentesque vitae feugiat purus. Donec mattis rhoncus lacinia. Sed quam diam, molestie id laoreet eu, lacinia ac turpis. Cras tincidunt lobortis elit quis aliquam. Proin et massa libero.

Aliquam id pharetra arcu. Vivamus vitae mattis ligula. Sed efficitur urna vitae scelerisque tempor. Proin purus magna, vulputate eu ligula a, vehicula malesuada enim. Curabitur aliquet rutrum enim et tincidunt. Vestibulum ante ipsum primis in faucibus orci luctus et ultrices posuere cubilia curae; Vivamus pharetra enim leo, nec molestie nibh consectetur quis. Class aptent taciti sociosqu ad litora torquent per conubia nostra, per inceptos himenaeos. Nunc quis maximus elit, vitae pulvinar urna. Integer at mi elit. Phasellus vitae rutrum sem. Vivamus et mauris ac nisl congue congue eu eget elit. Nullam at quam velit. Pellentesque dictum, diam nec tempor aliquet, tortor justo fermentum sapien, at condimentum turpis elit vel sapien. Aenean rutrum tellus sodales tortor viverra eleifend.

Donec facilisis, diam efficitur maximus ultrices, enim lectus rutrum elit, eget malesuada mi justo dapibus enim. Maecenas finibus euismod nulla quis dignissim. Sed dictum ante rutrum turpis euismod laoreet. Sed placerat tellus leo. In ut lobortis lorem. Nullam vitae lectus egestas urna tincidunt aliquet. Ut sagittis vel enim eget malesuada. Cras in congue tortor. Interdum et malesuada fames ac ante ipsum primis in faucibus. Nunc tempus consequat neque, et eleifend nulla aliquam eu.",Author 120,3,chan-dung-anh-hung-ly-tu-trong-qua-nhung-tu-lieu-lich-su,NXB 120,2021,68
https://cdn1.fahasa.com/media/catalog/product/b/a/bac-ho-viet-di-chuc-va-di-chuc-cua-bac-ho_bia_tb-2025.jpg,Bác Hồ Viết Di Chúc Và Di Chúc Của Bác Hồ (Tái Bản 2025),49500,44,9780085481018,"Lorem ipsum dolor sit amet, consectetur adipiscing elit. Nam congue vel tellus non luctus. Vestibulum vitae nunc lorem. Sed lacinia lectus vel augue imperdiet ultricies. Donec id venenatis ex, vitae pretium ligula. Sed nulla eros, dignissim at feugiat non, posuere sit amet urna. Ut eu porttitor tellus. Cras eu massa nulla. Morbi porta fermentum elit eu iaculis. Pellentesque hendrerit venenatis purus at feugiat. Pellentesque vitae feugiat purus. Donec mattis rhoncus lacinia. Sed quam diam, molestie id laoreet eu, lacinia ac turpis. Cras tincidunt lobortis elit quis aliquam. Proin et massa libero.

Aliquam id pharetra arcu. Vivamus vitae mattis ligula. Sed efficitur urna vitae scelerisque tempor. Proin purus magna, vulputate eu ligula a, vehicula malesuada enim. Curabitur aliquet rutrum enim et tincidunt. Vestibulum ante ipsum primis in faucibus orci luctus et ultrices posuere cubilia curae; Vivamus pharetra enim leo, nec molestie nibh consectetur quis. Class aptent taciti sociosqu ad litora torquent per conubia nostra, per inceptos himenaeos. Nunc quis maximus elit, vitae pulvinar urna. Integer at mi elit. Phasellus vitae rutrum sem. Vivamus et mauris ac nisl congue congue eu eget elit. Nullam at quam velit. Pellentesque dictum, diam nec tempor aliquet, tortor justo fermentum sapien, at condimentum turpis elit vel sapien. Aenean rutrum tellus sodales tortor viverra eleifend.

Donec facilisis, diam efficitur maximus ultrices, enim lectus rutrum elit, eget malesuada mi justo dapibus enim. Maecenas finibus euismod nulla quis dignissim. Sed dictum ante rutrum turpis euismod laoreet. Sed placerat tellus leo. In ut lobortis lorem. Nullam vitae lectus egestas urna tincidunt aliquet. Ut sagittis vel enim eget malesuada. Cras in congue tortor. Interdum et malesuada fames ac ante ipsum primis in faucibus. Nunc tempus consequat neque, et eleifend nulla aliquam eu.",Author 121,18,bac-ho-viet-di-chuc-va-di-chuc-cua-bac-ho-tai-ban-2025,NXB 121,2010,135
https://cdn1.fahasa.com/media/catalog/product/i/m/image_220965.jpg,Người Hỏa Tiễn,99500,44,9780085481019,"Lorem ipsum dolor sit amet, consectetur adipiscing elit. Nam congue vel tellus non luctus. Vestibulum vitae nunc lorem. Sed lacinia lectus vel augue imperdiet ultricies. Donec id venenatis ex, vitae pretium ligula. Sed nulla eros, dignissim at feugiat non, posuere sit amet urna. Ut eu porttitor tellus. Cras eu massa nulla. Morbi porta fermentum elit eu iaculis. Pellentesque hendrerit venenatis purus at feugiat. Pellentesque vitae feugiat purus. Donec mattis rhoncus lacinia. Sed quam diam, molestie id laoreet eu, lacinia ac turpis. Cras tincidunt lobortis elit quis aliquam. Proin et massa libero.

Aliquam id pharetra arcu. Vivamus vitae mattis ligula. Sed efficitur urna vitae scelerisque tempor. Proin purus magna, vulputate eu ligula a, vehicula malesuada enim. Curabitur aliquet rutrum enim et tincidunt. Vestibulum ante ipsum primis in faucibus orci luctus et ultrices posuere cubilia curae; Vivamus pharetra enim leo, nec molestie nibh consectetur quis. Class aptent taciti sociosqu ad litora torquent per conubia nostra, per inceptos himenaeos. Nunc quis maximus elit, vitae pulvinar urna. Integer at mi elit. Phasellus vitae rutrum sem. Vivamus et mauris ac nisl congue congue eu eget elit. Nullam at quam velit. Pellentesque dictum, diam nec tempor aliquet, tortor justo fermentum sapien, at condimentum turpis elit vel sapien. Aenean rutrum tellus sodales tortor viverra eleifend.

Donec facilisis, diam efficitur maximus ultrices, enim lectus rutrum elit, eget malesuada mi justo dapibus enim. Maecenas finibus euismod nulla quis dignissim. Sed dictum ante rutrum turpis euismod laoreet. Sed placerat tellus leo. In ut lobortis lorem. Nullam vitae lectus egestas urna tincidunt aliquet. Ut sagittis vel enim eget malesuada. Cras in congue tortor. Interdum et malesuada fames ac ante ipsum primis in faucibus. Nunc tempus consequat neque, et eleifend nulla aliquam eu.",Author 122,14,nguoi-hoa-tien,NXB 122,2015,88
https://cdn1.fahasa.com/media/catalog/product/9/7/9786045386583.jpg,"Tiến Sĩ Nguyễn Hàm - Thời Thế, Thân Thế Và Gia Đình",80000,44,9780085481020,"Lorem ipsum dolor sit amet, consectetur adipiscing elit. Nam congue vel tellus non luctus. Vestibulum vitae nunc lorem. Sed lacinia lectus vel augue imperdiet ultricies. Donec id venenatis ex, vitae pretium ligula. Sed nulla eros, dignissim at feugiat non, posuere sit amet urna. Ut eu porttitor tellus. Cras eu massa nulla. Morbi porta fermentum elit eu iaculis. Pellentesque hendrerit venenatis purus at feugiat. Pellentesque vitae feugiat purus. Donec mattis rhoncus lacinia. Sed quam diam, molestie id laoreet eu, lacinia ac turpis. Cras tincidunt lobortis elit quis aliquam. Proin et massa libero.

Aliquam id pharetra arcu. Vivamus vitae mattis ligula. Sed efficitur urna vitae scelerisque tempor. Proin purus magna, vulputate eu ligula a, vehicula malesuada enim. Curabitur aliquet rutrum enim et tincidunt. Vestibulum ante ipsum primis in faucibus orci luctus et ultrices posuere cubilia curae; Vivamus pharetra enim leo, nec molestie nibh consectetur quis. Class aptent taciti sociosqu ad litora torquent per conubia nostra, per inceptos himenaeos. Nunc quis maximus elit, vitae pulvinar urna. Integer at mi elit. Phasellus vitae rutrum sem. Vivamus et mauris ac nisl congue congue eu eget elit. Nullam at quam velit. Pellentesque dictum, diam nec tempor aliquet, tortor justo fermentum sapien, at condimentum turpis elit vel sapien. Aenean rutrum tellus sodales tortor viverra eleifend.

Donec facilisis, diam efficitur maximus ultrices, enim lectus rutrum elit, eget malesuada mi justo dapibus enim. Maecenas finibus euismod nulla quis dignissim. Sed dictum ante rutrum turpis euismod laoreet. Sed placerat tellus leo. In ut lobortis lorem. Nullam vitae lectus egestas urna tincidunt aliquet. Ut sagittis vel enim eget malesuada. Cras in congue tortor. Interdum et malesuada fames ac ante ipsum primis in faucibus. Nunc tempus consequat neque, et eleifend nulla aliquam eu.",Author 123,4,tien-si-nguyen-ham-thoi-the-than-the-va-gia-inh,NXB 123,2023,84
https://cdn1.fahasa.com/media/catalog/product/i/m/image_230374.jpg,Indian Givers - Những Món Quà Của Người Da Đỏ,194250,44,9780085481021,"Lorem ipsum dolor sit amet, consectetur adipiscing elit. Nam congue vel tellus non luctus. Vestibulum vitae nunc lorem. Sed lacinia lectus vel augue imperdiet ultricies. Donec id venenatis ex, vitae pretium ligula. Sed nulla eros, dignissim at feugiat non, posuere sit amet urna. Ut eu porttitor tellus. Cras eu massa nulla. Morbi porta fermentum elit eu iaculis. Pellentesque hendrerit venenatis purus at feugiat. Pellentesque vitae feugiat purus. Donec mattis rhoncus lacinia. Sed quam diam, molestie id laoreet eu, lacinia ac turpis. Cras tincidunt lobortis elit quis aliquam. Proin et massa libero.

Aliquam id pharetra arcu. Vivamus vitae mattis ligula. Sed efficitur urna vitae scelerisque tempor. Proin purus magna, vulputate eu ligula a, vehicula malesuada enim. Curabitur aliquet rutrum enim et tincidunt. Vestibulum ante ipsum primis in faucibus orci luctus et ultrices posuere cubilia curae; Vivamus pharetra enim leo, nec molestie nibh consectetur quis. Class aptent taciti sociosqu ad litora torquent per conubia nostra, per inceptos himenaeos. Nunc quis maximus elit, vitae pulvinar urna. Integer at mi elit. Phasellus vitae rutrum sem. Vivamus et mauris ac nisl congue congue eu eget elit. Nullam at quam velit. Pellentesque dictum, diam nec tempor aliquet, tortor justo fermentum sapien, at condimentum turpis elit vel sapien. Aenean rutrum tellus sodales tortor viverra eleifend.

Donec facilisis, diam efficitur maximus ultrices, enim lectus rutrum elit, eget malesuada mi justo dapibus enim. Maecenas finibus euismod nulla quis dignissim. Sed dictum ante rutrum turpis euismod laoreet. Sed placerat tellus leo. In ut lobortis lorem. Nullam vitae lectus egestas urna tincidunt aliquet. Ut sagittis vel enim eget malesuada. Cras in congue tortor. Interdum et malesuada fames ac ante ipsum primis in faucibus. Nunc tempus consequat neque, et eleifend nulla aliquam eu.",Author 124,11,indian-givers-nhung-mon-qua-cua-nguoi-da-o,NXB 124,2009,147
https://cdn1.fahasa.com/media/catalog/product/8/9/8932000134336.jpg,Mùa Xuân Vắng Lặng - Mùa Thu Chết Chóc Của Chiến Tranh Việt Nam,160500,44,9780085481022,"Lorem ipsum dolor sit amet, consectetur adipiscing elit. Nam congue vel tellus non luctus. Vestibulum vitae nunc lorem. Sed lacinia lectus vel augue imperdiet ultricies. Donec id venenatis ex, vitae pretium ligula. Sed nulla eros, dignissim at feugiat non, posuere sit amet urna. Ut eu porttitor tellus. Cras eu massa nulla. Morbi porta fermentum elit eu iaculis. Pellentesque hendrerit venenatis purus at feugiat. Pellentesque vitae feugiat purus. Donec mattis rhoncus lacinia. Sed quam diam, molestie id laoreet eu, lacinia ac turpis. Cras tincidunt lobortis elit quis aliquam. Proin et massa libero.

Aliquam id pharetra arcu. Vivamus vitae mattis ligula. Sed efficitur urna vitae scelerisque tempor. Proin purus magna, vulputate eu ligula a, vehicula malesuada enim. Curabitur aliquet rutrum enim et tincidunt. Vestibulum ante ipsum primis in faucibus orci luctus et ultrices posuere cubilia curae; Vivamus pharetra enim leo, nec molestie nibh consectetur quis. Class aptent taciti sociosqu ad litora torquent per conubia nostra, per inceptos himenaeos. Nunc quis maximus elit, vitae pulvinar urna. Integer at mi elit. Phasellus vitae rutrum sem. Vivamus et mauris ac nisl congue congue eu eget elit. Nullam at quam velit. Pellentesque dictum, diam nec tempor aliquet, tortor justo fermentum sapien, at condimentum turpis elit vel sapien. Aenean rutrum tellus sodales tortor viverra eleifend.

Donec facilisis, diam efficitur maximus ultrices, enim lectus rutrum elit, eget malesuada mi justo dapibus enim. Maecenas finibus euismod nulla quis dignissim. Sed dictum ante rutrum turpis euismod laoreet. Sed placerat tellus leo. In ut lobortis lorem. Nullam vitae lectus egestas urna tincidunt aliquet. Ut sagittis vel enim eget malesuada. Cras in congue tortor. Interdum et malesuada fames ac ante ipsum primis in faucibus. Nunc tempus consequat neque, et eleifend nulla aliquam eu.",Author 125,9,mua-xuan-vang-lang-mua-thu-chet-choc-cua-chien-tranh-viet-nam,NXB 125,2018,127
https://cdn1.fahasa.com/media/catalog/product/i/m/image_232597.jpg,Nước Vẫn Chảy Dưới Chân Cầu Mụ Kề,174000,44,9780085481023,"Lorem ipsum dolor sit amet, consectetur adipiscing elit. Nam congue vel tellus non luctus. Vestibulum vitae nunc lorem. Sed lacinia lectus vel augue imperdiet ultricies. Donec id venenatis ex, vitae pretium ligula. Sed nulla eros, dignissim at feugiat non, posuere sit amet urna. Ut eu porttitor tellus. Cras eu massa nulla. Morbi porta fermentum elit eu iaculis. Pellentesque hendrerit venenatis purus at feugiat. Pellentesque vitae feugiat purus. Donec mattis rhoncus lacinia. Sed quam diam, molestie id laoreet eu, lacinia ac turpis. Cras tincidunt lobortis elit quis aliquam. Proin et massa libero.

Aliquam id pharetra arcu. Vivamus vitae mattis ligula. Sed efficitur urna vitae scelerisque tempor. Proin purus magna, vulputate eu ligula a, vehicula malesuada enim. Curabitur aliquet rutrum enim et tincidunt. Vestibulum ante ipsum primis in faucibus orci luctus et ultrices posuere cubilia curae; Vivamus pharetra enim leo, nec molestie nibh consectetur quis. Class aptent taciti sociosqu ad litora torquent per conubia nostra, per inceptos himenaeos. Nunc quis maximus elit, vitae pulvinar urna. Integer at mi elit. Phasellus vitae rutrum sem. Vivamus et mauris ac nisl congue congue eu eget elit. Nullam at quam velit. Pellentesque dictum, diam nec tempor aliquet, tortor justo fermentum sapien, at condimentum turpis elit vel sapien. Aenean rutrum tellus sodales tortor viverra eleifend.

Donec facilisis, diam efficitur maximus ultrices, enim lectus rutrum elit, eget malesuada mi justo dapibus enim. Maecenas finibus euismod nulla quis dignissim. Sed dictum ante rutrum turpis euismod laoreet. Sed placerat tellus leo. In ut lobortis lorem. Nullam vitae lectus egestas urna tincidunt aliquet. Ut sagittis vel enim eget malesuada. Cras in congue tortor. Interdum et malesuada fames ac ante ipsum primis in faucibus. Nunc tempus consequat neque, et eleifend nulla aliquam eu.",Author 126,5,nuoc-van-chay-duoi-chan-cau-mu-ke,NXB 126,2017,118
https://cdn1.fahasa.com/media/catalog/product/k/i/ki-hoa-trong-chien-hao_14x22_bia-ao.jpg,Kỉ Niệm 70 Năm Chiến Thắng Điện Biên Phủ - Kí Hoạ Trong Chiến Hào - Nhật Kí Chiến Tranh Của Một Người Lính Trẻ Trong Chiến Dịch Điện Biên Phủ - Bìa Cứng,148500,44,9780085481024,"Lorem ipsum dolor sit amet, consectetur adipiscing elit. Nam congue vel tellus non luctus. Vestibulum vitae nunc lorem. Sed lacinia lectus vel augue imperdiet ultricies. Donec id venenatis ex, vitae pretium ligula. Sed nulla eros, dignissim at feugiat non, posuere sit amet urna. Ut eu porttitor tellus. Cras eu massa nulla. Morbi porta fermentum elit eu iaculis. Pellentesque hendrerit venenatis purus at feugiat. Pellentesque vitae feugiat purus. Donec mattis rhoncus lacinia. Sed quam diam, molestie id laoreet eu, lacinia ac turpis. Cras tincidunt lobortis elit quis aliquam. Proin et massa libero.

Aliquam id pharetra arcu. Vivamus vitae mattis ligula. Sed efficitur urna vitae scelerisque tempor. Proin purus magna, vulputate eu ligula a, vehicula malesuada enim. Curabitur aliquet rutrum enim et tincidunt. Vestibulum ante ipsum primis in faucibus orci luctus et ultrices posuere cubilia curae; Vivamus pharetra enim leo, nec molestie nibh consectetur quis. Class aptent taciti sociosqu ad litora torquent per conubia nostra, per inceptos himenaeos. Nunc quis maximus elit, vitae pulvinar urna. Integer at mi elit. Phasellus vitae rutrum sem. Vivamus et mauris ac nisl congue congue eu eget elit. Nullam at quam velit. Pellentesque dictum, diam nec tempor aliquet, tortor justo fermentum sapien, at condimentum turpis elit vel sapien. Aenean rutrum tellus sodales tortor viverra eleifend.

Donec facilisis, diam efficitur maximus ultrices, enim lectus rutrum elit, eget malesuada mi justo dapibus enim. Maecenas finibus euismod nulla quis dignissim. Sed dictum ante rutrum turpis euismod laoreet. Sed placerat tellus leo. In ut lobortis lorem. Nullam vitae lectus egestas urna tincidunt aliquet. Ut sagittis vel enim eget malesuada. Cras in congue tortor. Interdum et malesuada fames ac ante ipsum primis in faucibus. Nunc tempus consequat neque, et eleifend nulla aliquam eu.",Author 127,8,ki-niem-70-nam-chien-thang-ien-bien-phu-ki-hoa-trong-chien-hao-nhat-ki-chien-tranh-cua-mot-nguoi-linh-tre-trong-chien-dich-ien-bien-phu-bia-cung,NXB 127,2019,62
https://cdn1.fahasa.com/media/catalog/product/h/o/hoi-uc-ve-mot-thien-tai-dau-tu-chung-khoan.jpg,Jesse Livermore - Reminiscences Of A Stock Operator - Hồi Ức Của Một Thiên Tài Đầu Tư Chứng Khoán,139300,46,9780085481025,"Lorem ipsum dolor sit amet, consectetur adipiscing elit. Nam congue vel tellus non luctus. Vestibulum vitae nunc lorem. Sed lacinia lectus vel augue imperdiet ultricies. Donec id venenatis ex, vitae pretium ligula. Sed nulla eros, dignissim at feugiat non, posuere sit amet urna. Ut eu porttitor tellus. Cras eu massa nulla. Morbi porta fermentum elit eu iaculis. Pellentesque hendrerit venenatis purus at feugiat. Pellentesque vitae feugiat purus. Donec mattis rhoncus lacinia. Sed quam diam, molestie id laoreet eu, lacinia ac turpis. Cras tincidunt lobortis elit quis aliquam. Proin et massa libero.

Aliquam id pharetra arcu. Vivamus vitae mattis ligula. Sed efficitur urna vitae scelerisque tempor. Proin purus magna, vulputate eu ligula a, vehicula malesuada enim. Curabitur aliquet rutrum enim et tincidunt. Vestibulum ante ipsum primis in faucibus orci luctus et ultrices posuere cubilia curae; Vivamus pharetra enim leo, nec molestie nibh consectetur quis. Class aptent taciti sociosqu ad litora torquent per conubia nostra, per inceptos himenaeos. Nunc quis maximus elit, vitae pulvinar urna. Integer at mi elit. Phasellus vitae rutrum sem. Vivamus et mauris ac nisl congue congue eu eget elit. Nullam at quam velit. Pellentesque dictum, diam nec tempor aliquet, tortor justo fermentum sapien, at condimentum turpis elit vel sapien. Aenean rutrum tellus sodales tortor viverra eleifend.

Donec facilisis, diam efficitur maximus ultrices, enim lectus rutrum elit, eget malesuada mi justo dapibus enim. Maecenas finibus euismod nulla quis dignissim. Sed dictum ante rutrum turpis euismod laoreet. Sed placerat tellus leo. In ut lobortis lorem. Nullam vitae lectus egestas urna tincidunt aliquet. Ut sagittis vel enim eget malesuada. Cras in congue tortor. Interdum et malesuada fames ac ante ipsum primis in faucibus. Nunc tempus consequat neque, et eleifend nulla aliquam eu.",Author 128,16,jesse-livermore-reminiscences-of-a-stock-operator-hoi-uc-cua-mot-thien-tai-au-tu-chung-khoan,NXB 128,2014,63
https://cdn1.fahasa.com/media/catalog/product/u/n/untitled-1_4_47.jpg,Hành Trình Volvo - Gần Một Thế Kỷ Đặt Con Người Làm Trung Tâm,158000,46,9780085481026,"Lorem ipsum dolor sit amet, consectetur adipiscing elit. Nam congue vel tellus non luctus. Vestibulum vitae nunc lorem. Sed lacinia lectus vel augue imperdiet ultricies. Donec id venenatis ex, vitae pretium ligula. Sed nulla eros, dignissim at feugiat non, posuere sit amet urna. Ut eu porttitor tellus. Cras eu massa nulla. Morbi porta fermentum elit eu iaculis. Pellentesque hendrerit venenatis purus at feugiat. Pellentesque vitae feugiat purus. Donec mattis rhoncus lacinia. Sed quam diam, molestie id laoreet eu, lacinia ac turpis. Cras tincidunt lobortis elit quis aliquam. Proin et massa libero.

Aliquam id pharetra arcu. Vivamus vitae mattis ligula. Sed efficitur urna vitae scelerisque tempor. Proin purus magna, vulputate eu ligula a, vehicula malesuada enim. Curabitur aliquet rutrum enim et tincidunt. Vestibulum ante ipsum primis in faucibus orci luctus et ultrices posuere cubilia curae; Vivamus pharetra enim leo, nec molestie nibh consectetur quis. Class aptent taciti sociosqu ad litora torquent per conubia nostra, per inceptos himenaeos. Nunc quis maximus elit, vitae pulvinar urna. Integer at mi elit. Phasellus vitae rutrum sem. Vivamus et mauris ac nisl congue congue eu eget elit. Nullam at quam velit. Pellentesque dictum, diam nec tempor aliquet, tortor justo fermentum sapien, at condimentum turpis elit vel sapien. Aenean rutrum tellus sodales tortor viverra eleifend.

Donec facilisis, diam efficitur maximus ultrices, enim lectus rutrum elit, eget malesuada mi justo dapibus enim. Maecenas finibus euismod nulla quis dignissim. Sed dictum ante rutrum turpis euismod laoreet. Sed placerat tellus leo. In ut lobortis lorem. Nullam vitae lectus egestas urna tincidunt aliquet. Ut sagittis vel enim eget malesuada. Cras in congue tortor. Interdum et malesuada fames ac ante ipsum primis in faucibus. Nunc tempus consequat neque, et eleifend nulla aliquam eu.",Author 129,10,hanh-trinh-volvo-gan-mot-the-ky-at-con-nguoi-lam-trung-tam,NXB 129,2007,102
https://cdn1.fahasa.com/media/catalog/product/4/-/4-dai-gia-kiem-toan---bia-1.jpg,The Big Four - 4 Đại Gia Kiểm Toán: Deloitte - PwC - EY - KPMG,100800,46,9780085481027,"Lorem ipsum dolor sit amet, consectetur adipiscing elit. Nam congue vel tellus non luctus. Vestibulum vitae nunc lorem. Sed lacinia lectus vel augue imperdiet ultricies. Donec id venenatis ex, vitae pretium ligula. Sed nulla eros, dignissim at feugiat non, posuere sit amet urna. Ut eu porttitor tellus. Cras eu massa nulla. Morbi porta fermentum elit eu iaculis. Pellentesque hendrerit venenatis purus at feugiat. Pellentesque vitae feugiat purus. Donec mattis rhoncus lacinia. Sed quam diam, molestie id laoreet eu, lacinia ac turpis. Cras tincidunt lobortis elit quis aliquam. Proin et massa libero.

Aliquam id pharetra arcu. Vivamus vitae mattis ligula. Sed efficitur urna vitae scelerisque tempor. Proin purus magna, vulputate eu ligula a, vehicula malesuada enim. Curabitur aliquet rutrum enim et tincidunt. Vestibulum ante ipsum primis in faucibus orci luctus et ultrices posuere cubilia curae; Vivamus pharetra enim leo, nec molestie nibh consectetur quis. Class aptent taciti sociosqu ad litora torquent per conubia nostra, per inceptos himenaeos. Nunc quis maximus elit, vitae pulvinar urna. Integer at mi elit. Phasellus vitae rutrum sem. Vivamus et mauris ac nisl congue congue eu eget elit. Nullam at quam velit. Pellentesque dictum, diam nec tempor aliquet, tortor justo fermentum sapien, at condimentum turpis elit vel sapien. Aenean rutrum tellus sodales tortor viverra eleifend.

Donec facilisis, diam efficitur maximus ultrices, enim lectus rutrum elit, eget malesuada mi justo dapibus enim. Maecenas finibus euismod nulla quis dignissim. Sed dictum ante rutrum turpis euismod laoreet. Sed placerat tellus leo. In ut lobortis lorem. Nullam vitae lectus egestas urna tincidunt aliquet. Ut sagittis vel enim eget malesuada. Cras in congue tortor. Interdum et malesuada fames ac ante ipsum primis in faucibus. Nunc tempus consequat neque, et eleifend nulla aliquam eu.",Author 130,3,the-big-four-4-ai-gia-kiem-toan-deloitte-pwc-ey-kpmg,NXB 130,2016,58
https://cdn1.fahasa.com/media/catalog/product/3/3/3300000026077.jpg,Nữ Hoàng Của King Coffee - The Queen of King Coffee,127500,46,9780085481028,"Lorem ipsum dolor sit amet, consectetur adipiscing elit. Nam congue vel tellus non luctus. Vestibulum vitae nunc lorem. Sed lacinia lectus vel augue imperdiet ultricies. Donec id venenatis ex, vitae pretium ligula. Sed nulla eros, dignissim at feugiat non, posuere sit amet urna. Ut eu porttitor tellus. Cras eu massa nulla. Morbi porta fermentum elit eu iaculis. Pellentesque hendrerit venenatis purus at feugiat. Pellentesque vitae feugiat purus. Donec mattis rhoncus lacinia. Sed quam diam, molestie id laoreet eu, lacinia ac turpis. Cras tincidunt lobortis elit quis aliquam. Proin et massa libero.

Aliquam id pharetra arcu. Vivamus vitae mattis ligula. Sed efficitur urna vitae scelerisque tempor. Proin purus magna, vulputate eu ligula a, vehicula malesuada enim. Curabitur aliquet rutrum enim et tincidunt. Vestibulum ante ipsum primis in faucibus orci luctus et ultrices posuere cubilia curae; Vivamus pharetra enim leo, nec molestie nibh consectetur quis. Class aptent taciti sociosqu ad litora torquent per conubia nostra, per inceptos himenaeos. Nunc quis maximus elit, vitae pulvinar urna. Integer at mi elit. Phasellus vitae rutrum sem. Vivamus et mauris ac nisl congue congue eu eget elit. Nullam at quam velit. Pellentesque dictum, diam nec tempor aliquet, tortor justo fermentum sapien, at condimentum turpis elit vel sapien. Aenean rutrum tellus sodales tortor viverra eleifend.

Donec facilisis, diam efficitur maximus ultrices, enim lectus rutrum elit, eget malesuada mi justo dapibus enim. Maecenas finibus euismod nulla quis dignissim. Sed dictum ante rutrum turpis euismod laoreet. Sed placerat tellus leo. In ut lobortis lorem. Nullam vitae lectus egestas urna tincidunt aliquet. Ut sagittis vel enim eget malesuada. Cras in congue tortor. Interdum et malesuada fames ac ante ipsum primis in faucibus. Nunc tempus consequat neque, et eleifend nulla aliquam eu.",Author 131,14,nu-hoang-cua-king-coffee-the-queen-of-king-coffee,NXB 131,2022,75
https://cdn1.fahasa.com/media/catalog/product/b/_/b_a---sam-altman.jpg,Sam Altman - Người Kiến Tạo Cuộc Chơi AI Toàn Cầu,211500,46,9780085481029,"Lorem ipsum dolor sit amet, consectetur adipiscing elit. Nam congue vel tellus non luctus. Vestibulum vitae nunc lorem. Sed lacinia lectus vel augue imperdiet ultricies. Donec id venenatis ex, vitae pretium ligula. Sed nulla eros, dignissim at feugiat non, posuere sit amet urna. Ut eu porttitor tellus. Cras eu massa nulla. Morbi porta fermentum elit eu iaculis. Pellentesque hendrerit venenatis purus at feugiat. Pellentesque vitae feugiat purus. Donec mattis rhoncus lacinia. Sed quam diam, molestie id laoreet eu, lacinia ac turpis. Cras tincidunt lobortis elit quis aliquam. Proin et massa libero.

Aliquam id pharetra arcu. Vivamus vitae mattis ligula. Sed efficitur urna vitae scelerisque tempor. Proin purus magna, vulputate eu ligula a, vehicula malesuada enim. Curabitur aliquet rutrum enim et tincidunt. Vestibulum ante ipsum primis in faucibus orci luctus et ultrices posuere cubilia curae; Vivamus pharetra enim leo, nec molestie nibh consectetur quis. Class aptent taciti sociosqu ad litora torquent per conubia nostra, per inceptos himenaeos. Nunc quis maximus elit, vitae pulvinar urna. Integer at mi elit. Phasellus vitae rutrum sem. Vivamus et mauris ac nisl congue congue eu eget elit. Nullam at quam velit. Pellentesque dictum, diam nec tempor aliquet, tortor justo fermentum sapien, at condimentum turpis elit vel sapien. Aenean rutrum tellus sodales tortor viverra eleifend.

Donec facilisis, diam efficitur maximus ultrices, enim lectus rutrum elit, eget malesuada mi justo dapibus enim. Maecenas finibus euismod nulla quis dignissim. Sed dictum ante rutrum turpis euismod laoreet. Sed placerat tellus leo. In ut lobortis lorem. Nullam vitae lectus egestas urna tincidunt aliquet. Ut sagittis vel enim eget malesuada. Cras in congue tortor. Interdum et malesuada fames ac ante ipsum primis in faucibus. Nunc tempus consequat neque, et eleifend nulla aliquam eu.",Author 132,8,sam-altman-nguoi-kien-tao-cuoc-choi-ai-toan-cau,NXB 132,2006,100
https://cdn1.fahasa.com/media/catalog/product/8/9/8935251407488_1.jpg,Lý Gia Thành - “Ông Chủ Của Những Ông Chủ” Trong Giới Kinh Doanh Hồng Kông (Tái Bản 2017),118000,46,9780085481030,"Lorem ipsum dolor sit amet, consectetur adipiscing elit. Nam congue vel tellus non luctus. Vestibulum vitae nunc lorem. Sed lacinia lectus vel augue imperdiet ultricies. Donec id venenatis ex, vitae pretium ligula. Sed nulla eros, dignissim at feugiat non, posuere sit amet urna. Ut eu porttitor tellus. Cras eu massa nulla. Morbi porta fermentum elit eu iaculis. Pellentesque hendrerit venenatis purus at feugiat. Pellentesque vitae feugiat purus. Donec mattis rhoncus lacinia. Sed quam diam, molestie id laoreet eu, lacinia ac turpis. Cras tincidunt lobortis elit quis aliquam. Proin et massa libero.

Aliquam id pharetra arcu. Vivamus vitae mattis ligula. Sed efficitur urna vitae scelerisque tempor. Proin purus magna, vulputate eu ligula a, vehicula malesuada enim. Curabitur aliquet rutrum enim et tincidunt. Vestibulum ante ipsum primis in faucibus orci luctus et ultrices posuere cubilia curae; Vivamus pharetra enim leo, nec molestie nibh consectetur quis. Class aptent taciti sociosqu ad litora torquent per conubia nostra, per inceptos himenaeos. Nunc quis maximus elit, vitae pulvinar urna. Integer at mi elit. Phasellus vitae rutrum sem. Vivamus et mauris ac nisl congue congue eu eget elit. Nullam at quam velit. Pellentesque dictum, diam nec tempor aliquet, tortor justo fermentum sapien, at condimentum turpis elit vel sapien. Aenean rutrum tellus sodales tortor viverra eleifend.

Donec facilisis, diam efficitur maximus ultrices, enim lectus rutrum elit, eget malesuada mi justo dapibus enim. Maecenas finibus euismod nulla quis dignissim. Sed dictum ante rutrum turpis euismod laoreet. Sed placerat tellus leo. In ut lobortis lorem. Nullam vitae lectus egestas urna tincidunt aliquet. Ut sagittis vel enim eget malesuada. Cras in congue tortor. Interdum et malesuada fames ac ante ipsum primis in faucibus. Nunc tempus consequat neque, et eleifend nulla aliquam eu.",Author 133,4,ly-gia-thanh-ong-chu-cua-nhung-ong-chu-trong-gioi-kinh-doanh-hong-kong-tai-ban-2017,NXB 133,2013,132
https://cdn1.fahasa.com/media/catalog/product/k/u/kutd%C4%91.jpg,Ký Ức Theo Dòng Đời,163500,46,9780085481031,"Lorem ipsum dolor sit amet, consectetur adipiscing elit. Nam congue vel tellus non luctus. Vestibulum vitae nunc lorem. Sed lacinia lectus vel augue imperdiet ultricies. Donec id venenatis ex, vitae pretium ligula. Sed nulla eros, dignissim at feugiat non, posuere sit amet urna. Ut eu porttitor tellus. Cras eu massa nulla. Morbi porta fermentum elit eu iaculis. Pellentesque hendrerit venenatis purus at feugiat. Pellentesque vitae feugiat purus. Donec mattis rhoncus lacinia. Sed quam diam, molestie id laoreet eu, lacinia ac turpis. Cras tincidunt lobortis elit quis aliquam. Proin et massa libero.

Aliquam id pharetra arcu. Vivamus vitae mattis ligula. Sed efficitur urna vitae scelerisque tempor. Proin purus magna, vulputate eu ligula a, vehicula malesuada enim. Curabitur aliquet rutrum enim et tincidunt. Vestibulum ante ipsum primis in faucibus orci luctus et ultrices posuere cubilia curae; Vivamus pharetra enim leo, nec molestie nibh consectetur quis. Class aptent taciti sociosqu ad litora torquent per conubia nostra, per inceptos himenaeos. Nunc quis maximus elit, vitae pulvinar urna. Integer at mi elit. Phasellus vitae rutrum sem. Vivamus et mauris ac nisl congue congue eu eget elit. Nullam at quam velit. Pellentesque dictum, diam nec tempor aliquet, tortor justo fermentum sapien, at condimentum turpis elit vel sapien. Aenean rutrum tellus sodales tortor viverra eleifend.

Donec facilisis, diam efficitur maximus ultrices, enim lectus rutrum elit, eget malesuada mi justo dapibus enim. Maecenas finibus euismod nulla quis dignissim. Sed dictum ante rutrum turpis euismod laoreet. Sed placerat tellus leo. In ut lobortis lorem. Nullam vitae lectus egestas urna tincidunt aliquet. Ut sagittis vel enim eget malesuada. Cras in congue tortor. Interdum et malesuada fames ac ante ipsum primis in faucibus. Nunc tempus consequat neque, et eleifend nulla aliquam eu.",Author 134,4,ky-uc-theo-dong-oi,NXB 134,2000,115
https://cdn1.fahasa.com/media/catalog/product/8/9/8935270703806.jpg,Sự Giàu Và Nghèo Của Các Dân Tộc (Tái Bản),390000,46,9780085481032,"Lorem ipsum dolor sit amet, consectetur adipiscing elit. Nam congue vel tellus non luctus. Vestibulum vitae nunc lorem. Sed lacinia lectus vel augue imperdiet ultricies. Donec id venenatis ex, vitae pretium ligula. Sed nulla eros, dignissim at feugiat non, posuere sit amet urna. Ut eu porttitor tellus. Cras eu massa nulla. Morbi porta fermentum elit eu iaculis. Pellentesque hendrerit venenatis purus at feugiat. Pellentesque vitae feugiat purus. Donec mattis rhoncus lacinia. Sed quam diam, molestie id laoreet eu, lacinia ac turpis. Cras tincidunt lobortis elit quis aliquam. Proin et massa libero.

Aliquam id pharetra arcu. Vivamus vitae mattis ligula. Sed efficitur urna vitae scelerisque tempor. Proin purus magna, vulputate eu ligula a, vehicula malesuada enim. Curabitur aliquet rutrum enim et tincidunt. Vestibulum ante ipsum primis in faucibus orci luctus et ultrices posuere cubilia curae; Vivamus pharetra enim leo, nec molestie nibh consectetur quis. Class aptent taciti sociosqu ad litora torquent per conubia nostra, per inceptos himenaeos. Nunc quis maximus elit, vitae pulvinar urna. Integer at mi elit. Phasellus vitae rutrum sem. Vivamus et mauris ac nisl congue congue eu eget elit. Nullam at quam velit. Pellentesque dictum, diam nec tempor aliquet, tortor justo fermentum sapien, at condimentum turpis elit vel sapien. Aenean rutrum tellus sodales tortor viverra eleifend.

Donec facilisis, diam efficitur maximus ultrices, enim lectus rutrum elit, eget malesuada mi justo dapibus enim. Maecenas finibus euismod nulla quis dignissim. Sed dictum ante rutrum turpis euismod laoreet. Sed placerat tellus leo. In ut lobortis lorem. Nullam vitae lectus egestas urna tincidunt aliquet. Ut sagittis vel enim eget malesuada. Cras in congue tortor. Interdum et malesuada fames ac ante ipsum primis in faucibus. Nunc tempus consequat neque, et eleifend nulla aliquam eu.",Author 135,20,su-giau-va-ngheo-cua-cac-dan-toc-tai-ban,NXB 135,2004,130
https://cdn1.fahasa.com/media/catalog/product/8/9/8934974184133.jpg,Trump 101: Con Đường Dẫn Đến Thành Công,80500,46,9780085481033,"Lorem ipsum dolor sit amet, consectetur adipiscing elit. Nam congue vel tellus non luctus. Vestibulum vitae nunc lorem. Sed lacinia lectus vel augue imperdiet ultricies. Donec id venenatis ex, vitae pretium ligula. Sed nulla eros, dignissim at feugiat non, posuere sit amet urna. Ut eu porttitor tellus. Cras eu massa nulla. Morbi porta fermentum elit eu iaculis. Pellentesque hendrerit venenatis purus at feugiat. Pellentesque vitae feugiat purus. Donec mattis rhoncus lacinia. Sed quam diam, molestie id laoreet eu, lacinia ac turpis. Cras tincidunt lobortis elit quis aliquam. Proin et massa libero.

Aliquam id pharetra arcu. Vivamus vitae mattis ligula. Sed efficitur urna vitae scelerisque tempor. Proin purus magna, vulputate eu ligula a, vehicula malesuada enim. Curabitur aliquet rutrum enim et tincidunt. Vestibulum ante ipsum primis in faucibus orci luctus et ultrices posuere cubilia curae; Vivamus pharetra enim leo, nec molestie nibh consectetur quis. Class aptent taciti sociosqu ad litora torquent per conubia nostra, per inceptos himenaeos. Nunc quis maximus elit, vitae pulvinar urna. Integer at mi elit. Phasellus vitae rutrum sem. Vivamus et mauris ac nisl congue congue eu eget elit. Nullam at quam velit. Pellentesque dictum, diam nec tempor aliquet, tortor justo fermentum sapien, at condimentum turpis elit vel sapien. Aenean rutrum tellus sodales tortor viverra eleifend.

Donec facilisis, diam efficitur maximus ultrices, enim lectus rutrum elit, eget malesuada mi justo dapibus enim. Maecenas finibus euismod nulla quis dignissim. Sed dictum ante rutrum turpis euismod laoreet. Sed placerat tellus leo. In ut lobortis lorem. Nullam vitae lectus egestas urna tincidunt aliquet. Ut sagittis vel enim eget malesuada. Cras in congue tortor. Interdum et malesuada fames ac ante ipsum primis in faucibus. Nunc tempus consequat neque, et eleifend nulla aliquam eu.",Author 136,7,trump-101-con-uong-dan-en-thanh-cong,NXB 136,2001,53
https://cdn1.fahasa.com/media/catalog/product/8/9/8934974201106.jpg,Vươn Lên Từ Đáy - Hành Trình Tái Hiện Giấc Mơ Mỹ,182500,46,9780085481034,"Lorem ipsum dolor sit amet, consectetur adipiscing elit. Nam congue vel tellus non luctus. Vestibulum vitae nunc lorem. Sed lacinia lectus vel augue imperdiet ultricies. Donec id venenatis ex, vitae pretium ligula. Sed nulla eros, dignissim at feugiat non, posuere sit amet urna. Ut eu porttitor tellus. Cras eu massa nulla. Morbi porta fermentum elit eu iaculis. Pellentesque hendrerit venenatis purus at feugiat. Pellentesque vitae feugiat purus. Donec mattis rhoncus lacinia. Sed quam diam, molestie id laoreet eu, lacinia ac turpis. Cras tincidunt lobortis elit quis aliquam. Proin et massa libero.

Aliquam id pharetra arcu. Vivamus vitae mattis ligula. Sed efficitur urna vitae scelerisque tempor. Proin purus magna, vulputate eu ligula a, vehicula malesuada enim. Curabitur aliquet rutrum enim et tincidunt. Vestibulum ante ipsum primis in faucibus orci luctus et ultrices posuere cubilia curae; Vivamus pharetra enim leo, nec molestie nibh consectetur quis. Class aptent taciti sociosqu ad litora torquent per conubia nostra, per inceptos himenaeos. Nunc quis maximus elit, vitae pulvinar urna. Integer at mi elit. Phasellus vitae rutrum sem. Vivamus et mauris ac nisl congue congue eu eget elit. Nullam at quam velit. Pellentesque dictum, diam nec tempor aliquet, tortor justo fermentum sapien, at condimentum turpis elit vel sapien. Aenean rutrum tellus sodales tortor viverra eleifend.

Donec facilisis, diam efficitur maximus ultrices, enim lectus rutrum elit, eget malesuada mi justo dapibus enim. Maecenas finibus euismod nulla quis dignissim. Sed dictum ante rutrum turpis euismod laoreet. Sed placerat tellus leo. In ut lobortis lorem. Nullam vitae lectus egestas urna tincidunt aliquet. Ut sagittis vel enim eget malesuada. Cras in congue tortor. Interdum et malesuada fames ac ante ipsum primis in faucibus. Nunc tempus consequat neque, et eleifend nulla aliquam eu.",Author 137,6,vuon-len-tu-ay-hanh-trinh-tai-hien-giac-mo-my,NXB 137,2020,71
https://cdn1.fahasa.com/media/catalog/product/8/9/8935072957742.jpg,Hoạt Động Của Ngân Hàng Đông Dương Tại Việt Nam Từ Năm 1875 Đến Năm 1945,68000,46,9780085481035,"Lorem ipsum dolor sit amet, consectetur adipiscing elit. Nam congue vel tellus non luctus. Vestibulum vitae nunc lorem. Sed lacinia lectus vel augue imperdiet ultricies. Donec id venenatis ex, vitae pretium ligula. Sed nulla eros, dignissim at feugiat non, posuere sit amet urna. Ut eu porttitor tellus. Cras eu massa nulla. Morbi porta fermentum elit eu iaculis. Pellentesque hendrerit venenatis purus at feugiat. Pellentesque vitae feugiat purus. Donec mattis rhoncus lacinia. Sed quam diam, molestie id laoreet eu, lacinia ac turpis. Cras tincidunt lobortis elit quis aliquam. Proin et massa libero.

Aliquam id pharetra arcu. Vivamus vitae mattis ligula. Sed efficitur urna vitae scelerisque tempor. Proin purus magna, vulputate eu ligula a, vehicula malesuada enim. Curabitur aliquet rutrum enim et tincidunt. Vestibulum ante ipsum primis in faucibus orci luctus et ultrices posuere cubilia curae; Vivamus pharetra enim leo, nec molestie nibh consectetur quis. Class aptent taciti sociosqu ad litora torquent per conubia nostra, per inceptos himenaeos. Nunc quis maximus elit, vitae pulvinar urna. Integer at mi elit. Phasellus vitae rutrum sem. Vivamus et mauris ac nisl congue congue eu eget elit. Nullam at quam velit. Pellentesque dictum, diam nec tempor aliquet, tortor justo fermentum sapien, at condimentum turpis elit vel sapien. Aenean rutrum tellus sodales tortor viverra eleifend.

Donec facilisis, diam efficitur maximus ultrices, enim lectus rutrum elit, eget malesuada mi justo dapibus enim. Maecenas finibus euismod nulla quis dignissim. Sed dictum ante rutrum turpis euismod laoreet. Sed placerat tellus leo. In ut lobortis lorem. Nullam vitae lectus egestas urna tincidunt aliquet. Ut sagittis vel enim eget malesuada. Cras in congue tortor. Interdum et malesuada fames ac ante ipsum primis in faucibus. Nunc tempus consequat neque, et eleifend nulla aliquam eu.",Author 138,15,hoat-ong-cua-ngan-hang-ong-duong-tai-viet-nam-tu-nam-1875-en-nam-1945,NXB 138,2018,85
https://cdn1.fahasa.com/media/catalog/product/9/7/9786048485283.jpg,Kỷ Yếu 300 Năm Adam Smith (1723-2023) - Người Đặt Nền Tảng Của Kinh Tế Học Phồn Vinh,254250,46,9780085481036,"Lorem ipsum dolor sit amet, consectetur adipiscing elit. Nam congue vel tellus non luctus. Vestibulum vitae nunc lorem. Sed lacinia lectus vel augue imperdiet ultricies. Donec id venenatis ex, vitae pretium ligula. Sed nulla eros, dignissim at feugiat non, posuere sit amet urna. Ut eu porttitor tellus. Cras eu massa nulla. Morbi porta fermentum elit eu iaculis. Pellentesque hendrerit venenatis purus at feugiat. Pellentesque vitae feugiat purus. Donec mattis rhoncus lacinia. Sed quam diam, molestie id laoreet eu, lacinia ac turpis. Cras tincidunt lobortis elit quis aliquam. Proin et massa libero.

Aliquam id pharetra arcu. Vivamus vitae mattis ligula. Sed efficitur urna vitae scelerisque tempor. Proin purus magna, vulputate eu ligula a, vehicula malesuada enim. Curabitur aliquet rutrum enim et tincidunt. Vestibulum ante ipsum primis in faucibus orci luctus et ultrices posuere cubilia curae; Vivamus pharetra enim leo, nec molestie nibh consectetur quis. Class aptent taciti sociosqu ad litora torquent per conubia nostra, per inceptos himenaeos. Nunc quis maximus elit, vitae pulvinar urna. Integer at mi elit. Phasellus vitae rutrum sem. Vivamus et mauris ac nisl congue congue eu eget elit. Nullam at quam velit. Pellentesque dictum, diam nec tempor aliquet, tortor justo fermentum sapien, at condimentum turpis elit vel sapien. Aenean rutrum tellus sodales tortor viverra eleifend.

Donec facilisis, diam efficitur maximus ultrices, enim lectus rutrum elit, eget malesuada mi justo dapibus enim. Maecenas finibus euismod nulla quis dignissim. Sed dictum ante rutrum turpis euismod laoreet. Sed placerat tellus leo. In ut lobortis lorem. Nullam vitae lectus egestas urna tincidunt aliquet. Ut sagittis vel enim eget malesuada. Cras in congue tortor. Interdum et malesuada fames ac ante ipsum primis in faucibus. Nunc tempus consequat neque, et eleifend nulla aliquam eu.",Author 139,18,ky-yeu-300-nam-adam-smith-1723-2023-nguoi-at-nen-tang-cua-kinh-te-hoc-phon-vinh,NXB 139,2002,71
https://cdn1.fahasa.com/media/catalog/product/8/9/8935077033540.jpg,Chiêu Bài Quản Lý Vàng Của Bill Gates (2016),57500,46,9780085481037,"Lorem ipsum dolor sit amet, consectetur adipiscing elit. Nam congue vel tellus non luctus. Vestibulum vitae nunc lorem. Sed lacinia lectus vel augue imperdiet ultricies. Donec id venenatis ex, vitae pretium ligula. Sed nulla eros, dignissim at feugiat non, posuere sit amet urna. Ut eu porttitor tellus. Cras eu massa nulla. Morbi porta fermentum elit eu iaculis. Pellentesque hendrerit venenatis purus at feugiat. Pellentesque vitae feugiat purus. Donec mattis rhoncus lacinia. Sed quam diam, molestie id laoreet eu, lacinia ac turpis. Cras tincidunt lobortis elit quis aliquam. Proin et massa libero.

Aliquam id pharetra arcu. Vivamus vitae mattis ligula. Sed efficitur urna vitae scelerisque tempor. Proin purus magna, vulputate eu ligula a, vehicula malesuada enim. Curabitur aliquet rutrum enim et tincidunt. Vestibulum ante ipsum primis in faucibus orci luctus et ultrices posuere cubilia curae; Vivamus pharetra enim leo, nec molestie nibh consectetur quis. Class aptent taciti sociosqu ad litora torquent per conubia nostra, per inceptos himenaeos. Nunc quis maximus elit, vitae pulvinar urna. Integer at mi elit. Phasellus vitae rutrum sem. Vivamus et mauris ac nisl congue congue eu eget elit. Nullam at quam velit. Pellentesque dictum, diam nec tempor aliquet, tortor justo fermentum sapien, at condimentum turpis elit vel sapien. Aenean rutrum tellus sodales tortor viverra eleifend.

Donec facilisis, diam efficitur maximus ultrices, enim lectus rutrum elit, eget malesuada mi justo dapibus enim. Maecenas finibus euismod nulla quis dignissim. Sed dictum ante rutrum turpis euismod laoreet. Sed placerat tellus leo. In ut lobortis lorem. Nullam vitae lectus egestas urna tincidunt aliquet. Ut sagittis vel enim eget malesuada. Cras in congue tortor. Interdum et malesuada fames ac ante ipsum primis in faucibus. Nunc tempus consequat neque, et eleifend nulla aliquam eu.",Author 140,9,chieu-bai-quan-ly-vang-cua-bill-gates-2016,NXB 140,2000,70
https://cdn1.fahasa.com/media/catalog/product/b/i/bia_chan-hung-nhat-ban.jpg,Chấn Hưng Nhật Bản,112000,46,9780085481038,"Lorem ipsum dolor sit amet, consectetur adipiscing elit. Nam congue vel tellus non luctus. Vestibulum vitae nunc lorem. Sed lacinia lectus vel augue imperdiet ultricies. Donec id venenatis ex, vitae pretium ligula. Sed nulla eros, dignissim at feugiat non, posuere sit amet urna. Ut eu porttitor tellus. Cras eu massa nulla. Morbi porta fermentum elit eu iaculis. Pellentesque hendrerit venenatis purus at feugiat. Pellentesque vitae feugiat purus. Donec mattis rhoncus lacinia. Sed quam diam, molestie id laoreet eu, lacinia ac turpis. Cras tincidunt lobortis elit quis aliquam. Proin et massa libero.

Aliquam id pharetra arcu. Vivamus vitae mattis ligula. Sed efficitur urna vitae scelerisque tempor. Proin purus magna, vulputate eu ligula a, vehicula malesuada enim. Curabitur aliquet rutrum enim et tincidunt. Vestibulum ante ipsum primis in faucibus orci luctus et ultrices posuere cubilia curae; Vivamus pharetra enim leo, nec molestie nibh consectetur quis. Class aptent taciti sociosqu ad litora torquent per conubia nostra, per inceptos himenaeos. Nunc quis maximus elit, vitae pulvinar urna. Integer at mi elit. Phasellus vitae rutrum sem. Vivamus et mauris ac nisl congue congue eu eget elit. Nullam at quam velit. Pellentesque dictum, diam nec tempor aliquet, tortor justo fermentum sapien, at condimentum turpis elit vel sapien. Aenean rutrum tellus sodales tortor viverra eleifend.

Donec facilisis, diam efficitur maximus ultrices, enim lectus rutrum elit, eget malesuada mi justo dapibus enim. Maecenas finibus euismod nulla quis dignissim. Sed dictum ante rutrum turpis euismod laoreet. Sed placerat tellus leo. In ut lobortis lorem. Nullam vitae lectus egestas urna tincidunt aliquet. Ut sagittis vel enim eget malesuada. Cras in congue tortor. Interdum et malesuada fames ac ante ipsum primis in faucibus. Nunc tempus consequat neque, et eleifend nulla aliquam eu.",Author 141,11,chan-hung-nhat-ban,NXB 141,2023,64
https://cdn1.fahasa.com/media/catalog/product/i/m/image_188849.jpg,Donald Trump Dưới Góc Nhìn Của Tâm Lý Học,153000,46,9780085481039,"Lorem ipsum dolor sit amet, consectetur adipiscing elit. Nam congue vel tellus non luctus. Vestibulum vitae nunc lorem. Sed lacinia lectus vel augue imperdiet ultricies. Donec id venenatis ex, vitae pretium ligula. Sed nulla eros, dignissim at feugiat non, posuere sit amet urna. Ut eu porttitor tellus. Cras eu massa nulla. Morbi porta fermentum elit eu iaculis. Pellentesque hendrerit venenatis purus at feugiat. Pellentesque vitae feugiat purus. Donec mattis rhoncus lacinia. Sed quam diam, molestie id laoreet eu, lacinia ac turpis. Cras tincidunt lobortis elit quis aliquam. Proin et massa libero.

Aliquam id pharetra arcu. Vivamus vitae mattis ligula. Sed efficitur urna vitae scelerisque tempor. Proin purus magna, vulputate eu ligula a, vehicula malesuada enim. Curabitur aliquet rutrum enim et tincidunt. Vestibulum ante ipsum primis in faucibus orci luctus et ultrices posuere cubilia curae; Vivamus pharetra enim leo, nec molestie nibh consectetur quis. Class aptent taciti sociosqu ad litora torquent per conubia nostra, per inceptos himenaeos. Nunc quis maximus elit, vitae pulvinar urna. Integer at mi elit. Phasellus vitae rutrum sem. Vivamus et mauris ac nisl congue congue eu eget elit. Nullam at quam velit. Pellentesque dictum, diam nec tempor aliquet, tortor justo fermentum sapien, at condimentum turpis elit vel sapien. Aenean rutrum tellus sodales tortor viverra eleifend.

Donec facilisis, diam efficitur maximus ultrices, enim lectus rutrum elit, eget malesuada mi justo dapibus enim. Maecenas finibus euismod nulla quis dignissim. Sed dictum ante rutrum turpis euismod laoreet. Sed placerat tellus leo. In ut lobortis lorem. Nullam vitae lectus egestas urna tincidunt aliquet. Ut sagittis vel enim eget malesuada. Cras in congue tortor. Interdum et malesuada fames ac ante ipsum primis in faucibus. Nunc tempus consequat neque, et eleifend nulla aliquam eu.",Author 142,19,donald-trump-duoi-goc-nhin-cua-tam-ly-hoc,NXB 142,2013,58
https://cdn1.fahasa.com/media/catalog/product/i/m/image_217967.jpg,Elon Musk - Đặt Cả Thế Giới Lên Bốn Bánh Xe Điện,119400,46,9780085481040,"Lorem ipsum dolor sit amet, consectetur adipiscing elit. Nam congue vel tellus non luctus. Vestibulum vitae nunc lorem. Sed lacinia lectus vel augue imperdiet ultricies. Donec id venenatis ex, vitae pretium ligula. Sed nulla eros, dignissim at feugiat non, posuere sit amet urna. Ut eu porttitor tellus. Cras eu massa nulla. Morbi porta fermentum elit eu iaculis. Pellentesque hendrerit venenatis purus at feugiat. Pellentesque vitae feugiat purus. Donec mattis rhoncus lacinia. Sed quam diam, molestie id laoreet eu, lacinia ac turpis. Cras tincidunt lobortis elit quis aliquam. Proin et massa libero.

Aliquam id pharetra arcu. Vivamus vitae mattis ligula. Sed efficitur urna vitae scelerisque tempor. Proin purus magna, vulputate eu ligula a, vehicula malesuada enim. Curabitur aliquet rutrum enim et tincidunt. Vestibulum ante ipsum primis in faucibus orci luctus et ultrices posuere cubilia curae; Vivamus pharetra enim leo, nec molestie nibh consectetur quis. Class aptent taciti sociosqu ad litora torquent per conubia nostra, per inceptos himenaeos. Nunc quis maximus elit, vitae pulvinar urna. Integer at mi elit. Phasellus vitae rutrum sem. Vivamus et mauris ac nisl congue congue eu eget elit. Nullam at quam velit. Pellentesque dictum, diam nec tempor aliquet, tortor justo fermentum sapien, at condimentum turpis elit vel sapien. Aenean rutrum tellus sodales tortor viverra eleifend.

Donec facilisis, diam efficitur maximus ultrices, enim lectus rutrum elit, eget malesuada mi justo dapibus enim. Maecenas finibus euismod nulla quis dignissim. Sed dictum ante rutrum turpis euismod laoreet. Sed placerat tellus leo. In ut lobortis lorem. Nullam vitae lectus egestas urna tincidunt aliquet. Ut sagittis vel enim eget malesuada. Cras in congue tortor. Interdum et malesuada fames ac ante ipsum primis in faucibus. Nunc tempus consequat neque, et eleifend nulla aliquam eu.",Author 143,19,elon-musk-at-ca-the-gioi-len-bon-banh-xe-ien,NXB 143,2009,65
https://cdn1.fahasa.com/media/catalog/product/i/m/image_223358.jpg,Facebook - Bí Mật Về Quốc Gia Lớn Nhất Thế Giới,199500,46,9780085481041,"Lorem ipsum dolor sit amet, consectetur adipiscing elit. Nam congue vel tellus non luctus. Vestibulum vitae nunc lorem. Sed lacinia lectus vel augue imperdiet ultricies. Donec id venenatis ex, vitae pretium ligula. Sed nulla eros, dignissim at feugiat non, posuere sit amet urna. Ut eu porttitor tellus. Cras eu massa nulla. Morbi porta fermentum elit eu iaculis. Pellentesque hendrerit venenatis purus at feugiat. Pellentesque vitae feugiat purus. Donec mattis rhoncus lacinia. Sed quam diam, molestie id laoreet eu, lacinia ac turpis. Cras tincidunt lobortis elit quis aliquam. Proin et massa libero.

Aliquam id pharetra arcu. Vivamus vitae mattis ligula. Sed efficitur urna vitae scelerisque tempor. Proin purus magna, vulputate eu ligula a, vehicula malesuada enim. Curabitur aliquet rutrum enim et tincidunt. Vestibulum ante ipsum primis in faucibus orci luctus et ultrices posuere cubilia curae; Vivamus pharetra enim leo, nec molestie nibh consectetur quis. Class aptent taciti sociosqu ad litora torquent per conubia nostra, per inceptos himenaeos. Nunc quis maximus elit, vitae pulvinar urna. Integer at mi elit. Phasellus vitae rutrum sem. Vivamus et mauris ac nisl congue congue eu eget elit. Nullam at quam velit. Pellentesque dictum, diam nec tempor aliquet, tortor justo fermentum sapien, at condimentum turpis elit vel sapien. Aenean rutrum tellus sodales tortor viverra eleifend.

Donec facilisis, diam efficitur maximus ultrices, enim lectus rutrum elit, eget malesuada mi justo dapibus enim. Maecenas finibus euismod nulla quis dignissim. Sed dictum ante rutrum turpis euismod laoreet. Sed placerat tellus leo. In ut lobortis lorem. Nullam vitae lectus egestas urna tincidunt aliquet. Ut sagittis vel enim eget malesuada. Cras in congue tortor. Interdum et malesuada fames ac ante ipsum primis in faucibus. Nunc tempus consequat neque, et eleifend nulla aliquam eu.",Author 144,15,facebook-bi-mat-ve-quoc-gia-lon-nhat-the-gioi,NXB 144,2017,118
https://cdn1.fahasa.com/media/catalog/product/i/m/image_222089_thanh_ly.jpg,Sói Già Phố Wall Phần,126750,46,9780085481042,"Lorem ipsum dolor sit amet, consectetur adipiscing elit. Nam congue vel tellus non luctus. Vestibulum vitae nunc lorem. Sed lacinia lectus vel augue imperdiet ultricies. Donec id venenatis ex, vitae pretium ligula. Sed nulla eros, dignissim at feugiat non, posuere sit amet urna. Ut eu porttitor tellus. Cras eu massa nulla. Morbi porta fermentum elit eu iaculis. Pellentesque hendrerit venenatis purus at feugiat. Pellentesque vitae feugiat purus. Donec mattis rhoncus lacinia. Sed quam diam, molestie id laoreet eu, lacinia ac turpis. Cras tincidunt lobortis elit quis aliquam. Proin et massa libero.

Aliquam id pharetra arcu. Vivamus vitae mattis ligula. Sed efficitur urna vitae scelerisque tempor. Proin purus magna, vulputate eu ligula a, vehicula malesuada enim. Curabitur aliquet rutrum enim et tincidunt. Vestibulum ante ipsum primis in faucibus orci luctus et ultrices posuere cubilia curae; Vivamus pharetra enim leo, nec molestie nibh consectetur quis. Class aptent taciti sociosqu ad litora torquent per conubia nostra, per inceptos himenaeos. Nunc quis maximus elit, vitae pulvinar urna. Integer at mi elit. Phasellus vitae rutrum sem. Vivamus et mauris ac nisl congue congue eu eget elit. Nullam at quam velit. Pellentesque dictum, diam nec tempor aliquet, tortor justo fermentum sapien, at condimentum turpis elit vel sapien. Aenean rutrum tellus sodales tortor viverra eleifend.

Donec facilisis, diam efficitur maximus ultrices, enim lectus rutrum elit, eget malesuada mi justo dapibus enim. Maecenas finibus euismod nulla quis dignissim. Sed dictum ante rutrum turpis euismod laoreet. Sed placerat tellus leo. In ut lobortis lorem. Nullam vitae lectus egestas urna tincidunt aliquet. Ut sagittis vel enim eget malesuada. Cras in congue tortor. Interdum et malesuada fames ac ante ipsum primis in faucibus. Nunc tempus consequat neque, et eleifend nulla aliquam eu.",Author 145,18,soi-gia-pho-wall-phan,NXB 145,2017,78
https://cdn1.fahasa.com/media/catalog/product/i/m/image_244718_1_2506.jpg,Những Ông Trùm Tư Bản Cuối Cùng Ở  Thượng Hải - Hai Đế Chế Kinh Tế Do Thái Cạnh Tranh Giúp Tạo Nên Trung Quốc Hiện Tại,126750,46,9780085481043,"Lorem ipsum dolor sit amet, consectetur adipiscing elit. Nam congue vel tellus non luctus. Vestibulum vitae nunc lorem. Sed lacinia lectus vel augue imperdiet ultricies. Donec id venenatis ex, vitae pretium ligula. Sed nulla eros, dignissim at feugiat non, posuere sit amet urna. Ut eu porttitor tellus. Cras eu massa nulla. Morbi porta fermentum elit eu iaculis. Pellentesque hendrerit venenatis purus at feugiat. Pellentesque vitae feugiat purus. Donec mattis rhoncus lacinia. Sed quam diam, molestie id laoreet eu, lacinia ac turpis. Cras tincidunt lobortis elit quis aliquam. Proin et massa libero.

Aliquam id pharetra arcu. Vivamus vitae mattis ligula. Sed efficitur urna vitae scelerisque tempor. Proin purus magna, vulputate eu ligula a, vehicula malesuada enim. Curabitur aliquet rutrum enim et tincidunt. Vestibulum ante ipsum primis in faucibus orci luctus et ultrices posuere cubilia curae; Vivamus pharetra enim leo, nec molestie nibh consectetur quis. Class aptent taciti sociosqu ad litora torquent per conubia nostra, per inceptos himenaeos. Nunc quis maximus elit, vitae pulvinar urna. Integer at mi elit. Phasellus vitae rutrum sem. Vivamus et mauris ac nisl congue congue eu eget elit. Nullam at quam velit. Pellentesque dictum, diam nec tempor aliquet, tortor justo fermentum sapien, at condimentum turpis elit vel sapien. Aenean rutrum tellus sodales tortor viverra eleifend.

Donec facilisis, diam efficitur maximus ultrices, enim lectus rutrum elit, eget malesuada mi justo dapibus enim. Maecenas finibus euismod nulla quis dignissim. Sed dictum ante rutrum turpis euismod laoreet. Sed placerat tellus leo. In ut lobortis lorem. Nullam vitae lectus egestas urna tincidunt aliquet. Ut sagittis vel enim eget malesuada. Cras in congue tortor. Interdum et malesuada fames ac ante ipsum primis in faucibus. Nunc tempus consequat neque, et eleifend nulla aliquam eu.",Author 146,15,nhung-ong-trum-tu-ban-cuoi-cung-o-thuong-hai-hai-e-che-kinh-te-do-thai-canh-tranh-giup-tao-nen-trung-quoc-hien-tai,NXB 146,2023,101
https://cdn1.fahasa.com/media/catalog/product/b/_/b_a-tr_c-s_i-gi_-ph_-wall-3-1.jpg,Sói Già Phố Wall - Phần 3,99000,46,9780085481044,"Lorem ipsum dolor sit amet, consectetur adipiscing elit. Nam congue vel tellus non luctus. Vestibulum vitae nunc lorem. Sed lacinia lectus vel augue imperdiet ultricies. Donec id venenatis ex, vitae pretium ligula. Sed nulla eros, dignissim at feugiat non, posuere sit amet urna. Ut eu porttitor tellus. Cras eu massa nulla. Morbi porta fermentum elit eu iaculis. Pellentesque hendrerit venenatis purus at feugiat. Pellentesque vitae feugiat purus. Donec mattis rhoncus lacinia. Sed quam diam, molestie id laoreet eu, lacinia ac turpis. Cras tincidunt lobortis elit quis aliquam. Proin et massa libero.

Aliquam id pharetra arcu. Vivamus vitae mattis ligula. Sed efficitur urna vitae scelerisque tempor. Proin purus magna, vulputate eu ligula a, vehicula malesuada enim. Curabitur aliquet rutrum enim et tincidunt. Vestibulum ante ipsum primis in faucibus orci luctus et ultrices posuere cubilia curae; Vivamus pharetra enim leo, nec molestie nibh consectetur quis. Class aptent taciti sociosqu ad litora torquent per conubia nostra, per inceptos himenaeos. Nunc quis maximus elit, vitae pulvinar urna. Integer at mi elit. Phasellus vitae rutrum sem. Vivamus et mauris ac nisl congue congue eu eget elit. Nullam at quam velit. Pellentesque dictum, diam nec tempor aliquet, tortor justo fermentum sapien, at condimentum turpis elit vel sapien. Aenean rutrum tellus sodales tortor viverra eleifend.

Donec facilisis, diam efficitur maximus ultrices, enim lectus rutrum elit, eget malesuada mi justo dapibus enim. Maecenas finibus euismod nulla quis dignissim. Sed dictum ante rutrum turpis euismod laoreet. Sed placerat tellus leo. In ut lobortis lorem. Nullam vitae lectus egestas urna tincidunt aliquet. Ut sagittis vel enim eget malesuada. Cras in congue tortor. Interdum et malesuada fames ac ante ipsum primis in faucibus. Nunc tempus consequat neque, et eleifend nulla aliquam eu.",Author 147,3,soi-gia-pho-wall-phan-3,NXB 147,2014,142
https://cdn1.fahasa.com/media/catalog/product/9/7/9786043937183.jpg,Sói Già Phố Wall - Phần 2 (Tái Bản 2022),119400,46,9780085481045,"Lorem ipsum dolor sit amet, consectetur adipiscing elit. Nam congue vel tellus non luctus. Vestibulum vitae nunc lorem. Sed lacinia lectus vel augue imperdiet ultricies. Donec id venenatis ex, vitae pretium ligula. Sed nulla eros, dignissim at feugiat non, posuere sit amet urna. Ut eu porttitor tellus. Cras eu massa nulla. Morbi porta fermentum elit eu iaculis. Pellentesque hendrerit venenatis purus at feugiat. Pellentesque vitae feugiat purus. Donec mattis rhoncus lacinia. Sed quam diam, molestie id laoreet eu, lacinia ac turpis. Cras tincidunt lobortis elit quis aliquam. Proin et massa libero.

Aliquam id pharetra arcu. Vivamus vitae mattis ligula. Sed efficitur urna vitae scelerisque tempor. Proin purus magna, vulputate eu ligula a, vehicula malesuada enim. Curabitur aliquet rutrum enim et tincidunt. Vestibulum ante ipsum primis in faucibus orci luctus et ultrices posuere cubilia curae; Vivamus pharetra enim leo, nec molestie nibh consectetur quis. Class aptent taciti sociosqu ad litora torquent per conubia nostra, per inceptos himenaeos. Nunc quis maximus elit, vitae pulvinar urna. Integer at mi elit. Phasellus vitae rutrum sem. Vivamus et mauris ac nisl congue congue eu eget elit. Nullam at quam velit. Pellentesque dictum, diam nec tempor aliquet, tortor justo fermentum sapien, at condimentum turpis elit vel sapien. Aenean rutrum tellus sodales tortor viverra eleifend.

Donec facilisis, diam efficitur maximus ultrices, enim lectus rutrum elit, eget malesuada mi justo dapibus enim. Maecenas finibus euismod nulla quis dignissim. Sed dictum ante rutrum turpis euismod laoreet. Sed placerat tellus leo. In ut lobortis lorem. Nullam vitae lectus egestas urna tincidunt aliquet. Ut sagittis vel enim eget malesuada. Cras in congue tortor. Interdum et malesuada fames ac ante ipsum primis in faucibus. Nunc tempus consequat neque, et eleifend nulla aliquam eu.",Author 148,14,soi-gia-pho-wall-phan-2-tai-ban-2022,NXB 148,2006,51
https://cdn1.fahasa.com/media/catalog/product/8/9/8935251420463.jpg,Trước Bình Minh Luôn Là Đêm Tối (Tái Bản 2023),169000,46,9780085481046,"Lorem ipsum dolor sit amet, consectetur adipiscing elit. Nam congue vel tellus non luctus. Vestibulum vitae nunc lorem. Sed lacinia lectus vel augue imperdiet ultricies. Donec id venenatis ex, vitae pretium ligula. Sed nulla eros, dignissim at feugiat non, posuere sit amet urna. Ut eu porttitor tellus. Cras eu massa nulla. Morbi porta fermentum elit eu iaculis. Pellentesque hendrerit venenatis purus at feugiat. Pellentesque vitae feugiat purus. Donec mattis rhoncus lacinia. Sed quam diam, molestie id laoreet eu, lacinia ac turpis. Cras tincidunt lobortis elit quis aliquam. Proin et massa libero.

Aliquam id pharetra arcu. Vivamus vitae mattis ligula. Sed efficitur urna vitae scelerisque tempor. Proin purus magna, vulputate eu ligula a, vehicula malesuada enim. Curabitur aliquet rutrum enim et tincidunt. Vestibulum ante ipsum primis in faucibus orci luctus et ultrices posuere cubilia curae; Vivamus pharetra enim leo, nec molestie nibh consectetur quis. Class aptent taciti sociosqu ad litora torquent per conubia nostra, per inceptos himenaeos. Nunc quis maximus elit, vitae pulvinar urna. Integer at mi elit. Phasellus vitae rutrum sem. Vivamus et mauris ac nisl congue congue eu eget elit. Nullam at quam velit. Pellentesque dictum, diam nec tempor aliquet, tortor justo fermentum sapien, at condimentum turpis elit vel sapien. Aenean rutrum tellus sodales tortor viverra eleifend.

Donec facilisis, diam efficitur maximus ultrices, enim lectus rutrum elit, eget malesuada mi justo dapibus enim. Maecenas finibus euismod nulla quis dignissim. Sed dictum ante rutrum turpis euismod laoreet. Sed placerat tellus leo. In ut lobortis lorem. Nullam vitae lectus egestas urna tincidunt aliquet. Ut sagittis vel enim eget malesuada. Cras in congue tortor. Interdum et malesuada fames ac ante ipsum primis in faucibus. Nunc tempus consequat neque, et eleifend nulla aliquam eu.",Author 149,4,truoc-binh-minh-luon-la-em-toi-tai-ban-2023,NXB 149,2024,58
https://cdn1.fahasa.com/media/catalog/product/8/9/8935251420722.jpg,Hồi Ký Tù Binh Thương Trường,135000,46,9780085481047,"Lorem ipsum dolor sit amet, consectetur adipiscing elit. Nam congue vel tellus non luctus. Vestibulum vitae nunc lorem. Sed lacinia lectus vel augue imperdiet ultricies. Donec id venenatis ex, vitae pretium ligula. Sed nulla eros, dignissim at feugiat non, posuere sit amet urna. Ut eu porttitor tellus. Cras eu massa nulla. Morbi porta fermentum elit eu iaculis. Pellentesque hendrerit venenatis purus at feugiat. Pellentesque vitae feugiat purus. Donec mattis rhoncus lacinia. Sed quam diam, molestie id laoreet eu, lacinia ac turpis. Cras tincidunt lobortis elit quis aliquam. Proin et massa libero.

Aliquam id pharetra arcu. Vivamus vitae mattis ligula. Sed efficitur urna vitae scelerisque tempor. Proin purus magna, vulputate eu ligula a, vehicula malesuada enim. Curabitur aliquet rutrum enim et tincidunt. Vestibulum ante ipsum primis in faucibus orci luctus et ultrices posuere cubilia curae; Vivamus pharetra enim leo, nec molestie nibh consectetur quis. Class aptent taciti sociosqu ad litora torquent per conubia nostra, per inceptos himenaeos. Nunc quis maximus elit, vitae pulvinar urna. Integer at mi elit. Phasellus vitae rutrum sem. Vivamus et mauris ac nisl congue congue eu eget elit. Nullam at quam velit. Pellentesque dictum, diam nec tempor aliquet, tortor justo fermentum sapien, at condimentum turpis elit vel sapien. Aenean rutrum tellus sodales tortor viverra eleifend.

Donec facilisis, diam efficitur maximus ultrices, enim lectus rutrum elit, eget malesuada mi justo dapibus enim. Maecenas finibus euismod nulla quis dignissim. Sed dictum ante rutrum turpis euismod laoreet. Sed placerat tellus leo. In ut lobortis lorem. Nullam vitae lectus egestas urna tincidunt aliquet. Ut sagittis vel enim eget malesuada. Cras in congue tortor. Interdum et malesuada fames ac ante ipsum primis in faucibus. Nunc tempus consequat neque, et eleifend nulla aliquam eu.",Author 150,4,hoi-ky-tu-binh-thuong-truong,NXB 150,2018,92
https://cdn1.fahasa.com/media/catalog/product/c/_/c_t-_o-b_a-vanderbilt-t_i-phi_t-_u-ti_n-c_a-n_c-m__1.jpg,The First Tycoon - Tài Phiệt Đầu Tiên Của Nước Mỹ Vanderbilt - Bìa Cứng,424000,46,9780085481048,"Lorem ipsum dolor sit amet, consectetur adipiscing elit. Nam congue vel tellus non luctus. Vestibulum vitae nunc lorem. Sed lacinia lectus vel augue imperdiet ultricies. Donec id venenatis ex, vitae pretium ligula. Sed nulla eros, dignissim at feugiat non, posuere sit amet urna. Ut eu porttitor tellus. Cras eu massa nulla. Morbi porta fermentum elit eu iaculis. Pellentesque hendrerit venenatis purus at feugiat. Pellentesque vitae feugiat purus. Donec mattis rhoncus lacinia. Sed quam diam, molestie id laoreet eu, lacinia ac turpis. Cras tincidunt lobortis elit quis aliquam. Proin et massa libero.

Aliquam id pharetra arcu. Vivamus vitae mattis ligula. Sed efficitur urna vitae scelerisque tempor. Proin purus magna, vulputate eu ligula a, vehicula malesuada enim. Curabitur aliquet rutrum enim et tincidunt. Vestibulum ante ipsum primis in faucibus orci luctus et ultrices posuere cubilia curae; Vivamus pharetra enim leo, nec molestie nibh consectetur quis. Class aptent taciti sociosqu ad litora torquent per conubia nostra, per inceptos himenaeos. Nunc quis maximus elit, vitae pulvinar urna. Integer at mi elit. Phasellus vitae rutrum sem. Vivamus et mauris ac nisl congue congue eu eget elit. Nullam at quam velit. Pellentesque dictum, diam nec tempor aliquet, tortor justo fermentum sapien, at condimentum turpis elit vel sapien. Aenean rutrum tellus sodales tortor viverra eleifend.

Donec facilisis, diam efficitur maximus ultrices, enim lectus rutrum elit, eget malesuada mi justo dapibus enim. Maecenas finibus euismod nulla quis dignissim. Sed dictum ante rutrum turpis euismod laoreet. Sed placerat tellus leo. In ut lobortis lorem. Nullam vitae lectus egestas urna tincidunt aliquet. Ut sagittis vel enim eget malesuada. Cras in congue tortor. Interdum et malesuada fames ac ante ipsum primis in faucibus. Nunc tempus consequat neque, et eleifend nulla aliquam eu.",Author 151,9,the-first-tycoon-tai-phiet-au-tien-cua-nuoc-my-vanderbilt-bia-cung,NXB 151,2005,127
https://cdn1.fahasa.com/media/catalog/product/8/9/8935251406115_1_1.jpg,Bill Gates - Tham Vọng Lớn Lao Và Quá Trình Hình Thành Đế Chế Microsoft (Tái Bản 2023),211500,46,9780085481049,"Lorem ipsum dolor sit amet, consectetur adipiscing elit. Nam congue vel tellus non luctus. Vestibulum vitae nunc lorem. Sed lacinia lectus vel augue imperdiet ultricies. Donec id venenatis ex, vitae pretium ligula. Sed nulla eros, dignissim at feugiat non, posuere sit amet urna. Ut eu porttitor tellus. Cras eu massa nulla. Morbi porta fermentum elit eu iaculis. Pellentesque hendrerit venenatis purus at feugiat. Pellentesque vitae feugiat purus. Donec mattis rhoncus lacinia. Sed quam diam, molestie id laoreet eu, lacinia ac turpis. Cras tincidunt lobortis elit quis aliquam. Proin et massa libero.

Aliquam id pharetra arcu. Vivamus vitae mattis ligula. Sed efficitur urna vitae scelerisque tempor. Proin purus magna, vulputate eu ligula a, vehicula malesuada enim. Curabitur aliquet rutrum enim et tincidunt. Vestibulum ante ipsum primis in faucibus orci luctus et ultrices posuere cubilia curae; Vivamus pharetra enim leo, nec molestie nibh consectetur quis. Class aptent taciti sociosqu ad litora torquent per conubia nostra, per inceptos himenaeos. Nunc quis maximus elit, vitae pulvinar urna. Integer at mi elit. Phasellus vitae rutrum sem. Vivamus et mauris ac nisl congue congue eu eget elit. Nullam at quam velit. Pellentesque dictum, diam nec tempor aliquet, tortor justo fermentum sapien, at condimentum turpis elit vel sapien. Aenean rutrum tellus sodales tortor viverra eleifend.

Donec facilisis, diam efficitur maximus ultrices, enim lectus rutrum elit, eget malesuada mi justo dapibus enim. Maecenas finibus euismod nulla quis dignissim. Sed dictum ante rutrum turpis euismod laoreet. Sed placerat tellus leo. In ut lobortis lorem. Nullam vitae lectus egestas urna tincidunt aliquet. Ut sagittis vel enim eget malesuada. Cras in congue tortor. Interdum et malesuada fames ac ante ipsum primis in faucibus. Nunc tempus consequat neque, et eleifend nulla aliquam eu.",Author 152,12,bill-gates-tham-vong-lon-lao-va-qua-trinh-hinh-thanh-e-che-microsoft-tai-ban-2023,NXB 152,2003,103
https://cdn1.fahasa.com/media/catalog/product/9/7/9786043358599.jpg,Nữ Hoàng Của King Coffee - The Queen of King Coffee (Bản Có Box),218500,46,9780085481050,"Lorem ipsum dolor sit amet, consectetur adipiscing elit. Nam congue vel tellus non luctus. Vestibulum vitae nunc lorem. Sed lacinia lectus vel augue imperdiet ultricies. Donec id venenatis ex, vitae pretium ligula. Sed nulla eros, dignissim at feugiat non, posuere sit amet urna. Ut eu porttitor tellus. Cras eu massa nulla. Morbi porta fermentum elit eu iaculis. Pellentesque hendrerit venenatis purus at feugiat. Pellentesque vitae feugiat purus. Donec mattis rhoncus lacinia. Sed quam diam, molestie id laoreet eu, lacinia ac turpis. Cras tincidunt lobortis elit quis aliquam. Proin et massa libero.

Aliquam id pharetra arcu. Vivamus vitae mattis ligula. Sed efficitur urna vitae scelerisque tempor. Proin purus magna, vulputate eu ligula a, vehicula malesuada enim. Curabitur aliquet rutrum enim et tincidunt. Vestibulum ante ipsum primis in faucibus orci luctus et ultrices posuere cubilia curae; Vivamus pharetra enim leo, nec molestie nibh consectetur quis. Class aptent taciti sociosqu ad litora torquent per conubia nostra, per inceptos himenaeos. Nunc quis maximus elit, vitae pulvinar urna. Integer at mi elit. Phasellus vitae rutrum sem. Vivamus et mauris ac nisl congue congue eu eget elit. Nullam at quam velit. Pellentesque dictum, diam nec tempor aliquet, tortor justo fermentum sapien, at condimentum turpis elit vel sapien. Aenean rutrum tellus sodales tortor viverra eleifend.

Donec facilisis, diam efficitur maximus ultrices, enim lectus rutrum elit, eget malesuada mi justo dapibus enim. Maecenas finibus euismod nulla quis dignissim. Sed dictum ante rutrum turpis euismod laoreet. Sed placerat tellus leo. In ut lobortis lorem. Nullam vitae lectus egestas urna tincidunt aliquet. Ut sagittis vel enim eget malesuada. Cras in congue tortor. Interdum et malesuada fames ac ante ipsum primis in faucibus. Nunc tempus consequat neque, et eleifend nulla aliquam eu.",Author 153,18,nu-hoang-cua-king-coffee-the-queen-of-king-coffee-ban-co-box,NXB 153,2002,70
https://cdn1.fahasa.com/media/catalog/product/c/_/c_c-tri_t-gia-th_-t_c.jpg,"Các Triết Gia Thế Tục - Cuộc Đời, Thời Đại Và Tư Tưởng Của Các Nhà Kinh Tế Vĩ Đại",254000,46,9780085481051,"Lorem ipsum dolor sit amet, consectetur adipiscing elit. Nam congue vel tellus non luctus. Vestibulum vitae nunc lorem. Sed lacinia lectus vel augue imperdiet ultricies. Donec id venenatis ex, vitae pretium ligula. Sed nulla eros, dignissim at feugiat non, posuere sit amet urna. Ut eu porttitor tellus. Cras eu massa nulla. Morbi porta fermentum elit eu iaculis. Pellentesque hendrerit venenatis purus at feugiat. Pellentesque vitae feugiat purus. Donec mattis rhoncus lacinia. Sed quam diam, molestie id laoreet eu, lacinia ac turpis. Cras tincidunt lobortis elit quis aliquam. Proin et massa libero.

Aliquam id pharetra arcu. Vivamus vitae mattis ligula. Sed efficitur urna vitae scelerisque tempor. Proin purus magna, vulputate eu ligula a, vehicula malesuada enim. Curabitur aliquet rutrum enim et tincidunt. Vestibulum ante ipsum primis in faucibus orci luctus et ultrices posuere cubilia curae; Vivamus pharetra enim leo, nec molestie nibh consectetur quis. Class aptent taciti sociosqu ad litora torquent per conubia nostra, per inceptos himenaeos. Nunc quis maximus elit, vitae pulvinar urna. Integer at mi elit. Phasellus vitae rutrum sem. Vivamus et mauris ac nisl congue congue eu eget elit. Nullam at quam velit. Pellentesque dictum, diam nec tempor aliquet, tortor justo fermentum sapien, at condimentum turpis elit vel sapien. Aenean rutrum tellus sodales tortor viverra eleifend.

Donec facilisis, diam efficitur maximus ultrices, enim lectus rutrum elit, eget malesuada mi justo dapibus enim. Maecenas finibus euismod nulla quis dignissim. Sed dictum ante rutrum turpis euismod laoreet. Sed placerat tellus leo. In ut lobortis lorem. Nullam vitae lectus egestas urna tincidunt aliquet. Ut sagittis vel enim eget malesuada. Cras in congue tortor. Interdum et malesuada fames ac ante ipsum primis in faucibus. Nunc tempus consequat neque, et eleifend nulla aliquam eu.",Author 154,4,cac-triet-gia-the-tuc-cuoc-oi-thoi-ai-va-tu-tuong-cua-cac-nha-kinh-te-vi-ai,NXB 154,2007,77
https://cdn1.fahasa.com/media/catalog/product/9/7/9786048481872.jpg,Keynes - Tư Tưởng Kinh Tế Hữu Ích Cho Nền Kinh Tế Hiện Nay,144000,46,9780085481052,"Lorem ipsum dolor sit amet, consectetur adipiscing elit. Nam congue vel tellus non luctus. Vestibulum vitae nunc lorem. Sed lacinia lectus vel augue imperdiet ultricies. Donec id venenatis ex, vitae pretium ligula. Sed nulla eros, dignissim at feugiat non, posuere sit amet urna. Ut eu porttitor tellus. Cras eu massa nulla. Morbi porta fermentum elit eu iaculis. Pellentesque hendrerit venenatis purus at feugiat. Pellentesque vitae feugiat purus. Donec mattis rhoncus lacinia. Sed quam diam, molestie id laoreet eu, lacinia ac turpis. Cras tincidunt lobortis elit quis aliquam. Proin et massa libero.

Aliquam id pharetra arcu. Vivamus vitae mattis ligula. Sed efficitur urna vitae scelerisque tempor. Proin purus magna, vulputate eu ligula a, vehicula malesuada enim. Curabitur aliquet rutrum enim et tincidunt. Vestibulum ante ipsum primis in faucibus orci luctus et ultrices posuere cubilia curae; Vivamus pharetra enim leo, nec molestie nibh consectetur quis. Class aptent taciti sociosqu ad litora torquent per conubia nostra, per inceptos himenaeos. Nunc quis maximus elit, vitae pulvinar urna. Integer at mi elit. Phasellus vitae rutrum sem. Vivamus et mauris ac nisl congue congue eu eget elit. Nullam at quam velit. Pellentesque dictum, diam nec tempor aliquet, tortor justo fermentum sapien, at condimentum turpis elit vel sapien. Aenean rutrum tellus sodales tortor viverra eleifend.

Donec facilisis, diam efficitur maximus ultrices, enim lectus rutrum elit, eget malesuada mi justo dapibus enim. Maecenas finibus euismod nulla quis dignissim. Sed dictum ante rutrum turpis euismod laoreet. Sed placerat tellus leo. In ut lobortis lorem. Nullam vitae lectus egestas urna tincidunt aliquet. Ut sagittis vel enim eget malesuada. Cras in congue tortor. Interdum et malesuada fames ac ante ipsum primis in faucibus. Nunc tempus consequat neque, et eleifend nulla aliquam eu.",Author 155,13,keynes-tu-tuong-kinh-te-huu-ich-cho-nen-kinh-te-hien-nay,NXB 155,2022,124
https://cdn1.fahasa.com/media/catalog/product/8/9/8935280920248.jpg,Chỉ Cần Bạn Có Niềm Tin,237000,46,9780085481053,"Lorem ipsum dolor sit amet, consectetur adipiscing elit. Nam congue vel tellus non luctus. Vestibulum vitae nunc lorem. Sed lacinia lectus vel augue imperdiet ultricies. Donec id venenatis ex, vitae pretium ligula. Sed nulla eros, dignissim at feugiat non, posuere sit amet urna. Ut eu porttitor tellus. Cras eu massa nulla. Morbi porta fermentum elit eu iaculis. Pellentesque hendrerit venenatis purus at feugiat. Pellentesque vitae feugiat purus. Donec mattis rhoncus lacinia. Sed quam diam, molestie id laoreet eu, lacinia ac turpis. Cras tincidunt lobortis elit quis aliquam. Proin et massa libero.

Aliquam id pharetra arcu. Vivamus vitae mattis ligula. Sed efficitur urna vitae scelerisque tempor. Proin purus magna, vulputate eu ligula a, vehicula malesuada enim. Curabitur aliquet rutrum enim et tincidunt. Vestibulum ante ipsum primis in faucibus orci luctus et ultrices posuere cubilia curae; Vivamus pharetra enim leo, nec molestie nibh consectetur quis. Class aptent taciti sociosqu ad litora torquent per conubia nostra, per inceptos himenaeos. Nunc quis maximus elit, vitae pulvinar urna. Integer at mi elit. Phasellus vitae rutrum sem. Vivamus et mauris ac nisl congue congue eu eget elit. Nullam at quam velit. Pellentesque dictum, diam nec tempor aliquet, tortor justo fermentum sapien, at condimentum turpis elit vel sapien. Aenean rutrum tellus sodales tortor viverra eleifend.

Donec facilisis, diam efficitur maximus ultrices, enim lectus rutrum elit, eget malesuada mi justo dapibus enim. Maecenas finibus euismod nulla quis dignissim. Sed dictum ante rutrum turpis euismod laoreet. Sed placerat tellus leo. In ut lobortis lorem. Nullam vitae lectus egestas urna tincidunt aliquet. Ut sagittis vel enim eget malesuada. Cras in congue tortor. Interdum et malesuada fames ac ante ipsum primis in faucibus. Nunc tempus consequat neque, et eleifend nulla aliquam eu.",Author 156,4,chi-can-ban-co-niem-tin,NXB 156,2022,83
https://cdn1.fahasa.com/media/catalog/product/z/7/z7380481074828_ea630e43bb1916a579b03c8e22273c7e.jpg,Vẻ Đẹp Của Kẻ Chán Chường,114000,45,9780085481054,"Lorem ipsum dolor sit amet, consectetur adipiscing elit. Nam congue vel tellus non luctus. Vestibulum vitae nunc lorem. Sed lacinia lectus vel augue imperdiet ultricies. Donec id venenatis ex, vitae pretium ligula. Sed nulla eros, dignissim at feugiat non, posuere sit amet urna. Ut eu porttitor tellus. Cras eu massa nulla. Morbi porta fermentum elit eu iaculis. Pellentesque hendrerit venenatis purus at feugiat. Pellentesque vitae feugiat purus. Donec mattis rhoncus lacinia. Sed quam diam, molestie id laoreet eu, lacinia ac turpis. Cras tincidunt lobortis elit quis aliquam. Proin et massa libero.

Aliquam id pharetra arcu. Vivamus vitae mattis ligula. Sed efficitur urna vitae scelerisque tempor. Proin purus magna, vulputate eu ligula a, vehicula malesuada enim. Curabitur aliquet rutrum enim et tincidunt. Vestibulum ante ipsum primis in faucibus orci luctus et ultrices posuere cubilia curae; Vivamus pharetra enim leo, nec molestie nibh consectetur quis. Class aptent taciti sociosqu ad litora torquent per conubia nostra, per inceptos himenaeos. Nunc quis maximus elit, vitae pulvinar urna. Integer at mi elit. Phasellus vitae rutrum sem. Vivamus et mauris ac nisl congue congue eu eget elit. Nullam at quam velit. Pellentesque dictum, diam nec tempor aliquet, tortor justo fermentum sapien, at condimentum turpis elit vel sapien. Aenean rutrum tellus sodales tortor viverra eleifend.

Donec facilisis, diam efficitur maximus ultrices, enim lectus rutrum elit, eget malesuada mi justo dapibus enim. Maecenas finibus euismod nulla quis dignissim. Sed dictum ante rutrum turpis euismod laoreet. Sed placerat tellus leo. In ut lobortis lorem. Nullam vitae lectus egestas urna tincidunt aliquet. Ut sagittis vel enim eget malesuada. Cras in congue tortor. Interdum et malesuada fames ac ante ipsum primis in faucibus. Nunc tempus consequat neque, et eleifend nulla aliquam eu.",Author 157,11,ve-ep-cua-ke-chan-chuong,NXB 157,2025,61
https://cdn1.fahasa.com/media/catalog/product/z/7/z7401806048317_762d6600ad59abe7f98c2e1470d582b2.jpg,Boxset Trần Tiến - Người Hát Thơ Mình - Ca Khúc Và Những Câu Chuyện - Bìa Cứng - Kèm Poster 2 Mặt,114000,45,9780085481055,"Lorem ipsum dolor sit amet, consectetur adipiscing elit. Nam congue vel tellus non luctus. Vestibulum vitae nunc lorem. Sed lacinia lectus vel augue imperdiet ultricies. Donec id venenatis ex, vitae pretium ligula. Sed nulla eros, dignissim at feugiat non, posuere sit amet urna. Ut eu porttitor tellus. Cras eu massa nulla. Morbi porta fermentum elit eu iaculis. Pellentesque hendrerit venenatis purus at feugiat. Pellentesque vitae feugiat purus. Donec mattis rhoncus lacinia. Sed quam diam, molestie id laoreet eu, lacinia ac turpis. Cras tincidunt lobortis elit quis aliquam. Proin et massa libero.

Aliquam id pharetra arcu. Vivamus vitae mattis ligula. Sed efficitur urna vitae scelerisque tempor. Proin purus magna, vulputate eu ligula a, vehicula malesuada enim. Curabitur aliquet rutrum enim et tincidunt. Vestibulum ante ipsum primis in faucibus orci luctus et ultrices posuere cubilia curae; Vivamus pharetra enim leo, nec molestie nibh consectetur quis. Class aptent taciti sociosqu ad litora torquent per conubia nostra, per inceptos himenaeos. Nunc quis maximus elit, vitae pulvinar urna. Integer at mi elit. Phasellus vitae rutrum sem. Vivamus et mauris ac nisl congue congue eu eget elit. Nullam at quam velit. Pellentesque dictum, diam nec tempor aliquet, tortor justo fermentum sapien, at condimentum turpis elit vel sapien. Aenean rutrum tellus sodales tortor viverra eleifend.

Donec facilisis, diam efficitur maximus ultrices, enim lectus rutrum elit, eget malesuada mi justo dapibus enim. Maecenas finibus euismod nulla quis dignissim. Sed dictum ante rutrum turpis euismod laoreet. Sed placerat tellus leo. In ut lobortis lorem. Nullam vitae lectus egestas urna tincidunt aliquet. Ut sagittis vel enim eget malesuada. Cras in congue tortor. Interdum et malesuada fames ac ante ipsum primis in faucibus. Nunc tempus consequat neque, et eleifend nulla aliquam eu.",Author 158,6,boxset-tran-tien-nguoi-hat-tho-minh-ca-khuc-va-nhung-cau-chuyen-bia-cung-kem-poster-2-mat,NXB 158,2007,119
https://cdn1.fahasa.com/media/catalog/product/9/7/9786044835167.jpg,Khắc Đi Khắc Đến - Hồi Ký,120000,45,9780085481056,"Lorem ipsum dolor sit amet, consectetur adipiscing elit. Nam congue vel tellus non luctus. Vestibulum vitae nunc lorem. Sed lacinia lectus vel augue imperdiet ultricies. Donec id venenatis ex, vitae pretium ligula. Sed nulla eros, dignissim at feugiat non, posuere sit amet urna. Ut eu porttitor tellus. Cras eu massa nulla. Morbi porta fermentum elit eu iaculis. Pellentesque hendrerit venenatis purus at feugiat. Pellentesque vitae feugiat purus. Donec mattis rhoncus lacinia. Sed quam diam, molestie id laoreet eu, lacinia ac turpis. Cras tincidunt lobortis elit quis aliquam. Proin et massa libero.

Aliquam id pharetra arcu. Vivamus vitae mattis ligula. Sed efficitur urna vitae scelerisque tempor. Proin purus magna, vulputate eu ligula a, vehicula malesuada enim. Curabitur aliquet rutrum enim et tincidunt. Vestibulum ante ipsum primis in faucibus orci luctus et ultrices posuere cubilia curae; Vivamus pharetra enim leo, nec molestie nibh consectetur quis. Class aptent taciti sociosqu ad litora torquent per conubia nostra, per inceptos himenaeos. Nunc quis maximus elit, vitae pulvinar urna. Integer at mi elit. Phasellus vitae rutrum sem. Vivamus et mauris ac nisl congue congue eu eget elit. Nullam at quam velit. Pellentesque dictum, diam nec tempor aliquet, tortor justo fermentum sapien, at condimentum turpis elit vel sapien. Aenean rutrum tellus sodales tortor viverra eleifend.

Donec facilisis, diam efficitur maximus ultrices, enim lectus rutrum elit, eget malesuada mi justo dapibus enim. Maecenas finibus euismod nulla quis dignissim. Sed dictum ante rutrum turpis euismod laoreet. Sed placerat tellus leo. In ut lobortis lorem. Nullam vitae lectus egestas urna tincidunt aliquet. Ut sagittis vel enim eget malesuada. Cras in congue tortor. Interdum et malesuada fames ac ante ipsum primis in faucibus. Nunc tempus consequat neque, et eleifend nulla aliquam eu.",Author 159,7,khac-i-khac-en-hoi-ky,NXB 159,2012,137
https://cdn1.fahasa.com/media/catalog/product/i/m/image_216019.jpg,Mozart,275400,45,9780085481057,"Lorem ipsum dolor sit amet, consectetur adipiscing elit. Nam congue vel tellus non luctus. Vestibulum vitae nunc lorem. Sed lacinia lectus vel augue imperdiet ultricies. Donec id venenatis ex, vitae pretium ligula. Sed nulla eros, dignissim at feugiat non, posuere sit amet urna. Ut eu porttitor tellus. Cras eu massa nulla. Morbi porta fermentum elit eu iaculis. Pellentesque hendrerit venenatis purus at feugiat. Pellentesque vitae feugiat purus. Donec mattis rhoncus lacinia. Sed quam diam, molestie id laoreet eu, lacinia ac turpis. Cras tincidunt lobortis elit quis aliquam. Proin et massa libero.

Aliquam id pharetra arcu. Vivamus vitae mattis ligula. Sed efficitur urna vitae scelerisque tempor. Proin purus magna, vulputate eu ligula a, vehicula malesuada enim. Curabitur aliquet rutrum enim et tincidunt. Vestibulum ante ipsum primis in faucibus orci luctus et ultrices posuere cubilia curae; Vivamus pharetra enim leo, nec molestie nibh consectetur quis. Class aptent taciti sociosqu ad litora torquent per conubia nostra, per inceptos himenaeos. Nunc quis maximus elit, vitae pulvinar urna. Integer at mi elit. Phasellus vitae rutrum sem. Vivamus et mauris ac nisl congue congue eu eget elit. Nullam at quam velit. Pellentesque dictum, diam nec tempor aliquet, tortor justo fermentum sapien, at condimentum turpis elit vel sapien. Aenean rutrum tellus sodales tortor viverra eleifend.

Donec facilisis, diam efficitur maximus ultrices, enim lectus rutrum elit, eget malesuada mi justo dapibus enim. Maecenas finibus euismod nulla quis dignissim. Sed dictum ante rutrum turpis euismod laoreet. Sed placerat tellus leo. In ut lobortis lorem. Nullam vitae lectus egestas urna tincidunt aliquet. Ut sagittis vel enim eget malesuada. Cras in congue tortor. Interdum et malesuada fames ac ante ipsum primis in faucibus. Nunc tempus consequat neque, et eleifend nulla aliquam eu.",Author 160,15,mozart,NXB 160,2020,113
https://cdn1.fahasa.com/media/catalog/product/8/9/8935235244955.jpg,Nghề Viết Tiểu Thuyết,132500,45,9780085481058,"Lorem ipsum dolor sit amet, consectetur adipiscing elit. Nam congue vel tellus non luctus. Vestibulum vitae nunc lorem. Sed lacinia lectus vel augue imperdiet ultricies. Donec id venenatis ex, vitae pretium ligula. Sed nulla eros, dignissim at feugiat non, posuere sit amet urna. Ut eu porttitor tellus. Cras eu massa nulla. Morbi porta fermentum elit eu iaculis. Pellentesque hendrerit venenatis purus at feugiat. Pellentesque vitae feugiat purus. Donec mattis rhoncus lacinia. Sed quam diam, molestie id laoreet eu, lacinia ac turpis. Cras tincidunt lobortis elit quis aliquam. Proin et massa libero.

Aliquam id pharetra arcu. Vivamus vitae mattis ligula. Sed efficitur urna vitae scelerisque tempor. Proin purus magna, vulputate eu ligula a, vehicula malesuada enim. Curabitur aliquet rutrum enim et tincidunt. Vestibulum ante ipsum primis in faucibus orci luctus et ultrices posuere cubilia curae; Vivamus pharetra enim leo, nec molestie nibh consectetur quis. Class aptent taciti sociosqu ad litora torquent per conubia nostra, per inceptos himenaeos. Nunc quis maximus elit, vitae pulvinar urna. Integer at mi elit. Phasellus vitae rutrum sem. Vivamus et mauris ac nisl congue congue eu eget elit. Nullam at quam velit. Pellentesque dictum, diam nec tempor aliquet, tortor justo fermentum sapien, at condimentum turpis elit vel sapien. Aenean rutrum tellus sodales tortor viverra eleifend.

Donec facilisis, diam efficitur maximus ultrices, enim lectus rutrum elit, eget malesuada mi justo dapibus enim. Maecenas finibus euismod nulla quis dignissim. Sed dictum ante rutrum turpis euismod laoreet. Sed placerat tellus leo. In ut lobortis lorem. Nullam vitae lectus egestas urna tincidunt aliquet. Ut sagittis vel enim eget malesuada. Cras in congue tortor. Interdum et malesuada fames ac ante ipsum primis in faucibus. Nunc tempus consequat neque, et eleifend nulla aliquam eu.",Author 161,3,nghe-viet-tieu-thuyet,NXB 161,2014,59
https://cdn1.fahasa.com/media/catalog/product/8/9/8935210289223.jpg,Marilyn Ở Manhattan - Một Năm Hạnh Phúc,116350,45,9780085481059,"Lorem ipsum dolor sit amet, consectetur adipiscing elit. Nam congue vel tellus non luctus. Vestibulum vitae nunc lorem. Sed lacinia lectus vel augue imperdiet ultricies. Donec id venenatis ex, vitae pretium ligula. Sed nulla eros, dignissim at feugiat non, posuere sit amet urna. Ut eu porttitor tellus. Cras eu massa nulla. Morbi porta fermentum elit eu iaculis. Pellentesque hendrerit venenatis purus at feugiat. Pellentesque vitae feugiat purus. Donec mattis rhoncus lacinia. Sed quam diam, molestie id laoreet eu, lacinia ac turpis. Cras tincidunt lobortis elit quis aliquam. Proin et massa libero.

Aliquam id pharetra arcu. Vivamus vitae mattis ligula. Sed efficitur urna vitae scelerisque tempor. Proin purus magna, vulputate eu ligula a, vehicula malesuada enim. Curabitur aliquet rutrum enim et tincidunt. Vestibulum ante ipsum primis in faucibus orci luctus et ultrices posuere cubilia curae; Vivamus pharetra enim leo, nec molestie nibh consectetur quis. Class aptent taciti sociosqu ad litora torquent per conubia nostra, per inceptos himenaeos. Nunc quis maximus elit, vitae pulvinar urna. Integer at mi elit. Phasellus vitae rutrum sem. Vivamus et mauris ac nisl congue congue eu eget elit. Nullam at quam velit. Pellentesque dictum, diam nec tempor aliquet, tortor justo fermentum sapien, at condimentum turpis elit vel sapien. Aenean rutrum tellus sodales tortor viverra eleifend.

Donec facilisis, diam efficitur maximus ultrices, enim lectus rutrum elit, eget malesuada mi justo dapibus enim. Maecenas finibus euismod nulla quis dignissim. Sed dictum ante rutrum turpis euismod laoreet. Sed placerat tellus leo. In ut lobortis lorem. Nullam vitae lectus egestas urna tincidunt aliquet. Ut sagittis vel enim eget malesuada. Cras in congue tortor. Interdum et malesuada fames ac ante ipsum primis in faucibus. Nunc tempus consequat neque, et eleifend nulla aliquam eu.",Author 162,11,marilyn-o-manhattan-mot-nam-hanh-phuc,NXB 162,2011,75
https://cdn1.fahasa.com/media/catalog/product/8/9/8935251415148.jpg,Giải Mã Ngành Công Nghiệp Âm Nhạc,254000,45,9780085481060,"Lorem ipsum dolor sit amet, consectetur adipiscing elit. Nam congue vel tellus non luctus. Vestibulum vitae nunc lorem. Sed lacinia lectus vel augue imperdiet ultricies. Donec id venenatis ex, vitae pretium ligula. Sed nulla eros, dignissim at feugiat non, posuere sit amet urna. Ut eu porttitor tellus. Cras eu massa nulla. Morbi porta fermentum elit eu iaculis. Pellentesque hendrerit venenatis purus at feugiat. Pellentesque vitae feugiat purus. Donec mattis rhoncus lacinia. Sed quam diam, molestie id laoreet eu, lacinia ac turpis. Cras tincidunt lobortis elit quis aliquam. Proin et massa libero.

Aliquam id pharetra arcu. Vivamus vitae mattis ligula. Sed efficitur urna vitae scelerisque tempor. Proin purus magna, vulputate eu ligula a, vehicula malesuada enim. Curabitur aliquet rutrum enim et tincidunt. Vestibulum ante ipsum primis in faucibus orci luctus et ultrices posuere cubilia curae; Vivamus pharetra enim leo, nec molestie nibh consectetur quis. Class aptent taciti sociosqu ad litora torquent per conubia nostra, per inceptos himenaeos. Nunc quis maximus elit, vitae pulvinar urna. Integer at mi elit. Phasellus vitae rutrum sem. Vivamus et mauris ac nisl congue congue eu eget elit. Nullam at quam velit. Pellentesque dictum, diam nec tempor aliquet, tortor justo fermentum sapien, at condimentum turpis elit vel sapien. Aenean rutrum tellus sodales tortor viverra eleifend.

Donec facilisis, diam efficitur maximus ultrices, enim lectus rutrum elit, eget malesuada mi justo dapibus enim. Maecenas finibus euismod nulla quis dignissim. Sed dictum ante rutrum turpis euismod laoreet. Sed placerat tellus leo. In ut lobortis lorem. Nullam vitae lectus egestas urna tincidunt aliquet. Ut sagittis vel enim eget malesuada. Cras in congue tortor. Interdum et malesuada fames ac ante ipsum primis in faucibus. Nunc tempus consequat neque, et eleifend nulla aliquam eu.",Author 163,9,giai-ma-nganh-cong-nghiep-am-nhac,NXB 163,2017,99
https://cdn1.fahasa.com/media/catalog/product/b/_/b_a-s_ch-ghi-ch_p.jpg,Ghi Chép,179100,45,9780085481061,"Lorem ipsum dolor sit amet, consectetur adipiscing elit. Nam congue vel tellus non luctus. Vestibulum vitae nunc lorem. Sed lacinia lectus vel augue imperdiet ultricies. Donec id venenatis ex, vitae pretium ligula. Sed nulla eros, dignissim at feugiat non, posuere sit amet urna. Ut eu porttitor tellus. Cras eu massa nulla. Morbi porta fermentum elit eu iaculis. Pellentesque hendrerit venenatis purus at feugiat. Pellentesque vitae feugiat purus. Donec mattis rhoncus lacinia. Sed quam diam, molestie id laoreet eu, lacinia ac turpis. Cras tincidunt lobortis elit quis aliquam. Proin et massa libero.

Aliquam id pharetra arcu. Vivamus vitae mattis ligula. Sed efficitur urna vitae scelerisque tempor. Proin purus magna, vulputate eu ligula a, vehicula malesuada enim. Curabitur aliquet rutrum enim et tincidunt. Vestibulum ante ipsum primis in faucibus orci luctus et ultrices posuere cubilia curae; Vivamus pharetra enim leo, nec molestie nibh consectetur quis. Class aptent taciti sociosqu ad litora torquent per conubia nostra, per inceptos himenaeos. Nunc quis maximus elit, vitae pulvinar urna. Integer at mi elit. Phasellus vitae rutrum sem. Vivamus et mauris ac nisl congue congue eu eget elit. Nullam at quam velit. Pellentesque dictum, diam nec tempor aliquet, tortor justo fermentum sapien, at condimentum turpis elit vel sapien. Aenean rutrum tellus sodales tortor viverra eleifend.

Donec facilisis, diam efficitur maximus ultrices, enim lectus rutrum elit, eget malesuada mi justo dapibus enim. Maecenas finibus euismod nulla quis dignissim. Sed dictum ante rutrum turpis euismod laoreet. Sed placerat tellus leo. In ut lobortis lorem. Nullam vitae lectus egestas urna tincidunt aliquet. Ut sagittis vel enim eget malesuada. Cras in congue tortor. Interdum et malesuada fames ac ante ipsum primis in faucibus. Nunc tempus consequat neque, et eleifend nulla aliquam eu.",Author 164,20,ghi-chep,NXB 164,2013,137
https://cdn1.fahasa.com/media/catalog/product/l/o/longtoinhekhimeroixa-bia.jpg,Lòng Tôi Nhẹ Khi Mẹ Rời Xa,144540,45,9780085481062,"Lorem ipsum dolor sit amet, consectetur adipiscing elit. Nam congue vel tellus non luctus. Vestibulum vitae nunc lorem. Sed lacinia lectus vel augue imperdiet ultricies. Donec id venenatis ex, vitae pretium ligula. Sed nulla eros, dignissim at feugiat non, posuere sit amet urna. Ut eu porttitor tellus. Cras eu massa nulla. Morbi porta fermentum elit eu iaculis. Pellentesque hendrerit venenatis purus at feugiat. Pellentesque vitae feugiat purus. Donec mattis rhoncus lacinia. Sed quam diam, molestie id laoreet eu, lacinia ac turpis. Cras tincidunt lobortis elit quis aliquam. Proin et massa libero.

Aliquam id pharetra arcu. Vivamus vitae mattis ligula. Sed efficitur urna vitae scelerisque tempor. Proin purus magna, vulputate eu ligula a, vehicula malesuada enim. Curabitur aliquet rutrum enim et tincidunt. Vestibulum ante ipsum primis in faucibus orci luctus et ultrices posuere cubilia curae; Vivamus pharetra enim leo, nec molestie nibh consectetur quis. Class aptent taciti sociosqu ad litora torquent per conubia nostra, per inceptos himenaeos. Nunc quis maximus elit, vitae pulvinar urna. Integer at mi elit. Phasellus vitae rutrum sem. Vivamus et mauris ac nisl congue congue eu eget elit. Nullam at quam velit. Pellentesque dictum, diam nec tempor aliquet, tortor justo fermentum sapien, at condimentum turpis elit vel sapien. Aenean rutrum tellus sodales tortor viverra eleifend.

Donec facilisis, diam efficitur maximus ultrices, enim lectus rutrum elit, eget malesuada mi justo dapibus enim. Maecenas finibus euismod nulla quis dignissim. Sed dictum ante rutrum turpis euismod laoreet. Sed placerat tellus leo. In ut lobortis lorem. Nullam vitae lectus egestas urna tincidunt aliquet. Ut sagittis vel enim eget malesuada. Cras in congue tortor. Interdum et malesuada fames ac ante ipsum primis in faucibus. Nunc tempus consequat neque, et eleifend nulla aliquam eu.",Author 165,11,long-toi-nhe-khi-me-roi-xa,NXB 165,2012,71
https://cdn1.fahasa.com/media/catalog/product/q/u/quasar-khanh---nha-thiet-ke-huyen-thoai-_convert_-01.jpg,Quasar Khánh - Nhà Thiết Kế Huyền Thoại - Bìa Cứng,484500,45,9780085481063,"Lorem ipsum dolor sit amet, consectetur adipiscing elit. Nam congue vel tellus non luctus. Vestibulum vitae nunc lorem. Sed lacinia lectus vel augue imperdiet ultricies. Donec id venenatis ex, vitae pretium ligula. Sed nulla eros, dignissim at feugiat non, posuere sit amet urna. Ut eu porttitor tellus. Cras eu massa nulla. Morbi porta fermentum elit eu iaculis. Pellentesque hendrerit venenatis purus at feugiat. Pellentesque vitae feugiat purus. Donec mattis rhoncus lacinia. Sed quam diam, molestie id laoreet eu, lacinia ac turpis. Cras tincidunt lobortis elit quis aliquam. Proin et massa libero.

Aliquam id pharetra arcu. Vivamus vitae mattis ligula. Sed efficitur urna vitae scelerisque tempor. Proin purus magna, vulputate eu ligula a, vehicula malesuada enim. Curabitur aliquet rutrum enim et tincidunt. Vestibulum ante ipsum primis in faucibus orci luctus et ultrices posuere cubilia curae; Vivamus pharetra enim leo, nec molestie nibh consectetur quis. Class aptent taciti sociosqu ad litora torquent per conubia nostra, per inceptos himenaeos. Nunc quis maximus elit, vitae pulvinar urna. Integer at mi elit. Phasellus vitae rutrum sem. Vivamus et mauris ac nisl congue congue eu eget elit. Nullam at quam velit. Pellentesque dictum, diam nec tempor aliquet, tortor justo fermentum sapien, at condimentum turpis elit vel sapien. Aenean rutrum tellus sodales tortor viverra eleifend.

Donec facilisis, diam efficitur maximus ultrices, enim lectus rutrum elit, eget malesuada mi justo dapibus enim. Maecenas finibus euismod nulla quis dignissim. Sed dictum ante rutrum turpis euismod laoreet. Sed placerat tellus leo. In ut lobortis lorem. Nullam vitae lectus egestas urna tincidunt aliquet. Ut sagittis vel enim eget malesuada. Cras in congue tortor. Interdum et malesuada fames ac ante ipsum primis in faucibus. Nunc tempus consequat neque, et eleifend nulla aliquam eu.",Author 166,8,quasar-khanh-nha-thiet-ke-huyen-thoai-bia-cung,NXB 166,2018,124
https://cdn1.fahasa.com/media/catalog/product/d/u/duong-hoa-nhap-cua-mot-nguoi-viet-bia-1.jpg,Đường Hòa Nhập Của Một Người Việt,92500,45,9780085481064,"Lorem ipsum dolor sit amet, consectetur adipiscing elit. Nam congue vel tellus non luctus. Vestibulum vitae nunc lorem. Sed lacinia lectus vel augue imperdiet ultricies. Donec id venenatis ex, vitae pretium ligula. Sed nulla eros, dignissim at feugiat non, posuere sit amet urna. Ut eu porttitor tellus. Cras eu massa nulla. Morbi porta fermentum elit eu iaculis. Pellentesque hendrerit venenatis purus at feugiat. Pellentesque vitae feugiat purus. Donec mattis rhoncus lacinia. Sed quam diam, molestie id laoreet eu, lacinia ac turpis. Cras tincidunt lobortis elit quis aliquam. Proin et massa libero.

Aliquam id pharetra arcu. Vivamus vitae mattis ligula. Sed efficitur urna vitae scelerisque tempor. Proin purus magna, vulputate eu ligula a, vehicula malesuada enim. Curabitur aliquet rutrum enim et tincidunt. Vestibulum ante ipsum primis in faucibus orci luctus et ultrices posuere cubilia curae; Vivamus pharetra enim leo, nec molestie nibh consectetur quis. Class aptent taciti sociosqu ad litora torquent per conubia nostra, per inceptos himenaeos. Nunc quis maximus elit, vitae pulvinar urna. Integer at mi elit. Phasellus vitae rutrum sem. Vivamus et mauris ac nisl congue congue eu eget elit. Nullam at quam velit. Pellentesque dictum, diam nec tempor aliquet, tortor justo fermentum sapien, at condimentum turpis elit vel sapien. Aenean rutrum tellus sodales tortor viverra eleifend.

Donec facilisis, diam efficitur maximus ultrices, enim lectus rutrum elit, eget malesuada mi justo dapibus enim. Maecenas finibus euismod nulla quis dignissim. Sed dictum ante rutrum turpis euismod laoreet. Sed placerat tellus leo. In ut lobortis lorem. Nullam vitae lectus egestas urna tincidunt aliquet. Ut sagittis vel enim eget malesuada. Cras in congue tortor. Interdum et malesuada fames ac ante ipsum primis in faucibus. Nunc tempus consequat neque, et eleifend nulla aliquam eu.",Author 167,7,uong-hoa-nhap-cua-mot-nguoi-viet,NXB 167,2023,57
https://cdn1.fahasa.com/media/catalog/product/d/i/dieu-nhay-moonwalk_bia.jpg,Điệu Nhảy Moon Walk,112500,45,9780085481065,"Lorem ipsum dolor sit amet, consectetur adipiscing elit. Nam congue vel tellus non luctus. Vestibulum vitae nunc lorem. Sed lacinia lectus vel augue imperdiet ultricies. Donec id venenatis ex, vitae pretium ligula. Sed nulla eros, dignissim at feugiat non, posuere sit amet urna. Ut eu porttitor tellus. Cras eu massa nulla. Morbi porta fermentum elit eu iaculis. Pellentesque hendrerit venenatis purus at feugiat. Pellentesque vitae feugiat purus. Donec mattis rhoncus lacinia. Sed quam diam, molestie id laoreet eu, lacinia ac turpis. Cras tincidunt lobortis elit quis aliquam. Proin et massa libero.

Aliquam id pharetra arcu. Vivamus vitae mattis ligula. Sed efficitur urna vitae scelerisque tempor. Proin purus magna, vulputate eu ligula a, vehicula malesuada enim. Curabitur aliquet rutrum enim et tincidunt. Vestibulum ante ipsum primis in faucibus orci luctus et ultrices posuere cubilia curae; Vivamus pharetra enim leo, nec molestie nibh consectetur quis. Class aptent taciti sociosqu ad litora torquent per conubia nostra, per inceptos himenaeos. Nunc quis maximus elit, vitae pulvinar urna. Integer at mi elit. Phasellus vitae rutrum sem. Vivamus et mauris ac nisl congue congue eu eget elit. Nullam at quam velit. Pellentesque dictum, diam nec tempor aliquet, tortor justo fermentum sapien, at condimentum turpis elit vel sapien. Aenean rutrum tellus sodales tortor viverra eleifend.

Donec facilisis, diam efficitur maximus ultrices, enim lectus rutrum elit, eget malesuada mi justo dapibus enim. Maecenas finibus euismod nulla quis dignissim. Sed dictum ante rutrum turpis euismod laoreet. Sed placerat tellus leo. In ut lobortis lorem. Nullam vitae lectus egestas urna tincidunt aliquet. Ut sagittis vel enim eget malesuada. Cras in congue tortor. Interdum et malesuada fames ac ante ipsum primis in faucibus. Nunc tempus consequat neque, et eleifend nulla aliquam eu.",Author 168,18,ieu-nhay-moon-walk,NXB 168,2024,53
https://cdn1.fahasa.com/media/catalog/product/9/7/9786042058568_1.jpg,Tôi Mến Thân - Tập 1,43000,45,9780085481066,"Lorem ipsum dolor sit amet, consectetur adipiscing elit. Nam congue vel tellus non luctus. Vestibulum vitae nunc lorem. Sed lacinia lectus vel augue imperdiet ultricies. Donec id venenatis ex, vitae pretium ligula. Sed nulla eros, dignissim at feugiat non, posuere sit amet urna. Ut eu porttitor tellus. Cras eu massa nulla. Morbi porta fermentum elit eu iaculis. Pellentesque hendrerit venenatis purus at feugiat. Pellentesque vitae feugiat purus. Donec mattis rhoncus lacinia. Sed quam diam, molestie id laoreet eu, lacinia ac turpis. Cras tincidunt lobortis elit quis aliquam. Proin et massa libero.

Aliquam id pharetra arcu. Vivamus vitae mattis ligula. Sed efficitur urna vitae scelerisque tempor. Proin purus magna, vulputate eu ligula a, vehicula malesuada enim. Curabitur aliquet rutrum enim et tincidunt. Vestibulum ante ipsum primis in faucibus orci luctus et ultrices posuere cubilia curae; Vivamus pharetra enim leo, nec molestie nibh consectetur quis. Class aptent taciti sociosqu ad litora torquent per conubia nostra, per inceptos himenaeos. Nunc quis maximus elit, vitae pulvinar urna. Integer at mi elit. Phasellus vitae rutrum sem. Vivamus et mauris ac nisl congue congue eu eget elit. Nullam at quam velit. Pellentesque dictum, diam nec tempor aliquet, tortor justo fermentum sapien, at condimentum turpis elit vel sapien. Aenean rutrum tellus sodales tortor viverra eleifend.

Donec facilisis, diam efficitur maximus ultrices, enim lectus rutrum elit, eget malesuada mi justo dapibus enim. Maecenas finibus euismod nulla quis dignissim. Sed dictum ante rutrum turpis euismod laoreet. Sed placerat tellus leo. In ut lobortis lorem. Nullam vitae lectus egestas urna tincidunt aliquet. Ut sagittis vel enim eget malesuada. Cras in congue tortor. Interdum et malesuada fames ac ante ipsum primis in faucibus. Nunc tempus consequat neque, et eleifend nulla aliquam eu.",Author 169,18,toi-men-than-tap-1,NXB 169,2010,70
https://cdn1.fahasa.com/media/catalog/product/z/6/z6050773127254_58f33c84539b172b32c7f62cfd19626b.jpg,Miss Universe Vietnam Nguyễn Cao Kỳ Duyên - Tặng Kèm  Card Hình Kỳ Duyên + Thẻ Tặng Sách,37500,45,9780085481067,"Lorem ipsum dolor sit amet, consectetur adipiscing elit. Nam congue vel tellus non luctus. Vestibulum vitae nunc lorem. Sed lacinia lectus vel augue imperdiet ultricies. Donec id venenatis ex, vitae pretium ligula. Sed nulla eros, dignissim at feugiat non, posuere sit amet urna. Ut eu porttitor tellus. Cras eu massa nulla. Morbi porta fermentum elit eu iaculis. Pellentesque hendrerit venenatis purus at feugiat. Pellentesque vitae feugiat purus. Donec mattis rhoncus lacinia. Sed quam diam, molestie id laoreet eu, lacinia ac turpis. Cras tincidunt lobortis elit quis aliquam. Proin et massa libero.

Aliquam id pharetra arcu. Vivamus vitae mattis ligula. Sed efficitur urna vitae scelerisque tempor. Proin purus magna, vulputate eu ligula a, vehicula malesuada enim. Curabitur aliquet rutrum enim et tincidunt. Vestibulum ante ipsum primis in faucibus orci luctus et ultrices posuere cubilia curae; Vivamus pharetra enim leo, nec molestie nibh consectetur quis. Class aptent taciti sociosqu ad litora torquent per conubia nostra, per inceptos himenaeos. Nunc quis maximus elit, vitae pulvinar urna. Integer at mi elit. Phasellus vitae rutrum sem. Vivamus et mauris ac nisl congue congue eu eget elit. Nullam at quam velit. Pellentesque dictum, diam nec tempor aliquet, tortor justo fermentum sapien, at condimentum turpis elit vel sapien. Aenean rutrum tellus sodales tortor viverra eleifend.

Donec facilisis, diam efficitur maximus ultrices, enim lectus rutrum elit, eget malesuada mi justo dapibus enim. Maecenas finibus euismod nulla quis dignissim. Sed dictum ante rutrum turpis euismod laoreet. Sed placerat tellus leo. In ut lobortis lorem. Nullam vitae lectus egestas urna tincidunt aliquet. Ut sagittis vel enim eget malesuada. Cras in congue tortor. Interdum et malesuada fames ac ante ipsum primis in faucibus. Nunc tempus consequat neque, et eleifend nulla aliquam eu.",Author 170,10,miss-universe-vietnam-nguyen-cao-ky-duyen-tang-kem-card-hinh-ky-duyen-the-tang-sach,NXB 170,2018,131
https://cdn1.fahasa.com/media/catalog/product/9/7/9786045859100_1.jpg,Chuyện Tình Các Danh Nhân Việt Nam (Tập 2),97500,45,9780085481068,"Lorem ipsum dolor sit amet, consectetur adipiscing elit. Nam congue vel tellus non luctus. Vestibulum vitae nunc lorem. Sed lacinia lectus vel augue imperdiet ultricies. Donec id venenatis ex, vitae pretium ligula. Sed nulla eros, dignissim at feugiat non, posuere sit amet urna. Ut eu porttitor tellus. Cras eu massa nulla. Morbi porta fermentum elit eu iaculis. Pellentesque hendrerit venenatis purus at feugiat. Pellentesque vitae feugiat purus. Donec mattis rhoncus lacinia. Sed quam diam, molestie id laoreet eu, lacinia ac turpis. Cras tincidunt lobortis elit quis aliquam. Proin et massa libero.

Aliquam id pharetra arcu. Vivamus vitae mattis ligula. Sed efficitur urna vitae scelerisque tempor. Proin purus magna, vulputate eu ligula a, vehicula malesuada enim. Curabitur aliquet rutrum enim et tincidunt. Vestibulum ante ipsum primis in faucibus orci luctus et ultrices posuere cubilia curae; Vivamus pharetra enim leo, nec molestie nibh consectetur quis. Class aptent taciti sociosqu ad litora torquent per conubia nostra, per inceptos himenaeos. Nunc quis maximus elit, vitae pulvinar urna. Integer at mi elit. Phasellus vitae rutrum sem. Vivamus et mauris ac nisl congue congue eu eget elit. Nullam at quam velit. Pellentesque dictum, diam nec tempor aliquet, tortor justo fermentum sapien, at condimentum turpis elit vel sapien. Aenean rutrum tellus sodales tortor viverra eleifend.

Donec facilisis, diam efficitur maximus ultrices, enim lectus rutrum elit, eget malesuada mi justo dapibus enim. Maecenas finibus euismod nulla quis dignissim. Sed dictum ante rutrum turpis euismod laoreet. Sed placerat tellus leo. In ut lobortis lorem. Nullam vitae lectus egestas urna tincidunt aliquet. Ut sagittis vel enim eget malesuada. Cras in congue tortor. Interdum et malesuada fames ac ante ipsum primis in faucibus. Nunc tempus consequat neque, et eleifend nulla aliquam eu.",Author 171,17,chuyen-tinh-cac-danh-nhan-viet-nam-tap-2,NXB 171,2020,101
https://cdn1.fahasa.com/media/catalog/product/8/9/8934974208167.jpg,Vương Miện Xanh,80500,45,9780085481069,"Lorem ipsum dolor sit amet, consectetur adipiscing elit. Nam congue vel tellus non luctus. Vestibulum vitae nunc lorem. Sed lacinia lectus vel augue imperdiet ultricies. Donec id venenatis ex, vitae pretium ligula. Sed nulla eros, dignissim at feugiat non, posuere sit amet urna. Ut eu porttitor tellus. Cras eu massa nulla. Morbi porta fermentum elit eu iaculis. Pellentesque hendrerit venenatis purus at feugiat. Pellentesque vitae feugiat purus. Donec mattis rhoncus lacinia. Sed quam diam, molestie id laoreet eu, lacinia ac turpis. Cras tincidunt lobortis elit quis aliquam. Proin et massa libero.

Aliquam id pharetra arcu. Vivamus vitae mattis ligula. Sed efficitur urna vitae scelerisque tempor. Proin purus magna, vulputate eu ligula a, vehicula malesuada enim. Curabitur aliquet rutrum enim et tincidunt. Vestibulum ante ipsum primis in faucibus orci luctus et ultrices posuere cubilia curae; Vivamus pharetra enim leo, nec molestie nibh consectetur quis. Class aptent taciti sociosqu ad litora torquent per conubia nostra, per inceptos himenaeos. Nunc quis maximus elit, vitae pulvinar urna. Integer at mi elit. Phasellus vitae rutrum sem. Vivamus et mauris ac nisl congue congue eu eget elit. Nullam at quam velit. Pellentesque dictum, diam nec tempor aliquet, tortor justo fermentum sapien, at condimentum turpis elit vel sapien. Aenean rutrum tellus sodales tortor viverra eleifend.

Donec facilisis, diam efficitur maximus ultrices, enim lectus rutrum elit, eget malesuada mi justo dapibus enim. Maecenas finibus euismod nulla quis dignissim. Sed dictum ante rutrum turpis euismod laoreet. Sed placerat tellus leo. In ut lobortis lorem. Nullam vitae lectus egestas urna tincidunt aliquet. Ut sagittis vel enim eget malesuada. Cras in congue tortor. Interdum et malesuada fames ac ante ipsum primis in faucibus. Nunc tempus consequat neque, et eleifend nulla aliquam eu.",Author 172,17,vuong-mien-xanh,NXB 172,2009,150
https://cdn1.fahasa.com/media/catalog/product/t/a/tam_ful.jpg,Tâm - Chân Dung,175200,45,9780085481070,"Lorem ipsum dolor sit amet, consectetur adipiscing elit. Nam congue vel tellus non luctus. Vestibulum vitae nunc lorem. Sed lacinia lectus vel augue imperdiet ultricies. Donec id venenatis ex, vitae pretium ligula. Sed nulla eros, dignissim at feugiat non, posuere sit amet urna. Ut eu porttitor tellus. Cras eu massa nulla. Morbi porta fermentum elit eu iaculis. Pellentesque hendrerit venenatis purus at feugiat. Pellentesque vitae feugiat purus. Donec mattis rhoncus lacinia. Sed quam diam, molestie id laoreet eu, lacinia ac turpis. Cras tincidunt lobortis elit quis aliquam. Proin et massa libero.

Aliquam id pharetra arcu. Vivamus vitae mattis ligula. Sed efficitur urna vitae scelerisque tempor. Proin purus magna, vulputate eu ligula a, vehicula malesuada enim. Curabitur aliquet rutrum enim et tincidunt. Vestibulum ante ipsum primis in faucibus orci luctus et ultrices posuere cubilia curae; Vivamus pharetra enim leo, nec molestie nibh consectetur quis. Class aptent taciti sociosqu ad litora torquent per conubia nostra, per inceptos himenaeos. Nunc quis maximus elit, vitae pulvinar urna. Integer at mi elit. Phasellus vitae rutrum sem. Vivamus et mauris ac nisl congue congue eu eget elit. Nullam at quam velit. Pellentesque dictum, diam nec tempor aliquet, tortor justo fermentum sapien, at condimentum turpis elit vel sapien. Aenean rutrum tellus sodales tortor viverra eleifend.

Donec facilisis, diam efficitur maximus ultrices, enim lectus rutrum elit, eget malesuada mi justo dapibus enim. Maecenas finibus euismod nulla quis dignissim. Sed dictum ante rutrum turpis euismod laoreet. Sed placerat tellus leo. In ut lobortis lorem. Nullam vitae lectus egestas urna tincidunt aliquet. Ut sagittis vel enim eget malesuada. Cras in congue tortor. Interdum et malesuada fames ac ante ipsum primis in faucibus. Nunc tempus consequat neque, et eleifend nulla aliquam eu.",Author 173,12,tam-chan-dung,NXB 173,2005,125
https://cdn1.fahasa.com/media/catalog/product/t/h/thanh-that-bia-1.jpg,Thành Thật,118000,45,9780085481071,"Lorem ipsum dolor sit amet, consectetur adipiscing elit. Nam congue vel tellus non luctus. Vestibulum vitae nunc lorem. Sed lacinia lectus vel augue imperdiet ultricies. Donec id venenatis ex, vitae pretium ligula. Sed nulla eros, dignissim at feugiat non, posuere sit amet urna. Ut eu porttitor tellus. Cras eu massa nulla. Morbi porta fermentum elit eu iaculis. Pellentesque hendrerit venenatis purus at feugiat. Pellentesque vitae feugiat purus. Donec mattis rhoncus lacinia. Sed quam diam, molestie id laoreet eu, lacinia ac turpis. Cras tincidunt lobortis elit quis aliquam. Proin et massa libero.

Aliquam id pharetra arcu. Vivamus vitae mattis ligula. Sed efficitur urna vitae scelerisque tempor. Proin purus magna, vulputate eu ligula a, vehicula malesuada enim. Curabitur aliquet rutrum enim et tincidunt. Vestibulum ante ipsum primis in faucibus orci luctus et ultrices posuere cubilia curae; Vivamus pharetra enim leo, nec molestie nibh consectetur quis. Class aptent taciti sociosqu ad litora torquent per conubia nostra, per inceptos himenaeos. Nunc quis maximus elit, vitae pulvinar urna. Integer at mi elit. Phasellus vitae rutrum sem. Vivamus et mauris ac nisl congue congue eu eget elit. Nullam at quam velit. Pellentesque dictum, diam nec tempor aliquet, tortor justo fermentum sapien, at condimentum turpis elit vel sapien. Aenean rutrum tellus sodales tortor viverra eleifend.

Donec facilisis, diam efficitur maximus ultrices, enim lectus rutrum elit, eget malesuada mi justo dapibus enim. Maecenas finibus euismod nulla quis dignissim. Sed dictum ante rutrum turpis euismod laoreet. Sed placerat tellus leo. In ut lobortis lorem. Nullam vitae lectus egestas urna tincidunt aliquet. Ut sagittis vel enim eget malesuada. Cras in congue tortor. Interdum et malesuada fames ac ante ipsum primis in faucibus. Nunc tempus consequat neque, et eleifend nulla aliquam eu.",Author 174,16,thanh-that,NXB 174,2017,136
https://cdn1.fahasa.com/media/catalog/product/u/n/untitled-1_63_3.jpg,Combo Những Lời Bình Yên + Tâm - Chân Dung (Bộ 2 Cuốn),276656,45,9780085481072,"Lorem ipsum dolor sit amet, consectetur adipiscing elit. Nam congue vel tellus non luctus. Vestibulum vitae nunc lorem. Sed lacinia lectus vel augue imperdiet ultricies. Donec id venenatis ex, vitae pretium ligula. Sed nulla eros, dignissim at feugiat non, posuere sit amet urna. Ut eu porttitor tellus. Cras eu massa nulla. Morbi porta fermentum elit eu iaculis. Pellentesque hendrerit venenatis purus at feugiat. Pellentesque vitae feugiat purus. Donec mattis rhoncus lacinia. Sed quam diam, molestie id laoreet eu, lacinia ac turpis. Cras tincidunt lobortis elit quis aliquam. Proin et massa libero.

Aliquam id pharetra arcu. Vivamus vitae mattis ligula. Sed efficitur urna vitae scelerisque tempor. Proin purus magna, vulputate eu ligula a, vehicula malesuada enim. Curabitur aliquet rutrum enim et tincidunt. Vestibulum ante ipsum primis in faucibus orci luctus et ultrices posuere cubilia curae; Vivamus pharetra enim leo, nec molestie nibh consectetur quis. Class aptent taciti sociosqu ad litora torquent per conubia nostra, per inceptos himenaeos. Nunc quis maximus elit, vitae pulvinar urna. Integer at mi elit. Phasellus vitae rutrum sem. Vivamus et mauris ac nisl congue congue eu eget elit. Nullam at quam velit. Pellentesque dictum, diam nec tempor aliquet, tortor justo fermentum sapien, at condimentum turpis elit vel sapien. Aenean rutrum tellus sodales tortor viverra eleifend.

Donec facilisis, diam efficitur maximus ultrices, enim lectus rutrum elit, eget malesuada mi justo dapibus enim. Maecenas finibus euismod nulla quis dignissim. Sed dictum ante rutrum turpis euismod laoreet. Sed placerat tellus leo. In ut lobortis lorem. Nullam vitae lectus egestas urna tincidunt aliquet. Ut sagittis vel enim eget malesuada. Cras in congue tortor. Interdum et malesuada fames ac ante ipsum primis in faucibus. Nunc tempus consequat neque, et eleifend nulla aliquam eu.",Author 175,16,combo-nhung-loi-binh-yen-tam-chan-dung-bo-2-cuon,NXB 175,2002,70
https://cdn1.fahasa.com/media/catalog/product/z/6/z6615606363407_f1aff204ac3e356ed6b4fa24878a3808.jpg,Miss Universe Vietnam Nguyễn Cao Kỳ Duyên (Tái Bản 2025),37500,45,9780085481073,"Lorem ipsum dolor sit amet, consectetur adipiscing elit. Nam congue vel tellus non luctus. Vestibulum vitae nunc lorem. Sed lacinia lectus vel augue imperdiet ultricies. Donec id venenatis ex, vitae pretium ligula. Sed nulla eros, dignissim at feugiat non, posuere sit amet urna. Ut eu porttitor tellus. Cras eu massa nulla. Morbi porta fermentum elit eu iaculis. Pellentesque hendrerit venenatis purus at feugiat. Pellentesque vitae feugiat purus. Donec mattis rhoncus lacinia. Sed quam diam, molestie id laoreet eu, lacinia ac turpis. Cras tincidunt lobortis elit quis aliquam. Proin et massa libero.

Aliquam id pharetra arcu. Vivamus vitae mattis ligula. Sed efficitur urna vitae scelerisque tempor. Proin purus magna, vulputate eu ligula a, vehicula malesuada enim. Curabitur aliquet rutrum enim et tincidunt. Vestibulum ante ipsum primis in faucibus orci luctus et ultrices posuere cubilia curae; Vivamus pharetra enim leo, nec molestie nibh consectetur quis. Class aptent taciti sociosqu ad litora torquent per conubia nostra, per inceptos himenaeos. Nunc quis maximus elit, vitae pulvinar urna. Integer at mi elit. Phasellus vitae rutrum sem. Vivamus et mauris ac nisl congue congue eu eget elit. Nullam at quam velit. Pellentesque dictum, diam nec tempor aliquet, tortor justo fermentum sapien, at condimentum turpis elit vel sapien. Aenean rutrum tellus sodales tortor viverra eleifend.

Donec facilisis, diam efficitur maximus ultrices, enim lectus rutrum elit, eget malesuada mi justo dapibus enim. Maecenas finibus euismod nulla quis dignissim. Sed dictum ante rutrum turpis euismod laoreet. Sed placerat tellus leo. In ut lobortis lorem. Nullam vitae lectus egestas urna tincidunt aliquet. Ut sagittis vel enim eget malesuada. Cras in congue tortor. Interdum et malesuada fames ac ante ipsum primis in faucibus. Nunc tempus consequat neque, et eleifend nulla aliquam eu.",Author 176,18,miss-universe-vietnam-nguyen-cao-ky-duyen-tai-ban-2025,NXB 176,2024,80
https://cdn1.fahasa.com/media/catalog/product/b/_/b_a-1--bts-nhung-buoc-chan.jpg,BTS -  Những Bước Chân Chinh Phục Thế Giới,96500,45,9780085481074,"Lorem ipsum dolor sit amet, consectetur adipiscing elit. Nam congue vel tellus non luctus. Vestibulum vitae nunc lorem. Sed lacinia lectus vel augue imperdiet ultricies. Donec id venenatis ex, vitae pretium ligula. Sed nulla eros, dignissim at feugiat non, posuere sit amet urna. Ut eu porttitor tellus. Cras eu massa nulla. Morbi porta fermentum elit eu iaculis. Pellentesque hendrerit venenatis purus at feugiat. Pellentesque vitae feugiat purus. Donec mattis rhoncus lacinia. Sed quam diam, molestie id laoreet eu, lacinia ac turpis. Cras tincidunt lobortis elit quis aliquam. Proin et massa libero.

Aliquam id pharetra arcu. Vivamus vitae mattis ligula. Sed efficitur urna vitae scelerisque tempor. Proin purus magna, vulputate eu ligula a, vehicula malesuada enim. Curabitur aliquet rutrum enim et tincidunt. Vestibulum ante ipsum primis in faucibus orci luctus et ultrices posuere cubilia curae; Vivamus pharetra enim leo, nec molestie nibh consectetur quis. Class aptent taciti sociosqu ad litora torquent per conubia nostra, per inceptos himenaeos. Nunc quis maximus elit, vitae pulvinar urna. Integer at mi elit. Phasellus vitae rutrum sem. Vivamus et mauris ac nisl congue congue eu eget elit. Nullam at quam velit. Pellentesque dictum, diam nec tempor aliquet, tortor justo fermentum sapien, at condimentum turpis elit vel sapien. Aenean rutrum tellus sodales tortor viverra eleifend.

Donec facilisis, diam efficitur maximus ultrices, enim lectus rutrum elit, eget malesuada mi justo dapibus enim. Maecenas finibus euismod nulla quis dignissim. Sed dictum ante rutrum turpis euismod laoreet. Sed placerat tellus leo. In ut lobortis lorem. Nullam vitae lectus egestas urna tincidunt aliquet. Ut sagittis vel enim eget malesuada. Cras in congue tortor. Interdum et malesuada fames ac ante ipsum primis in faucibus. Nunc tempus consequat neque, et eleifend nulla aliquam eu.",Author 177,9,bts-nhung-buoc-chan-chinh-phuc-the-gioi,NXB 177,2024,146
https://cdn1.fahasa.com/media/catalog/product/8/9/8936158591683.jpg,Điên Rồ Và Hoàn Mỹ - Những Câu Chuyện Chưa Kể Về Pink Floyd,239000,45,9780085481075,"Lorem ipsum dolor sit amet, consectetur adipiscing elit. Nam congue vel tellus non luctus. Vestibulum vitae nunc lorem. Sed lacinia lectus vel augue imperdiet ultricies. Donec id venenatis ex, vitae pretium ligula. Sed nulla eros, dignissim at feugiat non, posuere sit amet urna. Ut eu porttitor tellus. Cras eu massa nulla. Morbi porta fermentum elit eu iaculis. Pellentesque hendrerit venenatis purus at feugiat. Pellentesque vitae feugiat purus. Donec mattis rhoncus lacinia. Sed quam diam, molestie id laoreet eu, lacinia ac turpis. Cras tincidunt lobortis elit quis aliquam. Proin et massa libero.

Aliquam id pharetra arcu. Vivamus vitae mattis ligula. Sed efficitur urna vitae scelerisque tempor. Proin purus magna, vulputate eu ligula a, vehicula malesuada enim. Curabitur aliquet rutrum enim et tincidunt. Vestibulum ante ipsum primis in faucibus orci luctus et ultrices posuere cubilia curae; Vivamus pharetra enim leo, nec molestie nibh consectetur quis. Class aptent taciti sociosqu ad litora torquent per conubia nostra, per inceptos himenaeos. Nunc quis maximus elit, vitae pulvinar urna. Integer at mi elit. Phasellus vitae rutrum sem. Vivamus et mauris ac nisl congue congue eu eget elit. Nullam at quam velit. Pellentesque dictum, diam nec tempor aliquet, tortor justo fermentum sapien, at condimentum turpis elit vel sapien. Aenean rutrum tellus sodales tortor viverra eleifend.

Donec facilisis, diam efficitur maximus ultrices, enim lectus rutrum elit, eget malesuada mi justo dapibus enim. Maecenas finibus euismod nulla quis dignissim. Sed dictum ante rutrum turpis euismod laoreet. Sed placerat tellus leo. In ut lobortis lorem. Nullam vitae lectus egestas urna tincidunt aliquet. Ut sagittis vel enim eget malesuada. Cras in congue tortor. Interdum et malesuada fames ac ante ipsum primis in faucibus. Nunc tempus consequat neque, et eleifend nulla aliquam eu.",Author 178,12,ien-ro-va-hoan-my-nhung-cau-chuyen-chua-ke-ve-pink-floyd,NXB 178,2024,69
https://cdn1.fahasa.com/media/catalog/product/i/m/image_195509_1_34380.jpg,Sức Mạnh Gia Đình,84000,45,9780085481076,"Lorem ipsum dolor sit amet, consectetur adipiscing elit. Nam congue vel tellus non luctus. Vestibulum vitae nunc lorem. Sed lacinia lectus vel augue imperdiet ultricies. Donec id venenatis ex, vitae pretium ligula. Sed nulla eros, dignissim at feugiat non, posuere sit amet urna. Ut eu porttitor tellus. Cras eu massa nulla. Morbi porta fermentum elit eu iaculis. Pellentesque hendrerit venenatis purus at feugiat. Pellentesque vitae feugiat purus. Donec mattis rhoncus lacinia. Sed quam diam, molestie id laoreet eu, lacinia ac turpis. Cras tincidunt lobortis elit quis aliquam. Proin et massa libero.

Aliquam id pharetra arcu. Vivamus vitae mattis ligula. Sed efficitur urna vitae scelerisque tempor. Proin purus magna, vulputate eu ligula a, vehicula malesuada enim. Curabitur aliquet rutrum enim et tincidunt. Vestibulum ante ipsum primis in faucibus orci luctus et ultrices posuere cubilia curae; Vivamus pharetra enim leo, nec molestie nibh consectetur quis. Class aptent taciti sociosqu ad litora torquent per conubia nostra, per inceptos himenaeos. Nunc quis maximus elit, vitae pulvinar urna. Integer at mi elit. Phasellus vitae rutrum sem. Vivamus et mauris ac nisl congue congue eu eget elit. Nullam at quam velit. Pellentesque dictum, diam nec tempor aliquet, tortor justo fermentum sapien, at condimentum turpis elit vel sapien. Aenean rutrum tellus sodales tortor viverra eleifend.

Donec facilisis, diam efficitur maximus ultrices, enim lectus rutrum elit, eget malesuada mi justo dapibus enim. Maecenas finibus euismod nulla quis dignissim. Sed dictum ante rutrum turpis euismod laoreet. Sed placerat tellus leo. In ut lobortis lorem. Nullam vitae lectus egestas urna tincidunt aliquet. Ut sagittis vel enim eget malesuada. Cras in congue tortor. Interdum et malesuada fames ac ante ipsum primis in faucibus. Nunc tempus consequat neque, et eleifend nulla aliquam eu.",Author 179,10,suc-manh-gia-inh,NXB 179,2003,113
https://cdn1.fahasa.com/media/catalog/product/8/9/8935236437066_1.jpg,Danh Tác Việt Nam - Những Ngày Thơ Ấu (In Theo Bản Của NXB Đời Nay Năm 1940),40000,45,9780085481077,"Lorem ipsum dolor sit amet, consectetur adipiscing elit. Nam congue vel tellus non luctus. Vestibulum vitae nunc lorem. Sed lacinia lectus vel augue imperdiet ultricies. Donec id venenatis ex, vitae pretium ligula. Sed nulla eros, dignissim at feugiat non, posuere sit amet urna. Ut eu porttitor tellus. Cras eu massa nulla. Morbi porta fermentum elit eu iaculis. Pellentesque hendrerit venenatis purus at feugiat. Pellentesque vitae feugiat purus. Donec mattis rhoncus lacinia. Sed quam diam, molestie id laoreet eu, lacinia ac turpis. Cras tincidunt lobortis elit quis aliquam. Proin et massa libero.

Aliquam id pharetra arcu. Vivamus vitae mattis ligula. Sed efficitur urna vitae scelerisque tempor. Proin purus magna, vulputate eu ligula a, vehicula malesuada enim. Curabitur aliquet rutrum enim et tincidunt. Vestibulum ante ipsum primis in faucibus orci luctus et ultrices posuere cubilia curae; Vivamus pharetra enim leo, nec molestie nibh consectetur quis. Class aptent taciti sociosqu ad litora torquent per conubia nostra, per inceptos himenaeos. Nunc quis maximus elit, vitae pulvinar urna. Integer at mi elit. Phasellus vitae rutrum sem. Vivamus et mauris ac nisl congue congue eu eget elit. Nullam at quam velit. Pellentesque dictum, diam nec tempor aliquet, tortor justo fermentum sapien, at condimentum turpis elit vel sapien. Aenean rutrum tellus sodales tortor viverra eleifend.

Donec facilisis, diam efficitur maximus ultrices, enim lectus rutrum elit, eget malesuada mi justo dapibus enim. Maecenas finibus euismod nulla quis dignissim. Sed dictum ante rutrum turpis euismod laoreet. Sed placerat tellus leo. In ut lobortis lorem. Nullam vitae lectus egestas urna tincidunt aliquet. Ut sagittis vel enim eget malesuada. Cras in congue tortor. Interdum et malesuada fames ac ante ipsum primis in faucibus. Nunc tempus consequat neque, et eleifend nulla aliquam eu.",Author 180,9,danh-tac-viet-nam-nhung-ngay-tho-au-in-theo-ban-cua-nxb-oi-nay-nam-1940,NXB 180,2013,85
https://cdn1.fahasa.com/media/catalog/product/9/7/9786044063218.jpg,Hồi Ký Âm Nhạc,335500,45,9780085481078,"Lorem ipsum dolor sit amet, consectetur adipiscing elit. Nam congue vel tellus non luctus. Vestibulum vitae nunc lorem. Sed lacinia lectus vel augue imperdiet ultricies. Donec id venenatis ex, vitae pretium ligula. Sed nulla eros, dignissim at feugiat non, posuere sit amet urna. Ut eu porttitor tellus. Cras eu massa nulla. Morbi porta fermentum elit eu iaculis. Pellentesque hendrerit venenatis purus at feugiat. Pellentesque vitae feugiat purus. Donec mattis rhoncus lacinia. Sed quam diam, molestie id laoreet eu, lacinia ac turpis. Cras tincidunt lobortis elit quis aliquam. Proin et massa libero.

Aliquam id pharetra arcu. Vivamus vitae mattis ligula. Sed efficitur urna vitae scelerisque tempor. Proin purus magna, vulputate eu ligula a, vehicula malesuada enim. Curabitur aliquet rutrum enim et tincidunt. Vestibulum ante ipsum primis in faucibus orci luctus et ultrices posuere cubilia curae; Vivamus pharetra enim leo, nec molestie nibh consectetur quis. Class aptent taciti sociosqu ad litora torquent per conubia nostra, per inceptos himenaeos. Nunc quis maximus elit, vitae pulvinar urna. Integer at mi elit. Phasellus vitae rutrum sem. Vivamus et mauris ac nisl congue congue eu eget elit. Nullam at quam velit. Pellentesque dictum, diam nec tempor aliquet, tortor justo fermentum sapien, at condimentum turpis elit vel sapien. Aenean rutrum tellus sodales tortor viverra eleifend.

Donec facilisis, diam efficitur maximus ultrices, enim lectus rutrum elit, eget malesuada mi justo dapibus enim. Maecenas finibus euismod nulla quis dignissim. Sed dictum ante rutrum turpis euismod laoreet. Sed placerat tellus leo. In ut lobortis lorem. Nullam vitae lectus egestas urna tincidunt aliquet. Ut sagittis vel enim eget malesuada. Cras in congue tortor. Interdum et malesuada fames ac ante ipsum primis in faucibus. Nunc tempus consequat neque, et eleifend nulla aliquam eu.",Author 181,20,hoi-ky-am-nhac,NXB 181,2021,57
https://cdn1.fahasa.com/media/catalog/product/s/h/shout--the-beat.jpg,Shout! The Beatles- Hơi Thở Thời Đại Của Thế Kỷ 20,179400,45,9780085481079,"Lorem ipsum dolor sit amet, consectetur adipiscing elit. Nam congue vel tellus non luctus. Vestibulum vitae nunc lorem. Sed lacinia lectus vel augue imperdiet ultricies. Donec id venenatis ex, vitae pretium ligula. Sed nulla eros, dignissim at feugiat non, posuere sit amet urna. Ut eu porttitor tellus. Cras eu massa nulla. Morbi porta fermentum elit eu iaculis. Pellentesque hendrerit venenatis purus at feugiat. Pellentesque vitae feugiat purus. Donec mattis rhoncus lacinia. Sed quam diam, molestie id laoreet eu, lacinia ac turpis. Cras tincidunt lobortis elit quis aliquam. Proin et massa libero.

Aliquam id pharetra arcu. Vivamus vitae mattis ligula. Sed efficitur urna vitae scelerisque tempor. Proin purus magna, vulputate eu ligula a, vehicula malesuada enim. Curabitur aliquet rutrum enim et tincidunt. Vestibulum ante ipsum primis in faucibus orci luctus et ultrices posuere cubilia curae; Vivamus pharetra enim leo, nec molestie nibh consectetur quis. Class aptent taciti sociosqu ad litora torquent per conubia nostra, per inceptos himenaeos. Nunc quis maximus elit, vitae pulvinar urna. Integer at mi elit. Phasellus vitae rutrum sem. Vivamus et mauris ac nisl congue congue eu eget elit. Nullam at quam velit. Pellentesque dictum, diam nec tempor aliquet, tortor justo fermentum sapien, at condimentum turpis elit vel sapien. Aenean rutrum tellus sodales tortor viverra eleifend.

Donec facilisis, diam efficitur maximus ultrices, enim lectus rutrum elit, eget malesuada mi justo dapibus enim. Maecenas finibus euismod nulla quis dignissim. Sed dictum ante rutrum turpis euismod laoreet. Sed placerat tellus leo. In ut lobortis lorem. Nullam vitae lectus egestas urna tincidunt aliquet. Ut sagittis vel enim eget malesuada. Cras in congue tortor. Interdum et malesuada fames ac ante ipsum primis in faucibus. Nunc tempus consequat neque, et eleifend nulla aliquam eu.",Author 182,9,shout-the-beatles-hoi-tho-thoi-ai-cua-the-ky-20,NXB 182,2019,52
https://cdn1.fahasa.com/media/catalog/product/1/_/1_21_67.jpg,Hữu Châu - Chiếc Nôi Vàng Giông Bão,279000,45,9780085481080,"Lorem ipsum dolor sit amet, consectetur adipiscing elit. Nam congue vel tellus non luctus. Vestibulum vitae nunc lorem. Sed lacinia lectus vel augue imperdiet ultricies. Donec id venenatis ex, vitae pretium ligula. Sed nulla eros, dignissim at feugiat non, posuere sit amet urna. Ut eu porttitor tellus. Cras eu massa nulla. Morbi porta fermentum elit eu iaculis. Pellentesque hendrerit venenatis purus at feugiat. Pellentesque vitae feugiat purus. Donec mattis rhoncus lacinia. Sed quam diam, molestie id laoreet eu, lacinia ac turpis. Cras tincidunt lobortis elit quis aliquam. Proin et massa libero.

Aliquam id pharetra arcu. Vivamus vitae mattis ligula. Sed efficitur urna vitae scelerisque tempor. Proin purus magna, vulputate eu ligula a, vehicula malesuada enim. Curabitur aliquet rutrum enim et tincidunt. Vestibulum ante ipsum primis in faucibus orci luctus et ultrices posuere cubilia curae; Vivamus pharetra enim leo, nec molestie nibh consectetur quis. Class aptent taciti sociosqu ad litora torquent per conubia nostra, per inceptos himenaeos. Nunc quis maximus elit, vitae pulvinar urna. Integer at mi elit. Phasellus vitae rutrum sem. Vivamus et mauris ac nisl congue congue eu eget elit. Nullam at quam velit. Pellentesque dictum, diam nec tempor aliquet, tortor justo fermentum sapien, at condimentum turpis elit vel sapien. Aenean rutrum tellus sodales tortor viverra eleifend.

Donec facilisis, diam efficitur maximus ultrices, enim lectus rutrum elit, eget malesuada mi justo dapibus enim. Maecenas finibus euismod nulla quis dignissim. Sed dictum ante rutrum turpis euismod laoreet. Sed placerat tellus leo. In ut lobortis lorem. Nullam vitae lectus egestas urna tincidunt aliquet. Ut sagittis vel enim eget malesuada. Cras in congue tortor. Interdum et malesuada fames ac ante ipsum primis in faucibus. Nunc tempus consequat neque, et eleifend nulla aliquam eu.",Author 183,8,huu-chau-chiec-noi-vang-giong-bao,NXB 183,2008,70
https://cdn1.fahasa.com/media/catalog/product/d/a/daihiephongkongchaunhuanphat_168k_bia-01.jpg,Châu Nhuận Phát - Đại Hiệp Hồng Kông,122640,45,9780085481081,"Lorem ipsum dolor sit amet, consectetur adipiscing elit. Nam congue vel tellus non luctus. Vestibulum vitae nunc lorem. Sed lacinia lectus vel augue imperdiet ultricies. Donec id venenatis ex, vitae pretium ligula. Sed nulla eros, dignissim at feugiat non, posuere sit amet urna. Ut eu porttitor tellus. Cras eu massa nulla. Morbi porta fermentum elit eu iaculis. Pellentesque hendrerit venenatis purus at feugiat. Pellentesque vitae feugiat purus. Donec mattis rhoncus lacinia. Sed quam diam, molestie id laoreet eu, lacinia ac turpis. Cras tincidunt lobortis elit quis aliquam. Proin et massa libero.

Aliquam id pharetra arcu. Vivamus vitae mattis ligula. Sed efficitur urna vitae scelerisque tempor. Proin purus magna, vulputate eu ligula a, vehicula malesuada enim. Curabitur aliquet rutrum enim et tincidunt. Vestibulum ante ipsum primis in faucibus orci luctus et ultrices posuere cubilia curae; Vivamus pharetra enim leo, nec molestie nibh consectetur quis. Class aptent taciti sociosqu ad litora torquent per conubia nostra, per inceptos himenaeos. Nunc quis maximus elit, vitae pulvinar urna. Integer at mi elit. Phasellus vitae rutrum sem. Vivamus et mauris ac nisl congue congue eu eget elit. Nullam at quam velit. Pellentesque dictum, diam nec tempor aliquet, tortor justo fermentum sapien, at condimentum turpis elit vel sapien. Aenean rutrum tellus sodales tortor viverra eleifend.

Donec facilisis, diam efficitur maximus ultrices, enim lectus rutrum elit, eget malesuada mi justo dapibus enim. Maecenas finibus euismod nulla quis dignissim. Sed dictum ante rutrum turpis euismod laoreet. Sed placerat tellus leo. In ut lobortis lorem. Nullam vitae lectus egestas urna tincidunt aliquet. Ut sagittis vel enim eget malesuada. Cras in congue tortor. Interdum et malesuada fames ac ante ipsum primis in faucibus. Nunc tempus consequat neque, et eleifend nulla aliquam eu.",Author 184,20,chau-nhuan-phat-ai-hiep-hong-kong,NXB 184,2000,76
https://cdn1.fahasa.com/media/catalog/product/1/_/1_21_67_1.jpg,Hữu Châu - Chiếc Nôi Vàng Giông Bão - Bìa Cứng,399000,45,9780085481082,"Lorem ipsum dolor sit amet, consectetur adipiscing elit. Nam congue vel tellus non luctus. Vestibulum vitae nunc lorem. Sed lacinia lectus vel augue imperdiet ultricies. Donec id venenatis ex, vitae pretium ligula. Sed nulla eros, dignissim at feugiat non, posuere sit amet urna. Ut eu porttitor tellus. Cras eu massa nulla. Morbi porta fermentum elit eu iaculis. Pellentesque hendrerit venenatis purus at feugiat. Pellentesque vitae feugiat purus. Donec mattis rhoncus lacinia. Sed quam diam, molestie id laoreet eu, lacinia ac turpis. Cras tincidunt lobortis elit quis aliquam. Proin et massa libero.

Aliquam id pharetra arcu. Vivamus vitae mattis ligula. Sed efficitur urna vitae scelerisque tempor. Proin purus magna, vulputate eu ligula a, vehicula malesuada enim. Curabitur aliquet rutrum enim et tincidunt. Vestibulum ante ipsum primis in faucibus orci luctus et ultrices posuere cubilia curae; Vivamus pharetra enim leo, nec molestie nibh consectetur quis. Class aptent taciti sociosqu ad litora torquent per conubia nostra, per inceptos himenaeos. Nunc quis maximus elit, vitae pulvinar urna. Integer at mi elit. Phasellus vitae rutrum sem. Vivamus et mauris ac nisl congue congue eu eget elit. Nullam at quam velit. Pellentesque dictum, diam nec tempor aliquet, tortor justo fermentum sapien, at condimentum turpis elit vel sapien. Aenean rutrum tellus sodales tortor viverra eleifend.

Donec facilisis, diam efficitur maximus ultrices, enim lectus rutrum elit, eget malesuada mi justo dapibus enim. Maecenas finibus euismod nulla quis dignissim. Sed dictum ante rutrum turpis euismod laoreet. Sed placerat tellus leo. In ut lobortis lorem. Nullam vitae lectus egestas urna tincidunt aliquet. Ut sagittis vel enim eget malesuada. Cras in congue tortor. Interdum et malesuada fames ac ante ipsum primis in faucibus. Nunc tempus consequat neque, et eleifend nulla aliquam eu.",Author 185,13,huu-chau-chiec-noi-vang-giong-bao-bia-cung,NXB 185,2010,150
https://cdn1.fahasa.com/media/catalog/product/i/m/image_233031.jpg,Đời Tôi Sóng Nhạc Bay Lên,45000,45,9780085481083,"Lorem ipsum dolor sit amet, consectetur adipiscing elit. Nam congue vel tellus non luctus. Vestibulum vitae nunc lorem. Sed lacinia lectus vel augue imperdiet ultricies. Donec id venenatis ex, vitae pretium ligula. Sed nulla eros, dignissim at feugiat non, posuere sit amet urna. Ut eu porttitor tellus. Cras eu massa nulla. Morbi porta fermentum elit eu iaculis. Pellentesque hendrerit venenatis purus at feugiat. Pellentesque vitae feugiat purus. Donec mattis rhoncus lacinia. Sed quam diam, molestie id laoreet eu, lacinia ac turpis. Cras tincidunt lobortis elit quis aliquam. Proin et massa libero.

Aliquam id pharetra arcu. Vivamus vitae mattis ligula. Sed efficitur urna vitae scelerisque tempor. Proin purus magna, vulputate eu ligula a, vehicula malesuada enim. Curabitur aliquet rutrum enim et tincidunt. Vestibulum ante ipsum primis in faucibus orci luctus et ultrices posuere cubilia curae; Vivamus pharetra enim leo, nec molestie nibh consectetur quis. Class aptent taciti sociosqu ad litora torquent per conubia nostra, per inceptos himenaeos. Nunc quis maximus elit, vitae pulvinar urna. Integer at mi elit. Phasellus vitae rutrum sem. Vivamus et mauris ac nisl congue congue eu eget elit. Nullam at quam velit. Pellentesque dictum, diam nec tempor aliquet, tortor justo fermentum sapien, at condimentum turpis elit vel sapien. Aenean rutrum tellus sodales tortor viverra eleifend.

Donec facilisis, diam efficitur maximus ultrices, enim lectus rutrum elit, eget malesuada mi justo dapibus enim. Maecenas finibus euismod nulla quis dignissim. Sed dictum ante rutrum turpis euismod laoreet. Sed placerat tellus leo. In ut lobortis lorem. Nullam vitae lectus egestas urna tincidunt aliquet. Ut sagittis vel enim eget malesuada. Cras in congue tortor. Interdum et malesuada fames ac ante ipsum primis in faucibus. Nunc tempus consequat neque, et eleifend nulla aliquam eu.",Author 186,9,oi-toi-song-nhac-bay-len,NXB 186,2004,128
https://cdn1.fahasa.com/media/catalog/product/i/m/image_235850.jpg,Kiến Thức Căn Bản Cần Biết - Theo Dòng Lịch Sử Điện Ảnh,288000,45,9780085481084,"Lorem ipsum dolor sit amet, consectetur adipiscing elit. Nam congue vel tellus non luctus. Vestibulum vitae nunc lorem. Sed lacinia lectus vel augue imperdiet ultricies. Donec id venenatis ex, vitae pretium ligula. Sed nulla eros, dignissim at feugiat non, posuere sit amet urna. Ut eu porttitor tellus. Cras eu massa nulla. Morbi porta fermentum elit eu iaculis. Pellentesque hendrerit venenatis purus at feugiat. Pellentesque vitae feugiat purus. Donec mattis rhoncus lacinia. Sed quam diam, molestie id laoreet eu, lacinia ac turpis. Cras tincidunt lobortis elit quis aliquam. Proin et massa libero.

Aliquam id pharetra arcu. Vivamus vitae mattis ligula. Sed efficitur urna vitae scelerisque tempor. Proin purus magna, vulputate eu ligula a, vehicula malesuada enim. Curabitur aliquet rutrum enim et tincidunt. Vestibulum ante ipsum primis in faucibus orci luctus et ultrices posuere cubilia curae; Vivamus pharetra enim leo, nec molestie nibh consectetur quis. Class aptent taciti sociosqu ad litora torquent per conubia nostra, per inceptos himenaeos. Nunc quis maximus elit, vitae pulvinar urna. Integer at mi elit. Phasellus vitae rutrum sem. Vivamus et mauris ac nisl congue congue eu eget elit. Nullam at quam velit. Pellentesque dictum, diam nec tempor aliquet, tortor justo fermentum sapien, at condimentum turpis elit vel sapien. Aenean rutrum tellus sodales tortor viverra eleifend.

Donec facilisis, diam efficitur maximus ultrices, enim lectus rutrum elit, eget malesuada mi justo dapibus enim. Maecenas finibus euismod nulla quis dignissim. Sed dictum ante rutrum turpis euismod laoreet. Sed placerat tellus leo. In ut lobortis lorem. Nullam vitae lectus egestas urna tincidunt aliquet. Ut sagittis vel enim eget malesuada. Cras in congue tortor. Interdum et malesuada fames ac ante ipsum primis in faucibus. Nunc tempus consequat neque, et eleifend nulla aliquam eu.",Author 187,8,kien-thuc-can-ban-can-biet-theo-dong-lich-su-ien-anh,NXB 187,2009,64
https://cdn1.fahasa.com/media/catalog/product/z/6/z6833564174748_3e87ec83704d8c2089e191aae70ef629.jpg,Xuân Hinh - Kẻ Chọc Cười Dân Dã,183000,45,9780085481085,"Lorem ipsum dolor sit amet, consectetur adipiscing elit. Nam congue vel tellus non luctus. Vestibulum vitae nunc lorem. Sed lacinia lectus vel augue imperdiet ultricies. Donec id venenatis ex, vitae pretium ligula. Sed nulla eros, dignissim at feugiat non, posuere sit amet urna. Ut eu porttitor tellus. Cras eu massa nulla. Morbi porta fermentum elit eu iaculis. Pellentesque hendrerit venenatis purus at feugiat. Pellentesque vitae feugiat purus. Donec mattis rhoncus lacinia. Sed quam diam, molestie id laoreet eu, lacinia ac turpis. Cras tincidunt lobortis elit quis aliquam. Proin et massa libero.

Aliquam id pharetra arcu. Vivamus vitae mattis ligula. Sed efficitur urna vitae scelerisque tempor. Proin purus magna, vulputate eu ligula a, vehicula malesuada enim. Curabitur aliquet rutrum enim et tincidunt. Vestibulum ante ipsum primis in faucibus orci luctus et ultrices posuere cubilia curae; Vivamus pharetra enim leo, nec molestie nibh consectetur quis. Class aptent taciti sociosqu ad litora torquent per conubia nostra, per inceptos himenaeos. Nunc quis maximus elit, vitae pulvinar urna. Integer at mi elit. Phasellus vitae rutrum sem. Vivamus et mauris ac nisl congue congue eu eget elit. Nullam at quam velit. Pellentesque dictum, diam nec tempor aliquet, tortor justo fermentum sapien, at condimentum turpis elit vel sapien. Aenean rutrum tellus sodales tortor viverra eleifend.

Donec facilisis, diam efficitur maximus ultrices, enim lectus rutrum elit, eget malesuada mi justo dapibus enim. Maecenas finibus euismod nulla quis dignissim. Sed dictum ante rutrum turpis euismod laoreet. Sed placerat tellus leo. In ut lobortis lorem. Nullam vitae lectus egestas urna tincidunt aliquet. Ut sagittis vel enim eget malesuada. Cras in congue tortor. Interdum et malesuada fames ac ante ipsum primis in faucibus. Nunc tempus consequat neque, et eleifend nulla aliquam eu.",Author 188,17,xuan-hinh-ke-choc-cuoi-dan-da,NXB 188,2020,77
https://cdn1.fahasa.com/media/catalog/product/i/m/image_241465.jpg,Who? K-Pop TWICE,49500,45,9780085481086,"Lorem ipsum dolor sit amet, consectetur adipiscing elit. Nam congue vel tellus non luctus. Vestibulum vitae nunc lorem. Sed lacinia lectus vel augue imperdiet ultricies. Donec id venenatis ex, vitae pretium ligula. Sed nulla eros, dignissim at feugiat non, posuere sit amet urna. Ut eu porttitor tellus. Cras eu massa nulla. Morbi porta fermentum elit eu iaculis. Pellentesque hendrerit venenatis purus at feugiat. Pellentesque vitae feugiat purus. Donec mattis rhoncus lacinia. Sed quam diam, molestie id laoreet eu, lacinia ac turpis. Cras tincidunt lobortis elit quis aliquam. Proin et massa libero.

Aliquam id pharetra arcu. Vivamus vitae mattis ligula. Sed efficitur urna vitae scelerisque tempor. Proin purus magna, vulputate eu ligula a, vehicula malesuada enim. Curabitur aliquet rutrum enim et tincidunt. Vestibulum ante ipsum primis in faucibus orci luctus et ultrices posuere cubilia curae; Vivamus pharetra enim leo, nec molestie nibh consectetur quis. Class aptent taciti sociosqu ad litora torquent per conubia nostra, per inceptos himenaeos. Nunc quis maximus elit, vitae pulvinar urna. Integer at mi elit. Phasellus vitae rutrum sem. Vivamus et mauris ac nisl congue congue eu eget elit. Nullam at quam velit. Pellentesque dictum, diam nec tempor aliquet, tortor justo fermentum sapien, at condimentum turpis elit vel sapien. Aenean rutrum tellus sodales tortor viverra eleifend.

Donec facilisis, diam efficitur maximus ultrices, enim lectus rutrum elit, eget malesuada mi justo dapibus enim. Maecenas finibus euismod nulla quis dignissim. Sed dictum ante rutrum turpis euismod laoreet. Sed placerat tellus leo. In ut lobortis lorem. Nullam vitae lectus egestas urna tincidunt aliquet. Ut sagittis vel enim eget malesuada. Cras in congue tortor. Interdum et malesuada fames ac ante ipsum primis in faucibus. Nunc tempus consequat neque, et eleifend nulla aliquam eu.",Author 189,19,who-k-pop-twice,NXB 189,2019,94
https://cdn1.fahasa.com/media/catalog/product/9/7/9786326034547.jpg,Chuyện Báo Sài Gòn - Thăng Trầm Làng Báo Sài Gòn Từ 1975 Đến Nay,166500,45,9780085481087,"Lorem ipsum dolor sit amet, consectetur adipiscing elit. Nam congue vel tellus non luctus. Vestibulum vitae nunc lorem. Sed lacinia lectus vel augue imperdiet ultricies. Donec id venenatis ex, vitae pretium ligula. Sed nulla eros, dignissim at feugiat non, posuere sit amet urna. Ut eu porttitor tellus. Cras eu massa nulla. Morbi porta fermentum elit eu iaculis. Pellentesque hendrerit venenatis purus at feugiat. Pellentesque vitae feugiat purus. Donec mattis rhoncus lacinia. Sed quam diam, molestie id laoreet eu, lacinia ac turpis. Cras tincidunt lobortis elit quis aliquam. Proin et massa libero.

Aliquam id pharetra arcu. Vivamus vitae mattis ligula. Sed efficitur urna vitae scelerisque tempor. Proin purus magna, vulputate eu ligula a, vehicula malesuada enim. Curabitur aliquet rutrum enim et tincidunt. Vestibulum ante ipsum primis in faucibus orci luctus et ultrices posuere cubilia curae; Vivamus pharetra enim leo, nec molestie nibh consectetur quis. Class aptent taciti sociosqu ad litora torquent per conubia nostra, per inceptos himenaeos. Nunc quis maximus elit, vitae pulvinar urna. Integer at mi elit. Phasellus vitae rutrum sem. Vivamus et mauris ac nisl congue congue eu eget elit. Nullam at quam velit. Pellentesque dictum, diam nec tempor aliquet, tortor justo fermentum sapien, at condimentum turpis elit vel sapien. Aenean rutrum tellus sodales tortor viverra eleifend.

Donec facilisis, diam efficitur maximus ultrices, enim lectus rutrum elit, eget malesuada mi justo dapibus enim. Maecenas finibus euismod nulla quis dignissim. Sed dictum ante rutrum turpis euismod laoreet. Sed placerat tellus leo. In ut lobortis lorem. Nullam vitae lectus egestas urna tincidunt aliquet. Ut sagittis vel enim eget malesuada. Cras in congue tortor. Interdum et malesuada fames ac ante ipsum primis in faucibus. Nunc tempus consequat neque, et eleifend nulla aliquam eu.",Author 190,10,chuyen-bao-sai-gon-thang-tram-lang-bao-sai-gon-tu-1975-en-nay,NXB 190,2014,75
https://cdn1.fahasa.com/media/catalog/product/i/m/image_194502_thanh_ly.jpg,Chuyện Tình Các Danh Nhân Việt Nam Tập 2,135000,45,9780085481088,"Lorem ipsum dolor sit amet, consectetur adipiscing elit. Nam congue vel tellus non luctus. Vestibulum vitae nunc lorem. Sed lacinia lectus vel augue imperdiet ultricies. Donec id venenatis ex, vitae pretium ligula. Sed nulla eros, dignissim at feugiat non, posuere sit amet urna. Ut eu porttitor tellus. Cras eu massa nulla. Morbi porta fermentum elit eu iaculis. Pellentesque hendrerit venenatis purus at feugiat. Pellentesque vitae feugiat purus. Donec mattis rhoncus lacinia. Sed quam diam, molestie id laoreet eu, lacinia ac turpis. Cras tincidunt lobortis elit quis aliquam. Proin et massa libero.

Aliquam id pharetra arcu. Vivamus vitae mattis ligula. Sed efficitur urna vitae scelerisque tempor. Proin purus magna, vulputate eu ligula a, vehicula malesuada enim. Curabitur aliquet rutrum enim et tincidunt. Vestibulum ante ipsum primis in faucibus orci luctus et ultrices posuere cubilia curae; Vivamus pharetra enim leo, nec molestie nibh consectetur quis. Class aptent taciti sociosqu ad litora torquent per conubia nostra, per inceptos himenaeos. Nunc quis maximus elit, vitae pulvinar urna. Integer at mi elit. Phasellus vitae rutrum sem. Vivamus et mauris ac nisl congue congue eu eget elit. Nullam at quam velit. Pellentesque dictum, diam nec tempor aliquet, tortor justo fermentum sapien, at condimentum turpis elit vel sapien. Aenean rutrum tellus sodales tortor viverra eleifend.

Donec facilisis, diam efficitur maximus ultrices, enim lectus rutrum elit, eget malesuada mi justo dapibus enim. Maecenas finibus euismod nulla quis dignissim. Sed dictum ante rutrum turpis euismod laoreet. Sed placerat tellus leo. In ut lobortis lorem. Nullam vitae lectus egestas urna tincidunt aliquet. Ut sagittis vel enim eget malesuada. Cras in congue tortor. Interdum et malesuada fames ac ante ipsum primis in faucibus. Nunc tempus consequat neque, et eleifend nulla aliquam eu.",Author 191,12,chuyen-tinh-cac-danh-nhan-viet-nam-tap-2,NXB 191,2004,110
https://cdn1.fahasa.com/media/catalog/product/l/_/l_a-r_c-v_-tro-t_n-b_a-1.jpg,Daisy Jones And The Six - Lửa Rực Và Tro Tàn,191000,45,9780085481089,"Lorem ipsum dolor sit amet, consectetur adipiscing elit. Nam congue vel tellus non luctus. Vestibulum vitae nunc lorem. Sed lacinia lectus vel augue imperdiet ultricies. Donec id venenatis ex, vitae pretium ligula. Sed nulla eros, dignissim at feugiat non, posuere sit amet urna. Ut eu porttitor tellus. Cras eu massa nulla. Morbi porta fermentum elit eu iaculis. Pellentesque hendrerit venenatis purus at feugiat. Pellentesque vitae feugiat purus. Donec mattis rhoncus lacinia. Sed quam diam, molestie id laoreet eu, lacinia ac turpis. Cras tincidunt lobortis elit quis aliquam. Proin et massa libero.

Aliquam id pharetra arcu. Vivamus vitae mattis ligula. Sed efficitur urna vitae scelerisque tempor. Proin purus magna, vulputate eu ligula a, vehicula malesuada enim. Curabitur aliquet rutrum enim et tincidunt. Vestibulum ante ipsum primis in faucibus orci luctus et ultrices posuere cubilia curae; Vivamus pharetra enim leo, nec molestie nibh consectetur quis. Class aptent taciti sociosqu ad litora torquent per conubia nostra, per inceptos himenaeos. Nunc quis maximus elit, vitae pulvinar urna. Integer at mi elit. Phasellus vitae rutrum sem. Vivamus et mauris ac nisl congue congue eu eget elit. Nullam at quam velit. Pellentesque dictum, diam nec tempor aliquet, tortor justo fermentum sapien, at condimentum turpis elit vel sapien. Aenean rutrum tellus sodales tortor viverra eleifend.

Donec facilisis, diam efficitur maximus ultrices, enim lectus rutrum elit, eget malesuada mi justo dapibus enim. Maecenas finibus euismod nulla quis dignissim. Sed dictum ante rutrum turpis euismod laoreet. Sed placerat tellus leo. In ut lobortis lorem. Nullam vitae lectus egestas urna tincidunt aliquet. Ut sagittis vel enim eget malesuada. Cras in congue tortor. Interdum et malesuada fames ac ante ipsum primis in faucibus. Nunc tempus consequat neque, et eleifend nulla aliquam eu.",Author 192,3,daisy-jones-and-the-six-lua-ruc-va-tro-tan,NXB 192,2015,53
https://cdn1.fahasa.com/media/catalog/product/8/9/8934974175230.jpg,Trịnh Công Sơn - Thư Tình Gửi Một Người,165500,45,9780085481090,"Lorem ipsum dolor sit amet, consectetur adipiscing elit. Nam congue vel tellus non luctus. Vestibulum vitae nunc lorem. Sed lacinia lectus vel augue imperdiet ultricies. Donec id venenatis ex, vitae pretium ligula. Sed nulla eros, dignissim at feugiat non, posuere sit amet urna. Ut eu porttitor tellus. Cras eu massa nulla. Morbi porta fermentum elit eu iaculis. Pellentesque hendrerit venenatis purus at feugiat. Pellentesque vitae feugiat purus. Donec mattis rhoncus lacinia. Sed quam diam, molestie id laoreet eu, lacinia ac turpis. Cras tincidunt lobortis elit quis aliquam. Proin et massa libero.

Aliquam id pharetra arcu. Vivamus vitae mattis ligula. Sed efficitur urna vitae scelerisque tempor. Proin purus magna, vulputate eu ligula a, vehicula malesuada enim. Curabitur aliquet rutrum enim et tincidunt. Vestibulum ante ipsum primis in faucibus orci luctus et ultrices posuere cubilia curae; Vivamus pharetra enim leo, nec molestie nibh consectetur quis. Class aptent taciti sociosqu ad litora torquent per conubia nostra, per inceptos himenaeos. Nunc quis maximus elit, vitae pulvinar urna. Integer at mi elit. Phasellus vitae rutrum sem. Vivamus et mauris ac nisl congue congue eu eget elit. Nullam at quam velit. Pellentesque dictum, diam nec tempor aliquet, tortor justo fermentum sapien, at condimentum turpis elit vel sapien. Aenean rutrum tellus sodales tortor viverra eleifend.

Donec facilisis, diam efficitur maximus ultrices, enim lectus rutrum elit, eget malesuada mi justo dapibus enim. Maecenas finibus euismod nulla quis dignissim. Sed dictum ante rutrum turpis euismod laoreet. Sed placerat tellus leo. In ut lobortis lorem. Nullam vitae lectus egestas urna tincidunt aliquet. Ut sagittis vel enim eget malesuada. Cras in congue tortor. Interdum et malesuada fames ac ante ipsum primis in faucibus. Nunc tempus consequat neque, et eleifend nulla aliquam eu.",Author 193,6,trinh-cong-son-thu-tinh-gui-mot-nguoi,NXB 193,2007,132
https://cdn1.fahasa.com/media/catalog/product/n/x/nxbtre_full_12492025_104905.jpg,Gọi Gió Đất Hiền - Những Câu Chuyện Về Người Phụ Nữ Việt Nam,89000,45,9780085481091,"Lorem ipsum dolor sit amet, consectetur adipiscing elit. Nam congue vel tellus non luctus. Vestibulum vitae nunc lorem. Sed lacinia lectus vel augue imperdiet ultricies. Donec id venenatis ex, vitae pretium ligula. Sed nulla eros, dignissim at feugiat non, posuere sit amet urna. Ut eu porttitor tellus. Cras eu massa nulla. Morbi porta fermentum elit eu iaculis. Pellentesque hendrerit venenatis purus at feugiat. Pellentesque vitae feugiat purus. Donec mattis rhoncus lacinia. Sed quam diam, molestie id laoreet eu, lacinia ac turpis. Cras tincidunt lobortis elit quis aliquam. Proin et massa libero.

Aliquam id pharetra arcu. Vivamus vitae mattis ligula. Sed efficitur urna vitae scelerisque tempor. Proin purus magna, vulputate eu ligula a, vehicula malesuada enim. Curabitur aliquet rutrum enim et tincidunt. Vestibulum ante ipsum primis in faucibus orci luctus et ultrices posuere cubilia curae; Vivamus pharetra enim leo, nec molestie nibh consectetur quis. Class aptent taciti sociosqu ad litora torquent per conubia nostra, per inceptos himenaeos. Nunc quis maximus elit, vitae pulvinar urna. Integer at mi elit. Phasellus vitae rutrum sem. Vivamus et mauris ac nisl congue congue eu eget elit. Nullam at quam velit. Pellentesque dictum, diam nec tempor aliquet, tortor justo fermentum sapien, at condimentum turpis elit vel sapien. Aenean rutrum tellus sodales tortor viverra eleifend.

Donec facilisis, diam efficitur maximus ultrices, enim lectus rutrum elit, eget malesuada mi justo dapibus enim. Maecenas finibus euismod nulla quis dignissim. Sed dictum ante rutrum turpis euismod laoreet. Sed placerat tellus leo. In ut lobortis lorem. Nullam vitae lectus egestas urna tincidunt aliquet. Ut sagittis vel enim eget malesuada. Cras in congue tortor. Interdum et malesuada fames ac ante ipsum primis in faucibus. Nunc tempus consequat neque, et eleifend nulla aliquam eu.",Author 194,14,goi-gio-at-hien-nhung-cau-chuyen-ve-nguoi-phu-nu-viet-nam,NXB 194,2002,95
https://cdn1.fahasa.com/media/catalog/product/8/9/8935280920712.jpg,Viết Cho Những Ngày Không Dám Khóc,135000,45,9780085481092,"Lorem ipsum dolor sit amet, consectetur adipiscing elit. Nam congue vel tellus non luctus. Vestibulum vitae nunc lorem. Sed lacinia lectus vel augue imperdiet ultricies. Donec id venenatis ex, vitae pretium ligula. Sed nulla eros, dignissim at feugiat non, posuere sit amet urna. Ut eu porttitor tellus. Cras eu massa nulla. Morbi porta fermentum elit eu iaculis. Pellentesque hendrerit venenatis purus at feugiat. Pellentesque vitae feugiat purus. Donec mattis rhoncus lacinia. Sed quam diam, molestie id laoreet eu, lacinia ac turpis. Cras tincidunt lobortis elit quis aliquam. Proin et massa libero.

Aliquam id pharetra arcu. Vivamus vitae mattis ligula. Sed efficitur urna vitae scelerisque tempor. Proin purus magna, vulputate eu ligula a, vehicula malesuada enim. Curabitur aliquet rutrum enim et tincidunt. Vestibulum ante ipsum primis in faucibus orci luctus et ultrices posuere cubilia curae; Vivamus pharetra enim leo, nec molestie nibh consectetur quis. Class aptent taciti sociosqu ad litora torquent per conubia nostra, per inceptos himenaeos. Nunc quis maximus elit, vitae pulvinar urna. Integer at mi elit. Phasellus vitae rutrum sem. Vivamus et mauris ac nisl congue congue eu eget elit. Nullam at quam velit. Pellentesque dictum, diam nec tempor aliquet, tortor justo fermentum sapien, at condimentum turpis elit vel sapien. Aenean rutrum tellus sodales tortor viverra eleifend.

Donec facilisis, diam efficitur maximus ultrices, enim lectus rutrum elit, eget malesuada mi justo dapibus enim. Maecenas finibus euismod nulla quis dignissim. Sed dictum ante rutrum turpis euismod laoreet. Sed placerat tellus leo. In ut lobortis lorem. Nullam vitae lectus egestas urna tincidunt aliquet. Ut sagittis vel enim eget malesuada. Cras in congue tortor. Interdum et malesuada fames ac ante ipsum primis in faucibus. Nunc tempus consequat neque, et eleifend nulla aliquam eu.",Author 195,5,viet-cho-nhung-ngay-khong-dam-khoc,NXB 195,2021,52
https://cdn1.fahasa.com/media/catalog/product/a/b/abba_680.jpg,Hào Quang Bóng Tối - The Real Story Of ABBA,413000,45,9780085481093,"Lorem ipsum dolor sit amet, consectetur adipiscing elit. Nam congue vel tellus non luctus. Vestibulum vitae nunc lorem. Sed lacinia lectus vel augue imperdiet ultricies. Donec id venenatis ex, vitae pretium ligula. Sed nulla eros, dignissim at feugiat non, posuere sit amet urna. Ut eu porttitor tellus. Cras eu massa nulla. Morbi porta fermentum elit eu iaculis. Pellentesque hendrerit venenatis purus at feugiat. Pellentesque vitae feugiat purus. Donec mattis rhoncus lacinia. Sed quam diam, molestie id laoreet eu, lacinia ac turpis. Cras tincidunt lobortis elit quis aliquam. Proin et massa libero.

Aliquam id pharetra arcu. Vivamus vitae mattis ligula. Sed efficitur urna vitae scelerisque tempor. Proin purus magna, vulputate eu ligula a, vehicula malesuada enim. Curabitur aliquet rutrum enim et tincidunt. Vestibulum ante ipsum primis in faucibus orci luctus et ultrices posuere cubilia curae; Vivamus pharetra enim leo, nec molestie nibh consectetur quis. Class aptent taciti sociosqu ad litora torquent per conubia nostra, per inceptos himenaeos. Nunc quis maximus elit, vitae pulvinar urna. Integer at mi elit. Phasellus vitae rutrum sem. Vivamus et mauris ac nisl congue congue eu eget elit. Nullam at quam velit. Pellentesque dictum, diam nec tempor aliquet, tortor justo fermentum sapien, at condimentum turpis elit vel sapien. Aenean rutrum tellus sodales tortor viverra eleifend.

Donec facilisis, diam efficitur maximus ultrices, enim lectus rutrum elit, eget malesuada mi justo dapibus enim. Maecenas finibus euismod nulla quis dignissim. Sed dictum ante rutrum turpis euismod laoreet. Sed placerat tellus leo. In ut lobortis lorem. Nullam vitae lectus egestas urna tincidunt aliquet. Ut sagittis vel enim eget malesuada. Cras in congue tortor. Interdum et malesuada fames ac ante ipsum primis in faucibus. Nunc tempus consequat neque, et eleifend nulla aliquam eu.",Author 196,10,hao-quang-bong-toi-the-real-story-of-abba,NXB 196,2003,140
https://cdn1.fahasa.com/media/catalog/product/g/i/gio-nguoc---bia-1.jpg,Ba Mươi Năm Làm Nghề Báo Chí Và Truyền Thông - Gió Ngược,142500,45,9780085481094,"Lorem ipsum dolor sit amet, consectetur adipiscing elit. Nam congue vel tellus non luctus. Vestibulum vitae nunc lorem. Sed lacinia lectus vel augue imperdiet ultricies. Donec id venenatis ex, vitae pretium ligula. Sed nulla eros, dignissim at feugiat non, posuere sit amet urna. Ut eu porttitor tellus. Cras eu massa nulla. Morbi porta fermentum elit eu iaculis. Pellentesque hendrerit venenatis purus at feugiat. Pellentesque vitae feugiat purus. Donec mattis rhoncus lacinia. Sed quam diam, molestie id laoreet eu, lacinia ac turpis. Cras tincidunt lobortis elit quis aliquam. Proin et massa libero.

Aliquam id pharetra arcu. Vivamus vitae mattis ligula. Sed efficitur urna vitae scelerisque tempor. Proin purus magna, vulputate eu ligula a, vehicula malesuada enim. Curabitur aliquet rutrum enim et tincidunt. Vestibulum ante ipsum primis in faucibus orci luctus et ultrices posuere cubilia curae; Vivamus pharetra enim leo, nec molestie nibh consectetur quis. Class aptent taciti sociosqu ad litora torquent per conubia nostra, per inceptos himenaeos. Nunc quis maximus elit, vitae pulvinar urna. Integer at mi elit. Phasellus vitae rutrum sem. Vivamus et mauris ac nisl congue congue eu eget elit. Nullam at quam velit. Pellentesque dictum, diam nec tempor aliquet, tortor justo fermentum sapien, at condimentum turpis elit vel sapien. Aenean rutrum tellus sodales tortor viverra eleifend.

Donec facilisis, diam efficitur maximus ultrices, enim lectus rutrum elit, eget malesuada mi justo dapibus enim. Maecenas finibus euismod nulla quis dignissim. Sed dictum ante rutrum turpis euismod laoreet. Sed placerat tellus leo. In ut lobortis lorem. Nullam vitae lectus egestas urna tincidunt aliquet. Ut sagittis vel enim eget malesuada. Cras in congue tortor. Interdum et malesuada fames ac ante ipsum primis in faucibus. Nunc tempus consequat neque, et eleifend nulla aliquam eu.",Author 197,6,ba-muoi-nam-lam-nghe-bao-chi-va-truyen-thong-gio-nguoc,NXB 197,2021,116
https://cdn1.fahasa.com/media/catalog/product/9/7/9786043721911.jpg,Bật Khóc Ở H Mart,119000,45,9780085481095,"Lorem ipsum dolor sit amet, consectetur adipiscing elit. Nam congue vel tellus non luctus. Vestibulum vitae nunc lorem. Sed lacinia lectus vel augue imperdiet ultricies. Donec id venenatis ex, vitae pretium ligula. Sed nulla eros, dignissim at feugiat non, posuere sit amet urna. Ut eu porttitor tellus. Cras eu massa nulla. Morbi porta fermentum elit eu iaculis. Pellentesque hendrerit venenatis purus at feugiat. Pellentesque vitae feugiat purus. Donec mattis rhoncus lacinia. Sed quam diam, molestie id laoreet eu, lacinia ac turpis. Cras tincidunt lobortis elit quis aliquam. Proin et massa libero.

Aliquam id pharetra arcu. Vivamus vitae mattis ligula. Sed efficitur urna vitae scelerisque tempor. Proin purus magna, vulputate eu ligula a, vehicula malesuada enim. Curabitur aliquet rutrum enim et tincidunt. Vestibulum ante ipsum primis in faucibus orci luctus et ultrices posuere cubilia curae; Vivamus pharetra enim leo, nec molestie nibh consectetur quis. Class aptent taciti sociosqu ad litora torquent per conubia nostra, per inceptos himenaeos. Nunc quis maximus elit, vitae pulvinar urna. Integer at mi elit. Phasellus vitae rutrum sem. Vivamus et mauris ac nisl congue congue eu eget elit. Nullam at quam velit. Pellentesque dictum, diam nec tempor aliquet, tortor justo fermentum sapien, at condimentum turpis elit vel sapien. Aenean rutrum tellus sodales tortor viverra eleifend.

Donec facilisis, diam efficitur maximus ultrices, enim lectus rutrum elit, eget malesuada mi justo dapibus enim. Maecenas finibus euismod nulla quis dignissim. Sed dictum ante rutrum turpis euismod laoreet. Sed placerat tellus leo. In ut lobortis lorem. Nullam vitae lectus egestas urna tincidunt aliquet. Ut sagittis vel enim eget malesuada. Cras in congue tortor. Interdum et malesuada fames ac ante ipsum primis in faucibus. Nunc tempus consequat neque, et eleifend nulla aliquam eu.",Author 198,11,bat-khoc-o-h-mart,NXB 198,2012,54
https://cdn1.fahasa.com/media/catalog/product/a/o/aoxuadunhau.jpg,Áo Xưa Dù Nhàu…,148500,45,9780085481096,"Lorem ipsum dolor sit amet, consectetur adipiscing elit. Nam congue vel tellus non luctus. Vestibulum vitae nunc lorem. Sed lacinia lectus vel augue imperdiet ultricies. Donec id venenatis ex, vitae pretium ligula. Sed nulla eros, dignissim at feugiat non, posuere sit amet urna. Ut eu porttitor tellus. Cras eu massa nulla. Morbi porta fermentum elit eu iaculis. Pellentesque hendrerit venenatis purus at feugiat. Pellentesque vitae feugiat purus. Donec mattis rhoncus lacinia. Sed quam diam, molestie id laoreet eu, lacinia ac turpis. Cras tincidunt lobortis elit quis aliquam. Proin et massa libero.

Aliquam id pharetra arcu. Vivamus vitae mattis ligula. Sed efficitur urna vitae scelerisque tempor. Proin purus magna, vulputate eu ligula a, vehicula malesuada enim. Curabitur aliquet rutrum enim et tincidunt. Vestibulum ante ipsum primis in faucibus orci luctus et ultrices posuere cubilia curae; Vivamus pharetra enim leo, nec molestie nibh consectetur quis. Class aptent taciti sociosqu ad litora torquent per conubia nostra, per inceptos himenaeos. Nunc quis maximus elit, vitae pulvinar urna. Integer at mi elit. Phasellus vitae rutrum sem. Vivamus et mauris ac nisl congue congue eu eget elit. Nullam at quam velit. Pellentesque dictum, diam nec tempor aliquet, tortor justo fermentum sapien, at condimentum turpis elit vel sapien. Aenean rutrum tellus sodales tortor viverra eleifend.

Donec facilisis, diam efficitur maximus ultrices, enim lectus rutrum elit, eget malesuada mi justo dapibus enim. Maecenas finibus euismod nulla quis dignissim. Sed dictum ante rutrum turpis euismod laoreet. Sed placerat tellus leo. In ut lobortis lorem. Nullam vitae lectus egestas urna tincidunt aliquet. Ut sagittis vel enim eget malesuada. Cras in congue tortor. Interdum et malesuada fames ac ante ipsum primis in faucibus. Nunc tempus consequat neque, et eleifend nulla aliquam eu.",Author 199,13,ao-xua-du-nhau,NXB 199,2021,82
https://cdn1.fahasa.com/media/catalog/product/8/9/8935210306746_1.jpg,Câu Chuyện Của Barbie Và Người Phụ Nữ  Sáng Tạo Nên Cô Ấy,72000,45,9780085481097,"Lorem ipsum dolor sit amet, consectetur adipiscing elit. Nam congue vel tellus non luctus. Vestibulum vitae nunc lorem. Sed lacinia lectus vel augue imperdiet ultricies. Donec id venenatis ex, vitae pretium ligula. Sed nulla eros, dignissim at feugiat non, posuere sit amet urna. Ut eu porttitor tellus. Cras eu massa nulla. Morbi porta fermentum elit eu iaculis. Pellentesque hendrerit venenatis purus at feugiat. Pellentesque vitae feugiat purus. Donec mattis rhoncus lacinia. Sed quam diam, molestie id laoreet eu, lacinia ac turpis. Cras tincidunt lobortis elit quis aliquam. Proin et massa libero.

Aliquam id pharetra arcu. Vivamus vitae mattis ligula. Sed efficitur urna vitae scelerisque tempor. Proin purus magna, vulputate eu ligula a, vehicula malesuada enim. Curabitur aliquet rutrum enim et tincidunt. Vestibulum ante ipsum primis in faucibus orci luctus et ultrices posuere cubilia curae; Vivamus pharetra enim leo, nec molestie nibh consectetur quis. Class aptent taciti sociosqu ad litora torquent per conubia nostra, per inceptos himenaeos. Nunc quis maximus elit, vitae pulvinar urna. Integer at mi elit. Phasellus vitae rutrum sem. Vivamus et mauris ac nisl congue congue eu eget elit. Nullam at quam velit. Pellentesque dictum, diam nec tempor aliquet, tortor justo fermentum sapien, at condimentum turpis elit vel sapien. Aenean rutrum tellus sodales tortor viverra eleifend.

Donec facilisis, diam efficitur maximus ultrices, enim lectus rutrum elit, eget malesuada mi justo dapibus enim. Maecenas finibus euismod nulla quis dignissim. Sed dictum ante rutrum turpis euismod laoreet. Sed placerat tellus leo. In ut lobortis lorem. Nullam vitae lectus egestas urna tincidunt aliquet. Ut sagittis vel enim eget malesuada. Cras in congue tortor. Interdum et malesuada fames ac ante ipsum primis in faucibus. Nunc tempus consequat neque, et eleifend nulla aliquam eu.",Author 200,13,cau-chuyen-cua-barbie-va-nguoi-phu-nu-sang-tao-nen-co-ay,NXB 200,2010,84
https://cdn1.fahasa.com/media/catalog/product/n/h/nhung-chuyen-bay-tim-ve-mien-ky-uc---bia-1.jpg,Những Chuyến Bay Tìm Về Miền Ký Ức,135000,45,9780085481098,"Lorem ipsum dolor sit amet, consectetur adipiscing elit. Nam congue vel tellus non luctus. Vestibulum vitae nunc lorem. Sed lacinia lectus vel augue imperdiet ultricies. Donec id venenatis ex, vitae pretium ligula. Sed nulla eros, dignissim at feugiat non, posuere sit amet urna. Ut eu porttitor tellus. Cras eu massa nulla. Morbi porta fermentum elit eu iaculis. Pellentesque hendrerit venenatis purus at feugiat. Pellentesque vitae feugiat purus. Donec mattis rhoncus lacinia. Sed quam diam, molestie id laoreet eu, lacinia ac turpis. Cras tincidunt lobortis elit quis aliquam. Proin et massa libero.

Aliquam id pharetra arcu. Vivamus vitae mattis ligula. Sed efficitur urna vitae scelerisque tempor. Proin purus magna, vulputate eu ligula a, vehicula malesuada enim. Curabitur aliquet rutrum enim et tincidunt. Vestibulum ante ipsum primis in faucibus orci luctus et ultrices posuere cubilia curae; Vivamus pharetra enim leo, nec molestie nibh consectetur quis. Class aptent taciti sociosqu ad litora torquent per conubia nostra, per inceptos himenaeos. Nunc quis maximus elit, vitae pulvinar urna. Integer at mi elit. Phasellus vitae rutrum sem. Vivamus et mauris ac nisl congue congue eu eget elit. Nullam at quam velit. Pellentesque dictum, diam nec tempor aliquet, tortor justo fermentum sapien, at condimentum turpis elit vel sapien. Aenean rutrum tellus sodales tortor viverra eleifend.

Donec facilisis, diam efficitur maximus ultrices, enim lectus rutrum elit, eget malesuada mi justo dapibus enim. Maecenas finibus euismod nulla quis dignissim. Sed dictum ante rutrum turpis euismod laoreet. Sed placerat tellus leo. In ut lobortis lorem. Nullam vitae lectus egestas urna tincidunt aliquet. Ut sagittis vel enim eget malesuada. Cras in congue tortor. Interdum et malesuada fames ac ante ipsum primis in faucibus. Nunc tempus consequat neque, et eleifend nulla aliquam eu.",Author 201,17,nhung-chuyen-bay-tim-ve-mien-ky-uc,NXB 201,2005,78
https://cdn1.fahasa.com/media/catalog/product/8/9/8934974186809.jpg,Trevor Noah - Đứa Con Phi Pháp - Tự Truyện Về Thời Thơ Ấu Ở Nam Phi,153000,45,9780085481099,"Lorem ipsum dolor sit amet, consectetur adipiscing elit. Nam congue vel tellus non luctus. Vestibulum vitae nunc lorem. Sed lacinia lectus vel augue imperdiet ultricies. Donec id venenatis ex, vitae pretium ligula. Sed nulla eros, dignissim at feugiat non, posuere sit amet urna. Ut eu porttitor tellus. Cras eu massa nulla. Morbi porta fermentum elit eu iaculis. Pellentesque hendrerit venenatis purus at feugiat. Pellentesque vitae feugiat purus. Donec mattis rhoncus lacinia. Sed quam diam, molestie id laoreet eu, lacinia ac turpis. Cras tincidunt lobortis elit quis aliquam. Proin et massa libero.

Aliquam id pharetra arcu. Vivamus vitae mattis ligula. Sed efficitur urna vitae scelerisque tempor. Proin purus magna, vulputate eu ligula a, vehicula malesuada enim. Curabitur aliquet rutrum enim et tincidunt. Vestibulum ante ipsum primis in faucibus orci luctus et ultrices posuere cubilia curae; Vivamus pharetra enim leo, nec molestie nibh consectetur quis. Class aptent taciti sociosqu ad litora torquent per conubia nostra, per inceptos himenaeos. Nunc quis maximus elit, vitae pulvinar urna. Integer at mi elit. Phasellus vitae rutrum sem. Vivamus et mauris ac nisl congue congue eu eget elit. Nullam at quam velit. Pellentesque dictum, diam nec tempor aliquet, tortor justo fermentum sapien, at condimentum turpis elit vel sapien. Aenean rutrum tellus sodales tortor viverra eleifend.

Donec facilisis, diam efficitur maximus ultrices, enim lectus rutrum elit, eget malesuada mi justo dapibus enim. Maecenas finibus euismod nulla quis dignissim. Sed dictum ante rutrum turpis euismod laoreet. Sed placerat tellus leo. In ut lobortis lorem. Nullam vitae lectus egestas urna tincidunt aliquet. Ut sagittis vel enim eget malesuada. Cras in congue tortor. Interdum et malesuada fames ac ante ipsum primis in faucibus. Nunc tempus consequat neque, et eleifend nulla aliquam eu.",Author 202,20,trevor-noah-ua-con-phi-phap-tu-truyen-ve-thoi-tho-au-o-nam-phi,NXB 202,2019,64
https://cdn1.fahasa.com/media/catalog/product/8/9/8935251420456.jpg,Hành Trình Viết Sách,169000,45,9780085481100,"Lorem ipsum dolor sit amet, consectetur adipiscing elit. Nam congue vel tellus non luctus. Vestibulum vitae nunc lorem. Sed lacinia lectus vel augue imperdiet ultricies. Donec id venenatis ex, vitae pretium ligula. Sed nulla eros, dignissim at feugiat non, posuere sit amet urna. Ut eu porttitor tellus. Cras eu massa nulla. Morbi porta fermentum elit eu iaculis. Pellentesque hendrerit venenatis purus at feugiat. Pellentesque vitae feugiat purus. Donec mattis rhoncus lacinia. Sed quam diam, molestie id laoreet eu, lacinia ac turpis. Cras tincidunt lobortis elit quis aliquam. Proin et massa libero.

Aliquam id pharetra arcu. Vivamus vitae mattis ligula. Sed efficitur urna vitae scelerisque tempor. Proin purus magna, vulputate eu ligula a, vehicula malesuada enim. Curabitur aliquet rutrum enim et tincidunt. Vestibulum ante ipsum primis in faucibus orci luctus et ultrices posuere cubilia curae; Vivamus pharetra enim leo, nec molestie nibh consectetur quis. Class aptent taciti sociosqu ad litora torquent per conubia nostra, per inceptos himenaeos. Nunc quis maximus elit, vitae pulvinar urna. Integer at mi elit. Phasellus vitae rutrum sem. Vivamus et mauris ac nisl congue congue eu eget elit. Nullam at quam velit. Pellentesque dictum, diam nec tempor aliquet, tortor justo fermentum sapien, at condimentum turpis elit vel sapien. Aenean rutrum tellus sodales tortor viverra eleifend.

Donec facilisis, diam efficitur maximus ultrices, enim lectus rutrum elit, eget malesuada mi justo dapibus enim. Maecenas finibus euismod nulla quis dignissim. Sed dictum ante rutrum turpis euismod laoreet. Sed placerat tellus leo. In ut lobortis lorem. Nullam vitae lectus egestas urna tincidunt aliquet. Ut sagittis vel enim eget malesuada. Cras in congue tortor. Interdum et malesuada fames ac ante ipsum primis in faucibus. Nunc tempus consequat neque, et eleifend nulla aliquam eu.",Author 203,8,hanh-trinh-viet-sach,NXB 203,2012,125
https://cdn1.fahasa.com/media/catalog/product/8/9/8932000134305.jpg,Dòng Đời,195000,45,9780085481101,"Lorem ipsum dolor sit amet, consectetur adipiscing elit. Nam congue vel tellus non luctus. Vestibulum vitae nunc lorem. Sed lacinia lectus vel augue imperdiet ultricies. Donec id venenatis ex, vitae pretium ligula. Sed nulla eros, dignissim at feugiat non, posuere sit amet urna. Ut eu porttitor tellus. Cras eu massa nulla. Morbi porta fermentum elit eu iaculis. Pellentesque hendrerit venenatis purus at feugiat. Pellentesque vitae feugiat purus. Donec mattis rhoncus lacinia. Sed quam diam, molestie id laoreet eu, lacinia ac turpis. Cras tincidunt lobortis elit quis aliquam. Proin et massa libero.

Aliquam id pharetra arcu. Vivamus vitae mattis ligula. Sed efficitur urna vitae scelerisque tempor. Proin purus magna, vulputate eu ligula a, vehicula malesuada enim. Curabitur aliquet rutrum enim et tincidunt. Vestibulum ante ipsum primis in faucibus orci luctus et ultrices posuere cubilia curae; Vivamus pharetra enim leo, nec molestie nibh consectetur quis. Class aptent taciti sociosqu ad litora torquent per conubia nostra, per inceptos himenaeos. Nunc quis maximus elit, vitae pulvinar urna. Integer at mi elit. Phasellus vitae rutrum sem. Vivamus et mauris ac nisl congue congue eu eget elit. Nullam at quam velit. Pellentesque dictum, diam nec tempor aliquet, tortor justo fermentum sapien, at condimentum turpis elit vel sapien. Aenean rutrum tellus sodales tortor viverra eleifend.

Donec facilisis, diam efficitur maximus ultrices, enim lectus rutrum elit, eget malesuada mi justo dapibus enim. Maecenas finibus euismod nulla quis dignissim. Sed dictum ante rutrum turpis euismod laoreet. Sed placerat tellus leo. In ut lobortis lorem. Nullam vitae lectus egestas urna tincidunt aliquet. Ut sagittis vel enim eget malesuada. Cras in congue tortor. Interdum et malesuada fames ac ante ipsum primis in faucibus. Nunc tempus consequat neque, et eleifend nulla aliquam eu.",Author 204,17,dong-oi,NXB 204,2004,125
https://cdn1.fahasa.com/media/wysiwyg/Frame_NCC_T1_Saigonbooks.png,"100 Năm Quần Vợt Việt Nam: Một Thời Vàng Son, Một Thời Trăn Trở - Bộ Sách Chữ & Ảnh",160000,48,9780085481102,"Lorem ipsum dolor sit amet, consectetur adipiscing elit. Nam congue vel tellus non luctus. Vestibulum vitae nunc lorem. Sed lacinia lectus vel augue imperdiet ultricies. Donec id venenatis ex, vitae pretium ligula. Sed nulla eros, dignissim at feugiat non, posuere sit amet urna. Ut eu porttitor tellus. Cras eu massa nulla. Morbi porta fermentum elit eu iaculis. Pellentesque hendrerit venenatis purus at feugiat. Pellentesque vitae feugiat purus. Donec mattis rhoncus lacinia. Sed quam diam, molestie id laoreet eu, lacinia ac turpis. Cras tincidunt lobortis elit quis aliquam. Proin et massa libero.

Aliquam id pharetra arcu. Vivamus vitae mattis ligula. Sed efficitur urna vitae scelerisque tempor. Proin purus magna, vulputate eu ligula a, vehicula malesuada enim. Curabitur aliquet rutrum enim et tincidunt. Vestibulum ante ipsum primis in faucibus orci luctus et ultrices posuere cubilia curae; Vivamus pharetra enim leo, nec molestie nibh consectetur quis. Class aptent taciti sociosqu ad litora torquent per conubia nostra, per inceptos himenaeos. Nunc quis maximus elit, vitae pulvinar urna. Integer at mi elit. Phasellus vitae rutrum sem. Vivamus et mauris ac nisl congue congue eu eget elit. Nullam at quam velit. Pellentesque dictum, diam nec tempor aliquet, tortor justo fermentum sapien, at condimentum turpis elit vel sapien. Aenean rutrum tellus sodales tortor viverra eleifend.

Donec facilisis, diam efficitur maximus ultrices, enim lectus rutrum elit, eget malesuada mi justo dapibus enim. Maecenas finibus euismod nulla quis dignissim. Sed dictum ante rutrum turpis euismod laoreet. Sed placerat tellus leo. In ut lobortis lorem. Nullam vitae lectus egestas urna tincidunt aliquet. Ut sagittis vel enim eget malesuada. Cras in congue tortor. Interdum et malesuada fames ac ante ipsum primis in faucibus. Nunc tempus consequat neque, et eleifend nulla aliquam eu.",Author 205,19,100-nam-quan-vot-viet-nam-mot-thoi-vang-son-mot-thoi-tran-tro-bo-sach-chu-anh,NXB 205,2023,84
https://cdn1.fahasa.com/media/catalog/product/l/a/lam-sach-tam-hon---bia-1.jpg,Làm Sạch Tâm Hồn - Các Bài Tập Thiền (Tái Bản 2024),99000,48,9780085481103,"Lorem ipsum dolor sit amet, consectetur adipiscing elit. Nam congue vel tellus non luctus. Vestibulum vitae nunc lorem. Sed lacinia lectus vel augue imperdiet ultricies. Donec id venenatis ex, vitae pretium ligula. Sed nulla eros, dignissim at feugiat non, posuere sit amet urna. Ut eu porttitor tellus. Cras eu massa nulla. Morbi porta fermentum elit eu iaculis. Pellentesque hendrerit venenatis purus at feugiat. Pellentesque vitae feugiat purus. Donec mattis rhoncus lacinia. Sed quam diam, molestie id laoreet eu, lacinia ac turpis. Cras tincidunt lobortis elit quis aliquam. Proin et massa libero.

Aliquam id pharetra arcu. Vivamus vitae mattis ligula. Sed efficitur urna vitae scelerisque tempor. Proin purus magna, vulputate eu ligula a, vehicula malesuada enim. Curabitur aliquet rutrum enim et tincidunt. Vestibulum ante ipsum primis in faucibus orci luctus et ultrices posuere cubilia curae; Vivamus pharetra enim leo, nec molestie nibh consectetur quis. Class aptent taciti sociosqu ad litora torquent per conubia nostra, per inceptos himenaeos. Nunc quis maximus elit, vitae pulvinar urna. Integer at mi elit. Phasellus vitae rutrum sem. Vivamus et mauris ac nisl congue congue eu eget elit. Nullam at quam velit. Pellentesque dictum, diam nec tempor aliquet, tortor justo fermentum sapien, at condimentum turpis elit vel sapien. Aenean rutrum tellus sodales tortor viverra eleifend.

Donec facilisis, diam efficitur maximus ultrices, enim lectus rutrum elit, eget malesuada mi justo dapibus enim. Maecenas finibus euismod nulla quis dignissim. Sed dictum ante rutrum turpis euismod laoreet. Sed placerat tellus leo. In ut lobortis lorem. Nullam vitae lectus egestas urna tincidunt aliquet. Ut sagittis vel enim eget malesuada. Cras in congue tortor. Interdum et malesuada fames ac ante ipsum primis in faucibus. Nunc tempus consequat neque, et eleifend nulla aliquam eu.",Author 206,12,lam-sach-tam-hon-cac-bai-tap-thien-tai-ban-2024,NXB 206,2008,67
https://cdn1.fahasa.com/media/catalog/product/2/d/2d---copy.jpg,"Hồng Sơn ""Công Chúa"" - Quái Kiệt Sân Cỏ Trong Màu Áo Lính",159000,48,9780085481104,"Lorem ipsum dolor sit amet, consectetur adipiscing elit. Nam congue vel tellus non luctus. Vestibulum vitae nunc lorem. Sed lacinia lectus vel augue imperdiet ultricies. Donec id venenatis ex, vitae pretium ligula. Sed nulla eros, dignissim at feugiat non, posuere sit amet urna. Ut eu porttitor tellus. Cras eu massa nulla. Morbi porta fermentum elit eu iaculis. Pellentesque hendrerit venenatis purus at feugiat. Pellentesque vitae feugiat purus. Donec mattis rhoncus lacinia. Sed quam diam, molestie id laoreet eu, lacinia ac turpis. Cras tincidunt lobortis elit quis aliquam. Proin et massa libero.

Aliquam id pharetra arcu. Vivamus vitae mattis ligula. Sed efficitur urna vitae scelerisque tempor. Proin purus magna, vulputate eu ligula a, vehicula malesuada enim. Curabitur aliquet rutrum enim et tincidunt. Vestibulum ante ipsum primis in faucibus orci luctus et ultrices posuere cubilia curae; Vivamus pharetra enim leo, nec molestie nibh consectetur quis. Class aptent taciti sociosqu ad litora torquent per conubia nostra, per inceptos himenaeos. Nunc quis maximus elit, vitae pulvinar urna. Integer at mi elit. Phasellus vitae rutrum sem. Vivamus et mauris ac nisl congue congue eu eget elit. Nullam at quam velit. Pellentesque dictum, diam nec tempor aliquet, tortor justo fermentum sapien, at condimentum turpis elit vel sapien. Aenean rutrum tellus sodales tortor viverra eleifend.

Donec facilisis, diam efficitur maximus ultrices, enim lectus rutrum elit, eget malesuada mi justo dapibus enim. Maecenas finibus euismod nulla quis dignissim. Sed dictum ante rutrum turpis euismod laoreet. Sed placerat tellus leo. In ut lobortis lorem. Nullam vitae lectus egestas urna tincidunt aliquet. Ut sagittis vel enim eget malesuada. Cras in congue tortor. Interdum et malesuada fames ac ante ipsum primis in faucibus. Nunc tempus consequat neque, et eleifend nulla aliquam eu.",Author 207,4,hong-son-cong-chua-quai-kiet-san-co-trong-mau-ao-linh,NXB 207,2024,80
https://cdn1.fahasa.com/media/catalog/product/n/x/nxbtre_full_25342024_023450.jpg,Hồi Ký Alex Ferguson (Tái Bản 2024),165500,48,9780085481105,"Lorem ipsum dolor sit amet, consectetur adipiscing elit. Nam congue vel tellus non luctus. Vestibulum vitae nunc lorem. Sed lacinia lectus vel augue imperdiet ultricies. Donec id venenatis ex, vitae pretium ligula. Sed nulla eros, dignissim at feugiat non, posuere sit amet urna. Ut eu porttitor tellus. Cras eu massa nulla. Morbi porta fermentum elit eu iaculis. Pellentesque hendrerit venenatis purus at feugiat. Pellentesque vitae feugiat purus. Donec mattis rhoncus lacinia. Sed quam diam, molestie id laoreet eu, lacinia ac turpis. Cras tincidunt lobortis elit quis aliquam. Proin et massa libero.

Aliquam id pharetra arcu. Vivamus vitae mattis ligula. Sed efficitur urna vitae scelerisque tempor. Proin purus magna, vulputate eu ligula a, vehicula malesuada enim. Curabitur aliquet rutrum enim et tincidunt. Vestibulum ante ipsum primis in faucibus orci luctus et ultrices posuere cubilia curae; Vivamus pharetra enim leo, nec molestie nibh consectetur quis. Class aptent taciti sociosqu ad litora torquent per conubia nostra, per inceptos himenaeos. Nunc quis maximus elit, vitae pulvinar urna. Integer at mi elit. Phasellus vitae rutrum sem. Vivamus et mauris ac nisl congue congue eu eget elit. Nullam at quam velit. Pellentesque dictum, diam nec tempor aliquet, tortor justo fermentum sapien, at condimentum turpis elit vel sapien. Aenean rutrum tellus sodales tortor viverra eleifend.

Donec facilisis, diam efficitur maximus ultrices, enim lectus rutrum elit, eget malesuada mi justo dapibus enim. Maecenas finibus euismod nulla quis dignissim. Sed dictum ante rutrum turpis euismod laoreet. Sed placerat tellus leo. In ut lobortis lorem. Nullam vitae lectus egestas urna tincidunt aliquet. Ut sagittis vel enim eget malesuada. Cras in congue tortor. Interdum et malesuada fames ac ante ipsum primis in faucibus. Nunc tempus consequat neque, et eleifend nulla aliquam eu.",Author 208,7,hoi-ky-alex-ferguson-tai-ban-2024,NXB 208,2003,83
https://cdn1.fahasa.com/media/catalog/product/9/7/9786043931617.jpg,Tự Truyện Steven Gerrard - Người Đội Trưởng Vĩ Đại,191000,48,9780085481106,"Lorem ipsum dolor sit amet, consectetur adipiscing elit. Nam congue vel tellus non luctus. Vestibulum vitae nunc lorem. Sed lacinia lectus vel augue imperdiet ultricies. Donec id venenatis ex, vitae pretium ligula. Sed nulla eros, dignissim at feugiat non, posuere sit amet urna. Ut eu porttitor tellus. Cras eu massa nulla. Morbi porta fermentum elit eu iaculis. Pellentesque hendrerit venenatis purus at feugiat. Pellentesque vitae feugiat purus. Donec mattis rhoncus lacinia. Sed quam diam, molestie id laoreet eu, lacinia ac turpis. Cras tincidunt lobortis elit quis aliquam. Proin et massa libero.

Aliquam id pharetra arcu. Vivamus vitae mattis ligula. Sed efficitur urna vitae scelerisque tempor. Proin purus magna, vulputate eu ligula a, vehicula malesuada enim. Curabitur aliquet rutrum enim et tincidunt. Vestibulum ante ipsum primis in faucibus orci luctus et ultrices posuere cubilia curae; Vivamus pharetra enim leo, nec molestie nibh consectetur quis. Class aptent taciti sociosqu ad litora torquent per conubia nostra, per inceptos himenaeos. Nunc quis maximus elit, vitae pulvinar urna. Integer at mi elit. Phasellus vitae rutrum sem. Vivamus et mauris ac nisl congue congue eu eget elit. Nullam at quam velit. Pellentesque dictum, diam nec tempor aliquet, tortor justo fermentum sapien, at condimentum turpis elit vel sapien. Aenean rutrum tellus sodales tortor viverra eleifend.

Donec facilisis, diam efficitur maximus ultrices, enim lectus rutrum elit, eget malesuada mi justo dapibus enim. Maecenas finibus euismod nulla quis dignissim. Sed dictum ante rutrum turpis euismod laoreet. Sed placerat tellus leo. In ut lobortis lorem. Nullam vitae lectus egestas urna tincidunt aliquet. Ut sagittis vel enim eget malesuada. Cras in congue tortor. Interdum et malesuada fames ac ante ipsum primis in faucibus. Nunc tempus consequat neque, et eleifend nulla aliquam eu.",Author 209,12,tu-truyen-steven-gerrard-nguoi-oi-truong-vi-ai,NXB 209,2020,114
https://cdn1.fahasa.com/media/catalog/product/8/9/8935235245082.jpg,Tôi Nói Gì Khi Nói Về Chạy Bộ,78000,48,9780085481107,"Lorem ipsum dolor sit amet, consectetur adipiscing elit. Nam congue vel tellus non luctus. Vestibulum vitae nunc lorem. Sed lacinia lectus vel augue imperdiet ultricies. Donec id venenatis ex, vitae pretium ligula. Sed nulla eros, dignissim at feugiat non, posuere sit amet urna. Ut eu porttitor tellus. Cras eu massa nulla. Morbi porta fermentum elit eu iaculis. Pellentesque hendrerit venenatis purus at feugiat. Pellentesque vitae feugiat purus. Donec mattis rhoncus lacinia. Sed quam diam, molestie id laoreet eu, lacinia ac turpis. Cras tincidunt lobortis elit quis aliquam. Proin et massa libero.

Aliquam id pharetra arcu. Vivamus vitae mattis ligula. Sed efficitur urna vitae scelerisque tempor. Proin purus magna, vulputate eu ligula a, vehicula malesuada enim. Curabitur aliquet rutrum enim et tincidunt. Vestibulum ante ipsum primis in faucibus orci luctus et ultrices posuere cubilia curae; Vivamus pharetra enim leo, nec molestie nibh consectetur quis. Class aptent taciti sociosqu ad litora torquent per conubia nostra, per inceptos himenaeos. Nunc quis maximus elit, vitae pulvinar urna. Integer at mi elit. Phasellus vitae rutrum sem. Vivamus et mauris ac nisl congue congue eu eget elit. Nullam at quam velit. Pellentesque dictum, diam nec tempor aliquet, tortor justo fermentum sapien, at condimentum turpis elit vel sapien. Aenean rutrum tellus sodales tortor viverra eleifend.

Donec facilisis, diam efficitur maximus ultrices, enim lectus rutrum elit, eget malesuada mi justo dapibus enim. Maecenas finibus euismod nulla quis dignissim. Sed dictum ante rutrum turpis euismod laoreet. Sed placerat tellus leo. In ut lobortis lorem. Nullam vitae lectus egestas urna tincidunt aliquet. Ut sagittis vel enim eget malesuada. Cras in congue tortor. Interdum et malesuada fames ac ante ipsum primis in faucibus. Nunc tempus consequat neque, et eleifend nulla aliquam eu.",Author 210,9,toi-noi-gi-khi-noi-ve-chay-bo,NXB 210,2005,78
https://cdn1.fahasa.com/media/catalog/product/_/n/_nh-s_ch-cho-camp99-_2_.jpg,Hồi Ký Thảm Hoạ Everest - Into Thin Air - Khi Giấc Mơ Chinh Phục Nóc Nhà Thế Giới Trở Thành Ác Mộng Kinh Hoàng,143000,48,9780085481108,"Lorem ipsum dolor sit amet, consectetur adipiscing elit. Nam congue vel tellus non luctus. Vestibulum vitae nunc lorem. Sed lacinia lectus vel augue imperdiet ultricies. Donec id venenatis ex, vitae pretium ligula. Sed nulla eros, dignissim at feugiat non, posuere sit amet urna. Ut eu porttitor tellus. Cras eu massa nulla. Morbi porta fermentum elit eu iaculis. Pellentesque hendrerit venenatis purus at feugiat. Pellentesque vitae feugiat purus. Donec mattis rhoncus lacinia. Sed quam diam, molestie id laoreet eu, lacinia ac turpis. Cras tincidunt lobortis elit quis aliquam. Proin et massa libero.

Aliquam id pharetra arcu. Vivamus vitae mattis ligula. Sed efficitur urna vitae scelerisque tempor. Proin purus magna, vulputate eu ligula a, vehicula malesuada enim. Curabitur aliquet rutrum enim et tincidunt. Vestibulum ante ipsum primis in faucibus orci luctus et ultrices posuere cubilia curae; Vivamus pharetra enim leo, nec molestie nibh consectetur quis. Class aptent taciti sociosqu ad litora torquent per conubia nostra, per inceptos himenaeos. Nunc quis maximus elit, vitae pulvinar urna. Integer at mi elit. Phasellus vitae rutrum sem. Vivamus et mauris ac nisl congue congue eu eget elit. Nullam at quam velit. Pellentesque dictum, diam nec tempor aliquet, tortor justo fermentum sapien, at condimentum turpis elit vel sapien. Aenean rutrum tellus sodales tortor viverra eleifend.

Donec facilisis, diam efficitur maximus ultrices, enim lectus rutrum elit, eget malesuada mi justo dapibus enim. Maecenas finibus euismod nulla quis dignissim. Sed dictum ante rutrum turpis euismod laoreet. Sed placerat tellus leo. In ut lobortis lorem. Nullam vitae lectus egestas urna tincidunt aliquet. Ut sagittis vel enim eget malesuada. Cras in congue tortor. Interdum et malesuada fames ac ante ipsum primis in faucibus. Nunc tempus consequat neque, et eleifend nulla aliquam eu.",Author 211,12,hoi-ky-tham-hoa-everest-into-thin-air-khi-giac-mo-chinh-phuc-noc-nha-the-gioi-tro-thanh-ac-mong-kinh-hoang,NXB 211,2006,114
https://cdn1.fahasa.com/media/catalog/product/i/m/image_180272.jpg,Andrés Iniesta The Artist - Khi Bóng Đá Là Nghệ Thuật,127000,48,9780085481109,"Lorem ipsum dolor sit amet, consectetur adipiscing elit. Nam congue vel tellus non luctus. Vestibulum vitae nunc lorem. Sed lacinia lectus vel augue imperdiet ultricies. Donec id venenatis ex, vitae pretium ligula. Sed nulla eros, dignissim at feugiat non, posuere sit amet urna. Ut eu porttitor tellus. Cras eu massa nulla. Morbi porta fermentum elit eu iaculis. Pellentesque hendrerit venenatis purus at feugiat. Pellentesque vitae feugiat purus. Donec mattis rhoncus lacinia. Sed quam diam, molestie id laoreet eu, lacinia ac turpis. Cras tincidunt lobortis elit quis aliquam. Proin et massa libero.

Aliquam id pharetra arcu. Vivamus vitae mattis ligula. Sed efficitur urna vitae scelerisque tempor. Proin purus magna, vulputate eu ligula a, vehicula malesuada enim. Curabitur aliquet rutrum enim et tincidunt. Vestibulum ante ipsum primis in faucibus orci luctus et ultrices posuere cubilia curae; Vivamus pharetra enim leo, nec molestie nibh consectetur quis. Class aptent taciti sociosqu ad litora torquent per conubia nostra, per inceptos himenaeos. Nunc quis maximus elit, vitae pulvinar urna. Integer at mi elit. Phasellus vitae rutrum sem. Vivamus et mauris ac nisl congue congue eu eget elit. Nullam at quam velit. Pellentesque dictum, diam nec tempor aliquet, tortor justo fermentum sapien, at condimentum turpis elit vel sapien. Aenean rutrum tellus sodales tortor viverra eleifend.

Donec facilisis, diam efficitur maximus ultrices, enim lectus rutrum elit, eget malesuada mi justo dapibus enim. Maecenas finibus euismod nulla quis dignissim. Sed dictum ante rutrum turpis euismod laoreet. Sed placerat tellus leo. In ut lobortis lorem. Nullam vitae lectus egestas urna tincidunt aliquet. Ut sagittis vel enim eget malesuada. Cras in congue tortor. Interdum et malesuada fames ac ante ipsum primis in faucibus. Nunc tempus consequat neque, et eleifend nulla aliquam eu.",Author 212,16,andres-iniesta-the-artist-khi-bong-a-la-nghe-thuat,NXB 212,2003,117
https://cdn1.fahasa.com/media/catalog/product/c/c/cccccc_2.jpg,Hồi Ký Alex Ferguson (Tái Bản 2019),148500,48,9780085481110,"Lorem ipsum dolor sit amet, consectetur adipiscing elit. Nam congue vel tellus non luctus. Vestibulum vitae nunc lorem. Sed lacinia lectus vel augue imperdiet ultricies. Donec id venenatis ex, vitae pretium ligula. Sed nulla eros, dignissim at feugiat non, posuere sit amet urna. Ut eu porttitor tellus. Cras eu massa nulla. Morbi porta fermentum elit eu iaculis. Pellentesque hendrerit venenatis purus at feugiat. Pellentesque vitae feugiat purus. Donec mattis rhoncus lacinia. Sed quam diam, molestie id laoreet eu, lacinia ac turpis. Cras tincidunt lobortis elit quis aliquam. Proin et massa libero.

Aliquam id pharetra arcu. Vivamus vitae mattis ligula. Sed efficitur urna vitae scelerisque tempor. Proin purus magna, vulputate eu ligula a, vehicula malesuada enim. Curabitur aliquet rutrum enim et tincidunt. Vestibulum ante ipsum primis in faucibus orci luctus et ultrices posuere cubilia curae; Vivamus pharetra enim leo, nec molestie nibh consectetur quis. Class aptent taciti sociosqu ad litora torquent per conubia nostra, per inceptos himenaeos. Nunc quis maximus elit, vitae pulvinar urna. Integer at mi elit. Phasellus vitae rutrum sem. Vivamus et mauris ac nisl congue congue eu eget elit. Nullam at quam velit. Pellentesque dictum, diam nec tempor aliquet, tortor justo fermentum sapien, at condimentum turpis elit vel sapien. Aenean rutrum tellus sodales tortor viverra eleifend.

Donec facilisis, diam efficitur maximus ultrices, enim lectus rutrum elit, eget malesuada mi justo dapibus enim. Maecenas finibus euismod nulla quis dignissim. Sed dictum ante rutrum turpis euismod laoreet. Sed placerat tellus leo. In ut lobortis lorem. Nullam vitae lectus egestas urna tincidunt aliquet. Ut sagittis vel enim eget malesuada. Cras in congue tortor. Interdum et malesuada fames ac ante ipsum primis in faucibus. Nunc tempus consequat neque, et eleifend nulla aliquam eu.",Author 213,14,hoi-ky-alex-ferguson-tai-ban-2019,NXB 213,2021,113
https://cdn1.fahasa.com/media/catalog/product/i/m/image_195509_1_31594.jpg,Pele Cuộc Đời Và Thời Đại,148500,48,9780085481111,"Lorem ipsum dolor sit amet, consectetur adipiscing elit. Nam congue vel tellus non luctus. Vestibulum vitae nunc lorem. Sed lacinia lectus vel augue imperdiet ultricies. Donec id venenatis ex, vitae pretium ligula. Sed nulla eros, dignissim at feugiat non, posuere sit amet urna. Ut eu porttitor tellus. Cras eu massa nulla. Morbi porta fermentum elit eu iaculis. Pellentesque hendrerit venenatis purus at feugiat. Pellentesque vitae feugiat purus. Donec mattis rhoncus lacinia. Sed quam diam, molestie id laoreet eu, lacinia ac turpis. Cras tincidunt lobortis elit quis aliquam. Proin et massa libero.

Aliquam id pharetra arcu. Vivamus vitae mattis ligula. Sed efficitur urna vitae scelerisque tempor. Proin purus magna, vulputate eu ligula a, vehicula malesuada enim. Curabitur aliquet rutrum enim et tincidunt. Vestibulum ante ipsum primis in faucibus orci luctus et ultrices posuere cubilia curae; Vivamus pharetra enim leo, nec molestie nibh consectetur quis. Class aptent taciti sociosqu ad litora torquent per conubia nostra, per inceptos himenaeos. Nunc quis maximus elit, vitae pulvinar urna. Integer at mi elit. Phasellus vitae rutrum sem. Vivamus et mauris ac nisl congue congue eu eget elit. Nullam at quam velit. Pellentesque dictum, diam nec tempor aliquet, tortor justo fermentum sapien, at condimentum turpis elit vel sapien. Aenean rutrum tellus sodales tortor viverra eleifend.

Donec facilisis, diam efficitur maximus ultrices, enim lectus rutrum elit, eget malesuada mi justo dapibus enim. Maecenas finibus euismod nulla quis dignissim. Sed dictum ante rutrum turpis euismod laoreet. Sed placerat tellus leo. In ut lobortis lorem. Nullam vitae lectus egestas urna tincidunt aliquet. Ut sagittis vel enim eget malesuada. Cras in congue tortor. Interdum et malesuada fames ac ante ipsum primis in faucibus. Nunc tempus consequat neque, et eleifend nulla aliquam eu.",Author 214,6,pele-cuoc-oi-va-thoi-ai,NXB 214,2023,112
https://cdn1.fahasa.com/media/catalog/product/i/m/image_195509_1_37348.jpg,Chạy Bộ Cùng Người Kenya,90000,48,9780085481112,"Lorem ipsum dolor sit amet, consectetur adipiscing elit. Nam congue vel tellus non luctus. Vestibulum vitae nunc lorem. Sed lacinia lectus vel augue imperdiet ultricies. Donec id venenatis ex, vitae pretium ligula. Sed nulla eros, dignissim at feugiat non, posuere sit amet urna. Ut eu porttitor tellus. Cras eu massa nulla. Morbi porta fermentum elit eu iaculis. Pellentesque hendrerit venenatis purus at feugiat. Pellentesque vitae feugiat purus. Donec mattis rhoncus lacinia. Sed quam diam, molestie id laoreet eu, lacinia ac turpis. Cras tincidunt lobortis elit quis aliquam. Proin et massa libero.

Aliquam id pharetra arcu. Vivamus vitae mattis ligula. Sed efficitur urna vitae scelerisque tempor. Proin purus magna, vulputate eu ligula a, vehicula malesuada enim. Curabitur aliquet rutrum enim et tincidunt. Vestibulum ante ipsum primis in faucibus orci luctus et ultrices posuere cubilia curae; Vivamus pharetra enim leo, nec molestie nibh consectetur quis. Class aptent taciti sociosqu ad litora torquent per conubia nostra, per inceptos himenaeos. Nunc quis maximus elit, vitae pulvinar urna. Integer at mi elit. Phasellus vitae rutrum sem. Vivamus et mauris ac nisl congue congue eu eget elit. Nullam at quam velit. Pellentesque dictum, diam nec tempor aliquet, tortor justo fermentum sapien, at condimentum turpis elit vel sapien. Aenean rutrum tellus sodales tortor viverra eleifend.

Donec facilisis, diam efficitur maximus ultrices, enim lectus rutrum elit, eget malesuada mi justo dapibus enim. Maecenas finibus euismod nulla quis dignissim. Sed dictum ante rutrum turpis euismod laoreet. Sed placerat tellus leo. In ut lobortis lorem. Nullam vitae lectus egestas urna tincidunt aliquet. Ut sagittis vel enim eget malesuada. Cras in congue tortor. Interdum et malesuada fames ac ante ipsum primis in faucibus. Nunc tempus consequat neque, et eleifend nulla aliquam eu.",Author 215,12,chay-bo-cung-nguoi-kenya,NXB 215,2011,113
https://cdn1.fahasa.com/media/catalog/product/8/9/8934974183105.jpg,Barça Lionel Messi Và Sự Thăng Trầm Của Câu Lạc Bộ Bóng Đá Vĩ Đại Nhất Thế Giới,195500,48,9780085481113,"Lorem ipsum dolor sit amet, consectetur adipiscing elit. Nam congue vel tellus non luctus. Vestibulum vitae nunc lorem. Sed lacinia lectus vel augue imperdiet ultricies. Donec id venenatis ex, vitae pretium ligula. Sed nulla eros, dignissim at feugiat non, posuere sit amet urna. Ut eu porttitor tellus. Cras eu massa nulla. Morbi porta fermentum elit eu iaculis. Pellentesque hendrerit venenatis purus at feugiat. Pellentesque vitae feugiat purus. Donec mattis rhoncus lacinia. Sed quam diam, molestie id laoreet eu, lacinia ac turpis. Cras tincidunt lobortis elit quis aliquam. Proin et massa libero.

Aliquam id pharetra arcu. Vivamus vitae mattis ligula. Sed efficitur urna vitae scelerisque tempor. Proin purus magna, vulputate eu ligula a, vehicula malesuada enim. Curabitur aliquet rutrum enim et tincidunt. Vestibulum ante ipsum primis in faucibus orci luctus et ultrices posuere cubilia curae; Vivamus pharetra enim leo, nec molestie nibh consectetur quis. Class aptent taciti sociosqu ad litora torquent per conubia nostra, per inceptos himenaeos. Nunc quis maximus elit, vitae pulvinar urna. Integer at mi elit. Phasellus vitae rutrum sem. Vivamus et mauris ac nisl congue congue eu eget elit. Nullam at quam velit. Pellentesque dictum, diam nec tempor aliquet, tortor justo fermentum sapien, at condimentum turpis elit vel sapien. Aenean rutrum tellus sodales tortor viverra eleifend.

Donec facilisis, diam efficitur maximus ultrices, enim lectus rutrum elit, eget malesuada mi justo dapibus enim. Maecenas finibus euismod nulla quis dignissim. Sed dictum ante rutrum turpis euismod laoreet. Sed placerat tellus leo. In ut lobortis lorem. Nullam vitae lectus egestas urna tincidunt aliquet. Ut sagittis vel enim eget malesuada. Cras in congue tortor. Interdum et malesuada fames ac ante ipsum primis in faucibus. Nunc tempus consequat neque, et eleifend nulla aliquam eu.",Author 216,3,barca-lionel-messi-va-su-thang-tram-cua-cau-lac-bo-bong-a-vi-ai-nhat-the-gioi,NXB 216,2007,105
https://cdn1.fahasa.com/media/catalog/product/8/9/8935077039702.jpg,Quái Kiệt Marathon - Hồi Ký Người Chạy Xuyên Đêm,187000,48,9780085481114,"Lorem ipsum dolor sit amet, consectetur adipiscing elit. Nam congue vel tellus non luctus. Vestibulum vitae nunc lorem. Sed lacinia lectus vel augue imperdiet ultricies. Donec id venenatis ex, vitae pretium ligula. Sed nulla eros, dignissim at feugiat non, posuere sit amet urna. Ut eu porttitor tellus. Cras eu massa nulla. Morbi porta fermentum elit eu iaculis. Pellentesque hendrerit venenatis purus at feugiat. Pellentesque vitae feugiat purus. Donec mattis rhoncus lacinia. Sed quam diam, molestie id laoreet eu, lacinia ac turpis. Cras tincidunt lobortis elit quis aliquam. Proin et massa libero.

Aliquam id pharetra arcu. Vivamus vitae mattis ligula. Sed efficitur urna vitae scelerisque tempor. Proin purus magna, vulputate eu ligula a, vehicula malesuada enim. Curabitur aliquet rutrum enim et tincidunt. Vestibulum ante ipsum primis in faucibus orci luctus et ultrices posuere cubilia curae; Vivamus pharetra enim leo, nec molestie nibh consectetur quis. Class aptent taciti sociosqu ad litora torquent per conubia nostra, per inceptos himenaeos. Nunc quis maximus elit, vitae pulvinar urna. Integer at mi elit. Phasellus vitae rutrum sem. Vivamus et mauris ac nisl congue congue eu eget elit. Nullam at quam velit. Pellentesque dictum, diam nec tempor aliquet, tortor justo fermentum sapien, at condimentum turpis elit vel sapien. Aenean rutrum tellus sodales tortor viverra eleifend.

Donec facilisis, diam efficitur maximus ultrices, enim lectus rutrum elit, eget malesuada mi justo dapibus enim. Maecenas finibus euismod nulla quis dignissim. Sed dictum ante rutrum turpis euismod laoreet. Sed placerat tellus leo. In ut lobortis lorem. Nullam vitae lectus egestas urna tincidunt aliquet. Ut sagittis vel enim eget malesuada. Cras in congue tortor. Interdum et malesuada fames ac ante ipsum primis in faucibus. Nunc tempus consequat neque, et eleifend nulla aliquam eu.",Author 217,6,quai-kiet-marathon-hoi-ky-nguoi-chay-xuyen-em,NXB 217,2023,104
https://cdn1.fahasa.com/media/catalog/product/8/9/8935077039955.jpg,Thử Thách 30 Ngày Biến Chuyển Tâm Trí - Thay Đổi Cơ Thể - Cam Kết Bền Bỉ,84000,48,9780085481115,"Lorem ipsum dolor sit amet, consectetur adipiscing elit. Nam congue vel tellus non luctus. Vestibulum vitae nunc lorem. Sed lacinia lectus vel augue imperdiet ultricies. Donec id venenatis ex, vitae pretium ligula. Sed nulla eros, dignissim at feugiat non, posuere sit amet urna. Ut eu porttitor tellus. Cras eu massa nulla. Morbi porta fermentum elit eu iaculis. Pellentesque hendrerit venenatis purus at feugiat. Pellentesque vitae feugiat purus. Donec mattis rhoncus lacinia. Sed quam diam, molestie id laoreet eu, lacinia ac turpis. Cras tincidunt lobortis elit quis aliquam. Proin et massa libero.

Aliquam id pharetra arcu. Vivamus vitae mattis ligula. Sed efficitur urna vitae scelerisque tempor. Proin purus magna, vulputate eu ligula a, vehicula malesuada enim. Curabitur aliquet rutrum enim et tincidunt. Vestibulum ante ipsum primis in faucibus orci luctus et ultrices posuere cubilia curae; Vivamus pharetra enim leo, nec molestie nibh consectetur quis. Class aptent taciti sociosqu ad litora torquent per conubia nostra, per inceptos himenaeos. Nunc quis maximus elit, vitae pulvinar urna. Integer at mi elit. Phasellus vitae rutrum sem. Vivamus et mauris ac nisl congue congue eu eget elit. Nullam at quam velit. Pellentesque dictum, diam nec tempor aliquet, tortor justo fermentum sapien, at condimentum turpis elit vel sapien. Aenean rutrum tellus sodales tortor viverra eleifend.

Donec facilisis, diam efficitur maximus ultrices, enim lectus rutrum elit, eget malesuada mi justo dapibus enim. Maecenas finibus euismod nulla quis dignissim. Sed dictum ante rutrum turpis euismod laoreet. Sed placerat tellus leo. In ut lobortis lorem. Nullam vitae lectus egestas urna tincidunt aliquet. Ut sagittis vel enim eget malesuada. Cras in congue tortor. Interdum et malesuada fames ac ante ipsum primis in faucibus. Nunc tempus consequat neque, et eleifend nulla aliquam eu.",Author 218,12,thu-thach-30-ngay-bien-chuyen-tam-tri-thay-oi-co-the-cam-ket-ben-bi,NXB 218,2000,104
