image_url,title,price,category_id,isbn,description,author,in_stock,url_slug,publisher,publish_year,page_count
https://cdn1.fahasa.com/media/catalog/product/9/7/9786043450293.jpg,Biến Mọi Thứ Thành Tiền - Quyển 2 - Ứng Dụng Tư Duy Tạo Ra Tiền Giúp Bạn Thành Công Giàu Có Và Hạnh Phúc,126000,19,9780085479636,"Lorem ipsum dolor sit amet, consectetur adipiscing elit. Nam congue vel tellus non luctus. Vestibulum vitae nunc lorem. Sed lacinia lectus vel augue imperdiet ultricies. Donec id venenatis ex, vitae pretium ligula. Sed nulla eros, dignissim at feugiat non, posuere sit amet urna. Ut eu porttitor tellus. Cras eu massa nulla. Morbi porta fermentum elit eu iaculis. Pellentesque hendrerit venenatis purus at feugiat. Pellentesque vitae feugiat purus. Donec mattis rhoncus lacinia. Sed quam diam, molestie id laoreet eu, lacinia ac turpis. Cras tincidunt lobortis elit quis aliquam. Proin et massa libero.

Aliquam id pharetra arcu. Vivamus vitae mattis ligula. Sed efficitur urna vitae scelerisque tempor. Proin purus magna, vulputate eu ligula a, vehicula malesuada enim. Curabitur aliquet rutrum enim et tincidunt. Vestibulum ante ipsum primis in faucibus orci luctus et ultrices posuere cubilia curae; Vivamus pharetra enim leo, nec molestie nibh consectetur quis. Class aptent taciti sociosqu ad litora torquent per conubia nostra, per inceptos himenaeos. Nunc quis maximus elit, vitae pulvinar urna. Integer at mi elit. Phasellus vitae rutrum sem. Vivamus et mauris ac nisl congue congue eu eget elit. Nullam at quam velit. Pellentesque dictum, diam nec tempor aliquet, tortor justo fermentum sapien, at condimentum turpis elit vel sapien. Aenean rutrum tellus sodales tortor viverra eleifend.

Donec facilisis, diam efficitur maximus ultrices, enim lectus rutrum elit, eget malesuada mi justo dapibus enim. Maecenas finibus euismod nulla quis dignissim. Sed dictum ante rutrum turpis euismod laoreet. Sed placerat tellus leo. In ut lobortis lorem. Nullam vitae lectus egestas urna tincidunt aliquet. Ut sagittis vel enim eget malesuada. Cras in congue tortor. Interdum et malesuada fames ac ante ipsum primis in faucibus. Nunc tempus consequat neque, et eleifend nulla aliquam eu.",Author 1,8,bien-moi-thu-thanh-tien-quyen-2-ung-dung-tu-duy-tao-ra-tien-giup-ban-thanh-cong-giau-co-va-hanh-phuc,NXB 1,2025,50
https://cdn1.fahasa.com/media/catalog/product/9/7/9786043654370.jpg,Biến Mọi Thứ Thành Tiền - Make Money,126000,19,9780085479637,"Lorem ipsum dolor sit amet, consectetur adipiscing elit. Nam congue vel tellus non luctus. Vestibulum vitae nunc lorem. Sed lacinia lectus vel augue imperdiet ultricies. Donec id venenatis ex, vitae pretium ligula. Sed nulla eros, dignissim at feugiat non, posuere sit amet urna. Ut eu porttitor tellus. Cras eu massa nulla. Morbi porta fermentum elit eu iaculis. Pellentesque hendrerit venenatis purus at feugiat. Pellentesque vitae feugiat purus. Donec mattis rhoncus lacinia. Sed quam diam, molestie id laoreet eu, lacinia ac turpis. Cras tincidunt lobortis elit quis aliquam. Proin et massa libero.

Aliquam id pharetra arcu. Vivamus vitae mattis ligula. Sed efficitur urna vitae scelerisque tempor. Proin purus magna, vulputate eu ligula a, vehicula malesuada enim. Curabitur aliquet rutrum enim et tincidunt. Vestibulum ante ipsum primis in faucibus orci luctus et ultrices posuere cubilia curae; Vivamus pharetra enim leo, nec molestie nibh consectetur quis. Class aptent taciti sociosqu ad litora torquent per conubia nostra, per inceptos himenaeos. Nunc quis maximus elit, vitae pulvinar urna. Integer at mi elit. Phasellus vitae rutrum sem. Vivamus et mauris ac nisl congue congue eu eget elit. Nullam at quam velit. Pellentesque dictum, diam nec tempor aliquet, tortor justo fermentum sapien, at condimentum turpis elit vel sapien. Aenean rutrum tellus sodales tortor viverra eleifend.

Donec facilisis, diam efficitur maximus ultrices, enim lectus rutrum elit, eget malesuada mi justo dapibus enim. Maecenas finibus euismod nulla quis dignissim. Sed dictum ante rutrum turpis euismod laoreet. Sed placerat tellus leo. In ut lobortis lorem. Nullam vitae lectus egestas urna tincidunt aliquet. Ut sagittis vel enim eget malesuada. Cras in congue tortor. Interdum et malesuada fames ac ante ipsum primis in faucibus. Nunc tempus consequat neque, et eleifend nulla aliquam eu.",Author 2,17,bien-moi-thu-thanh-tien-make-money,NXB 2,2022,104
https://cdn1.fahasa.com/media/catalog/product/8/9/8934974180975.jpg,Dạy Con Làm Giàu 01: Để Không Có Tiền Vẫn Tạo Ra Tiền (Tái Bản 2022),68000,19,9780085479638,"Lorem ipsum dolor sit amet, consectetur adipiscing elit. Nam congue vel tellus non luctus. Vestibulum vitae nunc lorem. Sed lacinia lectus vel augue imperdiet ultricies. Donec id venenatis ex, vitae pretium ligula. Sed nulla eros, dignissim at feugiat non, posuere sit amet urna. Ut eu porttitor tellus. Cras eu massa nulla. Morbi porta fermentum elit eu iaculis. Pellentesque hendrerit venenatis purus at feugiat. Pellentesque vitae feugiat purus. Donec mattis rhoncus lacinia. Sed quam diam, molestie id laoreet eu, lacinia ac turpis. Cras tincidunt lobortis elit quis aliquam. Proin et massa libero.

Aliquam id pharetra arcu. Vivamus vitae mattis ligula. Sed efficitur urna vitae scelerisque tempor. Proin purus magna, vulputate eu ligula a, vehicula malesuada enim. Curabitur aliquet rutrum enim et tincidunt. Vestibulum ante ipsum primis in faucibus orci luctus et ultrices posuere cubilia curae; Vivamus pharetra enim leo, nec molestie nibh consectetur quis. Class aptent taciti sociosqu ad litora torquent per conubia nostra, per inceptos himenaeos. Nunc quis maximus elit, vitae pulvinar urna. Integer at mi elit. Phasellus vitae rutrum sem. Vivamus et mauris ac nisl congue congue eu eget elit. Nullam at quam velit. Pellentesque dictum, diam nec tempor aliquet, tortor justo fermentum sapien, at condimentum turpis elit vel sapien. Aenean rutrum tellus sodales tortor viverra eleifend.

Donec facilisis, diam efficitur maximus ultrices, enim lectus rutrum elit, eget malesuada mi justo dapibus enim. Maecenas finibus euismod nulla quis dignissim. Sed dictum ante rutrum turpis euismod laoreet. Sed placerat tellus leo. In ut lobortis lorem. Nullam vitae lectus egestas urna tincidunt aliquet. Ut sagittis vel enim eget malesuada. Cras in congue tortor. Interdum et malesuada fames ac ante ipsum primis in faucibus. Nunc tempus consequat neque, et eleifend nulla aliquam eu.",Author 3,16,day-con-lam-giau-01-e-khong-co-tien-van-tao-ra-tien-tai-ban-2022,NXB 3,2016,176
https://cdn1.fahasa.com/media/catalog/product/c/o/combo-9786043654370-9786043450293.jpg,Combo Sách Biến Mọi Thứ Thành Tiền - Make Money - Quyển 1 + Quyển 2 (Bộ 2 Cuốn),252000,19,9780085479639,"Lorem ipsum dolor sit amet, consectetur adipiscing elit. Nam congue vel tellus non luctus. Vestibulum vitae nunc lorem. Sed lacinia lectus vel augue imperdiet ultricies. Donec id venenatis ex, vitae pretium ligula. Sed nulla eros, dignissim at feugiat non, posuere sit amet urna. Ut eu porttitor tellus. Cras eu massa nulla. Morbi porta fermentum elit eu iaculis. Pellentesque hendrerit venenatis purus at feugiat. Pellentesque vitae feugiat purus. Donec mattis rhoncus lacinia. Sed quam diam, molestie id laoreet eu, lacinia ac turpis. Cras tincidunt lobortis elit quis aliquam. Proin et massa libero.

Aliquam id pharetra arcu. Vivamus vitae mattis ligula. Sed efficitur urna vitae scelerisque tempor. Proin purus magna, vulputate eu ligula a, vehicula malesuada enim. Curabitur aliquet rutrum enim et tincidunt. Vestibulum ante ipsum primis in faucibus orci luctus et ultrices posuere cubilia curae; Vivamus pharetra enim leo, nec molestie nibh consectetur quis. Class aptent taciti sociosqu ad litora torquent per conubia nostra, per inceptos himenaeos. Nunc quis maximus elit, vitae pulvinar urna. Integer at mi elit. Phasellus vitae rutrum sem. Vivamus et mauris ac nisl congue congue eu eget elit. Nullam at quam velit. Pellentesque dictum, diam nec tempor aliquet, tortor justo fermentum sapien, at condimentum turpis elit vel sapien. Aenean rutrum tellus sodales tortor viverra eleifend.

Donec facilisis, diam efficitur maximus ultrices, enim lectus rutrum elit, eget malesuada mi justo dapibus enim. Maecenas finibus euismod nulla quis dignissim. Sed dictum ante rutrum turpis euismod laoreet. Sed placerat tellus leo. In ut lobortis lorem. Nullam vitae lectus egestas urna tincidunt aliquet. Ut sagittis vel enim eget malesuada. Cras in congue tortor. Interdum et malesuada fames ac ante ipsum primis in faucibus. Nunc tempus consequat neque, et eleifend nulla aliquam eu.",Author 4,7,combo-sach-bien-moi-thu-thanh-tien-make-money-quyen-1-quyen-2-bo-2-cuon,NXB 4,2005,75
https://cdn1.fahasa.com/media/catalog/product/8/9/8934974180982.jpg,Dạy Con Làm Giàu 02 - Sử Dụng Đồng Vốn - Để Được Thoải Mái Về Tiền Bạc (Tái Bản),123000,19,9780085479640,"Lorem ipsum dolor sit amet, consectetur adipiscing elit. Nam congue vel tellus non luctus. Vestibulum vitae nunc lorem. Sed lacinia lectus vel augue imperdiet ultricies. Donec id venenatis ex, vitae pretium ligula. Sed nulla eros, dignissim at feugiat non, posuere sit amet urna. Ut eu porttitor tellus. Cras eu massa nulla. Morbi porta fermentum elit eu iaculis. Pellentesque hendrerit venenatis purus at feugiat. Pellentesque vitae feugiat purus. Donec mattis rhoncus lacinia. Sed quam diam, molestie id laoreet eu, lacinia ac turpis. Cras tincidunt lobortis elit quis aliquam. Proin et massa libero.

Aliquam id pharetra arcu. Vivamus vitae mattis ligula. Sed efficitur urna vitae scelerisque tempor. Proin purus magna, vulputate eu ligula a, vehicula malesuada enim. Curabitur aliquet rutrum enim et tincidunt. Vestibulum ante ipsum primis in faucibus orci luctus et ultrices posuere cubilia curae; Vivamus pharetra enim leo, nec molestie nibh consectetur quis. Class aptent taciti sociosqu ad litora torquent per conubia nostra, per inceptos himenaeos. Nunc quis maximus elit, vitae pulvinar urna. Integer at mi elit. Phasellus vitae rutrum sem. Vivamus et mauris ac nisl congue congue eu eget elit. Nullam at quam velit. Pellentesque dictum, diam nec tempor aliquet, tortor justo fermentum sapien, at condimentum turpis elit vel sapien. Aenean rutrum tellus sodales tortor viverra eleifend.

Donec facilisis, diam efficitur maximus ultrices, enim lectus rutrum elit, eget malesuada mi justo dapibus enim. Maecenas finibus euismod nulla quis dignissim. Sed dictum ante rutrum turpis euismod laoreet. Sed placerat tellus leo. In ut lobortis lorem. Nullam vitae lectus egestas urna tincidunt aliquet. Ut sagittis vel enim eget malesuada. Cras in congue tortor. Interdum et malesuada fames ac ante ipsum primis in faucibus. Nunc tempus consequat neque, et eleifend nulla aliquam eu.",Author 5,15,day-con-lam-giau-02-su-dung-ong-von-e-uoc-thoai-mai-ve-tien-bac-tai-ban,NXB 5,2003,144
https://cdn1.fahasa.com/media/catalog/product/i/m/image_217498.jpg,Không Đến Một (Bìa Cam),93500,19,9780085479641,"Lorem ipsum dolor sit amet, consectetur adipiscing elit. Nam congue vel tellus non luctus. Vestibulum vitae nunc lorem. Sed lacinia lectus vel augue imperdiet ultricies. Donec id venenatis ex, vitae pretium ligula. Sed nulla eros, dignissim at feugiat non, posuere sit amet urna. Ut eu porttitor tellus. Cras eu massa nulla. Morbi porta fermentum elit eu iaculis. Pellentesque hendrerit venenatis purus at feugiat. Pellentesque vitae feugiat purus. Donec mattis rhoncus lacinia. Sed quam diam, molestie id laoreet eu, lacinia ac turpis. Cras tincidunt lobortis elit quis aliquam. Proin et massa libero.

Aliquam id pharetra arcu. Vivamus vitae mattis ligula. Sed efficitur urna vitae scelerisque tempor. Proin purus magna, vulputate eu ligula a, vehicula malesuada enim. Curabitur aliquet rutrum enim et tincidunt. Vestibulum ante ipsum primis in faucibus orci luctus et ultrices posuere cubilia curae; Vivamus pharetra enim leo, nec molestie nibh consectetur quis. Class aptent taciti sociosqu ad litora torquent per conubia nostra, per inceptos himenaeos. Nunc quis maximus elit, vitae pulvinar urna. Integer at mi elit. Phasellus vitae rutrum sem. Vivamus et mauris ac nisl congue congue eu eget elit. Nullam at quam velit. Pellentesque dictum, diam nec tempor aliquet, tortor justo fermentum sapien, at condimentum turpis elit vel sapien. Aenean rutrum tellus sodales tortor viverra eleifend.

Donec facilisis, diam efficitur maximus ultrices, enim lectus rutrum elit, eget malesuada mi justo dapibus enim. Maecenas finibus euismod nulla quis dignissim. Sed dictum ante rutrum turpis euismod laoreet. Sed placerat tellus leo. In ut lobortis lorem. Nullam vitae lectus egestas urna tincidunt aliquet. Ut sagittis vel enim eget malesuada. Cras in congue tortor. Interdum et malesuada fames ac ante ipsum primis in faucibus. Nunc tempus consequat neque, et eleifend nulla aliquam eu.",Author 6,20,khong-en-mot-bia-cam,NXB 6,2010,132
https://cdn1.fahasa.com/media/catalog/product/9/7/9786326280555.jpg,Zero Risk Startup - Khởi Nghiệp Không Rủi Ro,123500,19,9780085479642,"Lorem ipsum dolor sit amet, consectetur adipiscing elit. Nam congue vel tellus non luctus. Vestibulum vitae nunc lorem. Sed lacinia lectus vel augue imperdiet ultricies. Donec id venenatis ex, vitae pretium ligula. Sed nulla eros, dignissim at feugiat non, posuere sit amet urna. Ut eu porttitor tellus. Cras eu massa nulla. Morbi porta fermentum elit eu iaculis. Pellentesque hendrerit venenatis purus at feugiat. Pellentesque vitae feugiat purus. Donec mattis rhoncus lacinia. Sed quam diam, molestie id laoreet eu, lacinia ac turpis. Cras tincidunt lobortis elit quis aliquam. Proin et massa libero.

Aliquam id pharetra arcu. Vivamus vitae mattis ligula. Sed efficitur urna vitae scelerisque tempor. Proin purus magna, vulputate eu ligula a, vehicula malesuada enim. Curabitur aliquet rutrum enim et tincidunt. Vestibulum ante ipsum primis in faucibus orci luctus et ultrices posuere cubilia curae; Vivamus pharetra enim leo, nec molestie nibh consectetur quis. Class aptent taciti sociosqu ad litora torquent per conubia nostra, per inceptos himenaeos. Nunc quis maximus elit, vitae pulvinar urna. Integer at mi elit. Phasellus vitae rutrum sem. Vivamus et mauris ac nisl congue congue eu eget elit. Nullam at quam velit. Pellentesque dictum, diam nec tempor aliquet, tortor justo fermentum sapien, at condimentum turpis elit vel sapien. Aenean rutrum tellus sodales tortor viverra eleifend.

Donec facilisis, diam efficitur maximus ultrices, enim lectus rutrum elit, eget malesuada mi justo dapibus enim. Maecenas finibus euismod nulla quis dignissim. Sed dictum ante rutrum turpis euismod laoreet. Sed placerat tellus leo. In ut lobortis lorem. Nullam vitae lectus egestas urna tincidunt aliquet. Ut sagittis vel enim eget malesuada. Cras in congue tortor. Interdum et malesuada fames ac ante ipsum primis in faucibus. Nunc tempus consequat neque, et eleifend nulla aliquam eu.",Author 7,9,zero-risk-startup-khoi-nghiep-khong-rui-ro,NXB 7,2011,122
https://cdn1.fahasa.com/media/catalog/product/8/9/8934974179931.jpg,Dạy Con Làm Giàu 11 - Trường Dạy Kinh Doanh Cho Những Người Thích Giúp Đỡ Người Khác (2022),68000,19,9780085479643,"Lorem ipsum dolor sit amet, consectetur adipiscing elit. Nam congue vel tellus non luctus. Vestibulum vitae nunc lorem. Sed lacinia lectus vel augue imperdiet ultricies. Donec id venenatis ex, vitae pretium ligula. Sed nulla eros, dignissim at feugiat non, posuere sit amet urna. Ut eu porttitor tellus. Cras eu massa nulla. Morbi porta fermentum elit eu iaculis. Pellentesque hendrerit venenatis purus at feugiat. Pellentesque vitae feugiat purus. Donec mattis rhoncus lacinia. Sed quam diam, molestie id laoreet eu, lacinia ac turpis. Cras tincidunt lobortis elit quis aliquam. Proin et massa libero.

Aliquam id pharetra arcu. Vivamus vitae mattis ligula. Sed efficitur urna vitae scelerisque tempor. Proin purus magna, vulputate eu ligula a, vehicula malesuada enim. Curabitur aliquet rutrum enim et tincidunt. Vestibulum ante ipsum primis in faucibus orci luctus et ultrices posuere cubilia curae; Vivamus pharetra enim leo, nec molestie nibh consectetur quis. Class aptent taciti sociosqu ad litora torquent per conubia nostra, per inceptos himenaeos. Nunc quis maximus elit, vitae pulvinar urna. Integer at mi elit. Phasellus vitae rutrum sem. Vivamus et mauris ac nisl congue congue eu eget elit. Nullam at quam velit. Pellentesque dictum, diam nec tempor aliquet, tortor justo fermentum sapien, at condimentum turpis elit vel sapien. Aenean rutrum tellus sodales tortor viverra eleifend.

Donec facilisis, diam efficitur maximus ultrices, enim lectus rutrum elit, eget malesuada mi justo dapibus enim. Maecenas finibus euismod nulla quis dignissim. Sed dictum ante rutrum turpis euismod laoreet. Sed placerat tellus leo. In ut lobortis lorem. Nullam vitae lectus egestas urna tincidunt aliquet. Ut sagittis vel enim eget malesuada. Cras in congue tortor. Interdum et malesuada fames ac ante ipsum primis in faucibus. Nunc tempus consequat neque, et eleifend nulla aliquam eu.",Author 8,4,day-con-lam-giau-11-truong-day-kinh-doanh-cho-nhung-nguoi-thich-giup-o-nguoi-khac-2022,NXB 8,2010,212
https://cdn1.fahasa.com/media/catalog/product/m/_/m_t-tr_c-m-ti_n.jpg,"Nghệ Thuật Manifest Tiền Bạc - 15 Phương Pháp Thu Hút Sự Giàu Có, Thành Công Và Thịnh Vượng",81500,19,9780085479644,"Lorem ipsum dolor sit amet, consectetur adipiscing elit. Nam congue vel tellus non luctus. Vestibulum vitae nunc lorem. Sed lacinia lectus vel augue imperdiet ultricies. Donec id venenatis ex, vitae pretium ligula. Sed nulla eros, dignissim at feugiat non, posuere sit amet urna. Ut eu porttitor tellus. Cras eu massa nulla. Morbi porta fermentum elit eu iaculis. Pellentesque hendrerit venenatis purus at feugiat. Pellentesque vitae feugiat purus. Donec mattis rhoncus lacinia. Sed quam diam, molestie id laoreet eu, lacinia ac turpis. Cras tincidunt lobortis elit quis aliquam. Proin et massa libero.

Aliquam id pharetra arcu. Vivamus vitae mattis ligula. Sed efficitur urna vitae scelerisque tempor. Proin purus magna, vulputate eu ligula a, vehicula malesuada enim. Curabitur aliquet rutrum enim et tincidunt. Vestibulum ante ipsum primis in faucibus orci luctus et ultrices posuere cubilia curae; Vivamus pharetra enim leo, nec molestie nibh consectetur quis. Class aptent taciti sociosqu ad litora torquent per conubia nostra, per inceptos himenaeos. Nunc quis maximus elit, vitae pulvinar urna. Integer at mi elit. Phasellus vitae rutrum sem. Vivamus et mauris ac nisl congue congue eu eget elit. Nullam at quam velit. Pellentesque dictum, diam nec tempor aliquet, tortor justo fermentum sapien, at condimentum turpis elit vel sapien. Aenean rutrum tellus sodales tortor viverra eleifend.

Donec facilisis, diam efficitur maximus ultrices, enim lectus rutrum elit, eget malesuada mi justo dapibus enim. Maecenas finibus euismod nulla quis dignissim. Sed dictum ante rutrum turpis euismod laoreet. Sed placerat tellus leo. In ut lobortis lorem. Nullam vitae lectus egestas urna tincidunt aliquet. Ut sagittis vel enim eget malesuada. Cras in congue tortor. Interdum et malesuada fames ac ante ipsum primis in faucibus. Nunc tempus consequat neque, et eleifend nulla aliquam eu.",Author 9,20,nghe-thuat-manifest-tien-bac-15-phuong-phap-thu-hut-su-giau-co-thanh-cong-va-thinh-vuong,NXB 9,2012,77
https://cdn1.fahasa.com/media/catalog/product/b/1/b1_1_3.jpg,"Khởi Nghiệp Kinh Doanh - Lý Thuyết, Quá Trình, Thực Tiễn",342000,19,9780085479645,"Lorem ipsum dolor sit amet, consectetur adipiscing elit. Nam congue vel tellus non luctus. Vestibulum vitae nunc lorem. Sed lacinia lectus vel augue imperdiet ultricies. Donec id venenatis ex, vitae pretium ligula. Sed nulla eros, dignissim at feugiat non, posuere sit amet urna. Ut eu porttitor tellus. Cras eu massa nulla. Morbi porta fermentum elit eu iaculis. Pellentesque hendrerit venenatis purus at feugiat. Pellentesque vitae feugiat purus. Donec mattis rhoncus lacinia. Sed quam diam, molestie id laoreet eu, lacinia ac turpis. Cras tincidunt lobortis elit quis aliquam. Proin et massa libero.

Aliquam id pharetra arcu. Vivamus vitae mattis ligula. Sed efficitur urna vitae scelerisque tempor. Proin purus magna, vulputate eu ligula a, vehicula malesuada enim. Curabitur aliquet rutrum enim et tincidunt. Vestibulum ante ipsum primis in faucibus orci luctus et ultrices posuere cubilia curae; Vivamus pharetra enim leo, nec molestie nibh consectetur quis. Class aptent taciti sociosqu ad litora torquent per conubia nostra, per inceptos himenaeos. Nunc quis maximus elit, vitae pulvinar urna. Integer at mi elit. Phasellus vitae rutrum sem. Vivamus et mauris ac nisl congue congue eu eget elit. Nullam at quam velit. Pellentesque dictum, diam nec tempor aliquet, tortor justo fermentum sapien, at condimentum turpis elit vel sapien. Aenean rutrum tellus sodales tortor viverra eleifend.

Donec facilisis, diam efficitur maximus ultrices, enim lectus rutrum elit, eget malesuada mi justo dapibus enim. Maecenas finibus euismod nulla quis dignissim. Sed dictum ante rutrum turpis euismod laoreet. Sed placerat tellus leo. In ut lobortis lorem. Nullam vitae lectus egestas urna tincidunt aliquet. Ut sagittis vel enim eget malesuada. Cras in congue tortor. Interdum et malesuada fames ac ante ipsum primis in faucibus. Nunc tempus consequat neque, et eleifend nulla aliquam eu.",Author 10,14,khoi-nghiep-kinh-doanh-ly-thuyet-qua-trinh-thuc-tien,NXB 10,2021,129
https://cdn1.fahasa.com/media/catalog/product/1/-/1-tien-de-ra-tien-mt.jpg,Tiền Đẻ Ra Tiền - Đầu Tư Tài Chính Thông Minh (Tái Bản 2025),131000,19,9780085479646,"Lorem ipsum dolor sit amet, consectetur adipiscing elit. Nam congue vel tellus non luctus. Vestibulum vitae nunc lorem. Sed lacinia lectus vel augue imperdiet ultricies. Donec id venenatis ex, vitae pretium ligula. Sed nulla eros, dignissim at feugiat non, posuere sit amet urna. Ut eu porttitor tellus. Cras eu massa nulla. Morbi porta fermentum elit eu iaculis. Pellentesque hendrerit venenatis purus at feugiat. Pellentesque vitae feugiat purus. Donec mattis rhoncus lacinia. Sed quam diam, molestie id laoreet eu, lacinia ac turpis. Cras tincidunt lobortis elit quis aliquam. Proin et massa libero.

Aliquam id pharetra arcu. Vivamus vitae mattis ligula. Sed efficitur urna vitae scelerisque tempor. Proin purus magna, vulputate eu ligula a, vehicula malesuada enim. Curabitur aliquet rutrum enim et tincidunt. Vestibulum ante ipsum primis in faucibus orci luctus et ultrices posuere cubilia curae; Vivamus pharetra enim leo, nec molestie nibh consectetur quis. Class aptent taciti sociosqu ad litora torquent per conubia nostra, per inceptos himenaeos. Nunc quis maximus elit, vitae pulvinar urna. Integer at mi elit. Phasellus vitae rutrum sem. Vivamus et mauris ac nisl congue congue eu eget elit. Nullam at quam velit. Pellentesque dictum, diam nec tempor aliquet, tortor justo fermentum sapien, at condimentum turpis elit vel sapien. Aenean rutrum tellus sodales tortor viverra eleifend.

Donec facilisis, diam efficitur maximus ultrices, enim lectus rutrum elit, eget malesuada mi justo dapibus enim. Maecenas finibus euismod nulla quis dignissim. Sed dictum ante rutrum turpis euismod laoreet. Sed placerat tellus leo. In ut lobortis lorem. Nullam vitae lectus egestas urna tincidunt aliquet. Ut sagittis vel enim eget malesuada. Cras in congue tortor. Interdum et malesuada fames ac ante ipsum primis in faucibus. Nunc tempus consequat neque, et eleifend nulla aliquam eu.",Author 11,6,tien-e-ra-tien-au-tu-tai-chinh-thong-minh-tai-ban-2025,NXB 11,2009,164
https://cdn1.fahasa.com/media/catalog/product/9/7/976000181590c58ee7161a87ce46ac3c.jpg,Lột Được Vỏ Chanh Mở Được Tiệm Nail,119000,19,9780085479647,"Lorem ipsum dolor sit amet, consectetur adipiscing elit. Nam congue vel tellus non luctus. Vestibulum vitae nunc lorem. Sed lacinia lectus vel augue imperdiet ultricies. Donec id venenatis ex, vitae pretium ligula. Sed nulla eros, dignissim at feugiat non, posuere sit amet urna. Ut eu porttitor tellus. Cras eu massa nulla. Morbi porta fermentum elit eu iaculis. Pellentesque hendrerit venenatis purus at feugiat. Pellentesque vitae feugiat purus. Donec mattis rhoncus lacinia. Sed quam diam, molestie id laoreet eu, lacinia ac turpis. Cras tincidunt lobortis elit quis aliquam. Proin et massa libero.

Aliquam id pharetra arcu. Vivamus vitae mattis ligula. Sed efficitur urna vitae scelerisque tempor. Proin purus magna, vulputate eu ligula a, vehicula malesuada enim. Curabitur aliquet rutrum enim et tincidunt. Vestibulum ante ipsum primis in faucibus orci luctus et ultrices posuere cubilia curae; Vivamus pharetra enim leo, nec molestie nibh consectetur quis. Class aptent taciti sociosqu ad litora torquent per conubia nostra, per inceptos himenaeos. Nunc quis maximus elit, vitae pulvinar urna. Integer at mi elit. Phasellus vitae rutrum sem. Vivamus et mauris ac nisl congue congue eu eget elit. Nullam at quam velit. Pellentesque dictum, diam nec tempor aliquet, tortor justo fermentum sapien, at condimentum turpis elit vel sapien. Aenean rutrum tellus sodales tortor viverra eleifend.

Donec facilisis, diam efficitur maximus ultrices, enim lectus rutrum elit, eget malesuada mi justo dapibus enim. Maecenas finibus euismod nulla quis dignissim. Sed dictum ante rutrum turpis euismod laoreet. Sed placerat tellus leo. In ut lobortis lorem. Nullam vitae lectus egestas urna tincidunt aliquet. Ut sagittis vel enim eget malesuada. Cras in congue tortor. Interdum et malesuada fames ac ante ipsum primis in faucibus. Nunc tempus consequat neque, et eleifend nulla aliquam eu.",Author 12,3,lot-uoc-vo-chanh-mo-uoc-tiem-nail,NXB 12,2022,82
https://cdn1.fahasa.com/media/catalog/product/9/7/9786048451233.jpg,Khởi Nghiệp Du Kích - Kinh Doanh Ít Vốn - Vận Dụng Nguồn Lực Nhỏ Chiến Thắng Cuộc Chơi Lớn,149000,19,9780085479648,"Lorem ipsum dolor sit amet, consectetur adipiscing elit. Nam congue vel tellus non luctus. Vestibulum vitae nunc lorem. Sed lacinia lectus vel augue imperdiet ultricies. Donec id venenatis ex, vitae pretium ligula. Sed nulla eros, dignissim at feugiat non, posuere sit amet urna. Ut eu porttitor tellus. Cras eu massa nulla. Morbi porta fermentum elit eu iaculis. Pellentesque hendrerit venenatis purus at feugiat. Pellentesque vitae feugiat purus. Donec mattis rhoncus lacinia. Sed quam diam, molestie id laoreet eu, lacinia ac turpis. Cras tincidunt lobortis elit quis aliquam. Proin et massa libero.

Aliquam id pharetra arcu. Vivamus vitae mattis ligula. Sed efficitur urna vitae scelerisque tempor. Proin purus magna, vulputate eu ligula a, vehicula malesuada enim. Curabitur aliquet rutrum enim et tincidunt. Vestibulum ante ipsum primis in faucibus orci luctus et ultrices posuere cubilia curae; Vivamus pharetra enim leo, nec molestie nibh consectetur quis. Class aptent taciti sociosqu ad litora torquent per conubia nostra, per inceptos himenaeos. Nunc quis maximus elit, vitae pulvinar urna. Integer at mi elit. Phasellus vitae rutrum sem. Vivamus et mauris ac nisl congue congue eu eget elit. Nullam at quam velit. Pellentesque dictum, diam nec tempor aliquet, tortor justo fermentum sapien, at condimentum turpis elit vel sapien. Aenean rutrum tellus sodales tortor viverra eleifend.

Donec facilisis, diam efficitur maximus ultrices, enim lectus rutrum elit, eget malesuada mi justo dapibus enim. Maecenas finibus euismod nulla quis dignissim. Sed dictum ante rutrum turpis euismod laoreet. Sed placerat tellus leo. In ut lobortis lorem. Nullam vitae lectus egestas urna tincidunt aliquet. Ut sagittis vel enim eget malesuada. Cras in congue tortor. Interdum et malesuada fames ac ante ipsum primis in faucibus. Nunc tempus consequat neque, et eleifend nulla aliquam eu.",Author 13,12,khoi-nghiep-du-kich-kinh-doanh-it-von-van-dung-nguon-luc-nho-chien-thang-cuoc-choi-lon,NXB 13,2007,215
https://cdn1.fahasa.com/media/catalog/product/k/i/ki_m-ti_n-th_i-kh_ng-qu_ng.jpg,Kiếm Tiền Thời Khủng Hoảng (Tái Bản 2023),177500,19,9780085479649,"Lorem ipsum dolor sit amet, consectetur adipiscing elit. Nam congue vel tellus non luctus. Vestibulum vitae nunc lorem. Sed lacinia lectus vel augue imperdiet ultricies. Donec id venenatis ex, vitae pretium ligula. Sed nulla eros, dignissim at feugiat non, posuere sit amet urna. Ut eu porttitor tellus. Cras eu massa nulla. Morbi porta fermentum elit eu iaculis. Pellentesque hendrerit venenatis purus at feugiat. Pellentesque vitae feugiat purus. Donec mattis rhoncus lacinia. Sed quam diam, molestie id laoreet eu, lacinia ac turpis. Cras tincidunt lobortis elit quis aliquam. Proin et massa libero.

Aliquam id pharetra arcu. Vivamus vitae mattis ligula. Sed efficitur urna vitae scelerisque tempor. Proin purus magna, vulputate eu ligula a, vehicula malesuada enim. Curabitur aliquet rutrum enim et tincidunt. Vestibulum ante ipsum primis in faucibus orci luctus et ultrices posuere cubilia curae; Vivamus pharetra enim leo, nec molestie nibh consectetur quis. Class aptent taciti sociosqu ad litora torquent per conubia nostra, per inceptos himenaeos. Nunc quis maximus elit, vitae pulvinar urna. Integer at mi elit. Phasellus vitae rutrum sem. Vivamus et mauris ac nisl congue congue eu eget elit. Nullam at quam velit. Pellentesque dictum, diam nec tempor aliquet, tortor justo fermentum sapien, at condimentum turpis elit vel sapien. Aenean rutrum tellus sodales tortor viverra eleifend.

Donec facilisis, diam efficitur maximus ultrices, enim lectus rutrum elit, eget malesuada mi justo dapibus enim. Maecenas finibus euismod nulla quis dignissim. Sed dictum ante rutrum turpis euismod laoreet. Sed placerat tellus leo. In ut lobortis lorem. Nullam vitae lectus egestas urna tincidunt aliquet. Ut sagittis vel enim eget malesuada. Cras in congue tortor. Interdum et malesuada fames ac ante ipsum primis in faucibus. Nunc tempus consequat neque, et eleifend nulla aliquam eu.",Author 14,5,kiem-tien-thoi-khung-hoang-tai-ban-2023,NXB 14,2021,170
https://cdn1.fahasa.com/media/catalog/product/k/h/khoinghieptinhgon_bia1_mk.jpg,Khởi Nghiệp Tinh Gọn - The Lean Startup,132000,19,9780085479650,"Lorem ipsum dolor sit amet, consectetur adipiscing elit. Nam congue vel tellus non luctus. Vestibulum vitae nunc lorem. Sed lacinia lectus vel augue imperdiet ultricies. Donec id venenatis ex, vitae pretium ligula. Sed nulla eros, dignissim at feugiat non, posuere sit amet urna. Ut eu porttitor tellus. Cras eu massa nulla. Morbi porta fermentum elit eu iaculis. Pellentesque hendrerit venenatis purus at feugiat. Pellentesque vitae feugiat purus. Donec mattis rhoncus lacinia. Sed quam diam, molestie id laoreet eu, lacinia ac turpis. Cras tincidunt lobortis elit quis aliquam. Proin et massa libero.

Aliquam id pharetra arcu. Vivamus vitae mattis ligula. Sed efficitur urna vitae scelerisque tempor. Proin purus magna, vulputate eu ligula a, vehicula malesuada enim. Curabitur aliquet rutrum enim et tincidunt. Vestibulum ante ipsum primis in faucibus orci luctus et ultrices posuere cubilia curae; Vivamus pharetra enim leo, nec molestie nibh consectetur quis. Class aptent taciti sociosqu ad litora torquent per conubia nostra, per inceptos himenaeos. Nunc quis maximus elit, vitae pulvinar urna. Integer at mi elit. Phasellus vitae rutrum sem. Vivamus et mauris ac nisl congue congue eu eget elit. Nullam at quam velit. Pellentesque dictum, diam nec tempor aliquet, tortor justo fermentum sapien, at condimentum turpis elit vel sapien. Aenean rutrum tellus sodales tortor viverra eleifend.

Donec facilisis, diam efficitur maximus ultrices, enim lectus rutrum elit, eget malesuada mi justo dapibus enim. Maecenas finibus euismod nulla quis dignissim. Sed dictum ante rutrum turpis euismod laoreet. Sed placerat tellus leo. In ut lobortis lorem. Nullam vitae lectus egestas urna tincidunt aliquet. Ut sagittis vel enim eget malesuada. Cras in congue tortor. Interdum et malesuada fames ac ante ipsum primis in faucibus. Nunc tempus consequat neque, et eleifend nulla aliquam eu.",Author 15,8,khoi-nghiep-tinh-gon-the-lean-startup,NXB 15,2018,127
https://cdn1.fahasa.com/media/catalog/product/8/9/8936066685252_1.jpg,Mô Hình Kinh Doanh Nhóm,254000,19,9780085479651,"Lorem ipsum dolor sit amet, consectetur adipiscing elit. Nam congue vel tellus non luctus. Vestibulum vitae nunc lorem. Sed lacinia lectus vel augue imperdiet ultricies. Donec id venenatis ex, vitae pretium ligula. Sed nulla eros, dignissim at feugiat non, posuere sit amet urna. Ut eu porttitor tellus. Cras eu massa nulla. Morbi porta fermentum elit eu iaculis. Pellentesque hendrerit venenatis purus at feugiat. Pellentesque vitae feugiat purus. Donec mattis rhoncus lacinia. Sed quam diam, molestie id laoreet eu, lacinia ac turpis. Cras tincidunt lobortis elit quis aliquam. Proin et massa libero.

Aliquam id pharetra arcu. Vivamus vitae mattis ligula. Sed efficitur urna vitae scelerisque tempor. Proin purus magna, vulputate eu ligula a, vehicula malesuada enim. Curabitur aliquet rutrum enim et tincidunt. Vestibulum ante ipsum primis in faucibus orci luctus et ultrices posuere cubilia curae; Vivamus pharetra enim leo, nec molestie nibh consectetur quis. Class aptent taciti sociosqu ad litora torquent per conubia nostra, per inceptos himenaeos. Nunc quis maximus elit, vitae pulvinar urna. Integer at mi elit. Phasellus vitae rutrum sem. Vivamus et mauris ac nisl congue congue eu eget elit. Nullam at quam velit. Pellentesque dictum, diam nec tempor aliquet, tortor justo fermentum sapien, at condimentum turpis elit vel sapien. Aenean rutrum tellus sodales tortor viverra eleifend.

Donec facilisis, diam efficitur maximus ultrices, enim lectus rutrum elit, eget malesuada mi justo dapibus enim. Maecenas finibus euismod nulla quis dignissim. Sed dictum ante rutrum turpis euismod laoreet. Sed placerat tellus leo. In ut lobortis lorem. Nullam vitae lectus egestas urna tincidunt aliquet. Ut sagittis vel enim eget malesuada. Cras in congue tortor. Interdum et malesuada fames ac ante ipsum primis in faucibus. Nunc tempus consequat neque, et eleifend nulla aliquam eu.",Author 16,13,mo-hinh-kinh-doanh-nhom,NXB 16,2001,267
https://cdn1.fahasa.com/media/catalog/product/8/9/8935251422542.jpg,R.I.C.H - Làm Giàu Từ Doanh Nghiệp Nhỏ,186000,19,9780085479652,"Lorem ipsum dolor sit amet, consectetur adipiscing elit. Nam congue vel tellus non luctus. Vestibulum vitae nunc lorem. Sed lacinia lectus vel augue imperdiet ultricies. Donec id venenatis ex, vitae pretium ligula. Sed nulla eros, dignissim at feugiat non, posuere sit amet urna. Ut eu porttitor tellus. Cras eu massa nulla. Morbi porta fermentum elit eu iaculis. Pellentesque hendrerit venenatis purus at feugiat. Pellentesque vitae feugiat purus. Donec mattis rhoncus lacinia. Sed quam diam, molestie id laoreet eu, lacinia ac turpis. Cras tincidunt lobortis elit quis aliquam. Proin et massa libero.

Aliquam id pharetra arcu. Vivamus vitae mattis ligula. Sed efficitur urna vitae scelerisque tempor. Proin purus magna, vulputate eu ligula a, vehicula malesuada enim. Curabitur aliquet rutrum enim et tincidunt. Vestibulum ante ipsum primis in faucibus orci luctus et ultrices posuere cubilia curae; Vivamus pharetra enim leo, nec molestie nibh consectetur quis. Class aptent taciti sociosqu ad litora torquent per conubia nostra, per inceptos himenaeos. Nunc quis maximus elit, vitae pulvinar urna. Integer at mi elit. Phasellus vitae rutrum sem. Vivamus et mauris ac nisl congue congue eu eget elit. Nullam at quam velit. Pellentesque dictum, diam nec tempor aliquet, tortor justo fermentum sapien, at condimentum turpis elit vel sapien. Aenean rutrum tellus sodales tortor viverra eleifend.

Donec facilisis, diam efficitur maximus ultrices, enim lectus rutrum elit, eget malesuada mi justo dapibus enim. Maecenas finibus euismod nulla quis dignissim. Sed dictum ante rutrum turpis euismod laoreet. Sed placerat tellus leo. In ut lobortis lorem. Nullam vitae lectus egestas urna tincidunt aliquet. Ut sagittis vel enim eget malesuada. Cras in congue tortor. Interdum et malesuada fames ac ante ipsum primis in faucibus. Nunc tempus consequat neque, et eleifend nulla aliquam eu.",Author 17,19,r-i-c-h-lam-giau-tu-doanh-nghiep-nho,NXB 17,2018,163
https://cdn1.fahasa.com/media/catalog/product/8/9/8934974180968_3.jpg,Box Set Dạy Con Làm Giàu - Trọn Bộ 13 Cuốn (Tái Bản 2022),126000,19,9780085479653,"Lorem ipsum dolor sit amet, consectetur adipiscing elit. Nam congue vel tellus non luctus. Vestibulum vitae nunc lorem. Sed lacinia lectus vel augue imperdiet ultricies. Donec id venenatis ex, vitae pretium ligula. Sed nulla eros, dignissim at feugiat non, posuere sit amet urna. Ut eu porttitor tellus. Cras eu massa nulla. Morbi porta fermentum elit eu iaculis. Pellentesque hendrerit venenatis purus at feugiat. Pellentesque vitae feugiat purus. Donec mattis rhoncus lacinia. Sed quam diam, molestie id laoreet eu, lacinia ac turpis. Cras tincidunt lobortis elit quis aliquam. Proin et massa libero.

Aliquam id pharetra arcu. Vivamus vitae mattis ligula. Sed efficitur urna vitae scelerisque tempor. Proin purus magna, vulputate eu ligula a, vehicula malesuada enim. Curabitur aliquet rutrum enim et tincidunt. Vestibulum ante ipsum primis in faucibus orci luctus et ultrices posuere cubilia curae; Vivamus pharetra enim leo, nec molestie nibh consectetur quis. Class aptent taciti sociosqu ad litora torquent per conubia nostra, per inceptos himenaeos. Nunc quis maximus elit, vitae pulvinar urna. Integer at mi elit. Phasellus vitae rutrum sem. Vivamus et mauris ac nisl congue congue eu eget elit. Nullam at quam velit. Pellentesque dictum, diam nec tempor aliquet, tortor justo fermentum sapien, at condimentum turpis elit vel sapien. Aenean rutrum tellus sodales tortor viverra eleifend.

Donec facilisis, diam efficitur maximus ultrices, enim lectus rutrum elit, eget malesuada mi justo dapibus enim. Maecenas finibus euismod nulla quis dignissim. Sed dictum ante rutrum turpis euismod laoreet. Sed placerat tellus leo. In ut lobortis lorem. Nullam vitae lectus egestas urna tincidunt aliquet. Ut sagittis vel enim eget malesuada. Cras in congue tortor. Interdum et malesuada fames ac ante ipsum primis in faucibus. Nunc tempus consequat neque, et eleifend nulla aliquam eu.",Author 18,11,box-set-day-con-lam-giau-tron-bo-13-cuon-tai-ban-2022,NXB 18,2001,269
https://cdn1.fahasa.com/media/catalog/product/i/m/image_186119.jpg,Nhượng Quyền Khởi Nghiệp - Con Đường Ngắn Để Bước Ra Thế Giới (Tái Bản 2019),136000,19,9780085479654,"Lorem ipsum dolor sit amet, consectetur adipiscing elit. Nam congue vel tellus non luctus. Vestibulum vitae nunc lorem. Sed lacinia lectus vel augue imperdiet ultricies. Donec id venenatis ex, vitae pretium ligula. Sed nulla eros, dignissim at feugiat non, posuere sit amet urna. Ut eu porttitor tellus. Cras eu massa nulla. Morbi porta fermentum elit eu iaculis. Pellentesque hendrerit venenatis purus at feugiat. Pellentesque vitae feugiat purus. Donec mattis rhoncus lacinia. Sed quam diam, molestie id laoreet eu, lacinia ac turpis. Cras tincidunt lobortis elit quis aliquam. Proin et massa libero.

Aliquam id pharetra arcu. Vivamus vitae mattis ligula. Sed efficitur urna vitae scelerisque tempor. Proin purus magna, vulputate eu ligula a, vehicula malesuada enim. Curabitur aliquet rutrum enim et tincidunt. Vestibulum ante ipsum primis in faucibus orci luctus et ultrices posuere cubilia curae; Vivamus pharetra enim leo, nec molestie nibh consectetur quis. Class aptent taciti sociosqu ad litora torquent per conubia nostra, per inceptos himenaeos. Nunc quis maximus elit, vitae pulvinar urna. Integer at mi elit. Phasellus vitae rutrum sem. Vivamus et mauris ac nisl congue congue eu eget elit. Nullam at quam velit. Pellentesque dictum, diam nec tempor aliquet, tortor justo fermentum sapien, at condimentum turpis elit vel sapien. Aenean rutrum tellus sodales tortor viverra eleifend.

Donec facilisis, diam efficitur maximus ultrices, enim lectus rutrum elit, eget malesuada mi justo dapibus enim. Maecenas finibus euismod nulla quis dignissim. Sed dictum ante rutrum turpis euismod laoreet. Sed placerat tellus leo. In ut lobortis lorem. Nullam vitae lectus egestas urna tincidunt aliquet. Ut sagittis vel enim eget malesuada. Cras in congue tortor. Interdum et malesuada fames ac ante ipsum primis in faucibus. Nunc tempus consequat neque, et eleifend nulla aliquam eu.",Author 19,10,nhuong-quyen-khoi-nghiep-con-uong-ngan-e-buoc-ra-the-gioi-tai-ban-2019,NXB 19,2022,286
https://cdn1.fahasa.com/media/catalog/product/i/m/image_195509_1_33502_thanh_ly.jpg,Dạy Con Làm Giàu,136000,19,9780085479655,"Lorem ipsum dolor sit amet, consectetur adipiscing elit. Nam congue vel tellus non luctus. Vestibulum vitae nunc lorem. Sed lacinia lectus vel augue imperdiet ultricies. Donec id venenatis ex, vitae pretium ligula. Sed nulla eros, dignissim at feugiat non, posuere sit amet urna. Ut eu porttitor tellus. Cras eu massa nulla. Morbi porta fermentum elit eu iaculis. Pellentesque hendrerit venenatis purus at feugiat. Pellentesque vitae feugiat purus. Donec mattis rhoncus lacinia. Sed quam diam, molestie id laoreet eu, lacinia ac turpis. Cras tincidunt lobortis elit quis aliquam. Proin et massa libero.

Aliquam id pharetra arcu. Vivamus vitae mattis ligula. Sed efficitur urna vitae scelerisque tempor. Proin purus magna, vulputate eu ligula a, vehicula malesuada enim. Curabitur aliquet rutrum enim et tincidunt. Vestibulum ante ipsum primis in faucibus orci luctus et ultrices posuere cubilia curae; Vivamus pharetra enim leo, nec molestie nibh consectetur quis. Class aptent taciti sociosqu ad litora torquent per conubia nostra, per inceptos himenaeos. Nunc quis maximus elit, vitae pulvinar urna. Integer at mi elit. Phasellus vitae rutrum sem. Vivamus et mauris ac nisl congue congue eu eget elit. Nullam at quam velit. Pellentesque dictum, diam nec tempor aliquet, tortor justo fermentum sapien, at condimentum turpis elit vel sapien. Aenean rutrum tellus sodales tortor viverra eleifend.

Donec facilisis, diam efficitur maximus ultrices, enim lectus rutrum elit, eget malesuada mi justo dapibus enim. Maecenas finibus euismod nulla quis dignissim. Sed dictum ante rutrum turpis euismod laoreet. Sed placerat tellus leo. In ut lobortis lorem. Nullam vitae lectus egestas urna tincidunt aliquet. Ut sagittis vel enim eget malesuada. Cras in congue tortor. Interdum et malesuada fames ac ante ipsum primis in faucibus. Nunc tempus consequat neque, et eleifend nulla aliquam eu.",Author 20,15,day-con-lam-giau,NXB 20,2025,170
https://cdn1.fahasa.com/media/catalog/product/8/9/8935086844458.jpg,18 Quy Luật Bất Biến Phát Triển Danh Tiếng Thương Hiệu (Tái Bản 2022),100740,19,9780085479656,"Lorem ipsum dolor sit amet, consectetur adipiscing elit. Nam congue vel tellus non luctus. Vestibulum vitae nunc lorem. Sed lacinia lectus vel augue imperdiet ultricies. Donec id venenatis ex, vitae pretium ligula. Sed nulla eros, dignissim at feugiat non, posuere sit amet urna. Ut eu porttitor tellus. Cras eu massa nulla. Morbi porta fermentum elit eu iaculis. Pellentesque hendrerit venenatis purus at feugiat. Pellentesque vitae feugiat purus. Donec mattis rhoncus lacinia. Sed quam diam, molestie id laoreet eu, lacinia ac turpis. Cras tincidunt lobortis elit quis aliquam. Proin et massa libero.

Aliquam id pharetra arcu. Vivamus vitae mattis ligula. Sed efficitur urna vitae scelerisque tempor. Proin purus magna, vulputate eu ligula a, vehicula malesuada enim. Curabitur aliquet rutrum enim et tincidunt. Vestibulum ante ipsum primis in faucibus orci luctus et ultrices posuere cubilia curae; Vivamus pharetra enim leo, nec molestie nibh consectetur quis. Class aptent taciti sociosqu ad litora torquent per conubia nostra, per inceptos himenaeos. Nunc quis maximus elit, vitae pulvinar urna. Integer at mi elit. Phasellus vitae rutrum sem. Vivamus et mauris ac nisl congue congue eu eget elit. Nullam at quam velit. Pellentesque dictum, diam nec tempor aliquet, tortor justo fermentum sapien, at condimentum turpis elit vel sapien. Aenean rutrum tellus sodales tortor viverra eleifend.

Donec facilisis, diam efficitur maximus ultrices, enim lectus rutrum elit, eget malesuada mi justo dapibus enim. Maecenas finibus euismod nulla quis dignissim. Sed dictum ante rutrum turpis euismod laoreet. Sed placerat tellus leo. In ut lobortis lorem. Nullam vitae lectus egestas urna tincidunt aliquet. Ut sagittis vel enim eget malesuada. Cras in congue tortor. Interdum et malesuada fames ac ante ipsum primis in faucibus. Nunc tempus consequat neque, et eleifend nulla aliquam eu.",Author 21,9,18-quy-luat-bat-bien-phat-trien-danh-tieng-thuong-hieu-tai-ban-2022,NXB 21,2019,73
https://cdn1.fahasa.com/media/catalog/product/8/9/8936066694513.jpg,Hướng Dẫn Căn Bản Về Cách Kiếm Tiền Từ Youtube (Tái Bản 2022),143000,19,9780085479657,"Lorem ipsum dolor sit amet, consectetur adipiscing elit. Nam congue vel tellus non luctus. Vestibulum vitae nunc lorem. Sed lacinia lectus vel augue imperdiet ultricies. Donec id venenatis ex, vitae pretium ligula. Sed nulla eros, dignissim at feugiat non, posuere sit amet urna. Ut eu porttitor tellus. Cras eu massa nulla. Morbi porta fermentum elit eu iaculis. Pellentesque hendrerit venenatis purus at feugiat. Pellentesque vitae feugiat purus. Donec mattis rhoncus lacinia. Sed quam diam, molestie id laoreet eu, lacinia ac turpis. Cras tincidunt lobortis elit quis aliquam. Proin et massa libero.

Aliquam id pharetra arcu. Vivamus vitae mattis ligula. Sed efficitur urna vitae scelerisque tempor. Proin purus magna, vulputate eu ligula a, vehicula malesuada enim. Curabitur aliquet rutrum enim et tincidunt. Vestibulum ante ipsum primis in faucibus orci luctus et ultrices posuere cubilia curae; Vivamus pharetra enim leo, nec molestie nibh consectetur quis. Class aptent taciti sociosqu ad litora torquent per conubia nostra, per inceptos himenaeos. Nunc quis maximus elit, vitae pulvinar urna. Integer at mi elit. Phasellus vitae rutrum sem. Vivamus et mauris ac nisl congue congue eu eget elit. Nullam at quam velit. Pellentesque dictum, diam nec tempor aliquet, tortor justo fermentum sapien, at condimentum turpis elit vel sapien. Aenean rutrum tellus sodales tortor viverra eleifend.

Donec facilisis, diam efficitur maximus ultrices, enim lectus rutrum elit, eget malesuada mi justo dapibus enim. Maecenas finibus euismod nulla quis dignissim. Sed dictum ante rutrum turpis euismod laoreet. Sed placerat tellus leo. In ut lobortis lorem. Nullam vitae lectus egestas urna tincidunt aliquet. Ut sagittis vel enim eget malesuada. Cras in congue tortor. Interdum et malesuada fames ac ante ipsum primis in faucibus. Nunc tempus consequat neque, et eleifend nulla aliquam eu.",Author 22,17,huong-dan-can-ban-ve-cach-kiem-tien-tu-youtube-tai-ban-2022,NXB 22,2007,294
https://cdn1.fahasa.com/media/catalog/product/9/7/9786043941791.jpg,Think And Grow Rich - Nghĩ Giàu Và Làm Giàu,88500,19,9780085479658,"Lorem ipsum dolor sit amet, consectetur adipiscing elit. Nam congue vel tellus non luctus. Vestibulum vitae nunc lorem. Sed lacinia lectus vel augue imperdiet ultricies. Donec id venenatis ex, vitae pretium ligula. Sed nulla eros, dignissim at feugiat non, posuere sit amet urna. Ut eu porttitor tellus. Cras eu massa nulla. Morbi porta fermentum elit eu iaculis. Pellentesque hendrerit venenatis purus at feugiat. Pellentesque vitae feugiat purus. Donec mattis rhoncus lacinia. Sed quam diam, molestie id laoreet eu, lacinia ac turpis. Cras tincidunt lobortis elit quis aliquam. Proin et massa libero.

Aliquam id pharetra arcu. Vivamus vitae mattis ligula. Sed efficitur urna vitae scelerisque tempor. Proin purus magna, vulputate eu ligula a, vehicula malesuada enim. Curabitur aliquet rutrum enim et tincidunt. Vestibulum ante ipsum primis in faucibus orci luctus et ultrices posuere cubilia curae; Vivamus pharetra enim leo, nec molestie nibh consectetur quis. Class aptent taciti sociosqu ad litora torquent per conubia nostra, per inceptos himenaeos. Nunc quis maximus elit, vitae pulvinar urna. Integer at mi elit. Phasellus vitae rutrum sem. Vivamus et mauris ac nisl congue congue eu eget elit. Nullam at quam velit. Pellentesque dictum, diam nec tempor aliquet, tortor justo fermentum sapien, at condimentum turpis elit vel sapien. Aenean rutrum tellus sodales tortor viverra eleifend.

Donec facilisis, diam efficitur maximus ultrices, enim lectus rutrum elit, eget malesuada mi justo dapibus enim. Maecenas finibus euismod nulla quis dignissim. Sed dictum ante rutrum turpis euismod laoreet. Sed placerat tellus leo. In ut lobortis lorem. Nullam vitae lectus egestas urna tincidunt aliquet. Ut sagittis vel enim eget malesuada. Cras in congue tortor. Interdum et malesuada fames ac ante ipsum primis in faucibus. Nunc tempus consequat neque, et eleifend nulla aliquam eu.",Author 23,13,think-and-grow-rich-nghi-giau-va-lam-giau,NXB 23,2011,292
https://cdn1.fahasa.com/media/catalog/product/k/h/khoinghieptinhgon_bia1.jpg,Khởi Nghiệp Tinh Gọn - The Lean Startup (Tái Bản 2021),132000,19,9780085479659,"Lorem ipsum dolor sit amet, consectetur adipiscing elit. Nam congue vel tellus non luctus. Vestibulum vitae nunc lorem. Sed lacinia lectus vel augue imperdiet ultricies. Donec id venenatis ex, vitae pretium ligula. Sed nulla eros, dignissim at feugiat non, posuere sit amet urna. Ut eu porttitor tellus. Cras eu massa nulla. Morbi porta fermentum elit eu iaculis. Pellentesque hendrerit venenatis purus at feugiat. Pellentesque vitae feugiat purus. Donec mattis rhoncus lacinia. Sed quam diam, molestie id laoreet eu, lacinia ac turpis. Cras tincidunt lobortis elit quis aliquam. Proin et massa libero.

Aliquam id pharetra arcu. Vivamus vitae mattis ligula. Sed efficitur urna vitae scelerisque tempor. Proin purus magna, vulputate eu ligula a, vehicula malesuada enim. Curabitur aliquet rutrum enim et tincidunt. Vestibulum ante ipsum primis in faucibus orci luctus et ultrices posuere cubilia curae; Vivamus pharetra enim leo, nec molestie nibh consectetur quis. Class aptent taciti sociosqu ad litora torquent per conubia nostra, per inceptos himenaeos. Nunc quis maximus elit, vitae pulvinar urna. Integer at mi elit. Phasellus vitae rutrum sem. Vivamus et mauris ac nisl congue congue eu eget elit. Nullam at quam velit. Pellentesque dictum, diam nec tempor aliquet, tortor justo fermentum sapien, at condimentum turpis elit vel sapien. Aenean rutrum tellus sodales tortor viverra eleifend.

Donec facilisis, diam efficitur maximus ultrices, enim lectus rutrum elit, eget malesuada mi justo dapibus enim. Maecenas finibus euismod nulla quis dignissim. Sed dictum ante rutrum turpis euismod laoreet. Sed placerat tellus leo. In ut lobortis lorem. Nullam vitae lectus egestas urna tincidunt aliquet. Ut sagittis vel enim eget malesuada. Cras in congue tortor. Interdum et malesuada fames ac ante ipsum primis in faucibus. Nunc tempus consequat neque, et eleifend nulla aliquam eu.",Author 24,6,khoi-nghiep-tinh-gon-the-lean-startup-tai-ban-2021,NXB 24,2017,294
https://cdn1.fahasa.com/media/catalog/product/i/m/image_195509_1_5356.jpg,Đầu Tư: Kế Hoạch 12 Tháng Đến Với Tự Do Tài Chính,144500,19,9780085479660,"Lorem ipsum dolor sit amet, consectetur adipiscing elit. Nam congue vel tellus non luctus. Vestibulum vitae nunc lorem. Sed lacinia lectus vel augue imperdiet ultricies. Donec id venenatis ex, vitae pretium ligula. Sed nulla eros, dignissim at feugiat non, posuere sit amet urna. Ut eu porttitor tellus. Cras eu massa nulla. Morbi porta fermentum elit eu iaculis. Pellentesque hendrerit venenatis purus at feugiat. Pellentesque vitae feugiat purus. Donec mattis rhoncus lacinia. Sed quam diam, molestie id laoreet eu, lacinia ac turpis. Cras tincidunt lobortis elit quis aliquam. Proin et massa libero.

Aliquam id pharetra arcu. Vivamus vitae mattis ligula. Sed efficitur urna vitae scelerisque tempor. Proin purus magna, vulputate eu ligula a, vehicula malesuada enim. Curabitur aliquet rutrum enim et tincidunt. Vestibulum ante ipsum primis in faucibus orci luctus et ultrices posuere cubilia curae; Vivamus pharetra enim leo, nec molestie nibh consectetur quis. Class aptent taciti sociosqu ad litora torquent per conubia nostra, per inceptos himenaeos. Nunc quis maximus elit, vitae pulvinar urna. Integer at mi elit. Phasellus vitae rutrum sem. Vivamus et mauris ac nisl congue congue eu eget elit. Nullam at quam velit. Pellentesque dictum, diam nec tempor aliquet, tortor justo fermentum sapien, at condimentum turpis elit vel sapien. Aenean rutrum tellus sodales tortor viverra eleifend.

Donec facilisis, diam efficitur maximus ultrices, enim lectus rutrum elit, eget malesuada mi justo dapibus enim. Maecenas finibus euismod nulla quis dignissim. Sed dictum ante rutrum turpis euismod laoreet. Sed placerat tellus leo. In ut lobortis lorem. Nullam vitae lectus egestas urna tincidunt aliquet. Ut sagittis vel enim eget malesuada. Cras in congue tortor. Interdum et malesuada fames ac ante ipsum primis in faucibus. Nunc tempus consequat neque, et eleifend nulla aliquam eu.",Author 25,6,au-tu-ke-hoach-12-thang-en-voi-tu-do-tai-chinh,NXB 25,2009,94
https://cdn1.fahasa.com/media/catalog/product/i/m/image_234131.jpg,Bước Đi Ngẫu Nhiên Trên Phố Wall (Tái Bản 2021),211500,19,9780085479661,"Lorem ipsum dolor sit amet, consectetur adipiscing elit. Nam congue vel tellus non luctus. Vestibulum vitae nunc lorem. Sed lacinia lectus vel augue imperdiet ultricies. Donec id venenatis ex, vitae pretium ligula. Sed nulla eros, dignissim at feugiat non, posuere sit amet urna. Ut eu porttitor tellus. Cras eu massa nulla. Morbi porta fermentum elit eu iaculis. Pellentesque hendrerit venenatis purus at feugiat. Pellentesque vitae feugiat purus. Donec mattis rhoncus lacinia. Sed quam diam, molestie id laoreet eu, lacinia ac turpis. Cras tincidunt lobortis elit quis aliquam. Proin et massa libero.

Aliquam id pharetra arcu. Vivamus vitae mattis ligula. Sed efficitur urna vitae scelerisque tempor. Proin purus magna, vulputate eu ligula a, vehicula malesuada enim. Curabitur aliquet rutrum enim et tincidunt. Vestibulum ante ipsum primis in faucibus orci luctus et ultrices posuere cubilia curae; Vivamus pharetra enim leo, nec molestie nibh consectetur quis. Class aptent taciti sociosqu ad litora torquent per conubia nostra, per inceptos himenaeos. Nunc quis maximus elit, vitae pulvinar urna. Integer at mi elit. Phasellus vitae rutrum sem. Vivamus et mauris ac nisl congue congue eu eget elit. Nullam at quam velit. Pellentesque dictum, diam nec tempor aliquet, tortor justo fermentum sapien, at condimentum turpis elit vel sapien. Aenean rutrum tellus sodales tortor viverra eleifend.

Donec facilisis, diam efficitur maximus ultrices, enim lectus rutrum elit, eget malesuada mi justo dapibus enim. Maecenas finibus euismod nulla quis dignissim. Sed dictum ante rutrum turpis euismod laoreet. Sed placerat tellus leo. In ut lobortis lorem. Nullam vitae lectus egestas urna tincidunt aliquet. Ut sagittis vel enim eget malesuada. Cras in congue tortor. Interdum et malesuada fames ac ante ipsum primis in faucibus. Nunc tempus consequat neque, et eleifend nulla aliquam eu.",Author 26,17,buoc-i-ngau-nhien-tren-pho-wall-tai-ban-2021,NXB 26,2021,265
https://cdn1.fahasa.com/media/catalog/product/i/m/image_236061.jpg,Tư Duy Làm Giàu - Những Bài Nói Chuyện Bất Hủ Của Napoleon Hill (Tái Bản),80000,19,9780085479662,"Lorem ipsum dolor sit amet, consectetur adipiscing elit. Nam congue vel tellus non luctus. Vestibulum vitae nunc lorem. Sed lacinia lectus vel augue imperdiet ultricies. Donec id venenatis ex, vitae pretium ligula. Sed nulla eros, dignissim at feugiat non, posuere sit amet urna. Ut eu porttitor tellus. Cras eu massa nulla. Morbi porta fermentum elit eu iaculis. Pellentesque hendrerit venenatis purus at feugiat. Pellentesque vitae feugiat purus. Donec mattis rhoncus lacinia. Sed quam diam, molestie id laoreet eu, lacinia ac turpis. Cras tincidunt lobortis elit quis aliquam. Proin et massa libero.

Aliquam id pharetra arcu. Vivamus vitae mattis ligula. Sed efficitur urna vitae scelerisque tempor. Proin purus magna, vulputate eu ligula a, vehicula malesuada enim. Curabitur aliquet rutrum enim et tincidunt. Vestibulum ante ipsum primis in faucibus orci luctus et ultrices posuere cubilia curae; Vivamus pharetra enim leo, nec molestie nibh consectetur quis. Class aptent taciti sociosqu ad litora torquent per conubia nostra, per inceptos himenaeos. Nunc quis maximus elit, vitae pulvinar urna. Integer at mi elit. Phasellus vitae rutrum sem. Vivamus et mauris ac nisl congue congue eu eget elit. Nullam at quam velit. Pellentesque dictum, diam nec tempor aliquet, tortor justo fermentum sapien, at condimentum turpis elit vel sapien. Aenean rutrum tellus sodales tortor viverra eleifend.

Donec facilisis, diam efficitur maximus ultrices, enim lectus rutrum elit, eget malesuada mi justo dapibus enim. Maecenas finibus euismod nulla quis dignissim. Sed dictum ante rutrum turpis euismod laoreet. Sed placerat tellus leo. In ut lobortis lorem. Nullam vitae lectus egestas urna tincidunt aliquet. Ut sagittis vel enim eget malesuada. Cras in congue tortor. Interdum et malesuada fames ac ante ipsum primis in faucibus. Nunc tempus consequat neque, et eleifend nulla aliquam eu.",Author 27,16,tu-duy-lam-giau-nhung-bai-noi-chuyen-bat-hu-cua-napoleon-hill-tai-ban,NXB 27,2018,51
https://cdn1.fahasa.com/media/catalog/product/8/9/8934974190158.jpg,Không Có Sông Quá Dài - Cẩm Nang Dành Cho Những Người Khởi Nghiệp,127500,19,9780085479663,"Lorem ipsum dolor sit amet, consectetur adipiscing elit. Nam congue vel tellus non luctus. Vestibulum vitae nunc lorem. Sed lacinia lectus vel augue imperdiet ultricies. Donec id venenatis ex, vitae pretium ligula. Sed nulla eros, dignissim at feugiat non, posuere sit amet urna. Ut eu porttitor tellus. Cras eu massa nulla. Morbi porta fermentum elit eu iaculis. Pellentesque hendrerit venenatis purus at feugiat. Pellentesque vitae feugiat purus. Donec mattis rhoncus lacinia. Sed quam diam, molestie id laoreet eu, lacinia ac turpis. Cras tincidunt lobortis elit quis aliquam. Proin et massa libero.

Aliquam id pharetra arcu. Vivamus vitae mattis ligula. Sed efficitur urna vitae scelerisque tempor. Proin purus magna, vulputate eu ligula a, vehicula malesuada enim. Curabitur aliquet rutrum enim et tincidunt. Vestibulum ante ipsum primis in faucibus orci luctus et ultrices posuere cubilia curae; Vivamus pharetra enim leo, nec molestie nibh consectetur quis. Class aptent taciti sociosqu ad litora torquent per conubia nostra, per inceptos himenaeos. Nunc quis maximus elit, vitae pulvinar urna. Integer at mi elit. Phasellus vitae rutrum sem. Vivamus et mauris ac nisl congue congue eu eget elit. Nullam at quam velit. Pellentesque dictum, diam nec tempor aliquet, tortor justo fermentum sapien, at condimentum turpis elit vel sapien. Aenean rutrum tellus sodales tortor viverra eleifend.

Donec facilisis, diam efficitur maximus ultrices, enim lectus rutrum elit, eget malesuada mi justo dapibus enim. Maecenas finibus euismod nulla quis dignissim. Sed dictum ante rutrum turpis euismod laoreet. Sed placerat tellus leo. In ut lobortis lorem. Nullam vitae lectus egestas urna tincidunt aliquet. Ut sagittis vel enim eget malesuada. Cras in congue tortor. Interdum et malesuada fames ac ante ipsum primis in faucibus. Nunc tempus consequat neque, et eleifend nulla aliquam eu.",Author 28,14,khong-co-song-qua-dai-cam-nang-danh-cho-nhung-nguoi-khoi-nghiep,NXB 28,2018,136
https://cdn1.fahasa.com/media/catalog/product/8/9/8936066695015.jpg,Dạy Con Quản Lý Tài Chính Cá Nhân,135000,19,9780085479664,"Lorem ipsum dolor sit amet, consectetur adipiscing elit. Nam congue vel tellus non luctus. Vestibulum vitae nunc lorem. Sed lacinia lectus vel augue imperdiet ultricies. Donec id venenatis ex, vitae pretium ligula. Sed nulla eros, dignissim at feugiat non, posuere sit amet urna. Ut eu porttitor tellus. Cras eu massa nulla. Morbi porta fermentum elit eu iaculis. Pellentesque hendrerit venenatis purus at feugiat. Pellentesque vitae feugiat purus. Donec mattis rhoncus lacinia. Sed quam diam, molestie id laoreet eu, lacinia ac turpis. Cras tincidunt lobortis elit quis aliquam. Proin et massa libero.

Aliquam id pharetra arcu. Vivamus vitae mattis ligula. Sed efficitur urna vitae scelerisque tempor. Proin purus magna, vulputate eu ligula a, vehicula malesuada enim. Curabitur aliquet rutrum enim et tincidunt. Vestibulum ante ipsum primis in faucibus orci luctus et ultrices posuere cubilia curae; Vivamus pharetra enim leo, nec molestie nibh consectetur quis. Class aptent taciti sociosqu ad litora torquent per conubia nostra, per inceptos himenaeos. Nunc quis maximus elit, vitae pulvinar urna. Integer at mi elit. Phasellus vitae rutrum sem. Vivamus et mauris ac nisl congue congue eu eget elit. Nullam at quam velit. Pellentesque dictum, diam nec tempor aliquet, tortor justo fermentum sapien, at condimentum turpis elit vel sapien. Aenean rutrum tellus sodales tortor viverra eleifend.

Donec facilisis, diam efficitur maximus ultrices, enim lectus rutrum elit, eget malesuada mi justo dapibus enim. Maecenas finibus euismod nulla quis dignissim. Sed dictum ante rutrum turpis euismod laoreet. Sed placerat tellus leo. In ut lobortis lorem. Nullam vitae lectus egestas urna tincidunt aliquet. Ut sagittis vel enim eget malesuada. Cras in congue tortor. Interdum et malesuada fames ac ante ipsum primis in faucibus. Nunc tempus consequat neque, et eleifend nulla aliquam eu.",Author 29,5,day-con-quan-ly-tai-chinh-ca-nhan,NXB 29,2022,300
https://cdn1.fahasa.com/media/catalog/product/9/7/9786044802558.jpg,Youtube Thực Chiến Phải Kiếm Ra Tiền,454000,19,9780085479665,"Lorem ipsum dolor sit amet, consectetur adipiscing elit. Nam congue vel tellus non luctus. Vestibulum vitae nunc lorem. Sed lacinia lectus vel augue imperdiet ultricies. Donec id venenatis ex, vitae pretium ligula. Sed nulla eros, dignissim at feugiat non, posuere sit amet urna. Ut eu porttitor tellus. Cras eu massa nulla. Morbi porta fermentum elit eu iaculis. Pellentesque hendrerit venenatis purus at feugiat. Pellentesque vitae feugiat purus. Donec mattis rhoncus lacinia. Sed quam diam, molestie id laoreet eu, lacinia ac turpis. Cras tincidunt lobortis elit quis aliquam. Proin et massa libero.

Aliquam id pharetra arcu. Vivamus vitae mattis ligula. Sed efficitur urna vitae scelerisque tempor. Proin purus magna, vulputate eu ligula a, vehicula malesuada enim. Curabitur aliquet rutrum enim et tincidunt. Vestibulum ante ipsum primis in faucibus orci luctus et ultrices posuere cubilia curae; Vivamus pharetra enim leo, nec molestie nibh consectetur quis. Class aptent taciti sociosqu ad litora torquent per conubia nostra, per inceptos himenaeos. Nunc quis maximus elit, vitae pulvinar urna. Integer at mi elit. Phasellus vitae rutrum sem. Vivamus et mauris ac nisl congue congue eu eget elit. Nullam at quam velit. Pellentesque dictum, diam nec tempor aliquet, tortor justo fermentum sapien, at condimentum turpis elit vel sapien. Aenean rutrum tellus sodales tortor viverra eleifend.

Donec facilisis, diam efficitur maximus ultrices, enim lectus rutrum elit, eget malesuada mi justo dapibus enim. Maecenas finibus euismod nulla quis dignissim. Sed dictum ante rutrum turpis euismod laoreet. Sed placerat tellus leo. In ut lobortis lorem. Nullam vitae lectus egestas urna tincidunt aliquet. Ut sagittis vel enim eget malesuada. Cras in congue tortor. Interdum et malesuada fames ac ante ipsum primis in faucibus. Nunc tempus consequat neque, et eleifend nulla aliquam eu.",Author 30,4,youtube-thuc-chien-phai-kiem-ra-tien,NXB 30,2010,264
https://cdn1.fahasa.com/media/catalog/product/8/9/8934974190691.jpg,ChatGPT Cho Doanh Nghiệp - Mở Rộng Kinh Doanh Thần Tốc Với Công Nghệ Thay Đổi Cuộc Chơi,153000,19,9780085479666,"Lorem ipsum dolor sit amet, consectetur adipiscing elit. Nam congue vel tellus non luctus. Vestibulum vitae nunc lorem. Sed lacinia lectus vel augue imperdiet ultricies. Donec id venenatis ex, vitae pretium ligula. Sed nulla eros, dignissim at feugiat non, posuere sit amet urna. Ut eu porttitor tellus. Cras eu massa nulla. Morbi porta fermentum elit eu iaculis. Pellentesque hendrerit venenatis purus at feugiat. Pellentesque vitae feugiat purus. Donec mattis rhoncus lacinia. Sed quam diam, molestie id laoreet eu, lacinia ac turpis. Cras tincidunt lobortis elit quis aliquam. Proin et massa libero.

Aliquam id pharetra arcu. Vivamus vitae mattis ligula. Sed efficitur urna vitae scelerisque tempor. Proin purus magna, vulputate eu ligula a, vehicula malesuada enim. Curabitur aliquet rutrum enim et tincidunt. Vestibulum ante ipsum primis in faucibus orci luctus et ultrices posuere cubilia curae; Vivamus pharetra enim leo, nec molestie nibh consectetur quis. Class aptent taciti sociosqu ad litora torquent per conubia nostra, per inceptos himenaeos. Nunc quis maximus elit, vitae pulvinar urna. Integer at mi elit. Phasellus vitae rutrum sem. Vivamus et mauris ac nisl congue congue eu eget elit. Nullam at quam velit. Pellentesque dictum, diam nec tempor aliquet, tortor justo fermentum sapien, at condimentum turpis elit vel sapien. Aenean rutrum tellus sodales tortor viverra eleifend.

Donec facilisis, diam efficitur maximus ultrices, enim lectus rutrum elit, eget malesuada mi justo dapibus enim. Maecenas finibus euismod nulla quis dignissim. Sed dictum ante rutrum turpis euismod laoreet. Sed placerat tellus leo. In ut lobortis lorem. Nullam vitae lectus egestas urna tincidunt aliquet. Ut sagittis vel enim eget malesuada. Cras in congue tortor. Interdum et malesuada fames ac ante ipsum primis in faucibus. Nunc tempus consequat neque, et eleifend nulla aliquam eu.",Author 31,19,chatgpt-cho-doanh-nghiep-mo-rong-kinh-doanh-than-toc-voi-cong-nghe-thay-oi-cuoc-choi,NXB 31,2006,148
https://cdn1.fahasa.com/media/catalog/product/9/7/9786043868982.jpg,"31 Ngày Bán Hàng Thực Chiến - Hãy Bán Hàng Như Một Master, Đừng Bán Hàng Như Amateur",292000,19,9780085479667,"Lorem ipsum dolor sit amet, consectetur adipiscing elit. Nam congue vel tellus non luctus. Vestibulum vitae nunc lorem. Sed lacinia lectus vel augue imperdiet ultricies. Donec id venenatis ex, vitae pretium ligula. Sed nulla eros, dignissim at feugiat non, posuere sit amet urna. Ut eu porttitor tellus. Cras eu massa nulla. Morbi porta fermentum elit eu iaculis. Pellentesque hendrerit venenatis purus at feugiat. Pellentesque vitae feugiat purus. Donec mattis rhoncus lacinia. Sed quam diam, molestie id laoreet eu, lacinia ac turpis. Cras tincidunt lobortis elit quis aliquam. Proin et massa libero.

Aliquam id pharetra arcu. Vivamus vitae mattis ligula. Sed efficitur urna vitae scelerisque tempor. Proin purus magna, vulputate eu ligula a, vehicula malesuada enim. Curabitur aliquet rutrum enim et tincidunt. Vestibulum ante ipsum primis in faucibus orci luctus et ultrices posuere cubilia curae; Vivamus pharetra enim leo, nec molestie nibh consectetur quis. Class aptent taciti sociosqu ad litora torquent per conubia nostra, per inceptos himenaeos. Nunc quis maximus elit, vitae pulvinar urna. Integer at mi elit. Phasellus vitae rutrum sem. Vivamus et mauris ac nisl congue congue eu eget elit. Nullam at quam velit. Pellentesque dictum, diam nec tempor aliquet, tortor justo fermentum sapien, at condimentum turpis elit vel sapien. Aenean rutrum tellus sodales tortor viverra eleifend.

Donec facilisis, diam efficitur maximus ultrices, enim lectus rutrum elit, eget malesuada mi justo dapibus enim. Maecenas finibus euismod nulla quis dignissim. Sed dictum ante rutrum turpis euismod laoreet. Sed placerat tellus leo. In ut lobortis lorem. Nullam vitae lectus egestas urna tincidunt aliquet. Ut sagittis vel enim eget malesuada. Cras in congue tortor. Interdum et malesuada fames ac ante ipsum primis in faucibus. Nunc tempus consequat neque, et eleifend nulla aliquam eu.",Author 32,11,31-ngay-ban-hang-thuc-chien-hay-ban-hang-nhu-mot-master-ung-ban-hang-nhu-amateur,NXB 32,2004,113
https://cdn1.fahasa.com/media/catalog/product/8/9/8934974181026.jpg,Dạy Con Làm Giàu 08: Để Có Những Đồng Tiền Tích Cực (Tái Bản 2022),51000,19,9780085479668,"Lorem ipsum dolor sit amet, consectetur adipiscing elit. Nam congue vel tellus non luctus. Vestibulum vitae nunc lorem. Sed lacinia lectus vel augue imperdiet ultricies. Donec id venenatis ex, vitae pretium ligula. Sed nulla eros, dignissim at feugiat non, posuere sit amet urna. Ut eu porttitor tellus. Cras eu massa nulla. Morbi porta fermentum elit eu iaculis. Pellentesque hendrerit venenatis purus at feugiat. Pellentesque vitae feugiat purus. Donec mattis rhoncus lacinia. Sed quam diam, molestie id laoreet eu, lacinia ac turpis. Cras tincidunt lobortis elit quis aliquam. Proin et massa libero.

Aliquam id pharetra arcu. Vivamus vitae mattis ligula. Sed efficitur urna vitae scelerisque tempor. Proin purus magna, vulputate eu ligula a, vehicula malesuada enim. Curabitur aliquet rutrum enim et tincidunt. Vestibulum ante ipsum primis in faucibus orci luctus et ultrices posuere cubilia curae; Vivamus pharetra enim leo, nec molestie nibh consectetur quis. Class aptent taciti sociosqu ad litora torquent per conubia nostra, per inceptos himenaeos. Nunc quis maximus elit, vitae pulvinar urna. Integer at mi elit. Phasellus vitae rutrum sem. Vivamus et mauris ac nisl congue congue eu eget elit. Nullam at quam velit. Pellentesque dictum, diam nec tempor aliquet, tortor justo fermentum sapien, at condimentum turpis elit vel sapien. Aenean rutrum tellus sodales tortor viverra eleifend.

Donec facilisis, diam efficitur maximus ultrices, enim lectus rutrum elit, eget malesuada mi justo dapibus enim. Maecenas finibus euismod nulla quis dignissim. Sed dictum ante rutrum turpis euismod laoreet. Sed placerat tellus leo. In ut lobortis lorem. Nullam vitae lectus egestas urna tincidunt aliquet. Ut sagittis vel enim eget malesuada. Cras in congue tortor. Interdum et malesuada fames ac ante ipsum primis in faucibus. Nunc tempus consequat neque, et eleifend nulla aliquam eu.",Author 33,4,day-con-lam-giau-08-e-co-nhung-ong-tien-tich-cuc-tai-ban-2022,NXB 33,2018,50
https://cdn1.fahasa.com/media/catalog/product/i/m/image_195509_1_29724.jpg,Dạy Con Làm Giàu 12 - Lời Tiên Tri Của Người Cha Giàu (Tái Bản 2020),119000,19,9780085479669,"Lorem ipsum dolor sit amet, consectetur adipiscing elit. Nam congue vel tellus non luctus. Vestibulum vitae nunc lorem. Sed lacinia lectus vel augue imperdiet ultricies. Donec id venenatis ex, vitae pretium ligula. Sed nulla eros, dignissim at feugiat non, posuere sit amet urna. Ut eu porttitor tellus. Cras eu massa nulla. Morbi porta fermentum elit eu iaculis. Pellentesque hendrerit venenatis purus at feugiat. Pellentesque vitae feugiat purus. Donec mattis rhoncus lacinia. Sed quam diam, molestie id laoreet eu, lacinia ac turpis. Cras tincidunt lobortis elit quis aliquam. Proin et massa libero.

Aliquam id pharetra arcu. Vivamus vitae mattis ligula. Sed efficitur urna vitae scelerisque tempor. Proin purus magna, vulputate eu ligula a, vehicula malesuada enim. Curabitur aliquet rutrum enim et tincidunt. Vestibulum ante ipsum primis in faucibus orci luctus et ultrices posuere cubilia curae; Vivamus pharetra enim leo, nec molestie nibh consectetur quis. Class aptent taciti sociosqu ad litora torquent per conubia nostra, per inceptos himenaeos. Nunc quis maximus elit, vitae pulvinar urna. Integer at mi elit. Phasellus vitae rutrum sem. Vivamus et mauris ac nisl congue congue eu eget elit. Nullam at quam velit. Pellentesque dictum, diam nec tempor aliquet, tortor justo fermentum sapien, at condimentum turpis elit vel sapien. Aenean rutrum tellus sodales tortor viverra eleifend.

Donec facilisis, diam efficitur maximus ultrices, enim lectus rutrum elit, eget malesuada mi justo dapibus enim. Maecenas finibus euismod nulla quis dignissim. Sed dictum ante rutrum turpis euismod laoreet. Sed placerat tellus leo. In ut lobortis lorem. Nullam vitae lectus egestas urna tincidunt aliquet. Ut sagittis vel enim eget malesuada. Cras in congue tortor. Interdum et malesuada fames ac ante ipsum primis in faucibus. Nunc tempus consequat neque, et eleifend nulla aliquam eu.",Author 34,7,day-con-lam-giau-12-loi-tien-tri-cua-nguoi-cha-giau-tai-ban-2020,NXB 34,2001,251
https://cdn1.fahasa.com/media/catalog/product/8/9/8934974181033.jpg,Dạy Con Làm Giàu 09: Những Bí Mật Về Tiền Bạc Mà Bạn Không Học Ở Nhà Trường! (Tái Bản 2022),51000,19,9780085479670,"Lorem ipsum dolor sit amet, consectetur adipiscing elit. Nam congue vel tellus non luctus. Vestibulum vitae nunc lorem. Sed lacinia lectus vel augue imperdiet ultricies. Donec id venenatis ex, vitae pretium ligula. Sed nulla eros, dignissim at feugiat non, posuere sit amet urna. Ut eu porttitor tellus. Cras eu massa nulla. Morbi porta fermentum elit eu iaculis. Pellentesque hendrerit venenatis purus at feugiat. Pellentesque vitae feugiat purus. Donec mattis rhoncus lacinia. Sed quam diam, molestie id laoreet eu, lacinia ac turpis. Cras tincidunt lobortis elit quis aliquam. Proin et massa libero.

Aliquam id pharetra arcu. Vivamus vitae mattis ligula. Sed efficitur urna vitae scelerisque tempor. Proin purus magna, vulputate eu ligula a, vehicula malesuada enim. Curabitur aliquet rutrum enim et tincidunt. Vestibulum ante ipsum primis in faucibus orci luctus et ultrices posuere cubilia curae; Vivamus pharetra enim leo, nec molestie nibh consectetur quis. Class aptent taciti sociosqu ad litora torquent per conubia nostra, per inceptos himenaeos. Nunc quis maximus elit, vitae pulvinar urna. Integer at mi elit. Phasellus vitae rutrum sem. Vivamus et mauris ac nisl congue congue eu eget elit. Nullam at quam velit. Pellentesque dictum, diam nec tempor aliquet, tortor justo fermentum sapien, at condimentum turpis elit vel sapien. Aenean rutrum tellus sodales tortor viverra eleifend.

Donec facilisis, diam efficitur maximus ultrices, enim lectus rutrum elit, eget malesuada mi justo dapibus enim. Maecenas finibus euismod nulla quis dignissim. Sed dictum ante rutrum turpis euismod laoreet. Sed placerat tellus leo. In ut lobortis lorem. Nullam vitae lectus egestas urna tincidunt aliquet. Ut sagittis vel enim eget malesuada. Cras in congue tortor. Interdum et malesuada fames ac ante ipsum primis in faucibus. Nunc tempus consequat neque, et eleifend nulla aliquam eu.",Author 35,11,day-con-lam-giau-09-nhung-bi-mat-ve-tien-bac-ma-ban-khong-hoc-o-nha-truong-tai-ban-2022,NXB 35,2013,294
https://cdn1.fahasa.com/media/catalog/product/8/9/8935280400832.jpg,Cẩm Nang Khởi Nghiệp,172000,19,9780085479671,"Lorem ipsum dolor sit amet, consectetur adipiscing elit. Nam congue vel tellus non luctus. Vestibulum vitae nunc lorem. Sed lacinia lectus vel augue imperdiet ultricies. Donec id venenatis ex, vitae pretium ligula. Sed nulla eros, dignissim at feugiat non, posuere sit amet urna. Ut eu porttitor tellus. Cras eu massa nulla. Morbi porta fermentum elit eu iaculis. Pellentesque hendrerit venenatis purus at feugiat. Pellentesque vitae feugiat purus. Donec mattis rhoncus lacinia. Sed quam diam, molestie id laoreet eu, lacinia ac turpis. Cras tincidunt lobortis elit quis aliquam. Proin et massa libero.

Aliquam id pharetra arcu. Vivamus vitae mattis ligula. Sed efficitur urna vitae scelerisque tempor. Proin purus magna, vulputate eu ligula a, vehicula malesuada enim. Curabitur aliquet rutrum enim et tincidunt. Vestibulum ante ipsum primis in faucibus orci luctus et ultrices posuere cubilia curae; Vivamus pharetra enim leo, nec molestie nibh consectetur quis. Class aptent taciti sociosqu ad litora torquent per conubia nostra, per inceptos himenaeos. Nunc quis maximus elit, vitae pulvinar urna. Integer at mi elit. Phasellus vitae rutrum sem. Vivamus et mauris ac nisl congue congue eu eget elit. Nullam at quam velit. Pellentesque dictum, diam nec tempor aliquet, tortor justo fermentum sapien, at condimentum turpis elit vel sapien. Aenean rutrum tellus sodales tortor viverra eleifend.

Donec facilisis, diam efficitur maximus ultrices, enim lectus rutrum elit, eget malesuada mi justo dapibus enim. Maecenas finibus euismod nulla quis dignissim. Sed dictum ante rutrum turpis euismod laoreet. Sed placerat tellus leo. In ut lobortis lorem. Nullam vitae lectus egestas urna tincidunt aliquet. Ut sagittis vel enim eget malesuada. Cras in congue tortor. Interdum et malesuada fames ac ante ipsum primis in faucibus. Nunc tempus consequat neque, et eleifend nulla aliquam eu.",Author 36,6,cam-nang-khoi-nghiep,NXB 36,2023,176
https://cdn1.fahasa.com/media/catalog/product/i/m/image_229086.jpg,Dạy Con Làm Giàu 10 - Trước Khi Bạn Thôi Việc (Tái Bản 2017),76500,19,9780085479672,"Lorem ipsum dolor sit amet, consectetur adipiscing elit. Nam congue vel tellus non luctus. Vestibulum vitae nunc lorem. Sed lacinia lectus vel augue imperdiet ultricies. Donec id venenatis ex, vitae pretium ligula. Sed nulla eros, dignissim at feugiat non, posuere sit amet urna. Ut eu porttitor tellus. Cras eu massa nulla. Morbi porta fermentum elit eu iaculis. Pellentesque hendrerit venenatis purus at feugiat. Pellentesque vitae feugiat purus. Donec mattis rhoncus lacinia. Sed quam diam, molestie id laoreet eu, lacinia ac turpis. Cras tincidunt lobortis elit quis aliquam. Proin et massa libero.

Aliquam id pharetra arcu. Vivamus vitae mattis ligula. Sed efficitur urna vitae scelerisque tempor. Proin purus magna, vulputate eu ligula a, vehicula malesuada enim. Curabitur aliquet rutrum enim et tincidunt. Vestibulum ante ipsum primis in faucibus orci luctus et ultrices posuere cubilia curae; Vivamus pharetra enim leo, nec molestie nibh consectetur quis. Class aptent taciti sociosqu ad litora torquent per conubia nostra, per inceptos himenaeos. Nunc quis maximus elit, vitae pulvinar urna. Integer at mi elit. Phasellus vitae rutrum sem. Vivamus et mauris ac nisl congue congue eu eget elit. Nullam at quam velit. Pellentesque dictum, diam nec tempor aliquet, tortor justo fermentum sapien, at condimentum turpis elit vel sapien. Aenean rutrum tellus sodales tortor viverra eleifend.

Donec facilisis, diam efficitur maximus ultrices, enim lectus rutrum elit, eget malesuada mi justo dapibus enim. Maecenas finibus euismod nulla quis dignissim. Sed dictum ante rutrum turpis euismod laoreet. Sed placerat tellus leo. In ut lobortis lorem. Nullam vitae lectus egestas urna tincidunt aliquet. Ut sagittis vel enim eget malesuada. Cras in congue tortor. Interdum et malesuada fames ac ante ipsum primis in faucibus. Nunc tempus consequat neque, et eleifend nulla aliquam eu.",Author 37,20,day-con-lam-giau-10-truoc-khi-ban-thoi-viec-tai-ban-2017,NXB 37,2024,148
https://cdn1.fahasa.com/media/catalog/product/z/3/z3232685154986_e7439a818f15a17e245ed175f685f456.jpg,Xiaomi - Hành Trình Một Công Ty Khởi Nghiệp Trở Thành Thương Hiệu Toàn Cầu,74750,19,9780085479673,"Lorem ipsum dolor sit amet, consectetur adipiscing elit. Nam congue vel tellus non luctus. Vestibulum vitae nunc lorem. Sed lacinia lectus vel augue imperdiet ultricies. Donec id venenatis ex, vitae pretium ligula. Sed nulla eros, dignissim at feugiat non, posuere sit amet urna. Ut eu porttitor tellus. Cras eu massa nulla. Morbi porta fermentum elit eu iaculis. Pellentesque hendrerit venenatis purus at feugiat. Pellentesque vitae feugiat purus. Donec mattis rhoncus lacinia. Sed quam diam, molestie id laoreet eu, lacinia ac turpis. Cras tincidunt lobortis elit quis aliquam. Proin et massa libero.

Aliquam id pharetra arcu. Vivamus vitae mattis ligula. Sed efficitur urna vitae scelerisque tempor. Proin purus magna, vulputate eu ligula a, vehicula malesuada enim. Curabitur aliquet rutrum enim et tincidunt. Vestibulum ante ipsum primis in faucibus orci luctus et ultrices posuere cubilia curae; Vivamus pharetra enim leo, nec molestie nibh consectetur quis. Class aptent taciti sociosqu ad litora torquent per conubia nostra, per inceptos himenaeos. Nunc quis maximus elit, vitae pulvinar urna. Integer at mi elit. Phasellus vitae rutrum sem. Vivamus et mauris ac nisl congue congue eu eget elit. Nullam at quam velit. Pellentesque dictum, diam nec tempor aliquet, tortor justo fermentum sapien, at condimentum turpis elit vel sapien. Aenean rutrum tellus sodales tortor viverra eleifend.

Donec facilisis, diam efficitur maximus ultrices, enim lectus rutrum elit, eget malesuada mi justo dapibus enim. Maecenas finibus euismod nulla quis dignissim. Sed dictum ante rutrum turpis euismod laoreet. Sed placerat tellus leo. In ut lobortis lorem. Nullam vitae lectus egestas urna tincidunt aliquet. Ut sagittis vel enim eget malesuada. Cras in congue tortor. Interdum et malesuada fames ac ante ipsum primis in faucibus. Nunc tempus consequat neque, et eleifend nulla aliquam eu.",Author 38,14,xiaomi-hanh-trinh-mot-cong-ty-khoi-nghiep-tro-thanh-thuong-hieu-toan-cau,NXB 38,2019,290
https://cdn1.fahasa.com/media/catalog/product/9/7/9786043459203.jpg,Đến Sahara Mở Quán Trà Đá - Bí Quyết Tìm Kiếm Mặt Bằng Kinh Doanh,149000,19,9780085479674,"Lorem ipsum dolor sit amet, consectetur adipiscing elit. Nam congue vel tellus non luctus. Vestibulum vitae nunc lorem. Sed lacinia lectus vel augue imperdiet ultricies. Donec id venenatis ex, vitae pretium ligula. Sed nulla eros, dignissim at feugiat non, posuere sit amet urna. Ut eu porttitor tellus. Cras eu massa nulla. Morbi porta fermentum elit eu iaculis. Pellentesque hendrerit venenatis purus at feugiat. Pellentesque vitae feugiat purus. Donec mattis rhoncus lacinia. Sed quam diam, molestie id laoreet eu, lacinia ac turpis. Cras tincidunt lobortis elit quis aliquam. Proin et massa libero.

Aliquam id pharetra arcu. Vivamus vitae mattis ligula. Sed efficitur urna vitae scelerisque tempor. Proin purus magna, vulputate eu ligula a, vehicula malesuada enim. Curabitur aliquet rutrum enim et tincidunt. Vestibulum ante ipsum primis in faucibus orci luctus et ultrices posuere cubilia curae; Vivamus pharetra enim leo, nec molestie nibh consectetur quis. Class aptent taciti sociosqu ad litora torquent per conubia nostra, per inceptos himenaeos. Nunc quis maximus elit, vitae pulvinar urna. Integer at mi elit. Phasellus vitae rutrum sem. Vivamus et mauris ac nisl congue congue eu eget elit. Nullam at quam velit. Pellentesque dictum, diam nec tempor aliquet, tortor justo fermentum sapien, at condimentum turpis elit vel sapien. Aenean rutrum tellus sodales tortor viverra eleifend.

Donec facilisis, diam efficitur maximus ultrices, enim lectus rutrum elit, eget malesuada mi justo dapibus enim. Maecenas finibus euismod nulla quis dignissim. Sed dictum ante rutrum turpis euismod laoreet. Sed placerat tellus leo. In ut lobortis lorem. Nullam vitae lectus egestas urna tincidunt aliquet. Ut sagittis vel enim eget malesuada. Cras in congue tortor. Interdum et malesuada fames ac ante ipsum primis in faucibus. Nunc tempus consequat neque, et eleifend nulla aliquam eu.",Author 39,11,en-sahara-mo-quan-tra-a-bi-quyet-tim-kiem-mat-bang-kinh-doanh,NXB 39,2013,253
https://cdn1.fahasa.com/media/catalog/product/8/9/8934974149323.jpg,Dạy Con Làm Giàu -Tập 6 (Tái Bản 2017),69500,19,9780085479675,"Lorem ipsum dolor sit amet, consectetur adipiscing elit. Nam congue vel tellus non luctus. Vestibulum vitae nunc lorem. Sed lacinia lectus vel augue imperdiet ultricies. Donec id venenatis ex, vitae pretium ligula. Sed nulla eros, dignissim at feugiat non, posuere sit amet urna. Ut eu porttitor tellus. Cras eu massa nulla. Morbi porta fermentum elit eu iaculis. Pellentesque hendrerit venenatis purus at feugiat. Pellentesque vitae feugiat purus. Donec mattis rhoncus lacinia. Sed quam diam, molestie id laoreet eu, lacinia ac turpis. Cras tincidunt lobortis elit quis aliquam. Proin et massa libero.

Aliquam id pharetra arcu. Vivamus vitae mattis ligula. Sed efficitur urna vitae scelerisque tempor. Proin purus magna, vulputate eu ligula a, vehicula malesuada enim. Curabitur aliquet rutrum enim et tincidunt. Vestibulum ante ipsum primis in faucibus orci luctus et ultrices posuere cubilia curae; Vivamus pharetra enim leo, nec molestie nibh consectetur quis. Class aptent taciti sociosqu ad litora torquent per conubia nostra, per inceptos himenaeos. Nunc quis maximus elit, vitae pulvinar urna. Integer at mi elit. Phasellus vitae rutrum sem. Vivamus et mauris ac nisl congue congue eu eget elit. Nullam at quam velit. Pellentesque dictum, diam nec tempor aliquet, tortor justo fermentum sapien, at condimentum turpis elit vel sapien. Aenean rutrum tellus sodales tortor viverra eleifend.

Donec facilisis, diam efficitur maximus ultrices, enim lectus rutrum elit, eget malesuada mi justo dapibus enim. Maecenas finibus euismod nulla quis dignissim. Sed dictum ante rutrum turpis euismod laoreet. Sed placerat tellus leo. In ut lobortis lorem. Nullam vitae lectus egestas urna tincidunt aliquet. Ut sagittis vel enim eget malesuada. Cras in congue tortor. Interdum et malesuada fames ac ante ipsum primis in faucibus. Nunc tempus consequat neque, et eleifend nulla aliquam eu.",Author 40,6,day-con-lam-giau-tap-6-tai-ban-2017,NXB 40,2000,219
https://cdn1.fahasa.com/media/catalog/product/8/9/8935074133267.jpg,Biến Ý Tưởng Điên Rồ Thành Doanh Nghiệp Thành Công,91500,19,9780085479676,"Lorem ipsum dolor sit amet, consectetur adipiscing elit. Nam congue vel tellus non luctus. Vestibulum vitae nunc lorem. Sed lacinia lectus vel augue imperdiet ultricies. Donec id venenatis ex, vitae pretium ligula. Sed nulla eros, dignissim at feugiat non, posuere sit amet urna. Ut eu porttitor tellus. Cras eu massa nulla. Morbi porta fermentum elit eu iaculis. Pellentesque hendrerit venenatis purus at feugiat. Pellentesque vitae feugiat purus. Donec mattis rhoncus lacinia. Sed quam diam, molestie id laoreet eu, lacinia ac turpis. Cras tincidunt lobortis elit quis aliquam. Proin et massa libero.

Aliquam id pharetra arcu. Vivamus vitae mattis ligula. Sed efficitur urna vitae scelerisque tempor. Proin purus magna, vulputate eu ligula a, vehicula malesuada enim. Curabitur aliquet rutrum enim et tincidunt. Vestibulum ante ipsum primis in faucibus orci luctus et ultrices posuere cubilia curae; Vivamus pharetra enim leo, nec molestie nibh consectetur quis. Class aptent taciti sociosqu ad litora torquent per conubia nostra, per inceptos himenaeos. Nunc quis maximus elit, vitae pulvinar urna. Integer at mi elit. Phasellus vitae rutrum sem. Vivamus et mauris ac nisl congue congue eu eget elit. Nullam at quam velit. Pellentesque dictum, diam nec tempor aliquet, tortor justo fermentum sapien, at condimentum turpis elit vel sapien. Aenean rutrum tellus sodales tortor viverra eleifend.

Donec facilisis, diam efficitur maximus ultrices, enim lectus rutrum elit, eget malesuada mi justo dapibus enim. Maecenas finibus euismod nulla quis dignissim. Sed dictum ante rutrum turpis euismod laoreet. Sed placerat tellus leo. In ut lobortis lorem. Nullam vitae lectus egestas urna tincidunt aliquet. Ut sagittis vel enim eget malesuada. Cras in congue tortor. Interdum et malesuada fames ac ante ipsum primis in faucibus. Nunc tempus consequat neque, et eleifend nulla aliquam eu.",Author 41,13,bien-y-tuong-ien-ro-thanh-doanh-nghiep-thanh-cong,NXB 41,2012,85
https://cdn1.fahasa.com/media/catalog/product/i/m/image_195509_1_41665.jpg,Làm Thế Nào Để Khởi Nghiệp Và Tỏa Sáng,44200,19,9780085479677,"Lorem ipsum dolor sit amet, consectetur adipiscing elit. Nam congue vel tellus non luctus. Vestibulum vitae nunc lorem. Sed lacinia lectus vel augue imperdiet ultricies. Donec id venenatis ex, vitae pretium ligula. Sed nulla eros, dignissim at feugiat non, posuere sit amet urna. Ut eu porttitor tellus. Cras eu massa nulla. Morbi porta fermentum elit eu iaculis. Pellentesque hendrerit venenatis purus at feugiat. Pellentesque vitae feugiat purus. Donec mattis rhoncus lacinia. Sed quam diam, molestie id laoreet eu, lacinia ac turpis. Cras tincidunt lobortis elit quis aliquam. Proin et massa libero.

Aliquam id pharetra arcu. Vivamus vitae mattis ligula. Sed efficitur urna vitae scelerisque tempor. Proin purus magna, vulputate eu ligula a, vehicula malesuada enim. Curabitur aliquet rutrum enim et tincidunt. Vestibulum ante ipsum primis in faucibus orci luctus et ultrices posuere cubilia curae; Vivamus pharetra enim leo, nec molestie nibh consectetur quis. Class aptent taciti sociosqu ad litora torquent per conubia nostra, per inceptos himenaeos. Nunc quis maximus elit, vitae pulvinar urna. Integer at mi elit. Phasellus vitae rutrum sem. Vivamus et mauris ac nisl congue congue eu eget elit. Nullam at quam velit. Pellentesque dictum, diam nec tempor aliquet, tortor justo fermentum sapien, at condimentum turpis elit vel sapien. Aenean rutrum tellus sodales tortor viverra eleifend.

Donec facilisis, diam efficitur maximus ultrices, enim lectus rutrum elit, eget malesuada mi justo dapibus enim. Maecenas finibus euismod nulla quis dignissim. Sed dictum ante rutrum turpis euismod laoreet. Sed placerat tellus leo. In ut lobortis lorem. Nullam vitae lectus egestas urna tincidunt aliquet. Ut sagittis vel enim eget malesuada. Cras in congue tortor. Interdum et malesuada fames ac ante ipsum primis in faucibus. Nunc tempus consequat neque, et eleifend nulla aliquam eu.",Author 42,13,lam-the-nao-e-khoi-nghiep-va-toa-sang,NXB 42,2021,91
https://cdn1.fahasa.com/media/catalog/product/8/9/8931805100249.jpg,Think And Grow Rich - Nghĩ Giàu Và Làm Giàu - Kinh Nghiệm Làm Giàu Từ Những Bậc Thầy Hàng Đầu Thế Giới,116000,19,9780085479678,"Lorem ipsum dolor sit amet, consectetur adipiscing elit. Nam congue vel tellus non luctus. Vestibulum vitae nunc lorem. Sed lacinia lectus vel augue imperdiet ultricies. Donec id venenatis ex, vitae pretium ligula. Sed nulla eros, dignissim at feugiat non, posuere sit amet urna. Ut eu porttitor tellus. Cras eu massa nulla. Morbi porta fermentum elit eu iaculis. Pellentesque hendrerit venenatis purus at feugiat. Pellentesque vitae feugiat purus. Donec mattis rhoncus lacinia. Sed quam diam, molestie id laoreet eu, lacinia ac turpis. Cras tincidunt lobortis elit quis aliquam. Proin et massa libero.

Aliquam id pharetra arcu. Vivamus vitae mattis ligula. Sed efficitur urna vitae scelerisque tempor. Proin purus magna, vulputate eu ligula a, vehicula malesuada enim. Curabitur aliquet rutrum enim et tincidunt. Vestibulum ante ipsum primis in faucibus orci luctus et ultrices posuere cubilia curae; Vivamus pharetra enim leo, nec molestie nibh consectetur quis. Class aptent taciti sociosqu ad litora torquent per conubia nostra, per inceptos himenaeos. Nunc quis maximus elit, vitae pulvinar urna. Integer at mi elit. Phasellus vitae rutrum sem. Vivamus et mauris ac nisl congue congue eu eget elit. Nullam at quam velit. Pellentesque dictum, diam nec tempor aliquet, tortor justo fermentum sapien, at condimentum turpis elit vel sapien. Aenean rutrum tellus sodales tortor viverra eleifend.

Donec facilisis, diam efficitur maximus ultrices, enim lectus rutrum elit, eget malesuada mi justo dapibus enim. Maecenas finibus euismod nulla quis dignissim. Sed dictum ante rutrum turpis euismod laoreet. Sed placerat tellus leo. In ut lobortis lorem. Nullam vitae lectus egestas urna tincidunt aliquet. Ut sagittis vel enim eget malesuada. Cras in congue tortor. Interdum et malesuada fames ac ante ipsum primis in faucibus. Nunc tempus consequat neque, et eleifend nulla aliquam eu.",Author 43,19,think-and-grow-rich-nghi-giau-va-lam-giau-kinh-nghiem-lam-giau-tu-nhung-bac-thay-hang-au-the-gioi,NXB 43,2024,221
https://cdn1.fahasa.com/media/catalog/product/9/7/9786043926828.jpg,Khởi Nghiệp Kinh Doanh Cà Phê - 8 Bước Xây Dựng Thành Công Từ Con Số 0,149000,19,9780085479679,"Lorem ipsum dolor sit amet, consectetur adipiscing elit. Nam congue vel tellus non luctus. Vestibulum vitae nunc lorem. Sed lacinia lectus vel augue imperdiet ultricies. Donec id venenatis ex, vitae pretium ligula. Sed nulla eros, dignissim at feugiat non, posuere sit amet urna. Ut eu porttitor tellus. Cras eu massa nulla. Morbi porta fermentum elit eu iaculis. Pellentesque hendrerit venenatis purus at feugiat. Pellentesque vitae feugiat purus. Donec mattis rhoncus lacinia. Sed quam diam, molestie id laoreet eu, lacinia ac turpis. Cras tincidunt lobortis elit quis aliquam. Proin et massa libero.

Aliquam id pharetra arcu. Vivamus vitae mattis ligula. Sed efficitur urna vitae scelerisque tempor. Proin purus magna, vulputate eu ligula a, vehicula malesuada enim. Curabitur aliquet rutrum enim et tincidunt. Vestibulum ante ipsum primis in faucibus orci luctus et ultrices posuere cubilia curae; Vivamus pharetra enim leo, nec molestie nibh consectetur quis. Class aptent taciti sociosqu ad litora torquent per conubia nostra, per inceptos himenaeos. Nunc quis maximus elit, vitae pulvinar urna. Integer at mi elit. Phasellus vitae rutrum sem. Vivamus et mauris ac nisl congue congue eu eget elit. Nullam at quam velit. Pellentesque dictum, diam nec tempor aliquet, tortor justo fermentum sapien, at condimentum turpis elit vel sapien. Aenean rutrum tellus sodales tortor viverra eleifend.

Donec facilisis, diam efficitur maximus ultrices, enim lectus rutrum elit, eget malesuada mi justo dapibus enim. Maecenas finibus euismod nulla quis dignissim. Sed dictum ante rutrum turpis euismod laoreet. Sed placerat tellus leo. In ut lobortis lorem. Nullam vitae lectus egestas urna tincidunt aliquet. Ut sagittis vel enim eget malesuada. Cras in congue tortor. Interdum et malesuada fames ac ante ipsum primis in faucibus. Nunc tempus consequat neque, et eleifend nulla aliquam eu.",Author 44,10,khoi-nghiep-kinh-doanh-ca-phe-8-buoc-xay-dung-thanh-cong-tu-con-so-0,NXB 44,2014,292
https://cdn1.fahasa.com/media/catalog/product/8/9/8935251406313.jpg,Cuộc Chơi Khởi Nghiệp 3,84500,19,9780085479680,"Lorem ipsum dolor sit amet, consectetur adipiscing elit. Nam congue vel tellus non luctus. Vestibulum vitae nunc lorem. Sed lacinia lectus vel augue imperdiet ultricies. Donec id venenatis ex, vitae pretium ligula. Sed nulla eros, dignissim at feugiat non, posuere sit amet urna. Ut eu porttitor tellus. Cras eu massa nulla. Morbi porta fermentum elit eu iaculis. Pellentesque hendrerit venenatis purus at feugiat. Pellentesque vitae feugiat purus. Donec mattis rhoncus lacinia. Sed quam diam, molestie id laoreet eu, lacinia ac turpis. Cras tincidunt lobortis elit quis aliquam. Proin et massa libero.

Aliquam id pharetra arcu. Vivamus vitae mattis ligula. Sed efficitur urna vitae scelerisque tempor. Proin purus magna, vulputate eu ligula a, vehicula malesuada enim. Curabitur aliquet rutrum enim et tincidunt. Vestibulum ante ipsum primis in faucibus orci luctus et ultrices posuere cubilia curae; Vivamus pharetra enim leo, nec molestie nibh consectetur quis. Class aptent taciti sociosqu ad litora torquent per conubia nostra, per inceptos himenaeos. Nunc quis maximus elit, vitae pulvinar urna. Integer at mi elit. Phasellus vitae rutrum sem. Vivamus et mauris ac nisl congue congue eu eget elit. Nullam at quam velit. Pellentesque dictum, diam nec tempor aliquet, tortor justo fermentum sapien, at condimentum turpis elit vel sapien. Aenean rutrum tellus sodales tortor viverra eleifend.

Donec facilisis, diam efficitur maximus ultrices, enim lectus rutrum elit, eget malesuada mi justo dapibus enim. Maecenas finibus euismod nulla quis dignissim. Sed dictum ante rutrum turpis euismod laoreet. Sed placerat tellus leo. In ut lobortis lorem. Nullam vitae lectus egestas urna tincidunt aliquet. Ut sagittis vel enim eget malesuada. Cras in congue tortor. Interdum et malesuada fames ac ante ipsum primis in faucibus. Nunc tempus consequat neque, et eleifend nulla aliquam eu.",Author 45,12,cuoc-choi-khoi-nghiep-3,NXB 45,2000,171
https://cdn1.fahasa.com/media/catalog/product/8/9/8935074133106.jpg,Làm Thế Nào Xây Dựng Doanh Nghiệp Thành Công,117000,19,9780085479681,"Lorem ipsum dolor sit amet, consectetur adipiscing elit. Nam congue vel tellus non luctus. Vestibulum vitae nunc lorem. Sed lacinia lectus vel augue imperdiet ultricies. Donec id venenatis ex, vitae pretium ligula. Sed nulla eros, dignissim at feugiat non, posuere sit amet urna. Ut eu porttitor tellus. Cras eu massa nulla. Morbi porta fermentum elit eu iaculis. Pellentesque hendrerit venenatis purus at feugiat. Pellentesque vitae feugiat purus. Donec mattis rhoncus lacinia. Sed quam diam, molestie id laoreet eu, lacinia ac turpis. Cras tincidunt lobortis elit quis aliquam. Proin et massa libero.

Aliquam id pharetra arcu. Vivamus vitae mattis ligula. Sed efficitur urna vitae scelerisque tempor. Proin purus magna, vulputate eu ligula a, vehicula malesuada enim. Curabitur aliquet rutrum enim et tincidunt. Vestibulum ante ipsum primis in faucibus orci luctus et ultrices posuere cubilia curae; Vivamus pharetra enim leo, nec molestie nibh consectetur quis. Class aptent taciti sociosqu ad litora torquent per conubia nostra, per inceptos himenaeos. Nunc quis maximus elit, vitae pulvinar urna. Integer at mi elit. Phasellus vitae rutrum sem. Vivamus et mauris ac nisl congue congue eu eget elit. Nullam at quam velit. Pellentesque dictum, diam nec tempor aliquet, tortor justo fermentum sapien, at condimentum turpis elit vel sapien. Aenean rutrum tellus sodales tortor viverra eleifend.

Donec facilisis, diam efficitur maximus ultrices, enim lectus rutrum elit, eget malesuada mi justo dapibus enim. Maecenas finibus euismod nulla quis dignissim. Sed dictum ante rutrum turpis euismod laoreet. Sed placerat tellus leo. In ut lobortis lorem. Nullam vitae lectus egestas urna tincidunt aliquet. Ut sagittis vel enim eget malesuada. Cras in congue tortor. Interdum et malesuada fames ac ante ipsum primis in faucibus. Nunc tempus consequat neque, et eleifend nulla aliquam eu.",Author 46,7,lam-the-nao-xay-dung-doanh-nghiep-thanh-cong,NXB 46,2007,187
https://cdn1.fahasa.com/media/catalog/product/i/m/image_195509_1_42421.jpg,Napoleon Hill Sức Mạnh Làm Giàu Kỳ Diệu - Nghĩ Giàu & Làm Giàu,120000,19,9780085479682,"Lorem ipsum dolor sit amet, consectetur adipiscing elit. Nam congue vel tellus non luctus. Vestibulum vitae nunc lorem. Sed lacinia lectus vel augue imperdiet ultricies. Donec id venenatis ex, vitae pretium ligula. Sed nulla eros, dignissim at feugiat non, posuere sit amet urna. Ut eu porttitor tellus. Cras eu massa nulla. Morbi porta fermentum elit eu iaculis. Pellentesque hendrerit venenatis purus at feugiat. Pellentesque vitae feugiat purus. Donec mattis rhoncus lacinia. Sed quam diam, molestie id laoreet eu, lacinia ac turpis. Cras tincidunt lobortis elit quis aliquam. Proin et massa libero.

Aliquam id pharetra arcu. Vivamus vitae mattis ligula. Sed efficitur urna vitae scelerisque tempor. Proin purus magna, vulputate eu ligula a, vehicula malesuada enim. Curabitur aliquet rutrum enim et tincidunt. Vestibulum ante ipsum primis in faucibus orci luctus et ultrices posuere cubilia curae; Vivamus pharetra enim leo, nec molestie nibh consectetur quis. Class aptent taciti sociosqu ad litora torquent per conubia nostra, per inceptos himenaeos. Nunc quis maximus elit, vitae pulvinar urna. Integer at mi elit. Phasellus vitae rutrum sem. Vivamus et mauris ac nisl congue congue eu eget elit. Nullam at quam velit. Pellentesque dictum, diam nec tempor aliquet, tortor justo fermentum sapien, at condimentum turpis elit vel sapien. Aenean rutrum tellus sodales tortor viverra eleifend.

Donec facilisis, diam efficitur maximus ultrices, enim lectus rutrum elit, eget malesuada mi justo dapibus enim. Maecenas finibus euismod nulla quis dignissim. Sed dictum ante rutrum turpis euismod laoreet. Sed placerat tellus leo. In ut lobortis lorem. Nullam vitae lectus egestas urna tincidunt aliquet. Ut sagittis vel enim eget malesuada. Cras in congue tortor. Interdum et malesuada fames ac ante ipsum primis in faucibus. Nunc tempus consequat neque, et eleifend nulla aliquam eu.",Author 47,10,napoleon-hill-suc-manh-lam-giau-ky-dieu-nghi-giau-lam-giau,NXB 47,2014,144
https://cdn1.fahasa.com/media/catalog/product/8/9/8935246943472.jpg,"Tay Trắng Dựng Cơ Đồ - Gửi Đến Bạn - Những Người ""Chưa Là Ai Cả""",64500,19,9780085479683,"Lorem ipsum dolor sit amet, consectetur adipiscing elit. Nam congue vel tellus non luctus. Vestibulum vitae nunc lorem. Sed lacinia lectus vel augue imperdiet ultricies. Donec id venenatis ex, vitae pretium ligula. Sed nulla eros, dignissim at feugiat non, posuere sit amet urna. Ut eu porttitor tellus. Cras eu massa nulla. Morbi porta fermentum elit eu iaculis. Pellentesque hendrerit venenatis purus at feugiat. Pellentesque vitae feugiat purus. Donec mattis rhoncus lacinia. Sed quam diam, molestie id laoreet eu, lacinia ac turpis. Cras tincidunt lobortis elit quis aliquam. Proin et massa libero.

Aliquam id pharetra arcu. Vivamus vitae mattis ligula. Sed efficitur urna vitae scelerisque tempor. Proin purus magna, vulputate eu ligula a, vehicula malesuada enim. Curabitur aliquet rutrum enim et tincidunt. Vestibulum ante ipsum primis in faucibus orci luctus et ultrices posuere cubilia curae; Vivamus pharetra enim leo, nec molestie nibh consectetur quis. Class aptent taciti sociosqu ad litora torquent per conubia nostra, per inceptos himenaeos. Nunc quis maximus elit, vitae pulvinar urna. Integer at mi elit. Phasellus vitae rutrum sem. Vivamus et mauris ac nisl congue congue eu eget elit. Nullam at quam velit. Pellentesque dictum, diam nec tempor aliquet, tortor justo fermentum sapien, at condimentum turpis elit vel sapien. Aenean rutrum tellus sodales tortor viverra eleifend.

Donec facilisis, diam efficitur maximus ultrices, enim lectus rutrum elit, eget malesuada mi justo dapibus enim. Maecenas finibus euismod nulla quis dignissim. Sed dictum ante rutrum turpis euismod laoreet. Sed placerat tellus leo. In ut lobortis lorem. Nullam vitae lectus egestas urna tincidunt aliquet. Ut sagittis vel enim eget malesuada. Cras in congue tortor. Interdum et malesuada fames ac ante ipsum primis in faucibus. Nunc tempus consequat neque, et eleifend nulla aliquam eu.",Author 48,3,tay-trang-dung-co-o-gui-en-ban-nhung-nguoi-chua-la-ai-ca,NXB 48,2003,257
https://cdn1.fahasa.com/media/catalog/product/i/m/image_195509_1_32101.jpg,48 Nguyên Tắc Chủ Chốt Của Quyền Lực (Tái Bản),170000,17,9780085479684,"Lorem ipsum dolor sit amet, consectetur adipiscing elit. Nam congue vel tellus non luctus. Vestibulum vitae nunc lorem. Sed lacinia lectus vel augue imperdiet ultricies. Donec id venenatis ex, vitae pretium ligula. Sed nulla eros, dignissim at feugiat non, posuere sit amet urna. Ut eu porttitor tellus. Cras eu massa nulla. Morbi porta fermentum elit eu iaculis. Pellentesque hendrerit venenatis purus at feugiat. Pellentesque vitae feugiat purus. Donec mattis rhoncus lacinia. Sed quam diam, molestie id laoreet eu, lacinia ac turpis. Cras tincidunt lobortis elit quis aliquam. Proin et massa libero.

Aliquam id pharetra arcu. Vivamus vitae mattis ligula. Sed efficitur urna vitae scelerisque tempor. Proin purus magna, vulputate eu ligula a, vehicula malesuada enim. Curabitur aliquet rutrum enim et tincidunt. Vestibulum ante ipsum primis in faucibus orci luctus et ultrices posuere cubilia curae; Vivamus pharetra enim leo, nec molestie nibh consectetur quis. Class aptent taciti sociosqu ad litora torquent per conubia nostra, per inceptos himenaeos. Nunc quis maximus elit, vitae pulvinar urna. Integer at mi elit. Phasellus vitae rutrum sem. Vivamus et mauris ac nisl congue congue eu eget elit. Nullam at quam velit. Pellentesque dictum, diam nec tempor aliquet, tortor justo fermentum sapien, at condimentum turpis elit vel sapien. Aenean rutrum tellus sodales tortor viverra eleifend.

Donec facilisis, diam efficitur maximus ultrices, enim lectus rutrum elit, eget malesuada mi justo dapibus enim. Maecenas finibus euismod nulla quis dignissim. Sed dictum ante rutrum turpis euismod laoreet. Sed placerat tellus leo. In ut lobortis lorem. Nullam vitae lectus egestas urna tincidunt aliquet. Ut sagittis vel enim eget malesuada. Cras in congue tortor. Interdum et malesuada fames ac ante ipsum primis in faucibus. Nunc tempus consequat neque, et eleifend nulla aliquam eu.",Author 49,9,48-nguyen-tac-chu-chot-cua-quyen-luc-tai-ban,NXB 49,2020,123
https://cdn1.fahasa.com/media/catalog/product/i/m/image_195509_1_41914.jpg,Người Giàu Có Nhất Thành Babylon,68600,17,9780085479685,"Lorem ipsum dolor sit amet, consectetur adipiscing elit. Nam congue vel tellus non luctus. Vestibulum vitae nunc lorem. Sed lacinia lectus vel augue imperdiet ultricies. Donec id venenatis ex, vitae pretium ligula. Sed nulla eros, dignissim at feugiat non, posuere sit amet urna. Ut eu porttitor tellus. Cras eu massa nulla. Morbi porta fermentum elit eu iaculis. Pellentesque hendrerit venenatis purus at feugiat. Pellentesque vitae feugiat purus. Donec mattis rhoncus lacinia. Sed quam diam, molestie id laoreet eu, lacinia ac turpis. Cras tincidunt lobortis elit quis aliquam. Proin et massa libero.

Aliquam id pharetra arcu. Vivamus vitae mattis ligula. Sed efficitur urna vitae scelerisque tempor. Proin purus magna, vulputate eu ligula a, vehicula malesuada enim. Curabitur aliquet rutrum enim et tincidunt. Vestibulum ante ipsum primis in faucibus orci luctus et ultrices posuere cubilia curae; Vivamus pharetra enim leo, nec molestie nibh consectetur quis. Class aptent taciti sociosqu ad litora torquent per conubia nostra, per inceptos himenaeos. Nunc quis maximus elit, vitae pulvinar urna. Integer at mi elit. Phasellus vitae rutrum sem. Vivamus et mauris ac nisl congue congue eu eget elit. Nullam at quam velit. Pellentesque dictum, diam nec tempor aliquet, tortor justo fermentum sapien, at condimentum turpis elit vel sapien. Aenean rutrum tellus sodales tortor viverra eleifend.

Donec facilisis, diam efficitur maximus ultrices, enim lectus rutrum elit, eget malesuada mi justo dapibus enim. Maecenas finibus euismod nulla quis dignissim. Sed dictum ante rutrum turpis euismod laoreet. Sed placerat tellus leo. In ut lobortis lorem. Nullam vitae lectus egestas urna tincidunt aliquet. Ut sagittis vel enim eget malesuada. Cras in congue tortor. Interdum et malesuada fames ac ante ipsum primis in faucibus. Nunc tempus consequat neque, et eleifend nulla aliquam eu.",Author 50,16,nguoi-giau-co-nhat-thanh-babylon,NXB 50,2021,257
https://cdn1.fahasa.com/media/catalog/product/n/x/nxbtre_full_09462021_024609.jpg,Từ Tốt Đến Vĩ Đại - Jim Collins (Tái Bản 2021),110500,17,9780085479686,"Lorem ipsum dolor sit amet, consectetur adipiscing elit. Nam congue vel tellus non luctus. Vestibulum vitae nunc lorem. Sed lacinia lectus vel augue imperdiet ultricies. Donec id venenatis ex, vitae pretium ligula. Sed nulla eros, dignissim at feugiat non, posuere sit amet urna. Ut eu porttitor tellus. Cras eu massa nulla. Morbi porta fermentum elit eu iaculis. Pellentesque hendrerit venenatis purus at feugiat. Pellentesque vitae feugiat purus. Donec mattis rhoncus lacinia. Sed quam diam, molestie id laoreet eu, lacinia ac turpis. Cras tincidunt lobortis elit quis aliquam. Proin et massa libero.

Aliquam id pharetra arcu. Vivamus vitae mattis ligula. Sed efficitur urna vitae scelerisque tempor. Proin purus magna, vulputate eu ligula a, vehicula malesuada enim. Curabitur aliquet rutrum enim et tincidunt. Vestibulum ante ipsum primis in faucibus orci luctus et ultrices posuere cubilia curae; Vivamus pharetra enim leo, nec molestie nibh consectetur quis. Class aptent taciti sociosqu ad litora torquent per conubia nostra, per inceptos himenaeos. Nunc quis maximus elit, vitae pulvinar urna. Integer at mi elit. Phasellus vitae rutrum sem. Vivamus et mauris ac nisl congue congue eu eget elit. Nullam at quam velit. Pellentesque dictum, diam nec tempor aliquet, tortor justo fermentum sapien, at condimentum turpis elit vel sapien. Aenean rutrum tellus sodales tortor viverra eleifend.

Donec facilisis, diam efficitur maximus ultrices, enim lectus rutrum elit, eget malesuada mi justo dapibus enim. Maecenas finibus euismod nulla quis dignissim. Sed dictum ante rutrum turpis euismod laoreet. Sed placerat tellus leo. In ut lobortis lorem. Nullam vitae lectus egestas urna tincidunt aliquet. Ut sagittis vel enim eget malesuada. Cras in congue tortor. Interdum et malesuada fames ac ante ipsum primis in faucibus. Nunc tempus consequat neque, et eleifend nulla aliquam eu.",Author 51,13,tu-tot-en-vi-ai-jim-collins-tai-ban-2021,NXB 51,2016,54
https://cdn1.fahasa.com/media/catalog/product/l/e/lennui-front_1.jpg,"Lên Đỉnh Núi Mở Tiệm Bánh Mì - Triết Lí Wazawaza - Những Con Người Hạnh Phúc, 2 Loại Bánh Mì, Và Doanh Thu Thường Niên 300 Triệu Yên",102000,17,9780085479687,"Lorem ipsum dolor sit amet, consectetur adipiscing elit. Nam congue vel tellus non luctus. Vestibulum vitae nunc lorem. Sed lacinia lectus vel augue imperdiet ultricies. Donec id venenatis ex, vitae pretium ligula. Sed nulla eros, dignissim at feugiat non, posuere sit amet urna. Ut eu porttitor tellus. Cras eu massa nulla. Morbi porta fermentum elit eu iaculis. Pellentesque hendrerit venenatis purus at feugiat. Pellentesque vitae feugiat purus. Donec mattis rhoncus lacinia. Sed quam diam, molestie id laoreet eu, lacinia ac turpis. Cras tincidunt lobortis elit quis aliquam. Proin et massa libero.

Aliquam id pharetra arcu. Vivamus vitae mattis ligula. Sed efficitur urna vitae scelerisque tempor. Proin purus magna, vulputate eu ligula a, vehicula malesuada enim. Curabitur aliquet rutrum enim et tincidunt. Vestibulum ante ipsum primis in faucibus orci luctus et ultrices posuere cubilia curae; Vivamus pharetra enim leo, nec molestie nibh consectetur quis. Class aptent taciti sociosqu ad litora torquent per conubia nostra, per inceptos himenaeos. Nunc quis maximus elit, vitae pulvinar urna. Integer at mi elit. Phasellus vitae rutrum sem. Vivamus et mauris ac nisl congue congue eu eget elit. Nullam at quam velit. Pellentesque dictum, diam nec tempor aliquet, tortor justo fermentum sapien, at condimentum turpis elit vel sapien. Aenean rutrum tellus sodales tortor viverra eleifend.

Donec facilisis, diam efficitur maximus ultrices, enim lectus rutrum elit, eget malesuada mi justo dapibus enim. Maecenas finibus euismod nulla quis dignissim. Sed dictum ante rutrum turpis euismod laoreet. Sed placerat tellus leo. In ut lobortis lorem. Nullam vitae lectus egestas urna tincidunt aliquet. Ut sagittis vel enim eget malesuada. Cras in congue tortor. Interdum et malesuada fames ac ante ipsum primis in faucibus. Nunc tempus consequat neque, et eleifend nulla aliquam eu.",Author 52,4,len-inh-nui-mo-tiem-banh-mi-triet-li-wazawaza-nhung-con-nguoi-hanh-phuc-2-loai-banh-mi-va-doanh-thu-thuong-nien-300-trieu-yen,NXB 52,2015,98
https://cdn1.fahasa.com/media/catalog/product/8/9/8935210307910.jpg,Lời Thú Tội Của Một Sát Thủ Kinh Tế - Bìa Cứng (Tái Bản 2023),159250,17,9780085479688,"Lorem ipsum dolor sit amet, consectetur adipiscing elit. Nam congue vel tellus non luctus. Vestibulum vitae nunc lorem. Sed lacinia lectus vel augue imperdiet ultricies. Donec id venenatis ex, vitae pretium ligula. Sed nulla eros, dignissim at feugiat non, posuere sit amet urna. Ut eu porttitor tellus. Cras eu massa nulla. Morbi porta fermentum elit eu iaculis. Pellentesque hendrerit venenatis purus at feugiat. Pellentesque vitae feugiat purus. Donec mattis rhoncus lacinia. Sed quam diam, molestie id laoreet eu, lacinia ac turpis. Cras tincidunt lobortis elit quis aliquam. Proin et massa libero.

Aliquam id pharetra arcu. Vivamus vitae mattis ligula. Sed efficitur urna vitae scelerisque tempor. Proin purus magna, vulputate eu ligula a, vehicula malesuada enim. Curabitur aliquet rutrum enim et tincidunt. Vestibulum ante ipsum primis in faucibus orci luctus et ultrices posuere cubilia curae; Vivamus pharetra enim leo, nec molestie nibh consectetur quis. Class aptent taciti sociosqu ad litora torquent per conubia nostra, per inceptos himenaeos. Nunc quis maximus elit, vitae pulvinar urna. Integer at mi elit. Phasellus vitae rutrum sem. Vivamus et mauris ac nisl congue congue eu eget elit. Nullam at quam velit. Pellentesque dictum, diam nec tempor aliquet, tortor justo fermentum sapien, at condimentum turpis elit vel sapien. Aenean rutrum tellus sodales tortor viverra eleifend.

Donec facilisis, diam efficitur maximus ultrices, enim lectus rutrum elit, eget malesuada mi justo dapibus enim. Maecenas finibus euismod nulla quis dignissim. Sed dictum ante rutrum turpis euismod laoreet. Sed placerat tellus leo. In ut lobortis lorem. Nullam vitae lectus egestas urna tincidunt aliquet. Ut sagittis vel enim eget malesuada. Cras in congue tortor. Interdum et malesuada fames ac ante ipsum primis in faucibus. Nunc tempus consequat neque, et eleifend nulla aliquam eu.",Author 53,15,loi-thu-toi-cua-mot-sat-thu-kinh-te-bia-cung-tai-ban-2023,NXB 53,2021,56
https://cdn1.fahasa.com/media/catalog/product/b/_/b_a-ba-ng_i-kh_ng-l_-trong-kinh-t_-h_c.jpg,Ba Người Khổng Lồ Trong Kinh Tế Học,127500,17,9780085479689,"Lorem ipsum dolor sit amet, consectetur adipiscing elit. Nam congue vel tellus non luctus. Vestibulum vitae nunc lorem. Sed lacinia lectus vel augue imperdiet ultricies. Donec id venenatis ex, vitae pretium ligula. Sed nulla eros, dignissim at feugiat non, posuere sit amet urna. Ut eu porttitor tellus. Cras eu massa nulla. Morbi porta fermentum elit eu iaculis. Pellentesque hendrerit venenatis purus at feugiat. Pellentesque vitae feugiat purus. Donec mattis rhoncus lacinia. Sed quam diam, molestie id laoreet eu, lacinia ac turpis. Cras tincidunt lobortis elit quis aliquam. Proin et massa libero.

Aliquam id pharetra arcu. Vivamus vitae mattis ligula. Sed efficitur urna vitae scelerisque tempor. Proin purus magna, vulputate eu ligula a, vehicula malesuada enim. Curabitur aliquet rutrum enim et tincidunt. Vestibulum ante ipsum primis in faucibus orci luctus et ultrices posuere cubilia curae; Vivamus pharetra enim leo, nec molestie nibh consectetur quis. Class aptent taciti sociosqu ad litora torquent per conubia nostra, per inceptos himenaeos. Nunc quis maximus elit, vitae pulvinar urna. Integer at mi elit. Phasellus vitae rutrum sem. Vivamus et mauris ac nisl congue congue eu eget elit. Nullam at quam velit. Pellentesque dictum, diam nec tempor aliquet, tortor justo fermentum sapien, at condimentum turpis elit vel sapien. Aenean rutrum tellus sodales tortor viverra eleifend.

Donec facilisis, diam efficitur maximus ultrices, enim lectus rutrum elit, eget malesuada mi justo dapibus enim. Maecenas finibus euismod nulla quis dignissim. Sed dictum ante rutrum turpis euismod laoreet. Sed placerat tellus leo. In ut lobortis lorem. Nullam vitae lectus egestas urna tincidunt aliquet. Ut sagittis vel enim eget malesuada. Cras in congue tortor. Interdum et malesuada fames ac ante ipsum primis in faucibus. Nunc tempus consequat neque, et eleifend nulla aliquam eu.",Author 54,16,ba-nguoi-khong-lo-trong-kinh-te-hoc,NXB 54,2024,282
https://cdn1.fahasa.com/media/catalog/product/n/g/nghigiaulamgiau_110k-01_bia-1.jpg,Nghĩ Giàu & Làm Giàu (Tái Bản 2020),77000,17,9780085479690,"Lorem ipsum dolor sit amet, consectetur adipiscing elit. Nam congue vel tellus non luctus. Vestibulum vitae nunc lorem. Sed lacinia lectus vel augue imperdiet ultricies. Donec id venenatis ex, vitae pretium ligula. Sed nulla eros, dignissim at feugiat non, posuere sit amet urna. Ut eu porttitor tellus. Cras eu massa nulla. Morbi porta fermentum elit eu iaculis. Pellentesque hendrerit venenatis purus at feugiat. Pellentesque vitae feugiat purus. Donec mattis rhoncus lacinia. Sed quam diam, molestie id laoreet eu, lacinia ac turpis. Cras tincidunt lobortis elit quis aliquam. Proin et massa libero.

Aliquam id pharetra arcu. Vivamus vitae mattis ligula. Sed efficitur urna vitae scelerisque tempor. Proin purus magna, vulputate eu ligula a, vehicula malesuada enim. Curabitur aliquet rutrum enim et tincidunt. Vestibulum ante ipsum primis in faucibus orci luctus et ultrices posuere cubilia curae; Vivamus pharetra enim leo, nec molestie nibh consectetur quis. Class aptent taciti sociosqu ad litora torquent per conubia nostra, per inceptos himenaeos. Nunc quis maximus elit, vitae pulvinar urna. Integer at mi elit. Phasellus vitae rutrum sem. Vivamus et mauris ac nisl congue congue eu eget elit. Nullam at quam velit. Pellentesque dictum, diam nec tempor aliquet, tortor justo fermentum sapien, at condimentum turpis elit vel sapien. Aenean rutrum tellus sodales tortor viverra eleifend.

Donec facilisis, diam efficitur maximus ultrices, enim lectus rutrum elit, eget malesuada mi justo dapibus enim. Maecenas finibus euismod nulla quis dignissim. Sed dictum ante rutrum turpis euismod laoreet. Sed placerat tellus leo. In ut lobortis lorem. Nullam vitae lectus egestas urna tincidunt aliquet. Ut sagittis vel enim eget malesuada. Cras in congue tortor. Interdum et malesuada fames ac ante ipsum primis in faucibus. Nunc tempus consequat neque, et eleifend nulla aliquam eu.",Author 55,20,nghi-giau-lam-giau-tai-ban-2020,NXB 55,2021,53
https://cdn1.fahasa.com/media/catalog/product/h/_/h_p-solo-expert.jpg,Boxset Vietnam Solo Expert - 7 Công Cụ Giúp Bạn Làm Chủ Sự Nghiệp Kinh Doanh Chuyên Môn Độc Lập (Hộp 7 Cuốn),731000,17,9780085479691,"Lorem ipsum dolor sit amet, consectetur adipiscing elit. Nam congue vel tellus non luctus. Vestibulum vitae nunc lorem. Sed lacinia lectus vel augue imperdiet ultricies. Donec id venenatis ex, vitae pretium ligula. Sed nulla eros, dignissim at feugiat non, posuere sit amet urna. Ut eu porttitor tellus. Cras eu massa nulla. Morbi porta fermentum elit eu iaculis. Pellentesque hendrerit venenatis purus at feugiat. Pellentesque vitae feugiat purus. Donec mattis rhoncus lacinia. Sed quam diam, molestie id laoreet eu, lacinia ac turpis. Cras tincidunt lobortis elit quis aliquam. Proin et massa libero.

Aliquam id pharetra arcu. Vivamus vitae mattis ligula. Sed efficitur urna vitae scelerisque tempor. Proin purus magna, vulputate eu ligula a, vehicula malesuada enim. Curabitur aliquet rutrum enim et tincidunt. Vestibulum ante ipsum primis in faucibus orci luctus et ultrices posuere cubilia curae; Vivamus pharetra enim leo, nec molestie nibh consectetur quis. Class aptent taciti sociosqu ad litora torquent per conubia nostra, per inceptos himenaeos. Nunc quis maximus elit, vitae pulvinar urna. Integer at mi elit. Phasellus vitae rutrum sem. Vivamus et mauris ac nisl congue congue eu eget elit. Nullam at quam velit. Pellentesque dictum, diam nec tempor aliquet, tortor justo fermentum sapien, at condimentum turpis elit vel sapien. Aenean rutrum tellus sodales tortor viverra eleifend.

Donec facilisis, diam efficitur maximus ultrices, enim lectus rutrum elit, eget malesuada mi justo dapibus enim. Maecenas finibus euismod nulla quis dignissim. Sed dictum ante rutrum turpis euismod laoreet. Sed placerat tellus leo. In ut lobortis lorem. Nullam vitae lectus egestas urna tincidunt aliquet. Ut sagittis vel enim eget malesuada. Cras in congue tortor. Interdum et malesuada fames ac ante ipsum primis in faucibus. Nunc tempus consequat neque, et eleifend nulla aliquam eu.",Author 56,17,boxset-vietnam-solo-expert-7-cong-cu-giup-ban-lam-chu-su-nghiep-kinh-doanh-chuyen-mon-oc-lap-hop-7-cuon,NXB 56,2013,226
https://cdn1.fahasa.com/media/catalog/product/i/m/image_182444.jpg,Rich Habits - Thói Quen Thành Công Của Những Triệu Phú Tự Thân,129500,17,9780085479692,"Lorem ipsum dolor sit amet, consectetur adipiscing elit. Nam congue vel tellus non luctus. Vestibulum vitae nunc lorem. Sed lacinia lectus vel augue imperdiet ultricies. Donec id venenatis ex, vitae pretium ligula. Sed nulla eros, dignissim at feugiat non, posuere sit amet urna. Ut eu porttitor tellus. Cras eu massa nulla. Morbi porta fermentum elit eu iaculis. Pellentesque hendrerit venenatis purus at feugiat. Pellentesque vitae feugiat purus. Donec mattis rhoncus lacinia. Sed quam diam, molestie id laoreet eu, lacinia ac turpis. Cras tincidunt lobortis elit quis aliquam. Proin et massa libero.

Aliquam id pharetra arcu. Vivamus vitae mattis ligula. Sed efficitur urna vitae scelerisque tempor. Proin purus magna, vulputate eu ligula a, vehicula malesuada enim. Curabitur aliquet rutrum enim et tincidunt. Vestibulum ante ipsum primis in faucibus orci luctus et ultrices posuere cubilia curae; Vivamus pharetra enim leo, nec molestie nibh consectetur quis. Class aptent taciti sociosqu ad litora torquent per conubia nostra, per inceptos himenaeos. Nunc quis maximus elit, vitae pulvinar urna. Integer at mi elit. Phasellus vitae rutrum sem. Vivamus et mauris ac nisl congue congue eu eget elit. Nullam at quam velit. Pellentesque dictum, diam nec tempor aliquet, tortor justo fermentum sapien, at condimentum turpis elit vel sapien. Aenean rutrum tellus sodales tortor viverra eleifend.

Donec facilisis, diam efficitur maximus ultrices, enim lectus rutrum elit, eget malesuada mi justo dapibus enim. Maecenas finibus euismod nulla quis dignissim. Sed dictum ante rutrum turpis euismod laoreet. Sed placerat tellus leo. In ut lobortis lorem. Nullam vitae lectus egestas urna tincidunt aliquet. Ut sagittis vel enim eget malesuada. Cras in congue tortor. Interdum et malesuada fames ac ante ipsum primis in faucibus. Nunc tempus consequat neque, et eleifend nulla aliquam eu.",Author 57,18,rich-habits-thoi-quen-thanh-cong-cua-nhung-trieu-phu-tu-than,NXB 57,2010,179
https://cdn1.fahasa.com/media/catalog/product/9/7/9786043941807.jpg,Người Giàu Có Nhất Thành Babylon,73500,17,9780085479693,"Lorem ipsum dolor sit amet, consectetur adipiscing elit. Nam congue vel tellus non luctus. Vestibulum vitae nunc lorem. Sed lacinia lectus vel augue imperdiet ultricies. Donec id venenatis ex, vitae pretium ligula. Sed nulla eros, dignissim at feugiat non, posuere sit amet urna. Ut eu porttitor tellus. Cras eu massa nulla. Morbi porta fermentum elit eu iaculis. Pellentesque hendrerit venenatis purus at feugiat. Pellentesque vitae feugiat purus. Donec mattis rhoncus lacinia. Sed quam diam, molestie id laoreet eu, lacinia ac turpis. Cras tincidunt lobortis elit quis aliquam. Proin et massa libero.

Aliquam id pharetra arcu. Vivamus vitae mattis ligula. Sed efficitur urna vitae scelerisque tempor. Proin purus magna, vulputate eu ligula a, vehicula malesuada enim. Curabitur aliquet rutrum enim et tincidunt. Vestibulum ante ipsum primis in faucibus orci luctus et ultrices posuere cubilia curae; Vivamus pharetra enim leo, nec molestie nibh consectetur quis. Class aptent taciti sociosqu ad litora torquent per conubia nostra, per inceptos himenaeos. Nunc quis maximus elit, vitae pulvinar urna. Integer at mi elit. Phasellus vitae rutrum sem. Vivamus et mauris ac nisl congue congue eu eget elit. Nullam at quam velit. Pellentesque dictum, diam nec tempor aliquet, tortor justo fermentum sapien, at condimentum turpis elit vel sapien. Aenean rutrum tellus sodales tortor viverra eleifend.

Donec facilisis, diam efficitur maximus ultrices, enim lectus rutrum elit, eget malesuada mi justo dapibus enim. Maecenas finibus euismod nulla quis dignissim. Sed dictum ante rutrum turpis euismod laoreet. Sed placerat tellus leo. In ut lobortis lorem. Nullam vitae lectus egestas urna tincidunt aliquet. Ut sagittis vel enim eget malesuada. Cras in congue tortor. Interdum et malesuada fames ac ante ipsum primis in faucibus. Nunc tempus consequat neque, et eleifend nulla aliquam eu.",Author 58,17,nguoi-giau-co-nhat-thanh-babylon,NXB 58,2006,243
https://cdn1.fahasa.com/media/catalog/product/k/h/khongbaogiothatbai_bia01_1.jpg,Không Bao Giờ Là Thất Bại! Tất Cả Là Thử Thách (Tái Bản 2023),151840,17,9780085479694,"Lorem ipsum dolor sit amet, consectetur adipiscing elit. Nam congue vel tellus non luctus. Vestibulum vitae nunc lorem. Sed lacinia lectus vel augue imperdiet ultricies. Donec id venenatis ex, vitae pretium ligula. Sed nulla eros, dignissim at feugiat non, posuere sit amet urna. Ut eu porttitor tellus. Cras eu massa nulla. Morbi porta fermentum elit eu iaculis. Pellentesque hendrerit venenatis purus at feugiat. Pellentesque vitae feugiat purus. Donec mattis rhoncus lacinia. Sed quam diam, molestie id laoreet eu, lacinia ac turpis. Cras tincidunt lobortis elit quis aliquam. Proin et massa libero.

Aliquam id pharetra arcu. Vivamus vitae mattis ligula. Sed efficitur urna vitae scelerisque tempor. Proin purus magna, vulputate eu ligula a, vehicula malesuada enim. Curabitur aliquet rutrum enim et tincidunt. Vestibulum ante ipsum primis in faucibus orci luctus et ultrices posuere cubilia curae; Vivamus pharetra enim leo, nec molestie nibh consectetur quis. Class aptent taciti sociosqu ad litora torquent per conubia nostra, per inceptos himenaeos. Nunc quis maximus elit, vitae pulvinar urna. Integer at mi elit. Phasellus vitae rutrum sem. Vivamus et mauris ac nisl congue congue eu eget elit. Nullam at quam velit. Pellentesque dictum, diam nec tempor aliquet, tortor justo fermentum sapien, at condimentum turpis elit vel sapien. Aenean rutrum tellus sodales tortor viverra eleifend.

Donec facilisis, diam efficitur maximus ultrices, enim lectus rutrum elit, eget malesuada mi justo dapibus enim. Maecenas finibus euismod nulla quis dignissim. Sed dictum ante rutrum turpis euismod laoreet. Sed placerat tellus leo. In ut lobortis lorem. Nullam vitae lectus egestas urna tincidunt aliquet. Ut sagittis vel enim eget malesuada. Cras in congue tortor. Interdum et malesuada fames ac ante ipsum primis in faucibus. Nunc tempus consequat neque, et eleifend nulla aliquam eu.",Author 59,15,khong-bao-gio-la-that-bai-tat-ca-la-thu-thach-tai-ban-2023,NXB 59,2017,140
https://cdn1.fahasa.com/media/catalog/product/8/9/8934974177623.jpg,Trump - Đừng Bao Giờ Bỏ Cuộc (Tái Bản 2022),68000,17,9780085479695,"Lorem ipsum dolor sit amet, consectetur adipiscing elit. Nam congue vel tellus non luctus. Vestibulum vitae nunc lorem. Sed lacinia lectus vel augue imperdiet ultricies. Donec id venenatis ex, vitae pretium ligula. Sed nulla eros, dignissim at feugiat non, posuere sit amet urna. Ut eu porttitor tellus. Cras eu massa nulla. Morbi porta fermentum elit eu iaculis. Pellentesque hendrerit venenatis purus at feugiat. Pellentesque vitae feugiat purus. Donec mattis rhoncus lacinia. Sed quam diam, molestie id laoreet eu, lacinia ac turpis. Cras tincidunt lobortis elit quis aliquam. Proin et massa libero.

Aliquam id pharetra arcu. Vivamus vitae mattis ligula. Sed efficitur urna vitae scelerisque tempor. Proin purus magna, vulputate eu ligula a, vehicula malesuada enim. Curabitur aliquet rutrum enim et tincidunt. Vestibulum ante ipsum primis in faucibus orci luctus et ultrices posuere cubilia curae; Vivamus pharetra enim leo, nec molestie nibh consectetur quis. Class aptent taciti sociosqu ad litora torquent per conubia nostra, per inceptos himenaeos. Nunc quis maximus elit, vitae pulvinar urna. Integer at mi elit. Phasellus vitae rutrum sem. Vivamus et mauris ac nisl congue congue eu eget elit. Nullam at quam velit. Pellentesque dictum, diam nec tempor aliquet, tortor justo fermentum sapien, at condimentum turpis elit vel sapien. Aenean rutrum tellus sodales tortor viverra eleifend.

Donec facilisis, diam efficitur maximus ultrices, enim lectus rutrum elit, eget malesuada mi justo dapibus enim. Maecenas finibus euismod nulla quis dignissim. Sed dictum ante rutrum turpis euismod laoreet. Sed placerat tellus leo. In ut lobortis lorem. Nullam vitae lectus egestas urna tincidunt aliquet. Ut sagittis vel enim eget malesuada. Cras in congue tortor. Interdum et malesuada fames ac ante ipsum primis in faucibus. Nunc tempus consequat neque, et eleifend nulla aliquam eu.",Author 60,15,trump-ung-bao-gio-bo-cuoc-tai-ban-2022,NXB 60,2004,78
https://cdn1.fahasa.com/media/catalog/product/8/9/8934974181279.jpg,"Nghĩ Như Một Tỷ Phú - Mọi Thứ Bạn Cần Biết Về Thành Công, Bất Động Sản Và Cuộc Sống (Tái Bản 2022)",76500,17,9780085479696,"Lorem ipsum dolor sit amet, consectetur adipiscing elit. Nam congue vel tellus non luctus. Vestibulum vitae nunc lorem. Sed lacinia lectus vel augue imperdiet ultricies. Donec id venenatis ex, vitae pretium ligula. Sed nulla eros, dignissim at feugiat non, posuere sit amet urna. Ut eu porttitor tellus. Cras eu massa nulla. Morbi porta fermentum elit eu iaculis. Pellentesque hendrerit venenatis purus at feugiat. Pellentesque vitae feugiat purus. Donec mattis rhoncus lacinia. Sed quam diam, molestie id laoreet eu, lacinia ac turpis. Cras tincidunt lobortis elit quis aliquam. Proin et massa libero.

Aliquam id pharetra arcu. Vivamus vitae mattis ligula. Sed efficitur urna vitae scelerisque tempor. Proin purus magna, vulputate eu ligula a, vehicula malesuada enim. Curabitur aliquet rutrum enim et tincidunt. Vestibulum ante ipsum primis in faucibus orci luctus et ultrices posuere cubilia curae; Vivamus pharetra enim leo, nec molestie nibh consectetur quis. Class aptent taciti sociosqu ad litora torquent per conubia nostra, per inceptos himenaeos. Nunc quis maximus elit, vitae pulvinar urna. Integer at mi elit. Phasellus vitae rutrum sem. Vivamus et mauris ac nisl congue congue eu eget elit. Nullam at quam velit. Pellentesque dictum, diam nec tempor aliquet, tortor justo fermentum sapien, at condimentum turpis elit vel sapien. Aenean rutrum tellus sodales tortor viverra eleifend.

Donec facilisis, diam efficitur maximus ultrices, enim lectus rutrum elit, eget malesuada mi justo dapibus enim. Maecenas finibus euismod nulla quis dignissim. Sed dictum ante rutrum turpis euismod laoreet. Sed placerat tellus leo. In ut lobortis lorem. Nullam vitae lectus egestas urna tincidunt aliquet. Ut sagittis vel enim eget malesuada. Cras in congue tortor. Interdum et malesuada fames ac ante ipsum primis in faucibus. Nunc tempus consequat neque, et eleifend nulla aliquam eu.",Author 61,11,nghi-nhu-mot-ty-phu-moi-thu-ban-can-biet-ve-thanh-cong-bat-ong-san-va-cuoc-song-tai-ban-2022,NXB 61,2010,245
https://cdn1.fahasa.com/media/catalog/product/9/7/9786326111187.jpg,Bí Quyết Kinh Doanh Thuê Và Cho Thuê Nhà - Tập 2 - Hành Trình Từ Lý Thuyết Tới Thực Tiễn,160000,17,9780085479697,"Lorem ipsum dolor sit amet, consectetur adipiscing elit. Nam congue vel tellus non luctus. Vestibulum vitae nunc lorem. Sed lacinia lectus vel augue imperdiet ultricies. Donec id venenatis ex, vitae pretium ligula. Sed nulla eros, dignissim at feugiat non, posuere sit amet urna. Ut eu porttitor tellus. Cras eu massa nulla. Morbi porta fermentum elit eu iaculis. Pellentesque hendrerit venenatis purus at feugiat. Pellentesque vitae feugiat purus. Donec mattis rhoncus lacinia. Sed quam diam, molestie id laoreet eu, lacinia ac turpis. Cras tincidunt lobortis elit quis aliquam. Proin et massa libero.

Aliquam id pharetra arcu. Vivamus vitae mattis ligula. Sed efficitur urna vitae scelerisque tempor. Proin purus magna, vulputate eu ligula a, vehicula malesuada enim. Curabitur aliquet rutrum enim et tincidunt. Vestibulum ante ipsum primis in faucibus orci luctus et ultrices posuere cubilia curae; Vivamus pharetra enim leo, nec molestie nibh consectetur quis. Class aptent taciti sociosqu ad litora torquent per conubia nostra, per inceptos himenaeos. Nunc quis maximus elit, vitae pulvinar urna. Integer at mi elit. Phasellus vitae rutrum sem. Vivamus et mauris ac nisl congue congue eu eget elit. Nullam at quam velit. Pellentesque dictum, diam nec tempor aliquet, tortor justo fermentum sapien, at condimentum turpis elit vel sapien. Aenean rutrum tellus sodales tortor viverra eleifend.

Donec facilisis, diam efficitur maximus ultrices, enim lectus rutrum elit, eget malesuada mi justo dapibus enim. Maecenas finibus euismod nulla quis dignissim. Sed dictum ante rutrum turpis euismod laoreet. Sed placerat tellus leo. In ut lobortis lorem. Nullam vitae lectus egestas urna tincidunt aliquet. Ut sagittis vel enim eget malesuada. Cras in congue tortor. Interdum et malesuada fames ac ante ipsum primis in faucibus. Nunc tempus consequat neque, et eleifend nulla aliquam eu.",Author 62,14,bi-quyet-kinh-doanh-thue-va-cho-thue-nha-tap-2-hanh-trinh-tu-ly-thuyet-toi-thuc-tien,NXB 62,2023,64
https://cdn1.fahasa.com/media/catalog/product/9/7/9786044923581.jpg,Bí Quyết Kinh Doanh Thuê Và Cho Thuê Nhà - Cách Tạo Thu Nhập Thụ Động Hiệu Quả Dành Cho Người Khởi Đầu Ít Vốn,198000,17,9780085479698,"Lorem ipsum dolor sit amet, consectetur adipiscing elit. Nam congue vel tellus non luctus. Vestibulum vitae nunc lorem. Sed lacinia lectus vel augue imperdiet ultricies. Donec id venenatis ex, vitae pretium ligula. Sed nulla eros, dignissim at feugiat non, posuere sit amet urna. Ut eu porttitor tellus. Cras eu massa nulla. Morbi porta fermentum elit eu iaculis. Pellentesque hendrerit venenatis purus at feugiat. Pellentesque vitae feugiat purus. Donec mattis rhoncus lacinia. Sed quam diam, molestie id laoreet eu, lacinia ac turpis. Cras tincidunt lobortis elit quis aliquam. Proin et massa libero.

Aliquam id pharetra arcu. Vivamus vitae mattis ligula. Sed efficitur urna vitae scelerisque tempor. Proin purus magna, vulputate eu ligula a, vehicula malesuada enim. Curabitur aliquet rutrum enim et tincidunt. Vestibulum ante ipsum primis in faucibus orci luctus et ultrices posuere cubilia curae; Vivamus pharetra enim leo, nec molestie nibh consectetur quis. Class aptent taciti sociosqu ad litora torquent per conubia nostra, per inceptos himenaeos. Nunc quis maximus elit, vitae pulvinar urna. Integer at mi elit. Phasellus vitae rutrum sem. Vivamus et mauris ac nisl congue congue eu eget elit. Nullam at quam velit. Pellentesque dictum, diam nec tempor aliquet, tortor justo fermentum sapien, at condimentum turpis elit vel sapien. Aenean rutrum tellus sodales tortor viverra eleifend.

Donec facilisis, diam efficitur maximus ultrices, enim lectus rutrum elit, eget malesuada mi justo dapibus enim. Maecenas finibus euismod nulla quis dignissim. Sed dictum ante rutrum turpis euismod laoreet. Sed placerat tellus leo. In ut lobortis lorem. Nullam vitae lectus egestas urna tincidunt aliquet. Ut sagittis vel enim eget malesuada. Cras in congue tortor. Interdum et malesuada fames ac ante ipsum primis in faucibus. Nunc tempus consequat neque, et eleifend nulla aliquam eu.",Author 63,7,bi-quyet-kinh-doanh-thue-va-cho-thue-nha-cach-tao-thu-nhap-thu-ong-hieu-qua-danh-cho-nguoi-khoi-au-it-von,NXB 63,2023,106
https://cdn1.fahasa.com/media/catalog/product/8/9/8934974184287.jpg,Gã Nghiện Giày - Tự Truyện Của Nhà Sáng Lập Nike (Tái Bản 2023),170000,17,9780085479699,"Lorem ipsum dolor sit amet, consectetur adipiscing elit. Nam congue vel tellus non luctus. Vestibulum vitae nunc lorem. Sed lacinia lectus vel augue imperdiet ultricies. Donec id venenatis ex, vitae pretium ligula. Sed nulla eros, dignissim at feugiat non, posuere sit amet urna. Ut eu porttitor tellus. Cras eu massa nulla. Morbi porta fermentum elit eu iaculis. Pellentesque hendrerit venenatis purus at feugiat. Pellentesque vitae feugiat purus. Donec mattis rhoncus lacinia. Sed quam diam, molestie id laoreet eu, lacinia ac turpis. Cras tincidunt lobortis elit quis aliquam. Proin et massa libero.

Aliquam id pharetra arcu. Vivamus vitae mattis ligula. Sed efficitur urna vitae scelerisque tempor. Proin purus magna, vulputate eu ligula a, vehicula malesuada enim. Curabitur aliquet rutrum enim et tincidunt. Vestibulum ante ipsum primis in faucibus orci luctus et ultrices posuere cubilia curae; Vivamus pharetra enim leo, nec molestie nibh consectetur quis. Class aptent taciti sociosqu ad litora torquent per conubia nostra, per inceptos himenaeos. Nunc quis maximus elit, vitae pulvinar urna. Integer at mi elit. Phasellus vitae rutrum sem. Vivamus et mauris ac nisl congue congue eu eget elit. Nullam at quam velit. Pellentesque dictum, diam nec tempor aliquet, tortor justo fermentum sapien, at condimentum turpis elit vel sapien. Aenean rutrum tellus sodales tortor viverra eleifend.

Donec facilisis, diam efficitur maximus ultrices, enim lectus rutrum elit, eget malesuada mi justo dapibus enim. Maecenas finibus euismod nulla quis dignissim. Sed dictum ante rutrum turpis euismod laoreet. Sed placerat tellus leo. In ut lobortis lorem. Nullam vitae lectus egestas urna tincidunt aliquet. Ut sagittis vel enim eget malesuada. Cras in congue tortor. Interdum et malesuada fames ac ante ipsum primis in faucibus. Nunc tempus consequat neque, et eleifend nulla aliquam eu.",Author 64,12,ga-nghien-giay-tu-truyen-cua-nha-sang-lap-nike-tai-ban-2023,NXB 64,2000,159
https://cdn1.fahasa.com/media/catalog/product/8/9/8935086856130.jpg,My Vision - Tầm Nhìn Thay Đổi Quốc Gia (Tái Bản 2022),195640,17,9780085479700,"Lorem ipsum dolor sit amet, consectetur adipiscing elit. Nam congue vel tellus non luctus. Vestibulum vitae nunc lorem. Sed lacinia lectus vel augue imperdiet ultricies. Donec id venenatis ex, vitae pretium ligula. Sed nulla eros, dignissim at feugiat non, posuere sit amet urna. Ut eu porttitor tellus. Cras eu massa nulla. Morbi porta fermentum elit eu iaculis. Pellentesque hendrerit venenatis purus at feugiat. Pellentesque vitae feugiat purus. Donec mattis rhoncus lacinia. Sed quam diam, molestie id laoreet eu, lacinia ac turpis. Cras tincidunt lobortis elit quis aliquam. Proin et massa libero.

Aliquam id pharetra arcu. Vivamus vitae mattis ligula. Sed efficitur urna vitae scelerisque tempor. Proin purus magna, vulputate eu ligula a, vehicula malesuada enim. Curabitur aliquet rutrum enim et tincidunt. Vestibulum ante ipsum primis in faucibus orci luctus et ultrices posuere cubilia curae; Vivamus pharetra enim leo, nec molestie nibh consectetur quis. Class aptent taciti sociosqu ad litora torquent per conubia nostra, per inceptos himenaeos. Nunc quis maximus elit, vitae pulvinar urna. Integer at mi elit. Phasellus vitae rutrum sem. Vivamus et mauris ac nisl congue congue eu eget elit. Nullam at quam velit. Pellentesque dictum, diam nec tempor aliquet, tortor justo fermentum sapien, at condimentum turpis elit vel sapien. Aenean rutrum tellus sodales tortor viverra eleifend.

Donec facilisis, diam efficitur maximus ultrices, enim lectus rutrum elit, eget malesuada mi justo dapibus enim. Maecenas finibus euismod nulla quis dignissim. Sed dictum ante rutrum turpis euismod laoreet. Sed placerat tellus leo. In ut lobortis lorem. Nullam vitae lectus egestas urna tincidunt aliquet. Ut sagittis vel enim eget malesuada. Cras in congue tortor. Interdum et malesuada fames ac ante ipsum primis in faucibus. Nunc tempus consequat neque, et eleifend nulla aliquam eu.",Author 65,13,my-vision-tam-nhin-thay-oi-quoc-gia-tai-ban-2022,NXB 65,2001,89
https://cdn1.fahasa.com/media/catalog/product/8/9/8934974208525.jpg,Tập Trung Vào Điều Quan Trọng - Focus On What Matters,110500,17,9780085479701,"Lorem ipsum dolor sit amet, consectetur adipiscing elit. Nam congue vel tellus non luctus. Vestibulum vitae nunc lorem. Sed lacinia lectus vel augue imperdiet ultricies. Donec id venenatis ex, vitae pretium ligula. Sed nulla eros, dignissim at feugiat non, posuere sit amet urna. Ut eu porttitor tellus. Cras eu massa nulla. Morbi porta fermentum elit eu iaculis. Pellentesque hendrerit venenatis purus at feugiat. Pellentesque vitae feugiat purus. Donec mattis rhoncus lacinia. Sed quam diam, molestie id laoreet eu, lacinia ac turpis. Cras tincidunt lobortis elit quis aliquam. Proin et massa libero.

Aliquam id pharetra arcu. Vivamus vitae mattis ligula. Sed efficitur urna vitae scelerisque tempor. Proin purus magna, vulputate eu ligula a, vehicula malesuada enim. Curabitur aliquet rutrum enim et tincidunt. Vestibulum ante ipsum primis in faucibus orci luctus et ultrices posuere cubilia curae; Vivamus pharetra enim leo, nec molestie nibh consectetur quis. Class aptent taciti sociosqu ad litora torquent per conubia nostra, per inceptos himenaeos. Nunc quis maximus elit, vitae pulvinar urna. Integer at mi elit. Phasellus vitae rutrum sem. Vivamus et mauris ac nisl congue congue eu eget elit. Nullam at quam velit. Pellentesque dictum, diam nec tempor aliquet, tortor justo fermentum sapien, at condimentum turpis elit vel sapien. Aenean rutrum tellus sodales tortor viverra eleifend.

Donec facilisis, diam efficitur maximus ultrices, enim lectus rutrum elit, eget malesuada mi justo dapibus enim. Maecenas finibus euismod nulla quis dignissim. Sed dictum ante rutrum turpis euismod laoreet. Sed placerat tellus leo. In ut lobortis lorem. Nullam vitae lectus egestas urna tincidunt aliquet. Ut sagittis vel enim eget malesuada. Cras in congue tortor. Interdum et malesuada fames ac ante ipsum primis in faucibus. Nunc tempus consequat neque, et eleifend nulla aliquam eu.",Author 66,12,tap-trung-vao-ieu-quan-trong-focus-on-what-matters,NXB 66,2022,88
https://cdn1.fahasa.com/media/catalog/product/d/a/dao-ly-co-nhan--dao-lam-giau---t7-2025---outline-02.jpg,Đạo Lý Cổ Nhân - Đạo Làm Giàu,143000,17,9780085479702,"Lorem ipsum dolor sit amet, consectetur adipiscing elit. Nam congue vel tellus non luctus. Vestibulum vitae nunc lorem. Sed lacinia lectus vel augue imperdiet ultricies. Donec id venenatis ex, vitae pretium ligula. Sed nulla eros, dignissim at feugiat non, posuere sit amet urna. Ut eu porttitor tellus. Cras eu massa nulla. Morbi porta fermentum elit eu iaculis. Pellentesque hendrerit venenatis purus at feugiat. Pellentesque vitae feugiat purus. Donec mattis rhoncus lacinia. Sed quam diam, molestie id laoreet eu, lacinia ac turpis. Cras tincidunt lobortis elit quis aliquam. Proin et massa libero.

Aliquam id pharetra arcu. Vivamus vitae mattis ligula. Sed efficitur urna vitae scelerisque tempor. Proin purus magna, vulputate eu ligula a, vehicula malesuada enim. Curabitur aliquet rutrum enim et tincidunt. Vestibulum ante ipsum primis in faucibus orci luctus et ultrices posuere cubilia curae; Vivamus pharetra enim leo, nec molestie nibh consectetur quis. Class aptent taciti sociosqu ad litora torquent per conubia nostra, per inceptos himenaeos. Nunc quis maximus elit, vitae pulvinar urna. Integer at mi elit. Phasellus vitae rutrum sem. Vivamus et mauris ac nisl congue congue eu eget elit. Nullam at quam velit. Pellentesque dictum, diam nec tempor aliquet, tortor justo fermentum sapien, at condimentum turpis elit vel sapien. Aenean rutrum tellus sodales tortor viverra eleifend.

Donec facilisis, diam efficitur maximus ultrices, enim lectus rutrum elit, eget malesuada mi justo dapibus enim. Maecenas finibus euismod nulla quis dignissim. Sed dictum ante rutrum turpis euismod laoreet. Sed placerat tellus leo. In ut lobortis lorem. Nullam vitae lectus egestas urna tincidunt aliquet. Ut sagittis vel enim eget malesuada. Cras in congue tortor. Interdum et malesuada fames ac ante ipsum primis in faucibus. Nunc tempus consequat neque, et eleifend nulla aliquam eu.",Author 67,4,ao-ly-co-nhan-ao-lam-giau,NXB 67,2020,132
https://cdn1.fahasa.com/media/catalog/product/i/m/image_226234.jpg,Tinh Thần Chiến Đấu Rực Lửa,80500,17,9780085479703,"Lorem ipsum dolor sit amet, consectetur adipiscing elit. Nam congue vel tellus non luctus. Vestibulum vitae nunc lorem. Sed lacinia lectus vel augue imperdiet ultricies. Donec id venenatis ex, vitae pretium ligula. Sed nulla eros, dignissim at feugiat non, posuere sit amet urna. Ut eu porttitor tellus. Cras eu massa nulla. Morbi porta fermentum elit eu iaculis. Pellentesque hendrerit venenatis purus at feugiat. Pellentesque vitae feugiat purus. Donec mattis rhoncus lacinia. Sed quam diam, molestie id laoreet eu, lacinia ac turpis. Cras tincidunt lobortis elit quis aliquam. Proin et massa libero.

Aliquam id pharetra arcu. Vivamus vitae mattis ligula. Sed efficitur urna vitae scelerisque tempor. Proin purus magna, vulputate eu ligula a, vehicula malesuada enim. Curabitur aliquet rutrum enim et tincidunt. Vestibulum ante ipsum primis in faucibus orci luctus et ultrices posuere cubilia curae; Vivamus pharetra enim leo, nec molestie nibh consectetur quis. Class aptent taciti sociosqu ad litora torquent per conubia nostra, per inceptos himenaeos. Nunc quis maximus elit, vitae pulvinar urna. Integer at mi elit. Phasellus vitae rutrum sem. Vivamus et mauris ac nisl congue congue eu eget elit. Nullam at quam velit. Pellentesque dictum, diam nec tempor aliquet, tortor justo fermentum sapien, at condimentum turpis elit vel sapien. Aenean rutrum tellus sodales tortor viverra eleifend.

Donec facilisis, diam efficitur maximus ultrices, enim lectus rutrum elit, eget malesuada mi justo dapibus enim. Maecenas finibus euismod nulla quis dignissim. Sed dictum ante rutrum turpis euismod laoreet. Sed placerat tellus leo. In ut lobortis lorem. Nullam vitae lectus egestas urna tincidunt aliquet. Ut sagittis vel enim eget malesuada. Cras in congue tortor. Interdum et malesuada fames ac ante ipsum primis in faucibus. Nunc tempus consequat neque, et eleifend nulla aliquam eu.",Author 68,19,tinh-than-chien-au-ruc-lua,NXB 68,2010,228
https://cdn1.fahasa.com/media/catalog/product/8/9/8936170870544_1.jpg,Inspired - Kiến Tạo Sản Phẩm Công Nghệ Chiếm Trọn Trái Tim Người Dùng,250500,17,9780085479704,"Lorem ipsum dolor sit amet, consectetur adipiscing elit. Nam congue vel tellus non luctus. Vestibulum vitae nunc lorem. Sed lacinia lectus vel augue imperdiet ultricies. Donec id venenatis ex, vitae pretium ligula. Sed nulla eros, dignissim at feugiat non, posuere sit amet urna. Ut eu porttitor tellus. Cras eu massa nulla. Morbi porta fermentum elit eu iaculis. Pellentesque hendrerit venenatis purus at feugiat. Pellentesque vitae feugiat purus. Donec mattis rhoncus lacinia. Sed quam diam, molestie id laoreet eu, lacinia ac turpis. Cras tincidunt lobortis elit quis aliquam. Proin et massa libero.

Aliquam id pharetra arcu. Vivamus vitae mattis ligula. Sed efficitur urna vitae scelerisque tempor. Proin purus magna, vulputate eu ligula a, vehicula malesuada enim. Curabitur aliquet rutrum enim et tincidunt. Vestibulum ante ipsum primis in faucibus orci luctus et ultrices posuere cubilia curae; Vivamus pharetra enim leo, nec molestie nibh consectetur quis. Class aptent taciti sociosqu ad litora torquent per conubia nostra, per inceptos himenaeos. Nunc quis maximus elit, vitae pulvinar urna. Integer at mi elit. Phasellus vitae rutrum sem. Vivamus et mauris ac nisl congue congue eu eget elit. Nullam at quam velit. Pellentesque dictum, diam nec tempor aliquet, tortor justo fermentum sapien, at condimentum turpis elit vel sapien. Aenean rutrum tellus sodales tortor viverra eleifend.

Donec facilisis, diam efficitur maximus ultrices, enim lectus rutrum elit, eget malesuada mi justo dapibus enim. Maecenas finibus euismod nulla quis dignissim. Sed dictum ante rutrum turpis euismod laoreet. Sed placerat tellus leo. In ut lobortis lorem. Nullam vitae lectus egestas urna tincidunt aliquet. Ut sagittis vel enim eget malesuada. Cras in congue tortor. Interdum et malesuada fames ac ante ipsum primis in faucibus. Nunc tempus consequat neque, et eleifend nulla aliquam eu.",Author 69,9,inspired-kien-tao-san-pham-cong-nghe-chiem-tron-trai-tim-nguoi-dung,NXB 69,2012,142
https://cdn1.fahasa.com/media/catalog/product/b/i/biatu-duy-trieu-phu-01.jpg,Tư Duy Triệu Phú - Ý Thức Về Tiền Và Biến Khát Vọng Thành Sự Giàu Sang,55250,17,9780085479705,"Lorem ipsum dolor sit amet, consectetur adipiscing elit. Nam congue vel tellus non luctus. Vestibulum vitae nunc lorem. Sed lacinia lectus vel augue imperdiet ultricies. Donec id venenatis ex, vitae pretium ligula. Sed nulla eros, dignissim at feugiat non, posuere sit amet urna. Ut eu porttitor tellus. Cras eu massa nulla. Morbi porta fermentum elit eu iaculis. Pellentesque hendrerit venenatis purus at feugiat. Pellentesque vitae feugiat purus. Donec mattis rhoncus lacinia. Sed quam diam, molestie id laoreet eu, lacinia ac turpis. Cras tincidunt lobortis elit quis aliquam. Proin et massa libero.

Aliquam id pharetra arcu. Vivamus vitae mattis ligula. Sed efficitur urna vitae scelerisque tempor. Proin purus magna, vulputate eu ligula a, vehicula malesuada enim. Curabitur aliquet rutrum enim et tincidunt. Vestibulum ante ipsum primis in faucibus orci luctus et ultrices posuere cubilia curae; Vivamus pharetra enim leo, nec molestie nibh consectetur quis. Class aptent taciti sociosqu ad litora torquent per conubia nostra, per inceptos himenaeos. Nunc quis maximus elit, vitae pulvinar urna. Integer at mi elit. Phasellus vitae rutrum sem. Vivamus et mauris ac nisl congue congue eu eget elit. Nullam at quam velit. Pellentesque dictum, diam nec tempor aliquet, tortor justo fermentum sapien, at condimentum turpis elit vel sapien. Aenean rutrum tellus sodales tortor viverra eleifend.

Donec facilisis, diam efficitur maximus ultrices, enim lectus rutrum elit, eget malesuada mi justo dapibus enim. Maecenas finibus euismod nulla quis dignissim. Sed dictum ante rutrum turpis euismod laoreet. Sed placerat tellus leo. In ut lobortis lorem. Nullam vitae lectus egestas urna tincidunt aliquet. Ut sagittis vel enim eget malesuada. Cras in congue tortor. Interdum et malesuada fames ac ante ipsum primis in faucibus. Nunc tempus consequat neque, et eleifend nulla aliquam eu.",Author 70,14,tu-duy-trieu-phu-y-thuc-ve-tien-va-bien-khat-vong-thanh-su-giau-sang,NXB 70,2014,269
https://cdn1.fahasa.com/media/catalog/product/8/9/8936219420303.jpg,Sóng Thần Công Nghệ - The Coming Wave,239000,17,9780085479706,"Lorem ipsum dolor sit amet, consectetur adipiscing elit. Nam congue vel tellus non luctus. Vestibulum vitae nunc lorem. Sed lacinia lectus vel augue imperdiet ultricies. Donec id venenatis ex, vitae pretium ligula. Sed nulla eros, dignissim at feugiat non, posuere sit amet urna. Ut eu porttitor tellus. Cras eu massa nulla. Morbi porta fermentum elit eu iaculis. Pellentesque hendrerit venenatis purus at feugiat. Pellentesque vitae feugiat purus. Donec mattis rhoncus lacinia. Sed quam diam, molestie id laoreet eu, lacinia ac turpis. Cras tincidunt lobortis elit quis aliquam. Proin et massa libero.

Aliquam id pharetra arcu. Vivamus vitae mattis ligula. Sed efficitur urna vitae scelerisque tempor. Proin purus magna, vulputate eu ligula a, vehicula malesuada enim. Curabitur aliquet rutrum enim et tincidunt. Vestibulum ante ipsum primis in faucibus orci luctus et ultrices posuere cubilia curae; Vivamus pharetra enim leo, nec molestie nibh consectetur quis. Class aptent taciti sociosqu ad litora torquent per conubia nostra, per inceptos himenaeos. Nunc quis maximus elit, vitae pulvinar urna. Integer at mi elit. Phasellus vitae rutrum sem. Vivamus et mauris ac nisl congue congue eu eget elit. Nullam at quam velit. Pellentesque dictum, diam nec tempor aliquet, tortor justo fermentum sapien, at condimentum turpis elit vel sapien. Aenean rutrum tellus sodales tortor viverra eleifend.

Donec facilisis, diam efficitur maximus ultrices, enim lectus rutrum elit, eget malesuada mi justo dapibus enim. Maecenas finibus euismod nulla quis dignissim. Sed dictum ante rutrum turpis euismod laoreet. Sed placerat tellus leo. In ut lobortis lorem. Nullam vitae lectus egestas urna tincidunt aliquet. Ut sagittis vel enim eget malesuada. Cras in congue tortor. Interdum et malesuada fames ac ante ipsum primis in faucibus. Nunc tempus consequat neque, et eleifend nulla aliquam eu.",Author 71,14,song-than-cong-nghe-the-coming-wave,NXB 71,2007,245
https://cdn1.fahasa.com/media/catalog/product/8/9/8935086838136_1.jpg,Để Được Trọng Dụng & Đãi Ngộ (Tái Bản 2017),30660,17,9780085479707,"Lorem ipsum dolor sit amet, consectetur adipiscing elit. Nam congue vel tellus non luctus. Vestibulum vitae nunc lorem. Sed lacinia lectus vel augue imperdiet ultricies. Donec id venenatis ex, vitae pretium ligula. Sed nulla eros, dignissim at feugiat non, posuere sit amet urna. Ut eu porttitor tellus. Cras eu massa nulla. Morbi porta fermentum elit eu iaculis. Pellentesque hendrerit venenatis purus at feugiat. Pellentesque vitae feugiat purus. Donec mattis rhoncus lacinia. Sed quam diam, molestie id laoreet eu, lacinia ac turpis. Cras tincidunt lobortis elit quis aliquam. Proin et massa libero.

Aliquam id pharetra arcu. Vivamus vitae mattis ligula. Sed efficitur urna vitae scelerisque tempor. Proin purus magna, vulputate eu ligula a, vehicula malesuada enim. Curabitur aliquet rutrum enim et tincidunt. Vestibulum ante ipsum primis in faucibus orci luctus et ultrices posuere cubilia curae; Vivamus pharetra enim leo, nec molestie nibh consectetur quis. Class aptent taciti sociosqu ad litora torquent per conubia nostra, per inceptos himenaeos. Nunc quis maximus elit, vitae pulvinar urna. Integer at mi elit. Phasellus vitae rutrum sem. Vivamus et mauris ac nisl congue congue eu eget elit. Nullam at quam velit. Pellentesque dictum, diam nec tempor aliquet, tortor justo fermentum sapien, at condimentum turpis elit vel sapien. Aenean rutrum tellus sodales tortor viverra eleifend.

Donec facilisis, diam efficitur maximus ultrices, enim lectus rutrum elit, eget malesuada mi justo dapibus enim. Maecenas finibus euismod nulla quis dignissim. Sed dictum ante rutrum turpis euismod laoreet. Sed placerat tellus leo. In ut lobortis lorem. Nullam vitae lectus egestas urna tincidunt aliquet. Ut sagittis vel enim eget malesuada. Cras in congue tortor. Interdum et malesuada fames ac ante ipsum primis in faucibus. Nunc tempus consequat neque, et eleifend nulla aliquam eu.",Author 72,17,e-uoc-trong-dung-ai-ngo-tai-ban-2017,NXB 72,2013,51
https://cdn1.fahasa.com/media/catalog/product/b/_/b_a-ebook.jpg,Ngụ Ngôn Làm Giàu - Cho Người Mới Bắt Đầu Từ Con Số 0,135000,17,9780085479708,"Lorem ipsum dolor sit amet, consectetur adipiscing elit. Nam congue vel tellus non luctus. Vestibulum vitae nunc lorem. Sed lacinia lectus vel augue imperdiet ultricies. Donec id venenatis ex, vitae pretium ligula. Sed nulla eros, dignissim at feugiat non, posuere sit amet urna. Ut eu porttitor tellus. Cras eu massa nulla. Morbi porta fermentum elit eu iaculis. Pellentesque hendrerit venenatis purus at feugiat. Pellentesque vitae feugiat purus. Donec mattis rhoncus lacinia. Sed quam diam, molestie id laoreet eu, lacinia ac turpis. Cras tincidunt lobortis elit quis aliquam. Proin et massa libero.

Aliquam id pharetra arcu. Vivamus vitae mattis ligula. Sed efficitur urna vitae scelerisque tempor. Proin purus magna, vulputate eu ligula a, vehicula malesuada enim. Curabitur aliquet rutrum enim et tincidunt. Vestibulum ante ipsum primis in faucibus orci luctus et ultrices posuere cubilia curae; Vivamus pharetra enim leo, nec molestie nibh consectetur quis. Class aptent taciti sociosqu ad litora torquent per conubia nostra, per inceptos himenaeos. Nunc quis maximus elit, vitae pulvinar urna. Integer at mi elit. Phasellus vitae rutrum sem. Vivamus et mauris ac nisl congue congue eu eget elit. Nullam at quam velit. Pellentesque dictum, diam nec tempor aliquet, tortor justo fermentum sapien, at condimentum turpis elit vel sapien. Aenean rutrum tellus sodales tortor viverra eleifend.

Donec facilisis, diam efficitur maximus ultrices, enim lectus rutrum elit, eget malesuada mi justo dapibus enim. Maecenas finibus euismod nulla quis dignissim. Sed dictum ante rutrum turpis euismod laoreet. Sed placerat tellus leo. In ut lobortis lorem. Nullam vitae lectus egestas urna tincidunt aliquet. Ut sagittis vel enim eget malesuada. Cras in congue tortor. Interdum et malesuada fames ac ante ipsum primis in faucibus. Nunc tempus consequat neque, et eleifend nulla aliquam eu.",Author 73,15,ngu-ngon-lam-giau-cho-nguoi-moi-bat-au-tu-con-so-0,NXB 73,2015,79
https://cdn1.fahasa.com/media/catalog/product/z/2/z2212144539430_cf14db45eb526b88be9d32fa9995a0d6.jpg,Nghĩ Giàu & Làm Giàu (Khổ Nhỏ) - Tái Bản 2020,75600,17,9780085479709,"Lorem ipsum dolor sit amet, consectetur adipiscing elit. Nam congue vel tellus non luctus. Vestibulum vitae nunc lorem. Sed lacinia lectus vel augue imperdiet ultricies. Donec id venenatis ex, vitae pretium ligula. Sed nulla eros, dignissim at feugiat non, posuere sit amet urna. Ut eu porttitor tellus. Cras eu massa nulla. Morbi porta fermentum elit eu iaculis. Pellentesque hendrerit venenatis purus at feugiat. Pellentesque vitae feugiat purus. Donec mattis rhoncus lacinia. Sed quam diam, molestie id laoreet eu, lacinia ac turpis. Cras tincidunt lobortis elit quis aliquam. Proin et massa libero.

Aliquam id pharetra arcu. Vivamus vitae mattis ligula. Sed efficitur urna vitae scelerisque tempor. Proin purus magna, vulputate eu ligula a, vehicula malesuada enim. Curabitur aliquet rutrum enim et tincidunt. Vestibulum ante ipsum primis in faucibus orci luctus et ultrices posuere cubilia curae; Vivamus pharetra enim leo, nec molestie nibh consectetur quis. Class aptent taciti sociosqu ad litora torquent per conubia nostra, per inceptos himenaeos. Nunc quis maximus elit, vitae pulvinar urna. Integer at mi elit. Phasellus vitae rutrum sem. Vivamus et mauris ac nisl congue congue eu eget elit. Nullam at quam velit. Pellentesque dictum, diam nec tempor aliquet, tortor justo fermentum sapien, at condimentum turpis elit vel sapien. Aenean rutrum tellus sodales tortor viverra eleifend.

Donec facilisis, diam efficitur maximus ultrices, enim lectus rutrum elit, eget malesuada mi justo dapibus enim. Maecenas finibus euismod nulla quis dignissim. Sed dictum ante rutrum turpis euismod laoreet. Sed placerat tellus leo. In ut lobortis lorem. Nullam vitae lectus egestas urna tincidunt aliquet. Ut sagittis vel enim eget malesuada. Cras in congue tortor. Interdum et malesuada fames ac ante ipsum primis in faucibus. Nunc tempus consequat neque, et eleifend nulla aliquam eu.",Author 74,12,nghi-giau-lam-giau-kho-nho-tai-ban-2020,NXB 74,2002,267
https://cdn1.fahasa.com/media/catalog/product/8/9/8934974200765.jpg,Độ Nhiễu - Sai Lầm Trong Phán Đoán,208000,17,9780085479710,"Lorem ipsum dolor sit amet, consectetur adipiscing elit. Nam congue vel tellus non luctus. Vestibulum vitae nunc lorem. Sed lacinia lectus vel augue imperdiet ultricies. Donec id venenatis ex, vitae pretium ligula. Sed nulla eros, dignissim at feugiat non, posuere sit amet urna. Ut eu porttitor tellus. Cras eu massa nulla. Morbi porta fermentum elit eu iaculis. Pellentesque hendrerit venenatis purus at feugiat. Pellentesque vitae feugiat purus. Donec mattis rhoncus lacinia. Sed quam diam, molestie id laoreet eu, lacinia ac turpis. Cras tincidunt lobortis elit quis aliquam. Proin et massa libero.

Aliquam id pharetra arcu. Vivamus vitae mattis ligula. Sed efficitur urna vitae scelerisque tempor. Proin purus magna, vulputate eu ligula a, vehicula malesuada enim. Curabitur aliquet rutrum enim et tincidunt. Vestibulum ante ipsum primis in faucibus orci luctus et ultrices posuere cubilia curae; Vivamus pharetra enim leo, nec molestie nibh consectetur quis. Class aptent taciti sociosqu ad litora torquent per conubia nostra, per inceptos himenaeos. Nunc quis maximus elit, vitae pulvinar urna. Integer at mi elit. Phasellus vitae rutrum sem. Vivamus et mauris ac nisl congue congue eu eget elit. Nullam at quam velit. Pellentesque dictum, diam nec tempor aliquet, tortor justo fermentum sapien, at condimentum turpis elit vel sapien. Aenean rutrum tellus sodales tortor viverra eleifend.

Donec facilisis, diam efficitur maximus ultrices, enim lectus rutrum elit, eget malesuada mi justo dapibus enim. Maecenas finibus euismod nulla quis dignissim. Sed dictum ante rutrum turpis euismod laoreet. Sed placerat tellus leo. In ut lobortis lorem. Nullam vitae lectus egestas urna tincidunt aliquet. Ut sagittis vel enim eget malesuada. Cras in congue tortor. Interdum et malesuada fames ac ante ipsum primis in faucibus. Nunc tempus consequat neque, et eleifend nulla aliquam eu.",Author 75,6,o-nhieu-sai-lam-trong-phan-oan,NXB 75,2003,299
https://cdn1.fahasa.com/media/catalog/product/8/9/8934974152361_11.jpg,Dốc Hết Trái Tim (Tái Bản 2018),127500,17,9780085479711,"Lorem ipsum dolor sit amet, consectetur adipiscing elit. Nam congue vel tellus non luctus. Vestibulum vitae nunc lorem. Sed lacinia lectus vel augue imperdiet ultricies. Donec id venenatis ex, vitae pretium ligula. Sed nulla eros, dignissim at feugiat non, posuere sit amet urna. Ut eu porttitor tellus. Cras eu massa nulla. Morbi porta fermentum elit eu iaculis. Pellentesque hendrerit venenatis purus at feugiat. Pellentesque vitae feugiat purus. Donec mattis rhoncus lacinia. Sed quam diam, molestie id laoreet eu, lacinia ac turpis. Cras tincidunt lobortis elit quis aliquam. Proin et massa libero.

Aliquam id pharetra arcu. Vivamus vitae mattis ligula. Sed efficitur urna vitae scelerisque tempor. Proin purus magna, vulputate eu ligula a, vehicula malesuada enim. Curabitur aliquet rutrum enim et tincidunt. Vestibulum ante ipsum primis in faucibus orci luctus et ultrices posuere cubilia curae; Vivamus pharetra enim leo, nec molestie nibh consectetur quis. Class aptent taciti sociosqu ad litora torquent per conubia nostra, per inceptos himenaeos. Nunc quis maximus elit, vitae pulvinar urna. Integer at mi elit. Phasellus vitae rutrum sem. Vivamus et mauris ac nisl congue congue eu eget elit. Nullam at quam velit. Pellentesque dictum, diam nec tempor aliquet, tortor justo fermentum sapien, at condimentum turpis elit vel sapien. Aenean rutrum tellus sodales tortor viverra eleifend.

Donec facilisis, diam efficitur maximus ultrices, enim lectus rutrum elit, eget malesuada mi justo dapibus enim. Maecenas finibus euismod nulla quis dignissim. Sed dictum ante rutrum turpis euismod laoreet. Sed placerat tellus leo. In ut lobortis lorem. Nullam vitae lectus egestas urna tincidunt aliquet. Ut sagittis vel enim eget malesuada. Cras in congue tortor. Interdum et malesuada fames ac ante ipsum primis in faucibus. Nunc tempus consequat neque, et eleifend nulla aliquam eu.",Author 76,15,doc-het-trai-tim-tai-ban-2018,NXB 76,2002,252
https://cdn1.fahasa.com/media/catalog/product/8/9/8935210306050.jpg,"Bán Hàng Như Serhant - Cách Để Bán Nhiều Hàng Hơn, Kiếm Nhiều Tiền Hơn Và Trở Thành Cỗ Máy Bán Hàng Tối Ưu",94250,17,9780085479712,"Lorem ipsum dolor sit amet, consectetur adipiscing elit. Nam congue vel tellus non luctus. Vestibulum vitae nunc lorem. Sed lacinia lectus vel augue imperdiet ultricies. Donec id venenatis ex, vitae pretium ligula. Sed nulla eros, dignissim at feugiat non, posuere sit amet urna. Ut eu porttitor tellus. Cras eu massa nulla. Morbi porta fermentum elit eu iaculis. Pellentesque hendrerit venenatis purus at feugiat. Pellentesque vitae feugiat purus. Donec mattis rhoncus lacinia. Sed quam diam, molestie id laoreet eu, lacinia ac turpis. Cras tincidunt lobortis elit quis aliquam. Proin et massa libero.

Aliquam id pharetra arcu. Vivamus vitae mattis ligula. Sed efficitur urna vitae scelerisque tempor. Proin purus magna, vulputate eu ligula a, vehicula malesuada enim. Curabitur aliquet rutrum enim et tincidunt. Vestibulum ante ipsum primis in faucibus orci luctus et ultrices posuere cubilia curae; Vivamus pharetra enim leo, nec molestie nibh consectetur quis. Class aptent taciti sociosqu ad litora torquent per conubia nostra, per inceptos himenaeos. Nunc quis maximus elit, vitae pulvinar urna. Integer at mi elit. Phasellus vitae rutrum sem. Vivamus et mauris ac nisl congue congue eu eget elit. Nullam at quam velit. Pellentesque dictum, diam nec tempor aliquet, tortor justo fermentum sapien, at condimentum turpis elit vel sapien. Aenean rutrum tellus sodales tortor viverra eleifend.

Donec facilisis, diam efficitur maximus ultrices, enim lectus rutrum elit, eget malesuada mi justo dapibus enim. Maecenas finibus euismod nulla quis dignissim. Sed dictum ante rutrum turpis euismod laoreet. Sed placerat tellus leo. In ut lobortis lorem. Nullam vitae lectus egestas urna tincidunt aliquet. Ut sagittis vel enim eget malesuada. Cras in congue tortor. Interdum et malesuada fames ac ante ipsum primis in faucibus. Nunc tempus consequat neque, et eleifend nulla aliquam eu.",Author 77,14,ban-hang-nhu-serhant-cach-e-ban-nhieu-hang-hon-kiem-nhieu-tien-hon-va-tro-thanh-co-may-ban-hang-toi-uu,NXB 77,2025,263
https://cdn1.fahasa.com/media/catalog/product/8/9/8934974179351.jpg,Tôi Đã Làm Giàu Như Thế (Tái Bản 2022),78000,17,9780085479713,"Lorem ipsum dolor sit amet, consectetur adipiscing elit. Nam congue vel tellus non luctus. Vestibulum vitae nunc lorem. Sed lacinia lectus vel augue imperdiet ultricies. Donec id venenatis ex, vitae pretium ligula. Sed nulla eros, dignissim at feugiat non, posuere sit amet urna. Ut eu porttitor tellus. Cras eu massa nulla. Morbi porta fermentum elit eu iaculis. Pellentesque hendrerit venenatis purus at feugiat. Pellentesque vitae feugiat purus. Donec mattis rhoncus lacinia. Sed quam diam, molestie id laoreet eu, lacinia ac turpis. Cras tincidunt lobortis elit quis aliquam. Proin et massa libero.

Aliquam id pharetra arcu. Vivamus vitae mattis ligula. Sed efficitur urna vitae scelerisque tempor. Proin purus magna, vulputate eu ligula a, vehicula malesuada enim. Curabitur aliquet rutrum enim et tincidunt. Vestibulum ante ipsum primis in faucibus orci luctus et ultrices posuere cubilia curae; Vivamus pharetra enim leo, nec molestie nibh consectetur quis. Class aptent taciti sociosqu ad litora torquent per conubia nostra, per inceptos himenaeos. Nunc quis maximus elit, vitae pulvinar urna. Integer at mi elit. Phasellus vitae rutrum sem. Vivamus et mauris ac nisl congue congue eu eget elit. Nullam at quam velit. Pellentesque dictum, diam nec tempor aliquet, tortor justo fermentum sapien, at condimentum turpis elit vel sapien. Aenean rutrum tellus sodales tortor viverra eleifend.

Donec facilisis, diam efficitur maximus ultrices, enim lectus rutrum elit, eget malesuada mi justo dapibus enim. Maecenas finibus euismod nulla quis dignissim. Sed dictum ante rutrum turpis euismod laoreet. Sed placerat tellus leo. In ut lobortis lorem. Nullam vitae lectus egestas urna tincidunt aliquet. Ut sagittis vel enim eget malesuada. Cras in congue tortor. Interdum et malesuada fames ac ante ipsum primis in faucibus. Nunc tempus consequat neque, et eleifend nulla aliquam eu.",Author 78,7,toi-a-lam-giau-nhu-the-tai-ban-2022,NXB 78,2002,261
https://cdn1.fahasa.com/media/catalog/product/v/u/vuabanle-front.jpg,Vua Bán Lẻ - Cuộc Đời Và Bài Học Thực Tiễn Từ J. C. Penney - Tay Trắng Gây Dựng Chuỗi Bán Lẻ Hàng Đầu Nước Mĩ,127500,17,9780085479714,"Lorem ipsum dolor sit amet, consectetur adipiscing elit. Nam congue vel tellus non luctus. Vestibulum vitae nunc lorem. Sed lacinia lectus vel augue imperdiet ultricies. Donec id venenatis ex, vitae pretium ligula. Sed nulla eros, dignissim at feugiat non, posuere sit amet urna. Ut eu porttitor tellus. Cras eu massa nulla. Morbi porta fermentum elit eu iaculis. Pellentesque hendrerit venenatis purus at feugiat. Pellentesque vitae feugiat purus. Donec mattis rhoncus lacinia. Sed quam diam, molestie id laoreet eu, lacinia ac turpis. Cras tincidunt lobortis elit quis aliquam. Proin et massa libero.

Aliquam id pharetra arcu. Vivamus vitae mattis ligula. Sed efficitur urna vitae scelerisque tempor. Proin purus magna, vulputate eu ligula a, vehicula malesuada enim. Curabitur aliquet rutrum enim et tincidunt. Vestibulum ante ipsum primis in faucibus orci luctus et ultrices posuere cubilia curae; Vivamus pharetra enim leo, nec molestie nibh consectetur quis. Class aptent taciti sociosqu ad litora torquent per conubia nostra, per inceptos himenaeos. Nunc quis maximus elit, vitae pulvinar urna. Integer at mi elit. Phasellus vitae rutrum sem. Vivamus et mauris ac nisl congue congue eu eget elit. Nullam at quam velit. Pellentesque dictum, diam nec tempor aliquet, tortor justo fermentum sapien, at condimentum turpis elit vel sapien. Aenean rutrum tellus sodales tortor viverra eleifend.

Donec facilisis, diam efficitur maximus ultrices, enim lectus rutrum elit, eget malesuada mi justo dapibus enim. Maecenas finibus euismod nulla quis dignissim. Sed dictum ante rutrum turpis euismod laoreet. Sed placerat tellus leo. In ut lobortis lorem. Nullam vitae lectus egestas urna tincidunt aliquet. Ut sagittis vel enim eget malesuada. Cras in congue tortor. Interdum et malesuada fames ac ante ipsum primis in faucibus. Nunc tempus consequat neque, et eleifend nulla aliquam eu.",Author 79,8,vua-ban-le-cuoc-oi-va-bai-hoc-thuc-tien-tu-j-c-penney-tay-trang-gay-dung-chuoi-ban-le-hang-au-nuoc-mi,NXB 79,2012,92
https://cdn1.fahasa.com/media/catalog/product/8/9/8936184340262.jpg,"Cá Voi Tỷ Đô - Câu Chuyện Về Kẻ Đã Lừa Cả Phố Wall, Hollywood Và Thế Giới (Tái Bản 2022)",137400,17,9780085479715,"Lorem ipsum dolor sit amet, consectetur adipiscing elit. Nam congue vel tellus non luctus. Vestibulum vitae nunc lorem. Sed lacinia lectus vel augue imperdiet ultricies. Donec id venenatis ex, vitae pretium ligula. Sed nulla eros, dignissim at feugiat non, posuere sit amet urna. Ut eu porttitor tellus. Cras eu massa nulla. Morbi porta fermentum elit eu iaculis. Pellentesque hendrerit venenatis purus at feugiat. Pellentesque vitae feugiat purus. Donec mattis rhoncus lacinia. Sed quam diam, molestie id laoreet eu, lacinia ac turpis. Cras tincidunt lobortis elit quis aliquam. Proin et massa libero.

Aliquam id pharetra arcu. Vivamus vitae mattis ligula. Sed efficitur urna vitae scelerisque tempor. Proin purus magna, vulputate eu ligula a, vehicula malesuada enim. Curabitur aliquet rutrum enim et tincidunt. Vestibulum ante ipsum primis in faucibus orci luctus et ultrices posuere cubilia curae; Vivamus pharetra enim leo, nec molestie nibh consectetur quis. Class aptent taciti sociosqu ad litora torquent per conubia nostra, per inceptos himenaeos. Nunc quis maximus elit, vitae pulvinar urna. Integer at mi elit. Phasellus vitae rutrum sem. Vivamus et mauris ac nisl congue congue eu eget elit. Nullam at quam velit. Pellentesque dictum, diam nec tempor aliquet, tortor justo fermentum sapien, at condimentum turpis elit vel sapien. Aenean rutrum tellus sodales tortor viverra eleifend.

Donec facilisis, diam efficitur maximus ultrices, enim lectus rutrum elit, eget malesuada mi justo dapibus enim. Maecenas finibus euismod nulla quis dignissim. Sed dictum ante rutrum turpis euismod laoreet. Sed placerat tellus leo. In ut lobortis lorem. Nullam vitae lectus egestas urna tincidunt aliquet. Ut sagittis vel enim eget malesuada. Cras in congue tortor. Interdum et malesuada fames ac ante ipsum primis in faucibus. Nunc tempus consequat neque, et eleifend nulla aliquam eu.",Author 80,8,ca-voi-ty-o-cau-chuyen-ve-ke-a-lua-ca-pho-wall-hollywood-va-the-gioi-tai-ban-2022,NXB 80,2008,171
https://cdn1.fahasa.com/media/catalog/product/i/m/image_195509_1_30538_1.jpg,Bí Mật Của Phan Thiên Ân (Tái Bản 2023),69000,17,9780085479716,"Lorem ipsum dolor sit amet, consectetur adipiscing elit. Nam congue vel tellus non luctus. Vestibulum vitae nunc lorem. Sed lacinia lectus vel augue imperdiet ultricies. Donec id venenatis ex, vitae pretium ligula. Sed nulla eros, dignissim at feugiat non, posuere sit amet urna. Ut eu porttitor tellus. Cras eu massa nulla. Morbi porta fermentum elit eu iaculis. Pellentesque hendrerit venenatis purus at feugiat. Pellentesque vitae feugiat purus. Donec mattis rhoncus lacinia. Sed quam diam, molestie id laoreet eu, lacinia ac turpis. Cras tincidunt lobortis elit quis aliquam. Proin et massa libero.

Aliquam id pharetra arcu. Vivamus vitae mattis ligula. Sed efficitur urna vitae scelerisque tempor. Proin purus magna, vulputate eu ligula a, vehicula malesuada enim. Curabitur aliquet rutrum enim et tincidunt. Vestibulum ante ipsum primis in faucibus orci luctus et ultrices posuere cubilia curae; Vivamus pharetra enim leo, nec molestie nibh consectetur quis. Class aptent taciti sociosqu ad litora torquent per conubia nostra, per inceptos himenaeos. Nunc quis maximus elit, vitae pulvinar urna. Integer at mi elit. Phasellus vitae rutrum sem. Vivamus et mauris ac nisl congue congue eu eget elit. Nullam at quam velit. Pellentesque dictum, diam nec tempor aliquet, tortor justo fermentum sapien, at condimentum turpis elit vel sapien. Aenean rutrum tellus sodales tortor viverra eleifend.

Donec facilisis, diam efficitur maximus ultrices, enim lectus rutrum elit, eget malesuada mi justo dapibus enim. Maecenas finibus euismod nulla quis dignissim. Sed dictum ante rutrum turpis euismod laoreet. Sed placerat tellus leo. In ut lobortis lorem. Nullam vitae lectus egestas urna tincidunt aliquet. Ut sagittis vel enim eget malesuada. Cras in congue tortor. Interdum et malesuada fames ac ante ipsum primis in faucibus. Nunc tempus consequat neque, et eleifend nulla aliquam eu.",Author 81,5,bi-mat-cua-phan-thien-an-tai-ban-2023,NXB 81,2001,237
https://cdn1.fahasa.com/media/catalog/product/n/d/ndivia-co-may-tu-duy-vi-dai--full------t2-2025----outline-02.jpg,NVIDIA - Cỗ Máy Tư Duy Vĩ Đại,186500,17,9780085479717,"Lorem ipsum dolor sit amet, consectetur adipiscing elit. Nam congue vel tellus non luctus. Vestibulum vitae nunc lorem. Sed lacinia lectus vel augue imperdiet ultricies. Donec id venenatis ex, vitae pretium ligula. Sed nulla eros, dignissim at feugiat non, posuere sit amet urna. Ut eu porttitor tellus. Cras eu massa nulla. Morbi porta fermentum elit eu iaculis. Pellentesque hendrerit venenatis purus at feugiat. Pellentesque vitae feugiat purus. Donec mattis rhoncus lacinia. Sed quam diam, molestie id laoreet eu, lacinia ac turpis. Cras tincidunt lobortis elit quis aliquam. Proin et massa libero.

Aliquam id pharetra arcu. Vivamus vitae mattis ligula. Sed efficitur urna vitae scelerisque tempor. Proin purus magna, vulputate eu ligula a, vehicula malesuada enim. Curabitur aliquet rutrum enim et tincidunt. Vestibulum ante ipsum primis in faucibus orci luctus et ultrices posuere cubilia curae; Vivamus pharetra enim leo, nec molestie nibh consectetur quis. Class aptent taciti sociosqu ad litora torquent per conubia nostra, per inceptos himenaeos. Nunc quis maximus elit, vitae pulvinar urna. Integer at mi elit. Phasellus vitae rutrum sem. Vivamus et mauris ac nisl congue congue eu eget elit. Nullam at quam velit. Pellentesque dictum, diam nec tempor aliquet, tortor justo fermentum sapien, at condimentum turpis elit vel sapien. Aenean rutrum tellus sodales tortor viverra eleifend.

Donec facilisis, diam efficitur maximus ultrices, enim lectus rutrum elit, eget malesuada mi justo dapibus enim. Maecenas finibus euismod nulla quis dignissim. Sed dictum ante rutrum turpis euismod laoreet. Sed placerat tellus leo. In ut lobortis lorem. Nullam vitae lectus egestas urna tincidunt aliquet. Ut sagittis vel enim eget malesuada. Cras in congue tortor. Interdum et malesuada fames ac ante ipsum primis in faucibus. Nunc tempus consequat neque, et eleifend nulla aliquam eu.",Author 82,9,nvidia-co-may-tu-duy-vi-ai,NXB 82,2022,250
https://cdn1.fahasa.com/media/catalog/product/z/3/z3277724958475_d3001eb1e53e44af7cc884fc65129c02.jpg,Từ Zero Đến Zara - Câu Chuyện Về Thiên Tài Phía Sau Những Nhãn Hiệu Thời Trang Toàn Cầu,93500,17,9780085479718,"Lorem ipsum dolor sit amet, consectetur adipiscing elit. Nam congue vel tellus non luctus. Vestibulum vitae nunc lorem. Sed lacinia lectus vel augue imperdiet ultricies. Donec id venenatis ex, vitae pretium ligula. Sed nulla eros, dignissim at feugiat non, posuere sit amet urna. Ut eu porttitor tellus. Cras eu massa nulla. Morbi porta fermentum elit eu iaculis. Pellentesque hendrerit venenatis purus at feugiat. Pellentesque vitae feugiat purus. Donec mattis rhoncus lacinia. Sed quam diam, molestie id laoreet eu, lacinia ac turpis. Cras tincidunt lobortis elit quis aliquam. Proin et massa libero.

Aliquam id pharetra arcu. Vivamus vitae mattis ligula. Sed efficitur urna vitae scelerisque tempor. Proin purus magna, vulputate eu ligula a, vehicula malesuada enim. Curabitur aliquet rutrum enim et tincidunt. Vestibulum ante ipsum primis in faucibus orci luctus et ultrices posuere cubilia curae; Vivamus pharetra enim leo, nec molestie nibh consectetur quis. Class aptent taciti sociosqu ad litora torquent per conubia nostra, per inceptos himenaeos. Nunc quis maximus elit, vitae pulvinar urna. Integer at mi elit. Phasellus vitae rutrum sem. Vivamus et mauris ac nisl congue congue eu eget elit. Nullam at quam velit. Pellentesque dictum, diam nec tempor aliquet, tortor justo fermentum sapien, at condimentum turpis elit vel sapien. Aenean rutrum tellus sodales tortor viverra eleifend.

Donec facilisis, diam efficitur maximus ultrices, enim lectus rutrum elit, eget malesuada mi justo dapibus enim. Maecenas finibus euismod nulla quis dignissim. Sed dictum ante rutrum turpis euismod laoreet. Sed placerat tellus leo. In ut lobortis lorem. Nullam vitae lectus egestas urna tincidunt aliquet. Ut sagittis vel enim eget malesuada. Cras in congue tortor. Interdum et malesuada fames ac ante ipsum primis in faucibus. Nunc tempus consequat neque, et eleifend nulla aliquam eu.",Author 83,4,tu-zero-en-zara-cau-chuyen-ve-thien-tai-phia-sau-nhung-nhan-hieu-thoi-trang-toan-cau,NXB 83,2001,162
https://cdn1.fahasa.com/media/catalog/product/9/7/9786326042313.jpg,"Bán Cả Thế Giới - Tiền Bạc, Quyền Lực Và Những Nhà Thương Mại Trao Tay Tài Nguyên Của Thế Giới",239000,17,9780085479719,"Lorem ipsum dolor sit amet, consectetur adipiscing elit. Nam congue vel tellus non luctus. Vestibulum vitae nunc lorem. Sed lacinia lectus vel augue imperdiet ultricies. Donec id venenatis ex, vitae pretium ligula. Sed nulla eros, dignissim at feugiat non, posuere sit amet urna. Ut eu porttitor tellus. Cras eu massa nulla. Morbi porta fermentum elit eu iaculis. Pellentesque hendrerit venenatis purus at feugiat. Pellentesque vitae feugiat purus. Donec mattis rhoncus lacinia. Sed quam diam, molestie id laoreet eu, lacinia ac turpis. Cras tincidunt lobortis elit quis aliquam. Proin et massa libero.

Aliquam id pharetra arcu. Vivamus vitae mattis ligula. Sed efficitur urna vitae scelerisque tempor. Proin purus magna, vulputate eu ligula a, vehicula malesuada enim. Curabitur aliquet rutrum enim et tincidunt. Vestibulum ante ipsum primis in faucibus orci luctus et ultrices posuere cubilia curae; Vivamus pharetra enim leo, nec molestie nibh consectetur quis. Class aptent taciti sociosqu ad litora torquent per conubia nostra, per inceptos himenaeos. Nunc quis maximus elit, vitae pulvinar urna. Integer at mi elit. Phasellus vitae rutrum sem. Vivamus et mauris ac nisl congue congue eu eget elit. Nullam at quam velit. Pellentesque dictum, diam nec tempor aliquet, tortor justo fermentum sapien, at condimentum turpis elit vel sapien. Aenean rutrum tellus sodales tortor viverra eleifend.

Donec facilisis, diam efficitur maximus ultrices, enim lectus rutrum elit, eget malesuada mi justo dapibus enim. Maecenas finibus euismod nulla quis dignissim. Sed dictum ante rutrum turpis euismod laoreet. Sed placerat tellus leo. In ut lobortis lorem. Nullam vitae lectus egestas urna tincidunt aliquet. Ut sagittis vel enim eget malesuada. Cras in congue tortor. Interdum et malesuada fames ac ante ipsum primis in faucibus. Nunc tempus consequat neque, et eleifend nulla aliquam eu.",Author 84,3,ban-ca-the-gioi-tien-bac-quyen-luc-va-nhung-nha-thuong-mai-trao-tay-tai-nguyen-cua-the-gioi,NXB 84,2022,238
https://cdn1.fahasa.com/media/catalog/product/8/9/8935086856246.jpg,Đường Đến Tự Do,166440,17,9780085479720,"Lorem ipsum dolor sit amet, consectetur adipiscing elit. Nam congue vel tellus non luctus. Vestibulum vitae nunc lorem. Sed lacinia lectus vel augue imperdiet ultricies. Donec id venenatis ex, vitae pretium ligula. Sed nulla eros, dignissim at feugiat non, posuere sit amet urna. Ut eu porttitor tellus. Cras eu massa nulla. Morbi porta fermentum elit eu iaculis. Pellentesque hendrerit venenatis purus at feugiat. Pellentesque vitae feugiat purus. Donec mattis rhoncus lacinia. Sed quam diam, molestie id laoreet eu, lacinia ac turpis. Cras tincidunt lobortis elit quis aliquam. Proin et massa libero.

Aliquam id pharetra arcu. Vivamus vitae mattis ligula. Sed efficitur urna vitae scelerisque tempor. Proin purus magna, vulputate eu ligula a, vehicula malesuada enim. Curabitur aliquet rutrum enim et tincidunt. Vestibulum ante ipsum primis in faucibus orci luctus et ultrices posuere cubilia curae; Vivamus pharetra enim leo, nec molestie nibh consectetur quis. Class aptent taciti sociosqu ad litora torquent per conubia nostra, per inceptos himenaeos. Nunc quis maximus elit, vitae pulvinar urna. Integer at mi elit. Phasellus vitae rutrum sem. Vivamus et mauris ac nisl congue congue eu eget elit. Nullam at quam velit. Pellentesque dictum, diam nec tempor aliquet, tortor justo fermentum sapien, at condimentum turpis elit vel sapien. Aenean rutrum tellus sodales tortor viverra eleifend.

Donec facilisis, diam efficitur maximus ultrices, enim lectus rutrum elit, eget malesuada mi justo dapibus enim. Maecenas finibus euismod nulla quis dignissim. Sed dictum ante rutrum turpis euismod laoreet. Sed placerat tellus leo. In ut lobortis lorem. Nullam vitae lectus egestas urna tincidunt aliquet. Ut sagittis vel enim eget malesuada. Cras in congue tortor. Interdum et malesuada fames ac ante ipsum primis in faucibus. Nunc tempus consequat neque, et eleifend nulla aliquam eu.",Author 85,17,uong-en-tu-do,NXB 85,2012,257
https://cdn1.fahasa.com/media/catalog/product/8/9/8935251419252.jpg,Dịch Vụ Khách Hàng 5 Sao (Tái Bản 2022),135000,17,9780085479721,"Lorem ipsum dolor sit amet, consectetur adipiscing elit. Nam congue vel tellus non luctus. Vestibulum vitae nunc lorem. Sed lacinia lectus vel augue imperdiet ultricies. Donec id venenatis ex, vitae pretium ligula. Sed nulla eros, dignissim at feugiat non, posuere sit amet urna. Ut eu porttitor tellus. Cras eu massa nulla. Morbi porta fermentum elit eu iaculis. Pellentesque hendrerit venenatis purus at feugiat. Pellentesque vitae feugiat purus. Donec mattis rhoncus lacinia. Sed quam diam, molestie id laoreet eu, lacinia ac turpis. Cras tincidunt lobortis elit quis aliquam. Proin et massa libero.

Aliquam id pharetra arcu. Vivamus vitae mattis ligula. Sed efficitur urna vitae scelerisque tempor. Proin purus magna, vulputate eu ligula a, vehicula malesuada enim. Curabitur aliquet rutrum enim et tincidunt. Vestibulum ante ipsum primis in faucibus orci luctus et ultrices posuere cubilia curae; Vivamus pharetra enim leo, nec molestie nibh consectetur quis. Class aptent taciti sociosqu ad litora torquent per conubia nostra, per inceptos himenaeos. Nunc quis maximus elit, vitae pulvinar urna. Integer at mi elit. Phasellus vitae rutrum sem. Vivamus et mauris ac nisl congue congue eu eget elit. Nullam at quam velit. Pellentesque dictum, diam nec tempor aliquet, tortor justo fermentum sapien, at condimentum turpis elit vel sapien. Aenean rutrum tellus sodales tortor viverra eleifend.

Donec facilisis, diam efficitur maximus ultrices, enim lectus rutrum elit, eget malesuada mi justo dapibus enim. Maecenas finibus euismod nulla quis dignissim. Sed dictum ante rutrum turpis euismod laoreet. Sed placerat tellus leo. In ut lobortis lorem. Nullam vitae lectus egestas urna tincidunt aliquet. Ut sagittis vel enim eget malesuada. Cras in congue tortor. Interdum et malesuada fames ac ante ipsum primis in faucibus. Nunc tempus consequat neque, et eleifend nulla aliquam eu.",Author 86,12,dich-vu-khach-hang-5-sao-tai-ban-2022,NXB 86,2002,265
https://cdn1.fahasa.com/media/catalog/product/n/h/nh_ng-th_ng-v_-_u-t_-_t-gi_-t_-warren-buffett---bia-1.jpg,Berkshire Hathaway - Những Thương Vụ Đầu Tư Đắt Giá Từ Warren Buffett,191000,17,9780085479722,"Lorem ipsum dolor sit amet, consectetur adipiscing elit. Nam congue vel tellus non luctus. Vestibulum vitae nunc lorem. Sed lacinia lectus vel augue imperdiet ultricies. Donec id venenatis ex, vitae pretium ligula. Sed nulla eros, dignissim at feugiat non, posuere sit amet urna. Ut eu porttitor tellus. Cras eu massa nulla. Morbi porta fermentum elit eu iaculis. Pellentesque hendrerit venenatis purus at feugiat. Pellentesque vitae feugiat purus. Donec mattis rhoncus lacinia. Sed quam diam, molestie id laoreet eu, lacinia ac turpis. Cras tincidunt lobortis elit quis aliquam. Proin et massa libero.

Aliquam id pharetra arcu. Vivamus vitae mattis ligula. Sed efficitur urna vitae scelerisque tempor. Proin purus magna, vulputate eu ligula a, vehicula malesuada enim. Curabitur aliquet rutrum enim et tincidunt. Vestibulum ante ipsum primis in faucibus orci luctus et ultrices posuere cubilia curae; Vivamus pharetra enim leo, nec molestie nibh consectetur quis. Class aptent taciti sociosqu ad litora torquent per conubia nostra, per inceptos himenaeos. Nunc quis maximus elit, vitae pulvinar urna. Integer at mi elit. Phasellus vitae rutrum sem. Vivamus et mauris ac nisl congue congue eu eget elit. Nullam at quam velit. Pellentesque dictum, diam nec tempor aliquet, tortor justo fermentum sapien, at condimentum turpis elit vel sapien. Aenean rutrum tellus sodales tortor viverra eleifend.

Donec facilisis, diam efficitur maximus ultrices, enim lectus rutrum elit, eget malesuada mi justo dapibus enim. Maecenas finibus euismod nulla quis dignissim. Sed dictum ante rutrum turpis euismod laoreet. Sed placerat tellus leo. In ut lobortis lorem. Nullam vitae lectus egestas urna tincidunt aliquet. Ut sagittis vel enim eget malesuada. Cras in congue tortor. Interdum et malesuada fames ac ante ipsum primis in faucibus. Nunc tempus consequat neque, et eleifend nulla aliquam eu.",Author 87,16,berkshire-hathaway-nhung-thuong-vu-au-tu-at-gia-tu-warren-buffett,NXB 87,2018,50
https://cdn1.fahasa.com/media/catalog/product/b/i/bia---luat-cua-warren-buffett---bia-1.jpg,Luật Của Warren Buffett: 33 Lá Thư + 14 Nguyên Tắc = 1 Nhà Đầu Tư Vĩ Đại,97500,17,9780085479723,"Lorem ipsum dolor sit amet, consectetur adipiscing elit. Nam congue vel tellus non luctus. Vestibulum vitae nunc lorem. Sed lacinia lectus vel augue imperdiet ultricies. Donec id venenatis ex, vitae pretium ligula. Sed nulla eros, dignissim at feugiat non, posuere sit amet urna. Ut eu porttitor tellus. Cras eu massa nulla. Morbi porta fermentum elit eu iaculis. Pellentesque hendrerit venenatis purus at feugiat. Pellentesque vitae feugiat purus. Donec mattis rhoncus lacinia. Sed quam diam, molestie id laoreet eu, lacinia ac turpis. Cras tincidunt lobortis elit quis aliquam. Proin et massa libero.

Aliquam id pharetra arcu. Vivamus vitae mattis ligula. Sed efficitur urna vitae scelerisque tempor. Proin purus magna, vulputate eu ligula a, vehicula malesuada enim. Curabitur aliquet rutrum enim et tincidunt. Vestibulum ante ipsum primis in faucibus orci luctus et ultrices posuere cubilia curae; Vivamus pharetra enim leo, nec molestie nibh consectetur quis. Class aptent taciti sociosqu ad litora torquent per conubia nostra, per inceptos himenaeos. Nunc quis maximus elit, vitae pulvinar urna. Integer at mi elit. Phasellus vitae rutrum sem. Vivamus et mauris ac nisl congue congue eu eget elit. Nullam at quam velit. Pellentesque dictum, diam nec tempor aliquet, tortor justo fermentum sapien, at condimentum turpis elit vel sapien. Aenean rutrum tellus sodales tortor viverra eleifend.

Donec facilisis, diam efficitur maximus ultrices, enim lectus rutrum elit, eget malesuada mi justo dapibus enim. Maecenas finibus euismod nulla quis dignissim. Sed dictum ante rutrum turpis euismod laoreet. Sed placerat tellus leo. In ut lobortis lorem. Nullam vitae lectus egestas urna tincidunt aliquet. Ut sagittis vel enim eget malesuada. Cras in congue tortor. Interdum et malesuada fames ac ante ipsum primis in faucibus. Nunc tempus consequat neque, et eleifend nulla aliquam eu.",Author 88,12,luat-cua-warren-buffett-33-la-thu-14-nguyen-tac-1-nha-au-tu-vi-ai,NXB 88,2011,203
https://cdn1.fahasa.com/media/catalog/product/9/7/9786043462296.jpg,Chia Bánh - Sự Thật Về Đàm Phán,153000,17,9780085479724,"Lorem ipsum dolor sit amet, consectetur adipiscing elit. Nam congue vel tellus non luctus. Vestibulum vitae nunc lorem. Sed lacinia lectus vel augue imperdiet ultricies. Donec id venenatis ex, vitae pretium ligula. Sed nulla eros, dignissim at feugiat non, posuere sit amet urna. Ut eu porttitor tellus. Cras eu massa nulla. Morbi porta fermentum elit eu iaculis. Pellentesque hendrerit venenatis purus at feugiat. Pellentesque vitae feugiat purus. Donec mattis rhoncus lacinia. Sed quam diam, molestie id laoreet eu, lacinia ac turpis. Cras tincidunt lobortis elit quis aliquam. Proin et massa libero.

Aliquam id pharetra arcu. Vivamus vitae mattis ligula. Sed efficitur urna vitae scelerisque tempor. Proin purus magna, vulputate eu ligula a, vehicula malesuada enim. Curabitur aliquet rutrum enim et tincidunt. Vestibulum ante ipsum primis in faucibus orci luctus et ultrices posuere cubilia curae; Vivamus pharetra enim leo, nec molestie nibh consectetur quis. Class aptent taciti sociosqu ad litora torquent per conubia nostra, per inceptos himenaeos. Nunc quis maximus elit, vitae pulvinar urna. Integer at mi elit. Phasellus vitae rutrum sem. Vivamus et mauris ac nisl congue congue eu eget elit. Nullam at quam velit. Pellentesque dictum, diam nec tempor aliquet, tortor justo fermentum sapien, at condimentum turpis elit vel sapien. Aenean rutrum tellus sodales tortor viverra eleifend.

Donec facilisis, diam efficitur maximus ultrices, enim lectus rutrum elit, eget malesuada mi justo dapibus enim. Maecenas finibus euismod nulla quis dignissim. Sed dictum ante rutrum turpis euismod laoreet. Sed placerat tellus leo. In ut lobortis lorem. Nullam vitae lectus egestas urna tincidunt aliquet. Ut sagittis vel enim eget malesuada. Cras in congue tortor. Interdum et malesuada fames ac ante ipsum primis in faucibus. Nunc tempus consequat neque, et eleifend nulla aliquam eu.",Author 89,4,chia-banh-su-that-ve-am-phan,NXB 89,2020,179
https://cdn1.fahasa.com/media/catalog/product/a/l/alphabet_1.jpg,Alphabet - Không Chỉ Là Công Cụ Tìm Kiếm Google Mà Còn Thiết Lập Đế Chế Trong Thời Đại Mới,97500,17,9780085479725,"Lorem ipsum dolor sit amet, consectetur adipiscing elit. Nam congue vel tellus non luctus. Vestibulum vitae nunc lorem. Sed lacinia lectus vel augue imperdiet ultricies. Donec id venenatis ex, vitae pretium ligula. Sed nulla eros, dignissim at feugiat non, posuere sit amet urna. Ut eu porttitor tellus. Cras eu massa nulla. Morbi porta fermentum elit eu iaculis. Pellentesque hendrerit venenatis purus at feugiat. Pellentesque vitae feugiat purus. Donec mattis rhoncus lacinia. Sed quam diam, molestie id laoreet eu, lacinia ac turpis. Cras tincidunt lobortis elit quis aliquam. Proin et massa libero.

Aliquam id pharetra arcu. Vivamus vitae mattis ligula. Sed efficitur urna vitae scelerisque tempor. Proin purus magna, vulputate eu ligula a, vehicula malesuada enim. Curabitur aliquet rutrum enim et tincidunt. Vestibulum ante ipsum primis in faucibus orci luctus et ultrices posuere cubilia curae; Vivamus pharetra enim leo, nec molestie nibh consectetur quis. Class aptent taciti sociosqu ad litora torquent per conubia nostra, per inceptos himenaeos. Nunc quis maximus elit, vitae pulvinar urna. Integer at mi elit. Phasellus vitae rutrum sem. Vivamus et mauris ac nisl congue congue eu eget elit. Nullam at quam velit. Pellentesque dictum, diam nec tempor aliquet, tortor justo fermentum sapien, at condimentum turpis elit vel sapien. Aenean rutrum tellus sodales tortor viverra eleifend.

Donec facilisis, diam efficitur maximus ultrices, enim lectus rutrum elit, eget malesuada mi justo dapibus enim. Maecenas finibus euismod nulla quis dignissim. Sed dictum ante rutrum turpis euismod laoreet. Sed placerat tellus leo. In ut lobortis lorem. Nullam vitae lectus egestas urna tincidunt aliquet. Ut sagittis vel enim eget malesuada. Cras in congue tortor. Interdum et malesuada fames ac ante ipsum primis in faucibus. Nunc tempus consequat neque, et eleifend nulla aliquam eu.",Author 90,6,alphabet-khong-chi-la-cong-cu-tim-kiem-google-ma-con-thiet-lap-e-che-trong-thoi-ai-moi,NXB 90,2003,200
https://cdn1.fahasa.com/media/catalog/product/z/5/z5985603335391_fa87a06cbec4cc9f5508f4f77146be9b.jpg,Build - Những Điều Đáng Làm Tạo Ra Sản Phẩm Đáng Giá,211500,17,9780085479726,"Lorem ipsum dolor sit amet, consectetur adipiscing elit. Nam congue vel tellus non luctus. Vestibulum vitae nunc lorem. Sed lacinia lectus vel augue imperdiet ultricies. Donec id venenatis ex, vitae pretium ligula. Sed nulla eros, dignissim at feugiat non, posuere sit amet urna. Ut eu porttitor tellus. Cras eu massa nulla. Morbi porta fermentum elit eu iaculis. Pellentesque hendrerit venenatis purus at feugiat. Pellentesque vitae feugiat purus. Donec mattis rhoncus lacinia. Sed quam diam, molestie id laoreet eu, lacinia ac turpis. Cras tincidunt lobortis elit quis aliquam. Proin et massa libero.

Aliquam id pharetra arcu. Vivamus vitae mattis ligula. Sed efficitur urna vitae scelerisque tempor. Proin purus magna, vulputate eu ligula a, vehicula malesuada enim. Curabitur aliquet rutrum enim et tincidunt. Vestibulum ante ipsum primis in faucibus orci luctus et ultrices posuere cubilia curae; Vivamus pharetra enim leo, nec molestie nibh consectetur quis. Class aptent taciti sociosqu ad litora torquent per conubia nostra, per inceptos himenaeos. Nunc quis maximus elit, vitae pulvinar urna. Integer at mi elit. Phasellus vitae rutrum sem. Vivamus et mauris ac nisl congue congue eu eget elit. Nullam at quam velit. Pellentesque dictum, diam nec tempor aliquet, tortor justo fermentum sapien, at condimentum turpis elit vel sapien. Aenean rutrum tellus sodales tortor viverra eleifend.

Donec facilisis, diam efficitur maximus ultrices, enim lectus rutrum elit, eget malesuada mi justo dapibus enim. Maecenas finibus euismod nulla quis dignissim. Sed dictum ante rutrum turpis euismod laoreet. Sed placerat tellus leo. In ut lobortis lorem. Nullam vitae lectus egestas urna tincidunt aliquet. Ut sagittis vel enim eget malesuada. Cras in congue tortor. Interdum et malesuada fames ac ante ipsum primis in faucibus. Nunc tempus consequat neque, et eleifend nulla aliquam eu.",Author 91,10,build-nhung-ieu-ang-lam-tao-ra-san-pham-ang-gia,NXB 91,2024,235
https://cdn1.fahasa.com/media/catalog/product/i/m/image_195509_1_6588_1_1.jpg,Berkshire Hathaway: Những Bài Học Tuyệt Vời Từ Warren Buffett Và Charlie Munger Tại Đại Hội Cổ Đông Thường Niên Của Tập Đoàn Trong Suốt 30 Năm (Tái Bản 2023),131400,17,9780085479727,"Lorem ipsum dolor sit amet, consectetur adipiscing elit. Nam congue vel tellus non luctus. Vestibulum vitae nunc lorem. Sed lacinia lectus vel augue imperdiet ultricies. Donec id venenatis ex, vitae pretium ligula. Sed nulla eros, dignissim at feugiat non, posuere sit amet urna. Ut eu porttitor tellus. Cras eu massa nulla. Morbi porta fermentum elit eu iaculis. Pellentesque hendrerit venenatis purus at feugiat. Pellentesque vitae feugiat purus. Donec mattis rhoncus lacinia. Sed quam diam, molestie id laoreet eu, lacinia ac turpis. Cras tincidunt lobortis elit quis aliquam. Proin et massa libero.

Aliquam id pharetra arcu. Vivamus vitae mattis ligula. Sed efficitur urna vitae scelerisque tempor. Proin purus magna, vulputate eu ligula a, vehicula malesuada enim. Curabitur aliquet rutrum enim et tincidunt. Vestibulum ante ipsum primis in faucibus orci luctus et ultrices posuere cubilia curae; Vivamus pharetra enim leo, nec molestie nibh consectetur quis. Class aptent taciti sociosqu ad litora torquent per conubia nostra, per inceptos himenaeos. Nunc quis maximus elit, vitae pulvinar urna. Integer at mi elit. Phasellus vitae rutrum sem. Vivamus et mauris ac nisl congue congue eu eget elit. Nullam at quam velit. Pellentesque dictum, diam nec tempor aliquet, tortor justo fermentum sapien, at condimentum turpis elit vel sapien. Aenean rutrum tellus sodales tortor viverra eleifend.

Donec facilisis, diam efficitur maximus ultrices, enim lectus rutrum elit, eget malesuada mi justo dapibus enim. Maecenas finibus euismod nulla quis dignissim. Sed dictum ante rutrum turpis euismod laoreet. Sed placerat tellus leo. In ut lobortis lorem. Nullam vitae lectus egestas urna tincidunt aliquet. Ut sagittis vel enim eget malesuada. Cras in congue tortor. Interdum et malesuada fames ac ante ipsum primis in faucibus. Nunc tempus consequat neque, et eleifend nulla aliquam eu.",Author 92,9,berkshire-hathaway-nhung-bai-hoc-tuyet-voi-tu-warren-buffett-va-charlie-munger-tai-ai-hoi-co-ong-thuong-nien-cua-tap-oan-trong-suot-30-nam-tai-ban-2023,NXB 92,2009,255
https://cdn1.fahasa.com/media/catalog/product/i/m/image_182743.jpg,Bí Quyết Thành Công Của Solomon,82000,17,9780085479728,"Lorem ipsum dolor sit amet, consectetur adipiscing elit. Nam congue vel tellus non luctus. Vestibulum vitae nunc lorem. Sed lacinia lectus vel augue imperdiet ultricies. Donec id venenatis ex, vitae pretium ligula. Sed nulla eros, dignissim at feugiat non, posuere sit amet urna. Ut eu porttitor tellus. Cras eu massa nulla. Morbi porta fermentum elit eu iaculis. Pellentesque hendrerit venenatis purus at feugiat. Pellentesque vitae feugiat purus. Donec mattis rhoncus lacinia. Sed quam diam, molestie id laoreet eu, lacinia ac turpis. Cras tincidunt lobortis elit quis aliquam. Proin et massa libero.

Aliquam id pharetra arcu. Vivamus vitae mattis ligula. Sed efficitur urna vitae scelerisque tempor. Proin purus magna, vulputate eu ligula a, vehicula malesuada enim. Curabitur aliquet rutrum enim et tincidunt. Vestibulum ante ipsum primis in faucibus orci luctus et ultrices posuere cubilia curae; Vivamus pharetra enim leo, nec molestie nibh consectetur quis. Class aptent taciti sociosqu ad litora torquent per conubia nostra, per inceptos himenaeos. Nunc quis maximus elit, vitae pulvinar urna. Integer at mi elit. Phasellus vitae rutrum sem. Vivamus et mauris ac nisl congue congue eu eget elit. Nullam at quam velit. Pellentesque dictum, diam nec tempor aliquet, tortor justo fermentum sapien, at condimentum turpis elit vel sapien. Aenean rutrum tellus sodales tortor viverra eleifend.

Donec facilisis, diam efficitur maximus ultrices, enim lectus rutrum elit, eget malesuada mi justo dapibus enim. Maecenas finibus euismod nulla quis dignissim. Sed dictum ante rutrum turpis euismod laoreet. Sed placerat tellus leo. In ut lobortis lorem. Nullam vitae lectus egestas urna tincidunt aliquet. Ut sagittis vel enim eget malesuada. Cras in congue tortor. Interdum et malesuada fames ac ante ipsum primis in faucibus. Nunc tempus consequat neque, et eleifend nulla aliquam eu.",Author 93,13,bi-quyet-thanh-cong-cua-solomon,NXB 93,2016,160
https://cdn1.fahasa.com/media/catalog/product/7/-/7-b_c-x_y-d_ng-v_n-h_a-doanh-nghi_p---b_a-1.jpg,7 Bước Xây Dựng Văn Hóa Doanh Nghiệp,111000,17,9780085479729,"Lorem ipsum dolor sit amet, consectetur adipiscing elit. Nam congue vel tellus non luctus. Vestibulum vitae nunc lorem. Sed lacinia lectus vel augue imperdiet ultricies. Donec id venenatis ex, vitae pretium ligula. Sed nulla eros, dignissim at feugiat non, posuere sit amet urna. Ut eu porttitor tellus. Cras eu massa nulla. Morbi porta fermentum elit eu iaculis. Pellentesque hendrerit venenatis purus at feugiat. Pellentesque vitae feugiat purus. Donec mattis rhoncus lacinia. Sed quam diam, molestie id laoreet eu, lacinia ac turpis. Cras tincidunt lobortis elit quis aliquam. Proin et massa libero.

Aliquam id pharetra arcu. Vivamus vitae mattis ligula. Sed efficitur urna vitae scelerisque tempor. Proin purus magna, vulputate eu ligula a, vehicula malesuada enim. Curabitur aliquet rutrum enim et tincidunt. Vestibulum ante ipsum primis in faucibus orci luctus et ultrices posuere cubilia curae; Vivamus pharetra enim leo, nec molestie nibh consectetur quis. Class aptent taciti sociosqu ad litora torquent per conubia nostra, per inceptos himenaeos. Nunc quis maximus elit, vitae pulvinar urna. Integer at mi elit. Phasellus vitae rutrum sem. Vivamus et mauris ac nisl congue congue eu eget elit. Nullam at quam velit. Pellentesque dictum, diam nec tempor aliquet, tortor justo fermentum sapien, at condimentum turpis elit vel sapien. Aenean rutrum tellus sodales tortor viverra eleifend.

Donec facilisis, diam efficitur maximus ultrices, enim lectus rutrum elit, eget malesuada mi justo dapibus enim. Maecenas finibus euismod nulla quis dignissim. Sed dictum ante rutrum turpis euismod laoreet. Sed placerat tellus leo. In ut lobortis lorem. Nullam vitae lectus egestas urna tincidunt aliquet. Ut sagittis vel enim eget malesuada. Cras in congue tortor. Interdum et malesuada fames ac ante ipsum primis in faucibus. Nunc tempus consequat neque, et eleifend nulla aliquam eu.",Author 94,20,7-buoc-xay-dung-van-hoa-doanh-nghiep,NXB 94,2019,195
https://cdn1.fahasa.com/media/catalog/product/8/9/8935086851609-2023.jpg,Bẻ Khóa Bí Mật Triệu Phú - Khám Phá Tư Duy Làm Giàu (Tái Bản 2023),64240,17,9780085479730,"Lorem ipsum dolor sit amet, consectetur adipiscing elit. Nam congue vel tellus non luctus. Vestibulum vitae nunc lorem. Sed lacinia lectus vel augue imperdiet ultricies. Donec id venenatis ex, vitae pretium ligula. Sed nulla eros, dignissim at feugiat non, posuere sit amet urna. Ut eu porttitor tellus. Cras eu massa nulla. Morbi porta fermentum elit eu iaculis. Pellentesque hendrerit venenatis purus at feugiat. Pellentesque vitae feugiat purus. Donec mattis rhoncus lacinia. Sed quam diam, molestie id laoreet eu, lacinia ac turpis. Cras tincidunt lobortis elit quis aliquam. Proin et massa libero.

Aliquam id pharetra arcu. Vivamus vitae mattis ligula. Sed efficitur urna vitae scelerisque tempor. Proin purus magna, vulputate eu ligula a, vehicula malesuada enim. Curabitur aliquet rutrum enim et tincidunt. Vestibulum ante ipsum primis in faucibus orci luctus et ultrices posuere cubilia curae; Vivamus pharetra enim leo, nec molestie nibh consectetur quis. Class aptent taciti sociosqu ad litora torquent per conubia nostra, per inceptos himenaeos. Nunc quis maximus elit, vitae pulvinar urna. Integer at mi elit. Phasellus vitae rutrum sem. Vivamus et mauris ac nisl congue congue eu eget elit. Nullam at quam velit. Pellentesque dictum, diam nec tempor aliquet, tortor justo fermentum sapien, at condimentum turpis elit vel sapien. Aenean rutrum tellus sodales tortor viverra eleifend.

Donec facilisis, diam efficitur maximus ultrices, enim lectus rutrum elit, eget malesuada mi justo dapibus enim. Maecenas finibus euismod nulla quis dignissim. Sed dictum ante rutrum turpis euismod laoreet. Sed placerat tellus leo. In ut lobortis lorem. Nullam vitae lectus egestas urna tincidunt aliquet. Ut sagittis vel enim eget malesuada. Cras in congue tortor. Interdum et malesuada fames ac ante ipsum primis in faucibus. Nunc tempus consequat neque, et eleifend nulla aliquam eu.",Author 95,14,be-khoa-bi-mat-trieu-phu-kham-pha-tu-duy-lam-giau-tai-ban-2023,NXB 95,2014,219
https://cdn1.fahasa.com/media/catalog/product/9/7/9786326033861.jpg,Tại Sao Người Giàu Chơi Golf? - Những Bài Học Từ Sân Cỏ Đến Đỉnh Thành Công,191000,17,9780085479731,"Lorem ipsum dolor sit amet, consectetur adipiscing elit. Nam congue vel tellus non luctus. Vestibulum vitae nunc lorem. Sed lacinia lectus vel augue imperdiet ultricies. Donec id venenatis ex, vitae pretium ligula. Sed nulla eros, dignissim at feugiat non, posuere sit amet urna. Ut eu porttitor tellus. Cras eu massa nulla. Morbi porta fermentum elit eu iaculis. Pellentesque hendrerit venenatis purus at feugiat. Pellentesque vitae feugiat purus. Donec mattis rhoncus lacinia. Sed quam diam, molestie id laoreet eu, lacinia ac turpis. Cras tincidunt lobortis elit quis aliquam. Proin et massa libero.

Aliquam id pharetra arcu. Vivamus vitae mattis ligula. Sed efficitur urna vitae scelerisque tempor. Proin purus magna, vulputate eu ligula a, vehicula malesuada enim. Curabitur aliquet rutrum enim et tincidunt. Vestibulum ante ipsum primis in faucibus orci luctus et ultrices posuere cubilia curae; Vivamus pharetra enim leo, nec molestie nibh consectetur quis. Class aptent taciti sociosqu ad litora torquent per conubia nostra, per inceptos himenaeos. Nunc quis maximus elit, vitae pulvinar urna. Integer at mi elit. Phasellus vitae rutrum sem. Vivamus et mauris ac nisl congue congue eu eget elit. Nullam at quam velit. Pellentesque dictum, diam nec tempor aliquet, tortor justo fermentum sapien, at condimentum turpis elit vel sapien. Aenean rutrum tellus sodales tortor viverra eleifend.

Donec facilisis, diam efficitur maximus ultrices, enim lectus rutrum elit, eget malesuada mi justo dapibus enim. Maecenas finibus euismod nulla quis dignissim. Sed dictum ante rutrum turpis euismod laoreet. Sed placerat tellus leo. In ut lobortis lorem. Nullam vitae lectus egestas urna tincidunt aliquet. Ut sagittis vel enim eget malesuada. Cras in congue tortor. Interdum et malesuada fames ac ante ipsum primis in faucibus. Nunc tempus consequat neque, et eleifend nulla aliquam eu.",Author 96,10,tai-sao-nguoi-giau-choi-golf-nhung-bai-hoc-tu-san-co-en-inh-thanh-cong,NXB 96,2006,198
https://cdn1.fahasa.com/media/catalog/product/9/7/9786043461848_1.jpg,Thống Kê Trong Kinh Tế Và Kinh Doanh - Statistics For Business And Economics (Tái Bản 2024),399500,22,9780085479732,"Lorem ipsum dolor sit amet, consectetur adipiscing elit. Nam congue vel tellus non luctus. Vestibulum vitae nunc lorem. Sed lacinia lectus vel augue imperdiet ultricies. Donec id venenatis ex, vitae pretium ligula. Sed nulla eros, dignissim at feugiat non, posuere sit amet urna. Ut eu porttitor tellus. Cras eu massa nulla. Morbi porta fermentum elit eu iaculis. Pellentesque hendrerit venenatis purus at feugiat. Pellentesque vitae feugiat purus. Donec mattis rhoncus lacinia. Sed quam diam, molestie id laoreet eu, lacinia ac turpis. Cras tincidunt lobortis elit quis aliquam. Proin et massa libero.

Aliquam id pharetra arcu. Vivamus vitae mattis ligula. Sed efficitur urna vitae scelerisque tempor. Proin purus magna, vulputate eu ligula a, vehicula malesuada enim. Curabitur aliquet rutrum enim et tincidunt. Vestibulum ante ipsum primis in faucibus orci luctus et ultrices posuere cubilia curae; Vivamus pharetra enim leo, nec molestie nibh consectetur quis. Class aptent taciti sociosqu ad litora torquent per conubia nostra, per inceptos himenaeos. Nunc quis maximus elit, vitae pulvinar urna. Integer at mi elit. Phasellus vitae rutrum sem. Vivamus et mauris ac nisl congue congue eu eget elit. Nullam at quam velit. Pellentesque dictum, diam nec tempor aliquet, tortor justo fermentum sapien, at condimentum turpis elit vel sapien. Aenean rutrum tellus sodales tortor viverra eleifend.

Donec facilisis, diam efficitur maximus ultrices, enim lectus rutrum elit, eget malesuada mi justo dapibus enim. Maecenas finibus euismod nulla quis dignissim. Sed dictum ante rutrum turpis euismod laoreet. Sed placerat tellus leo. In ut lobortis lorem. Nullam vitae lectus egestas urna tincidunt aliquet. Ut sagittis vel enim eget malesuada. Cras in congue tortor. Interdum et malesuada fames ac ante ipsum primis in faucibus. Nunc tempus consequat neque, et eleifend nulla aliquam eu.",Author 97,10,thong-ke-trong-kinh-te-va-kinh-doanh-statistics-for-business-and-economics-tai-ban-2024,NXB 97,2020,228
https://cdn1.fahasa.com/media/catalog/product/9/7/9786043984057.jpg,Báo Cáo Tài Chính Dưới Góc Nhìn Của Warren Buffett (Tái Bản 2023),98000,22,9780085479733,"Lorem ipsum dolor sit amet, consectetur adipiscing elit. Nam congue vel tellus non luctus. Vestibulum vitae nunc lorem. Sed lacinia lectus vel augue imperdiet ultricies. Donec id venenatis ex, vitae pretium ligula. Sed nulla eros, dignissim at feugiat non, posuere sit amet urna. Ut eu porttitor tellus. Cras eu massa nulla. Morbi porta fermentum elit eu iaculis. Pellentesque hendrerit venenatis purus at feugiat. Pellentesque vitae feugiat purus. Donec mattis rhoncus lacinia. Sed quam diam, molestie id laoreet eu, lacinia ac turpis. Cras tincidunt lobortis elit quis aliquam. Proin et massa libero.

Aliquam id pharetra arcu. Vivamus vitae mattis ligula. Sed efficitur urna vitae scelerisque tempor. Proin purus magna, vulputate eu ligula a, vehicula malesuada enim. Curabitur aliquet rutrum enim et tincidunt. Vestibulum ante ipsum primis in faucibus orci luctus et ultrices posuere cubilia curae; Vivamus pharetra enim leo, nec molestie nibh consectetur quis. Class aptent taciti sociosqu ad litora torquent per conubia nostra, per inceptos himenaeos. Nunc quis maximus elit, vitae pulvinar urna. Integer at mi elit. Phasellus vitae rutrum sem. Vivamus et mauris ac nisl congue congue eu eget elit. Nullam at quam velit. Pellentesque dictum, diam nec tempor aliquet, tortor justo fermentum sapien, at condimentum turpis elit vel sapien. Aenean rutrum tellus sodales tortor viverra eleifend.

Donec facilisis, diam efficitur maximus ultrices, enim lectus rutrum elit, eget malesuada mi justo dapibus enim. Maecenas finibus euismod nulla quis dignissim. Sed dictum ante rutrum turpis euismod laoreet. Sed placerat tellus leo. In ut lobortis lorem. Nullam vitae lectus egestas urna tincidunt aliquet. Ut sagittis vel enim eget malesuada. Cras in congue tortor. Interdum et malesuada fames ac ante ipsum primis in faucibus. Nunc tempus consequat neque, et eleifend nulla aliquam eu.",Author 98,17,bao-cao-tai-chinh-duoi-goc-nhin-cua-warren-buffett-tai-ban-2023,NXB 98,2016,104
https://cdn1.fahasa.com/media/catalog/product/k/h/khoa-hoc-cap-toc-ve-tu-ban-va-tien-bac-image-1.jpg,Khoá Học Cấp Tốc Về Tư Bản Và Tiền Bạc - Bài Học Từ Thành Phố Đắt Đỏ Nhất Thế Giới,149000,22,9780085479734,"Lorem ipsum dolor sit amet, consectetur adipiscing elit. Nam congue vel tellus non luctus. Vestibulum vitae nunc lorem. Sed lacinia lectus vel augue imperdiet ultricies. Donec id venenatis ex, vitae pretium ligula. Sed nulla eros, dignissim at feugiat non, posuere sit amet urna. Ut eu porttitor tellus. Cras eu massa nulla. Morbi porta fermentum elit eu iaculis. Pellentesque hendrerit venenatis purus at feugiat. Pellentesque vitae feugiat purus. Donec mattis rhoncus lacinia. Sed quam diam, molestie id laoreet eu, lacinia ac turpis. Cras tincidunt lobortis elit quis aliquam. Proin et massa libero.

Aliquam id pharetra arcu. Vivamus vitae mattis ligula. Sed efficitur urna vitae scelerisque tempor. Proin purus magna, vulputate eu ligula a, vehicula malesuada enim. Curabitur aliquet rutrum enim et tincidunt. Vestibulum ante ipsum primis in faucibus orci luctus et ultrices posuere cubilia curae; Vivamus pharetra enim leo, nec molestie nibh consectetur quis. Class aptent taciti sociosqu ad litora torquent per conubia nostra, per inceptos himenaeos. Nunc quis maximus elit, vitae pulvinar urna. Integer at mi elit. Phasellus vitae rutrum sem. Vivamus et mauris ac nisl congue congue eu eget elit. Nullam at quam velit. Pellentesque dictum, diam nec tempor aliquet, tortor justo fermentum sapien, at condimentum turpis elit vel sapien. Aenean rutrum tellus sodales tortor viverra eleifend.

Donec facilisis, diam efficitur maximus ultrices, enim lectus rutrum elit, eget malesuada mi justo dapibus enim. Maecenas finibus euismod nulla quis dignissim. Sed dictum ante rutrum turpis euismod laoreet. Sed placerat tellus leo. In ut lobortis lorem. Nullam vitae lectus egestas urna tincidunt aliquet. Ut sagittis vel enim eget malesuada. Cras in congue tortor. Interdum et malesuada fames ac ante ipsum primis in faucibus. Nunc tempus consequat neque, et eleifend nulla aliquam eu.",Author 99,4,khoa-hoc-cap-toc-ve-tu-ban-va-tien-bac-bai-hoc-tu-thanh-pho-at-o-nhat-the-gioi,NXB 99,2024,55
https://cdn1.fahasa.com/media/catalog/product/i/m/image_225971.jpg,Phân Tích Kỹ Thuật Trong Thị Trường Tài Chính,254000,22,9780085479735,"Lorem ipsum dolor sit amet, consectetur adipiscing elit. Nam congue vel tellus non luctus. Vestibulum vitae nunc lorem. Sed lacinia lectus vel augue imperdiet ultricies. Donec id venenatis ex, vitae pretium ligula. Sed nulla eros, dignissim at feugiat non, posuere sit amet urna. Ut eu porttitor tellus. Cras eu massa nulla. Morbi porta fermentum elit eu iaculis. Pellentesque hendrerit venenatis purus at feugiat. Pellentesque vitae feugiat purus. Donec mattis rhoncus lacinia. Sed quam diam, molestie id laoreet eu, lacinia ac turpis. Cras tincidunt lobortis elit quis aliquam. Proin et massa libero.

Aliquam id pharetra arcu. Vivamus vitae mattis ligula. Sed efficitur urna vitae scelerisque tempor. Proin purus magna, vulputate eu ligula a, vehicula malesuada enim. Curabitur aliquet rutrum enim et tincidunt. Vestibulum ante ipsum primis in faucibus orci luctus et ultrices posuere cubilia curae; Vivamus pharetra enim leo, nec molestie nibh consectetur quis. Class aptent taciti sociosqu ad litora torquent per conubia nostra, per inceptos himenaeos. Nunc quis maximus elit, vitae pulvinar urna. Integer at mi elit. Phasellus vitae rutrum sem. Vivamus et mauris ac nisl congue congue eu eget elit. Nullam at quam velit. Pellentesque dictum, diam nec tempor aliquet, tortor justo fermentum sapien, at condimentum turpis elit vel sapien. Aenean rutrum tellus sodales tortor viverra eleifend.

Donec facilisis, diam efficitur maximus ultrices, enim lectus rutrum elit, eget malesuada mi justo dapibus enim. Maecenas finibus euismod nulla quis dignissim. Sed dictum ante rutrum turpis euismod laoreet. Sed placerat tellus leo. In ut lobortis lorem. Nullam vitae lectus egestas urna tincidunt aliquet. Ut sagittis vel enim eget malesuada. Cras in congue tortor. Interdum et malesuada fames ac ante ipsum primis in faucibus. Nunc tempus consequat neque, et eleifend nulla aliquam eu.",Author 100,9,phan-tich-ky-thuat-trong-thi-truong-tai-chinh,NXB 100,2025,245
https://cdn1.fahasa.com/media/catalog/product/9/7/9786043905113.jpg,Tài Chính Cá Nhân Dành Cho Người Việt Nam (Tái Bản 2023),150000,22,9780085479736,"Lorem ipsum dolor sit amet, consectetur adipiscing elit. Nam congue vel tellus non luctus. Vestibulum vitae nunc lorem. Sed lacinia lectus vel augue imperdiet ultricies. Donec id venenatis ex, vitae pretium ligula. Sed nulla eros, dignissim at feugiat non, posuere sit amet urna. Ut eu porttitor tellus. Cras eu massa nulla. Morbi porta fermentum elit eu iaculis. Pellentesque hendrerit venenatis purus at feugiat. Pellentesque vitae feugiat purus. Donec mattis rhoncus lacinia. Sed quam diam, molestie id laoreet eu, lacinia ac turpis. Cras tincidunt lobortis elit quis aliquam. Proin et massa libero.

Aliquam id pharetra arcu. Vivamus vitae mattis ligula. Sed efficitur urna vitae scelerisque tempor. Proin purus magna, vulputate eu ligula a, vehicula malesuada enim. Curabitur aliquet rutrum enim et tincidunt. Vestibulum ante ipsum primis in faucibus orci luctus et ultrices posuere cubilia curae; Vivamus pharetra enim leo, nec molestie nibh consectetur quis. Class aptent taciti sociosqu ad litora torquent per conubia nostra, per inceptos himenaeos. Nunc quis maximus elit, vitae pulvinar urna. Integer at mi elit. Phasellus vitae rutrum sem. Vivamus et mauris ac nisl congue congue eu eget elit. Nullam at quam velit. Pellentesque dictum, diam nec tempor aliquet, tortor justo fermentum sapien, at condimentum turpis elit vel sapien. Aenean rutrum tellus sodales tortor viverra eleifend.

Donec facilisis, diam efficitur maximus ultrices, enim lectus rutrum elit, eget malesuada mi justo dapibus enim. Maecenas finibus euismod nulla quis dignissim. Sed dictum ante rutrum turpis euismod laoreet. Sed placerat tellus leo. In ut lobortis lorem. Nullam vitae lectus egestas urna tincidunt aliquet. Ut sagittis vel enim eget malesuada. Cras in congue tortor. Interdum et malesuada fames ac ante ipsum primis in faucibus. Nunc tempus consequat neque, et eleifend nulla aliquam eu.",Author 101,5,tai-chinh-ca-nhan-danh-cho-nguoi-viet-nam-tai-ban-2023,NXB 101,2001,161
https://cdn1.fahasa.com/media/catalog/product/9/7/9786047927944.jpg,"Mishkin - Kinh Tế Học Về Tiền, Ngân Hàng Và Thị Trường Tài Chính",799000,22,9780085479737,"Lorem ipsum dolor sit amet, consectetur adipiscing elit. Nam congue vel tellus non luctus. Vestibulum vitae nunc lorem. Sed lacinia lectus vel augue imperdiet ultricies. Donec id venenatis ex, vitae pretium ligula. Sed nulla eros, dignissim at feugiat non, posuere sit amet urna. Ut eu porttitor tellus. Cras eu massa nulla. Morbi porta fermentum elit eu iaculis. Pellentesque hendrerit venenatis purus at feugiat. Pellentesque vitae feugiat purus. Donec mattis rhoncus lacinia. Sed quam diam, molestie id laoreet eu, lacinia ac turpis. Cras tincidunt lobortis elit quis aliquam. Proin et massa libero.

Aliquam id pharetra arcu. Vivamus vitae mattis ligula. Sed efficitur urna vitae scelerisque tempor. Proin purus magna, vulputate eu ligula a, vehicula malesuada enim. Curabitur aliquet rutrum enim et tincidunt. Vestibulum ante ipsum primis in faucibus orci luctus et ultrices posuere cubilia curae; Vivamus pharetra enim leo, nec molestie nibh consectetur quis. Class aptent taciti sociosqu ad litora torquent per conubia nostra, per inceptos himenaeos. Nunc quis maximus elit, vitae pulvinar urna. Integer at mi elit. Phasellus vitae rutrum sem. Vivamus et mauris ac nisl congue congue eu eget elit. Nullam at quam velit. Pellentesque dictum, diam nec tempor aliquet, tortor justo fermentum sapien, at condimentum turpis elit vel sapien. Aenean rutrum tellus sodales tortor viverra eleifend.

Donec facilisis, diam efficitur maximus ultrices, enim lectus rutrum elit, eget malesuada mi justo dapibus enim. Maecenas finibus euismod nulla quis dignissim. Sed dictum ante rutrum turpis euismod laoreet. Sed placerat tellus leo. In ut lobortis lorem. Nullam vitae lectus egestas urna tincidunt aliquet. Ut sagittis vel enim eget malesuada. Cras in congue tortor. Interdum et malesuada fames ac ante ipsum primis in faucibus. Nunc tempus consequat neque, et eleifend nulla aliquam eu.",Author 102,3,mishkin-kinh-te-hoc-ve-tien-ngan-hang-va-thi-truong-tai-chinh,NXB 102,2015,273
https://cdn1.fahasa.com/media/catalog/product/8/9/8936066694148.jpg,MBA Căn Bản (Tái Bản 2022),151000,22,9780085479738,"Lorem ipsum dolor sit amet, consectetur adipiscing elit. Nam congue vel tellus non luctus. Vestibulum vitae nunc lorem. Sed lacinia lectus vel augue imperdiet ultricies. Donec id venenatis ex, vitae pretium ligula. Sed nulla eros, dignissim at feugiat non, posuere sit amet urna. Ut eu porttitor tellus. Cras eu massa nulla. Morbi porta fermentum elit eu iaculis. Pellentesque hendrerit venenatis purus at feugiat. Pellentesque vitae feugiat purus. Donec mattis rhoncus lacinia. Sed quam diam, molestie id laoreet eu, lacinia ac turpis. Cras tincidunt lobortis elit quis aliquam. Proin et massa libero.

Aliquam id pharetra arcu. Vivamus vitae mattis ligula. Sed efficitur urna vitae scelerisque tempor. Proin purus magna, vulputate eu ligula a, vehicula malesuada enim. Curabitur aliquet rutrum enim et tincidunt. Vestibulum ante ipsum primis in faucibus orci luctus et ultrices posuere cubilia curae; Vivamus pharetra enim leo, nec molestie nibh consectetur quis. Class aptent taciti sociosqu ad litora torquent per conubia nostra, per inceptos himenaeos. Nunc quis maximus elit, vitae pulvinar urna. Integer at mi elit. Phasellus vitae rutrum sem. Vivamus et mauris ac nisl congue congue eu eget elit. Nullam at quam velit. Pellentesque dictum, diam nec tempor aliquet, tortor justo fermentum sapien, at condimentum turpis elit vel sapien. Aenean rutrum tellus sodales tortor viverra eleifend.

Donec facilisis, diam efficitur maximus ultrices, enim lectus rutrum elit, eget malesuada mi justo dapibus enim. Maecenas finibus euismod nulla quis dignissim. Sed dictum ante rutrum turpis euismod laoreet. Sed placerat tellus leo. In ut lobortis lorem. Nullam vitae lectus egestas urna tincidunt aliquet. Ut sagittis vel enim eget malesuada. Cras in congue tortor. Interdum et malesuada fames ac ante ipsum primis in faucibus. Nunc tempus consequat neque, et eleifend nulla aliquam eu.",Author 103,6,mba-can-ban-tai-ban-2022,NXB 103,2001,272
https://cdn1.fahasa.com/media/catalog/product/8/9/8935280920392.jpg,Làm Giàu Theo Chu Kỳ,194500,22,9780085479739,"Lorem ipsum dolor sit amet, consectetur adipiscing elit. Nam congue vel tellus non luctus. Vestibulum vitae nunc lorem. Sed lacinia lectus vel augue imperdiet ultricies. Donec id venenatis ex, vitae pretium ligula. Sed nulla eros, dignissim at feugiat non, posuere sit amet urna. Ut eu porttitor tellus. Cras eu massa nulla. Morbi porta fermentum elit eu iaculis. Pellentesque hendrerit venenatis purus at feugiat. Pellentesque vitae feugiat purus. Donec mattis rhoncus lacinia. Sed quam diam, molestie id laoreet eu, lacinia ac turpis. Cras tincidunt lobortis elit quis aliquam. Proin et massa libero.

Aliquam id pharetra arcu. Vivamus vitae mattis ligula. Sed efficitur urna vitae scelerisque tempor. Proin purus magna, vulputate eu ligula a, vehicula malesuada enim. Curabitur aliquet rutrum enim et tincidunt. Vestibulum ante ipsum primis in faucibus orci luctus et ultrices posuere cubilia curae; Vivamus pharetra enim leo, nec molestie nibh consectetur quis. Class aptent taciti sociosqu ad litora torquent per conubia nostra, per inceptos himenaeos. Nunc quis maximus elit, vitae pulvinar urna. Integer at mi elit. Phasellus vitae rutrum sem. Vivamus et mauris ac nisl congue congue eu eget elit. Nullam at quam velit. Pellentesque dictum, diam nec tempor aliquet, tortor justo fermentum sapien, at condimentum turpis elit vel sapien. Aenean rutrum tellus sodales tortor viverra eleifend.

Donec facilisis, diam efficitur maximus ultrices, enim lectus rutrum elit, eget malesuada mi justo dapibus enim. Maecenas finibus euismod nulla quis dignissim. Sed dictum ante rutrum turpis euismod laoreet. Sed placerat tellus leo. In ut lobortis lorem. Nullam vitae lectus egestas urna tincidunt aliquet. Ut sagittis vel enim eget malesuada. Cras in congue tortor. Interdum et malesuada fames ac ante ipsum primis in faucibus. Nunc tempus consequat neque, et eleifend nulla aliquam eu.",Author 104,4,lam-giau-theo-chu-ky,NXB 104,2019,54
https://cdn1.fahasa.com/media/catalog/product/8/9/8936066694056.jpg,Nghệ Thuật Quản Lý Tài Chính Cá Nhân (Tái Bản 2022),127000,22,9780085479740,"Lorem ipsum dolor sit amet, consectetur adipiscing elit. Nam congue vel tellus non luctus. Vestibulum vitae nunc lorem. Sed lacinia lectus vel augue imperdiet ultricies. Donec id venenatis ex, vitae pretium ligula. Sed nulla eros, dignissim at feugiat non, posuere sit amet urna. Ut eu porttitor tellus. Cras eu massa nulla. Morbi porta fermentum elit eu iaculis. Pellentesque hendrerit venenatis purus at feugiat. Pellentesque vitae feugiat purus. Donec mattis rhoncus lacinia. Sed quam diam, molestie id laoreet eu, lacinia ac turpis. Cras tincidunt lobortis elit quis aliquam. Proin et massa libero.

Aliquam id pharetra arcu. Vivamus vitae mattis ligula. Sed efficitur urna vitae scelerisque tempor. Proin purus magna, vulputate eu ligula a, vehicula malesuada enim. Curabitur aliquet rutrum enim et tincidunt. Vestibulum ante ipsum primis in faucibus orci luctus et ultrices posuere cubilia curae; Vivamus pharetra enim leo, nec molestie nibh consectetur quis. Class aptent taciti sociosqu ad litora torquent per conubia nostra, per inceptos himenaeos. Nunc quis maximus elit, vitae pulvinar urna. Integer at mi elit. Phasellus vitae rutrum sem. Vivamus et mauris ac nisl congue congue eu eget elit. Nullam at quam velit. Pellentesque dictum, diam nec tempor aliquet, tortor justo fermentum sapien, at condimentum turpis elit vel sapien. Aenean rutrum tellus sodales tortor viverra eleifend.

Donec facilisis, diam efficitur maximus ultrices, enim lectus rutrum elit, eget malesuada mi justo dapibus enim. Maecenas finibus euismod nulla quis dignissim. Sed dictum ante rutrum turpis euismod laoreet. Sed placerat tellus leo. In ut lobortis lorem. Nullam vitae lectus egestas urna tincidunt aliquet. Ut sagittis vel enim eget malesuada. Cras in congue tortor. Interdum et malesuada fames ac ante ipsum primis in faucibus. Nunc tempus consequat neque, et eleifend nulla aliquam eu.",Author 105,10,nghe-thuat-quan-ly-tai-chinh-ca-nhan-tai-ban-2022,NXB 105,2015,62
https://cdn1.fahasa.com/media/catalog/product/z/7/z7087174587131_6a40a95100a913c1ec21bf1609822590.jpg,Nguyên Tắc Giao Dịch Trong Ngày - Day Trading 101,156000,22,9780085479741,"Lorem ipsum dolor sit amet, consectetur adipiscing elit. Nam congue vel tellus non luctus. Vestibulum vitae nunc lorem. Sed lacinia lectus vel augue imperdiet ultricies. Donec id venenatis ex, vitae pretium ligula. Sed nulla eros, dignissim at feugiat non, posuere sit amet urna. Ut eu porttitor tellus. Cras eu massa nulla. Morbi porta fermentum elit eu iaculis. Pellentesque hendrerit venenatis purus at feugiat. Pellentesque vitae feugiat purus. Donec mattis rhoncus lacinia. Sed quam diam, molestie id laoreet eu, lacinia ac turpis. Cras tincidunt lobortis elit quis aliquam. Proin et massa libero.

Aliquam id pharetra arcu. Vivamus vitae mattis ligula. Sed efficitur urna vitae scelerisque tempor. Proin purus magna, vulputate eu ligula a, vehicula malesuada enim. Curabitur aliquet rutrum enim et tincidunt. Vestibulum ante ipsum primis in faucibus orci luctus et ultrices posuere cubilia curae; Vivamus pharetra enim leo, nec molestie nibh consectetur quis. Class aptent taciti sociosqu ad litora torquent per conubia nostra, per inceptos himenaeos. Nunc quis maximus elit, vitae pulvinar urna. Integer at mi elit. Phasellus vitae rutrum sem. Vivamus et mauris ac nisl congue congue eu eget elit. Nullam at quam velit. Pellentesque dictum, diam nec tempor aliquet, tortor justo fermentum sapien, at condimentum turpis elit vel sapien. Aenean rutrum tellus sodales tortor viverra eleifend.

Donec facilisis, diam efficitur maximus ultrices, enim lectus rutrum elit, eget malesuada mi justo dapibus enim. Maecenas finibus euismod nulla quis dignissim. Sed dictum ante rutrum turpis euismod laoreet. Sed placerat tellus leo. In ut lobortis lorem. Nullam vitae lectus egestas urna tincidunt aliquet. Ut sagittis vel enim eget malesuada. Cras in congue tortor. Interdum et malesuada fames ac ante ipsum primis in faucibus. Nunc tempus consequat neque, et eleifend nulla aliquam eu.",Author 106,10,nguyen-tac-giao-dich-trong-ngay-day-trading-101,NXB 106,2010,151
https://cdn1.fahasa.com/media/catalog/product/9/7/9786043750843.jpg,Tài Chính Cá Nhân Dành Cho Người Việt Nam (2022),150000,22,9780085479742,"Lorem ipsum dolor sit amet, consectetur adipiscing elit. Nam congue vel tellus non luctus. Vestibulum vitae nunc lorem. Sed lacinia lectus vel augue imperdiet ultricies. Donec id venenatis ex, vitae pretium ligula. Sed nulla eros, dignissim at feugiat non, posuere sit amet urna. Ut eu porttitor tellus. Cras eu massa nulla. Morbi porta fermentum elit eu iaculis. Pellentesque hendrerit venenatis purus at feugiat. Pellentesque vitae feugiat purus. Donec mattis rhoncus lacinia. Sed quam diam, molestie id laoreet eu, lacinia ac turpis. Cras tincidunt lobortis elit quis aliquam. Proin et massa libero.

Aliquam id pharetra arcu. Vivamus vitae mattis ligula. Sed efficitur urna vitae scelerisque tempor. Proin purus magna, vulputate eu ligula a, vehicula malesuada enim. Curabitur aliquet rutrum enim et tincidunt. Vestibulum ante ipsum primis in faucibus orci luctus et ultrices posuere cubilia curae; Vivamus pharetra enim leo, nec molestie nibh consectetur quis. Class aptent taciti sociosqu ad litora torquent per conubia nostra, per inceptos himenaeos. Nunc quis maximus elit, vitae pulvinar urna. Integer at mi elit. Phasellus vitae rutrum sem. Vivamus et mauris ac nisl congue congue eu eget elit. Nullam at quam velit. Pellentesque dictum, diam nec tempor aliquet, tortor justo fermentum sapien, at condimentum turpis elit vel sapien. Aenean rutrum tellus sodales tortor viverra eleifend.

Donec facilisis, diam efficitur maximus ultrices, enim lectus rutrum elit, eget malesuada mi justo dapibus enim. Maecenas finibus euismod nulla quis dignissim. Sed dictum ante rutrum turpis euismod laoreet. Sed placerat tellus leo. In ut lobortis lorem. Nullam vitae lectus egestas urna tincidunt aliquet. Ut sagittis vel enim eget malesuada. Cras in congue tortor. Interdum et malesuada fames ac ante ipsum primis in faucibus. Nunc tempus consequat neque, et eleifend nulla aliquam eu.",Author 107,10,tai-chinh-ca-nhan-danh-cho-nguoi-viet-nam-2022,NXB 107,2008,251
https://cdn1.fahasa.com/media/catalog/product/t/u/tu-do-tai-chinh---bia-1_1.jpg,Tự Do Tài Chính,175000,22,9780085479743,"Lorem ipsum dolor sit amet, consectetur adipiscing elit. Nam congue vel tellus non luctus. Vestibulum vitae nunc lorem. Sed lacinia lectus vel augue imperdiet ultricies. Donec id venenatis ex, vitae pretium ligula. Sed nulla eros, dignissim at feugiat non, posuere sit amet urna. Ut eu porttitor tellus. Cras eu massa nulla. Morbi porta fermentum elit eu iaculis. Pellentesque hendrerit venenatis purus at feugiat. Pellentesque vitae feugiat purus. Donec mattis rhoncus lacinia. Sed quam diam, molestie id laoreet eu, lacinia ac turpis. Cras tincidunt lobortis elit quis aliquam. Proin et massa libero.

Aliquam id pharetra arcu. Vivamus vitae mattis ligula. Sed efficitur urna vitae scelerisque tempor. Proin purus magna, vulputate eu ligula a, vehicula malesuada enim. Curabitur aliquet rutrum enim et tincidunt. Vestibulum ante ipsum primis in faucibus orci luctus et ultrices posuere cubilia curae; Vivamus pharetra enim leo, nec molestie nibh consectetur quis. Class aptent taciti sociosqu ad litora torquent per conubia nostra, per inceptos himenaeos. Nunc quis maximus elit, vitae pulvinar urna. Integer at mi elit. Phasellus vitae rutrum sem. Vivamus et mauris ac nisl congue congue eu eget elit. Nullam at quam velit. Pellentesque dictum, diam nec tempor aliquet, tortor justo fermentum sapien, at condimentum turpis elit vel sapien. Aenean rutrum tellus sodales tortor viverra eleifend.

Donec facilisis, diam efficitur maximus ultrices, enim lectus rutrum elit, eget malesuada mi justo dapibus enim. Maecenas finibus euismod nulla quis dignissim. Sed dictum ante rutrum turpis euismod laoreet. Sed placerat tellus leo. In ut lobortis lorem. Nullam vitae lectus egestas urna tincidunt aliquet. Ut sagittis vel enim eget malesuada. Cras in congue tortor. Interdum et malesuada fames ac ante ipsum primis in faucibus. Nunc tempus consequat neque, et eleifend nulla aliquam eu.",Author 108,19,tu-do-tai-chinh,NXB 108,2004,248
https://cdn1.fahasa.com/media/catalog/product/9/7/9786043977318.jpg,Fibonacci Analysis - Thực Hành Phân Tích Fibonacci,296000,22,9780085479744,"Lorem ipsum dolor sit amet, consectetur adipiscing elit. Nam congue vel tellus non luctus. Vestibulum vitae nunc lorem. Sed lacinia lectus vel augue imperdiet ultricies. Donec id venenatis ex, vitae pretium ligula. Sed nulla eros, dignissim at feugiat non, posuere sit amet urna. Ut eu porttitor tellus. Cras eu massa nulla. Morbi porta fermentum elit eu iaculis. Pellentesque hendrerit venenatis purus at feugiat. Pellentesque vitae feugiat purus. Donec mattis rhoncus lacinia. Sed quam diam, molestie id laoreet eu, lacinia ac turpis. Cras tincidunt lobortis elit quis aliquam. Proin et massa libero.

Aliquam id pharetra arcu. Vivamus vitae mattis ligula. Sed efficitur urna vitae scelerisque tempor. Proin purus magna, vulputate eu ligula a, vehicula malesuada enim. Curabitur aliquet rutrum enim et tincidunt. Vestibulum ante ipsum primis in faucibus orci luctus et ultrices posuere cubilia curae; Vivamus pharetra enim leo, nec molestie nibh consectetur quis. Class aptent taciti sociosqu ad litora torquent per conubia nostra, per inceptos himenaeos. Nunc quis maximus elit, vitae pulvinar urna. Integer at mi elit. Phasellus vitae rutrum sem. Vivamus et mauris ac nisl congue congue eu eget elit. Nullam at quam velit. Pellentesque dictum, diam nec tempor aliquet, tortor justo fermentum sapien, at condimentum turpis elit vel sapien. Aenean rutrum tellus sodales tortor viverra eleifend.

Donec facilisis, diam efficitur maximus ultrices, enim lectus rutrum elit, eget malesuada mi justo dapibus enim. Maecenas finibus euismod nulla quis dignissim. Sed dictum ante rutrum turpis euismod laoreet. Sed placerat tellus leo. In ut lobortis lorem. Nullam vitae lectus egestas urna tincidunt aliquet. Ut sagittis vel enim eget malesuada. Cras in congue tortor. Interdum et malesuada fames ac ante ipsum primis in faucibus. Nunc tempus consequat neque, et eleifend nulla aliquam eu.",Author 109,18,fibonacci-analysis-thuc-hanh-phan-tich-fibonacci,NXB 109,2015,95
https://cdn1.fahasa.com/media/catalog/product/8/9/8935246937006.jpg,Bản Đồ Về Dòng Tiền - Hiểu Và Áp Dụng Sơ Đồ Kế Toán Trong Doanh Nghiệp Và Đời Sống,118500,22,9780085479745,"Lorem ipsum dolor sit amet, consectetur adipiscing elit. Nam congue vel tellus non luctus. Vestibulum vitae nunc lorem. Sed lacinia lectus vel augue imperdiet ultricies. Donec id venenatis ex, vitae pretium ligula. Sed nulla eros, dignissim at feugiat non, posuere sit amet urna. Ut eu porttitor tellus. Cras eu massa nulla. Morbi porta fermentum elit eu iaculis. Pellentesque hendrerit venenatis purus at feugiat. Pellentesque vitae feugiat purus. Donec mattis rhoncus lacinia. Sed quam diam, molestie id laoreet eu, lacinia ac turpis. Cras tincidunt lobortis elit quis aliquam. Proin et massa libero.

Aliquam id pharetra arcu. Vivamus vitae mattis ligula. Sed efficitur urna vitae scelerisque tempor. Proin purus magna, vulputate eu ligula a, vehicula malesuada enim. Curabitur aliquet rutrum enim et tincidunt. Vestibulum ante ipsum primis in faucibus orci luctus et ultrices posuere cubilia curae; Vivamus pharetra enim leo, nec molestie nibh consectetur quis. Class aptent taciti sociosqu ad litora torquent per conubia nostra, per inceptos himenaeos. Nunc quis maximus elit, vitae pulvinar urna. Integer at mi elit. Phasellus vitae rutrum sem. Vivamus et mauris ac nisl congue congue eu eget elit. Nullam at quam velit. Pellentesque dictum, diam nec tempor aliquet, tortor justo fermentum sapien, at condimentum turpis elit vel sapien. Aenean rutrum tellus sodales tortor viverra eleifend.

Donec facilisis, diam efficitur maximus ultrices, enim lectus rutrum elit, eget malesuada mi justo dapibus enim. Maecenas finibus euismod nulla quis dignissim. Sed dictum ante rutrum turpis euismod laoreet. Sed placerat tellus leo. In ut lobortis lorem. Nullam vitae lectus egestas urna tincidunt aliquet. Ut sagittis vel enim eget malesuada. Cras in congue tortor. Interdum et malesuada fames ac ante ipsum primis in faucibus. Nunc tempus consequat neque, et eleifend nulla aliquam eu.",Author 110,13,ban-o-ve-dong-tien-hieu-va-ap-dung-so-o-ke-toan-trong-doanh-nghiep-va-oi-song,NXB 110,2024,278
https://cdn1.fahasa.com/media/catalog/product/9/7/9786049226021.jpg,Bùng Nổ Bitcoin: Tiền Tệ Thay Thế Sẽ Thay Đổi Thế Giới Như Thế Nào,166000,22,9780085479746,"Lorem ipsum dolor sit amet, consectetur adipiscing elit. Nam congue vel tellus non luctus. Vestibulum vitae nunc lorem. Sed lacinia lectus vel augue imperdiet ultricies. Donec id venenatis ex, vitae pretium ligula. Sed nulla eros, dignissim at feugiat non, posuere sit amet urna. Ut eu porttitor tellus. Cras eu massa nulla. Morbi porta fermentum elit eu iaculis. Pellentesque hendrerit venenatis purus at feugiat. Pellentesque vitae feugiat purus. Donec mattis rhoncus lacinia. Sed quam diam, molestie id laoreet eu, lacinia ac turpis. Cras tincidunt lobortis elit quis aliquam. Proin et massa libero.

Aliquam id pharetra arcu. Vivamus vitae mattis ligula. Sed efficitur urna vitae scelerisque tempor. Proin purus magna, vulputate eu ligula a, vehicula malesuada enim. Curabitur aliquet rutrum enim et tincidunt. Vestibulum ante ipsum primis in faucibus orci luctus et ultrices posuere cubilia curae; Vivamus pharetra enim leo, nec molestie nibh consectetur quis. Class aptent taciti sociosqu ad litora torquent per conubia nostra, per inceptos himenaeos. Nunc quis maximus elit, vitae pulvinar urna. Integer at mi elit. Phasellus vitae rutrum sem. Vivamus et mauris ac nisl congue congue eu eget elit. Nullam at quam velit. Pellentesque dictum, diam nec tempor aliquet, tortor justo fermentum sapien, at condimentum turpis elit vel sapien. Aenean rutrum tellus sodales tortor viverra eleifend.

Donec facilisis, diam efficitur maximus ultrices, enim lectus rutrum elit, eget malesuada mi justo dapibus enim. Maecenas finibus euismod nulla quis dignissim. Sed dictum ante rutrum turpis euismod laoreet. Sed placerat tellus leo. In ut lobortis lorem. Nullam vitae lectus egestas urna tincidunt aliquet. Ut sagittis vel enim eget malesuada. Cras in congue tortor. Interdum et malesuada fames ac ante ipsum primis in faucibus. Nunc tempus consequat neque, et eleifend nulla aliquam eu.",Author 111,7,bung-no-bitcoin-tien-te-thay-the-se-thay-oi-the-gioi-nhu-the-nao,NXB 111,2023,117
https://cdn1.fahasa.com/media/catalog/product/9/7/9786047936922.jpg,Kế Toán Ngân Hàng (Tái Bản 2023),239000,22,9780085479747,"Lorem ipsum dolor sit amet, consectetur adipiscing elit. Nam congue vel tellus non luctus. Vestibulum vitae nunc lorem. Sed lacinia lectus vel augue imperdiet ultricies. Donec id venenatis ex, vitae pretium ligula. Sed nulla eros, dignissim at feugiat non, posuere sit amet urna. Ut eu porttitor tellus. Cras eu massa nulla. Morbi porta fermentum elit eu iaculis. Pellentesque hendrerit venenatis purus at feugiat. Pellentesque vitae feugiat purus. Donec mattis rhoncus lacinia. Sed quam diam, molestie id laoreet eu, lacinia ac turpis. Cras tincidunt lobortis elit quis aliquam. Proin et massa libero.

Aliquam id pharetra arcu. Vivamus vitae mattis ligula. Sed efficitur urna vitae scelerisque tempor. Proin purus magna, vulputate eu ligula a, vehicula malesuada enim. Curabitur aliquet rutrum enim et tincidunt. Vestibulum ante ipsum primis in faucibus orci luctus et ultrices posuere cubilia curae; Vivamus pharetra enim leo, nec molestie nibh consectetur quis. Class aptent taciti sociosqu ad litora torquent per conubia nostra, per inceptos himenaeos. Nunc quis maximus elit, vitae pulvinar urna. Integer at mi elit. Phasellus vitae rutrum sem. Vivamus et mauris ac nisl congue congue eu eget elit. Nullam at quam velit. Pellentesque dictum, diam nec tempor aliquet, tortor justo fermentum sapien, at condimentum turpis elit vel sapien. Aenean rutrum tellus sodales tortor viverra eleifend.

Donec facilisis, diam efficitur maximus ultrices, enim lectus rutrum elit, eget malesuada mi justo dapibus enim. Maecenas finibus euismod nulla quis dignissim. Sed dictum ante rutrum turpis euismod laoreet. Sed placerat tellus leo. In ut lobortis lorem. Nullam vitae lectus egestas urna tincidunt aliquet. Ut sagittis vel enim eget malesuada. Cras in congue tortor. Interdum et malesuada fames ac ante ipsum primis in faucibus. Nunc tempus consequat neque, et eleifend nulla aliquam eu.",Author 112,15,ke-toan-ngan-hang-tai-ban-2023,NXB 112,2002,130
https://cdn1.fahasa.com/media/catalog/product/8/9/8936066696876.jpg,Kỹ Năng Lập Kế Hoạch Và Quản Lý Tài Chính Cá Nhân Trong 30 Ngày,127000,22,9780085479748,"Lorem ipsum dolor sit amet, consectetur adipiscing elit. Nam congue vel tellus non luctus. Vestibulum vitae nunc lorem. Sed lacinia lectus vel augue imperdiet ultricies. Donec id venenatis ex, vitae pretium ligula. Sed nulla eros, dignissim at feugiat non, posuere sit amet urna. Ut eu porttitor tellus. Cras eu massa nulla. Morbi porta fermentum elit eu iaculis. Pellentesque hendrerit venenatis purus at feugiat. Pellentesque vitae feugiat purus. Donec mattis rhoncus lacinia. Sed quam diam, molestie id laoreet eu, lacinia ac turpis. Cras tincidunt lobortis elit quis aliquam. Proin et massa libero.

Aliquam id pharetra arcu. Vivamus vitae mattis ligula. Sed efficitur urna vitae scelerisque tempor. Proin purus magna, vulputate eu ligula a, vehicula malesuada enim. Curabitur aliquet rutrum enim et tincidunt. Vestibulum ante ipsum primis in faucibus orci luctus et ultrices posuere cubilia curae; Vivamus pharetra enim leo, nec molestie nibh consectetur quis. Class aptent taciti sociosqu ad litora torquent per conubia nostra, per inceptos himenaeos. Nunc quis maximus elit, vitae pulvinar urna. Integer at mi elit. Phasellus vitae rutrum sem. Vivamus et mauris ac nisl congue congue eu eget elit. Nullam at quam velit. Pellentesque dictum, diam nec tempor aliquet, tortor justo fermentum sapien, at condimentum turpis elit vel sapien. Aenean rutrum tellus sodales tortor viverra eleifend.

Donec facilisis, diam efficitur maximus ultrices, enim lectus rutrum elit, eget malesuada mi justo dapibus enim. Maecenas finibus euismod nulla quis dignissim. Sed dictum ante rutrum turpis euismod laoreet. Sed placerat tellus leo. In ut lobortis lorem. Nullam vitae lectus egestas urna tincidunt aliquet. Ut sagittis vel enim eget malesuada. Cras in congue tortor. Interdum et malesuada fames ac ante ipsum primis in faucibus. Nunc tempus consequat neque, et eleifend nulla aliquam eu.",Author 113,7,ky-nang-lap-ke-hoach-va-quan-ly-tai-chinh-ca-nhan-trong-30-ngay,NXB 113,2008,209
https://cdn1.fahasa.com/media/catalog/product/8/9/8935072952587.jpg,Quản Trị Tài Chính Dành Cho Các Công Ty Công Nghệ Mới Khởi Nghiệp - Cẩm Nang Phát Triển,127000,22,9780085479749,"Lorem ipsum dolor sit amet, consectetur adipiscing elit. Nam congue vel tellus non luctus. Vestibulum vitae nunc lorem. Sed lacinia lectus vel augue imperdiet ultricies. Donec id venenatis ex, vitae pretium ligula. Sed nulla eros, dignissim at feugiat non, posuere sit amet urna. Ut eu porttitor tellus. Cras eu massa nulla. Morbi porta fermentum elit eu iaculis. Pellentesque hendrerit venenatis purus at feugiat. Pellentesque vitae feugiat purus. Donec mattis rhoncus lacinia. Sed quam diam, molestie id laoreet eu, lacinia ac turpis. Cras tincidunt lobortis elit quis aliquam. Proin et massa libero.

Aliquam id pharetra arcu. Vivamus vitae mattis ligula. Sed efficitur urna vitae scelerisque tempor. Proin purus magna, vulputate eu ligula a, vehicula malesuada enim. Curabitur aliquet rutrum enim et tincidunt. Vestibulum ante ipsum primis in faucibus orci luctus et ultrices posuere cubilia curae; Vivamus pharetra enim leo, nec molestie nibh consectetur quis. Class aptent taciti sociosqu ad litora torquent per conubia nostra, per inceptos himenaeos. Nunc quis maximus elit, vitae pulvinar urna. Integer at mi elit. Phasellus vitae rutrum sem. Vivamus et mauris ac nisl congue congue eu eget elit. Nullam at quam velit. Pellentesque dictum, diam nec tempor aliquet, tortor justo fermentum sapien, at condimentum turpis elit vel sapien. Aenean rutrum tellus sodales tortor viverra eleifend.

Donec facilisis, diam efficitur maximus ultrices, enim lectus rutrum elit, eget malesuada mi justo dapibus enim. Maecenas finibus euismod nulla quis dignissim. Sed dictum ante rutrum turpis euismod laoreet. Sed placerat tellus leo. In ut lobortis lorem. Nullam vitae lectus egestas urna tincidunt aliquet. Ut sagittis vel enim eget malesuada. Cras in congue tortor. Interdum et malesuada fames ac ante ipsum primis in faucibus. Nunc tempus consequat neque, et eleifend nulla aliquam eu.",Author 114,12,quan-tri-tai-chinh-danh-cho-cac-cong-ty-cong-nghe-moi-khoi-nghiep-cam-nang-phat-trien,NXB 114,2010,266
https://cdn1.fahasa.com/media/catalog/product/t/a/taichinhchomoinguoi_bia1.jpg,Tài Chính Cho Mọi Người - Cẩm Nang Quản Lý Tài Chính Cá Nhân,159140,22,9780085479750,"Lorem ipsum dolor sit amet, consectetur adipiscing elit. Nam congue vel tellus non luctus. Vestibulum vitae nunc lorem. Sed lacinia lectus vel augue imperdiet ultricies. Donec id venenatis ex, vitae pretium ligula. Sed nulla eros, dignissim at feugiat non, posuere sit amet urna. Ut eu porttitor tellus. Cras eu massa nulla. Morbi porta fermentum elit eu iaculis. Pellentesque hendrerit venenatis purus at feugiat. Pellentesque vitae feugiat purus. Donec mattis rhoncus lacinia. Sed quam diam, molestie id laoreet eu, lacinia ac turpis. Cras tincidunt lobortis elit quis aliquam. Proin et massa libero.

Aliquam id pharetra arcu. Vivamus vitae mattis ligula. Sed efficitur urna vitae scelerisque tempor. Proin purus magna, vulputate eu ligula a, vehicula malesuada enim. Curabitur aliquet rutrum enim et tincidunt. Vestibulum ante ipsum primis in faucibus orci luctus et ultrices posuere cubilia curae; Vivamus pharetra enim leo, nec molestie nibh consectetur quis. Class aptent taciti sociosqu ad litora torquent per conubia nostra, per inceptos himenaeos. Nunc quis maximus elit, vitae pulvinar urna. Integer at mi elit. Phasellus vitae rutrum sem. Vivamus et mauris ac nisl congue congue eu eget elit. Nullam at quam velit. Pellentesque dictum, diam nec tempor aliquet, tortor justo fermentum sapien, at condimentum turpis elit vel sapien. Aenean rutrum tellus sodales tortor viverra eleifend.

Donec facilisis, diam efficitur maximus ultrices, enim lectus rutrum elit, eget malesuada mi justo dapibus enim. Maecenas finibus euismod nulla quis dignissim. Sed dictum ante rutrum turpis euismod laoreet. Sed placerat tellus leo. In ut lobortis lorem. Nullam vitae lectus egestas urna tincidunt aliquet. Ut sagittis vel enim eget malesuada. Cras in congue tortor. Interdum et malesuada fames ac ante ipsum primis in faucibus. Nunc tempus consequat neque, et eleifend nulla aliquam eu.",Author 115,7,tai-chinh-cho-moi-nguoi-cam-nang-quan-ly-tai-chinh-ca-nhan,NXB 115,2007,300
https://cdn1.fahasa.com/media/catalog/product/i/m/image_238092.jpg,Tuyệt Kỹ Giao Dịch Bằng Đồ Thị Nến Nhật - Japanese Candlestick Charting Techniques (Tái Bản 2021),499000,22,9780085479751,"Lorem ipsum dolor sit amet, consectetur adipiscing elit. Nam congue vel tellus non luctus. Vestibulum vitae nunc lorem. Sed lacinia lectus vel augue imperdiet ultricies. Donec id venenatis ex, vitae pretium ligula. Sed nulla eros, dignissim at feugiat non, posuere sit amet urna. Ut eu porttitor tellus. Cras eu massa nulla. Morbi porta fermentum elit eu iaculis. Pellentesque hendrerit venenatis purus at feugiat. Pellentesque vitae feugiat purus. Donec mattis rhoncus lacinia. Sed quam diam, molestie id laoreet eu, lacinia ac turpis. Cras tincidunt lobortis elit quis aliquam. Proin et massa libero.

Aliquam id pharetra arcu. Vivamus vitae mattis ligula. Sed efficitur urna vitae scelerisque tempor. Proin purus magna, vulputate eu ligula a, vehicula malesuada enim. Curabitur aliquet rutrum enim et tincidunt. Vestibulum ante ipsum primis in faucibus orci luctus et ultrices posuere cubilia curae; Vivamus pharetra enim leo, nec molestie nibh consectetur quis. Class aptent taciti sociosqu ad litora torquent per conubia nostra, per inceptos himenaeos. Nunc quis maximus elit, vitae pulvinar urna. Integer at mi elit. Phasellus vitae rutrum sem. Vivamus et mauris ac nisl congue congue eu eget elit. Nullam at quam velit. Pellentesque dictum, diam nec tempor aliquet, tortor justo fermentum sapien, at condimentum turpis elit vel sapien. Aenean rutrum tellus sodales tortor viverra eleifend.

Donec facilisis, diam efficitur maximus ultrices, enim lectus rutrum elit, eget malesuada mi justo dapibus enim. Maecenas finibus euismod nulla quis dignissim. Sed dictum ante rutrum turpis euismod laoreet. Sed placerat tellus leo. In ut lobortis lorem. Nullam vitae lectus egestas urna tincidunt aliquet. Ut sagittis vel enim eget malesuada. Cras in congue tortor. Interdum et malesuada fames ac ante ipsum primis in faucibus. Nunc tempus consequat neque, et eleifend nulla aliquam eu.",Author 116,14,tuyet-ky-giao-dich-bang-o-thi-nen-nhat-japanese-candlestick-charting-techniques-tai-ban-2021,NXB 116,2008,270
https://cdn1.fahasa.com/media/catalog/product/8/9/8935251421637.jpg,Naked Money - Sự Thật Trần Trụi Về Tiền,228500,22,9780085479752,"Lorem ipsum dolor sit amet, consectetur adipiscing elit. Nam congue vel tellus non luctus. Vestibulum vitae nunc lorem. Sed lacinia lectus vel augue imperdiet ultricies. Donec id venenatis ex, vitae pretium ligula. Sed nulla eros, dignissim at feugiat non, posuere sit amet urna. Ut eu porttitor tellus. Cras eu massa nulla. Morbi porta fermentum elit eu iaculis. Pellentesque hendrerit venenatis purus at feugiat. Pellentesque vitae feugiat purus. Donec mattis rhoncus lacinia. Sed quam diam, molestie id laoreet eu, lacinia ac turpis. Cras tincidunt lobortis elit quis aliquam. Proin et massa libero.

Aliquam id pharetra arcu. Vivamus vitae mattis ligula. Sed efficitur urna vitae scelerisque tempor. Proin purus magna, vulputate eu ligula a, vehicula malesuada enim. Curabitur aliquet rutrum enim et tincidunt. Vestibulum ante ipsum primis in faucibus orci luctus et ultrices posuere cubilia curae; Vivamus pharetra enim leo, nec molestie nibh consectetur quis. Class aptent taciti sociosqu ad litora torquent per conubia nostra, per inceptos himenaeos. Nunc quis maximus elit, vitae pulvinar urna. Integer at mi elit. Phasellus vitae rutrum sem. Vivamus et mauris ac nisl congue congue eu eget elit. Nullam at quam velit. Pellentesque dictum, diam nec tempor aliquet, tortor justo fermentum sapien, at condimentum turpis elit vel sapien. Aenean rutrum tellus sodales tortor viverra eleifend.

Donec facilisis, diam efficitur maximus ultrices, enim lectus rutrum elit, eget malesuada mi justo dapibus enim. Maecenas finibus euismod nulla quis dignissim. Sed dictum ante rutrum turpis euismod laoreet. Sed placerat tellus leo. In ut lobortis lorem. Nullam vitae lectus egestas urna tincidunt aliquet. Ut sagittis vel enim eget malesuada. Cras in congue tortor. Interdum et malesuada fames ac ante ipsum primis in faucibus. Nunc tempus consequat neque, et eleifend nulla aliquam eu.",Author 117,10,naked-money-su-that-tran-trui-ve-tien,NXB 117,2022,165
https://cdn1.fahasa.com/media/catalog/product/z/1/z1647830226681_0001_4a401ae5eef766a24312dd13452852c3.jpg,Tài Chính Dành Cho Nhà Quản Lý,126500,22,9780085479753,"Lorem ipsum dolor sit amet, consectetur adipiscing elit. Nam congue vel tellus non luctus. Vestibulum vitae nunc lorem. Sed lacinia lectus vel augue imperdiet ultricies. Donec id venenatis ex, vitae pretium ligula. Sed nulla eros, dignissim at feugiat non, posuere sit amet urna. Ut eu porttitor tellus. Cras eu massa nulla. Morbi porta fermentum elit eu iaculis. Pellentesque hendrerit venenatis purus at feugiat. Pellentesque vitae feugiat purus. Donec mattis rhoncus lacinia. Sed quam diam, molestie id laoreet eu, lacinia ac turpis. Cras tincidunt lobortis elit quis aliquam. Proin et massa libero.

Aliquam id pharetra arcu. Vivamus vitae mattis ligula. Sed efficitur urna vitae scelerisque tempor. Proin purus magna, vulputate eu ligula a, vehicula malesuada enim. Curabitur aliquet rutrum enim et tincidunt. Vestibulum ante ipsum primis in faucibus orci luctus et ultrices posuere cubilia curae; Vivamus pharetra enim leo, nec molestie nibh consectetur quis. Class aptent taciti sociosqu ad litora torquent per conubia nostra, per inceptos himenaeos. Nunc quis maximus elit, vitae pulvinar urna. Integer at mi elit. Phasellus vitae rutrum sem. Vivamus et mauris ac nisl congue congue eu eget elit. Nullam at quam velit. Pellentesque dictum, diam nec tempor aliquet, tortor justo fermentum sapien, at condimentum turpis elit vel sapien. Aenean rutrum tellus sodales tortor viverra eleifend.

Donec facilisis, diam efficitur maximus ultrices, enim lectus rutrum elit, eget malesuada mi justo dapibus enim. Maecenas finibus euismod nulla quis dignissim. Sed dictum ante rutrum turpis euismod laoreet. Sed placerat tellus leo. In ut lobortis lorem. Nullam vitae lectus egestas urna tincidunt aliquet. Ut sagittis vel enim eget malesuada. Cras in congue tortor. Interdum et malesuada fames ac ante ipsum primis in faucibus. Nunc tempus consequat neque, et eleifend nulla aliquam eu.",Author 118,12,tai-chinh-danh-cho-nha-quan-ly,NXB 118,2019,115
https://cdn1.fahasa.com/media/catalog/product/z/6/z6839137065816_e3f419921a04efd94778d101a037956b.jpg,Thẩm Định Khách Hàng - Từ Lý Thuyết Đến Thực Tiễn,211500,22,9780085479754,"Lorem ipsum dolor sit amet, consectetur adipiscing elit. Nam congue vel tellus non luctus. Vestibulum vitae nunc lorem. Sed lacinia lectus vel augue imperdiet ultricies. Donec id venenatis ex, vitae pretium ligula. Sed nulla eros, dignissim at feugiat non, posuere sit amet urna. Ut eu porttitor tellus. Cras eu massa nulla. Morbi porta fermentum elit eu iaculis. Pellentesque hendrerit venenatis purus at feugiat. Pellentesque vitae feugiat purus. Donec mattis rhoncus lacinia. Sed quam diam, molestie id laoreet eu, lacinia ac turpis. Cras tincidunt lobortis elit quis aliquam. Proin et massa libero.

Aliquam id pharetra arcu. Vivamus vitae mattis ligula. Sed efficitur urna vitae scelerisque tempor. Proin purus magna, vulputate eu ligula a, vehicula malesuada enim. Curabitur aliquet rutrum enim et tincidunt. Vestibulum ante ipsum primis in faucibus orci luctus et ultrices posuere cubilia curae; Vivamus pharetra enim leo, nec molestie nibh consectetur quis. Class aptent taciti sociosqu ad litora torquent per conubia nostra, per inceptos himenaeos. Nunc quis maximus elit, vitae pulvinar urna. Integer at mi elit. Phasellus vitae rutrum sem. Vivamus et mauris ac nisl congue congue eu eget elit. Nullam at quam velit. Pellentesque dictum, diam nec tempor aliquet, tortor justo fermentum sapien, at condimentum turpis elit vel sapien. Aenean rutrum tellus sodales tortor viverra eleifend.

Donec facilisis, diam efficitur maximus ultrices, enim lectus rutrum elit, eget malesuada mi justo dapibus enim. Maecenas finibus euismod nulla quis dignissim. Sed dictum ante rutrum turpis euismod laoreet. Sed placerat tellus leo. In ut lobortis lorem. Nullam vitae lectus egestas urna tincidunt aliquet. Ut sagittis vel enim eget malesuada. Cras in congue tortor. Interdum et malesuada fames ac ante ipsum primis in faucibus. Nunc tempus consequat neque, et eleifend nulla aliquam eu.",Author 119,16,tham-inh-khach-hang-tu-ly-thuyet-en-thuc-tien,NXB 119,2009,228
https://cdn1.fahasa.com/media/catalog/product/9/7/9786043415254.jpg,Khám Phá Nghệ Thuật Gia Dịch Tiền Tệ Chuyên Nghiệp,369000,22,9780085479755,"Lorem ipsum dolor sit amet, consectetur adipiscing elit. Nam congue vel tellus non luctus. Vestibulum vitae nunc lorem. Sed lacinia lectus vel augue imperdiet ultricies. Donec id venenatis ex, vitae pretium ligula. Sed nulla eros, dignissim at feugiat non, posuere sit amet urna. Ut eu porttitor tellus. Cras eu massa nulla. Morbi porta fermentum elit eu iaculis. Pellentesque hendrerit venenatis purus at feugiat. Pellentesque vitae feugiat purus. Donec mattis rhoncus lacinia. Sed quam diam, molestie id laoreet eu, lacinia ac turpis. Cras tincidunt lobortis elit quis aliquam. Proin et massa libero.

Aliquam id pharetra arcu. Vivamus vitae mattis ligula. Sed efficitur urna vitae scelerisque tempor. Proin purus magna, vulputate eu ligula a, vehicula malesuada enim. Curabitur aliquet rutrum enim et tincidunt. Vestibulum ante ipsum primis in faucibus orci luctus et ultrices posuere cubilia curae; Vivamus pharetra enim leo, nec molestie nibh consectetur quis. Class aptent taciti sociosqu ad litora torquent per conubia nostra, per inceptos himenaeos. Nunc quis maximus elit, vitae pulvinar urna. Integer at mi elit. Phasellus vitae rutrum sem. Vivamus et mauris ac nisl congue congue eu eget elit. Nullam at quam velit. Pellentesque dictum, diam nec tempor aliquet, tortor justo fermentum sapien, at condimentum turpis elit vel sapien. Aenean rutrum tellus sodales tortor viverra eleifend.

Donec facilisis, diam efficitur maximus ultrices, enim lectus rutrum elit, eget malesuada mi justo dapibus enim. Maecenas finibus euismod nulla quis dignissim. Sed dictum ante rutrum turpis euismod laoreet. Sed placerat tellus leo. In ut lobortis lorem. Nullam vitae lectus egestas urna tincidunt aliquet. Ut sagittis vel enim eget malesuada. Cras in congue tortor. Interdum et malesuada fames ac ante ipsum primis in faucibus. Nunc tempus consequat neque, et eleifend nulla aliquam eu.",Author 120,9,kham-pha-nghe-thuat-gia-dich-tien-te-chuyen-nghiep,NXB 120,2007,211
https://cdn1.fahasa.com/media/catalog/product/9/7/9786043541045.jpg,Nhật Ký Giao Dịch Thực Chiến Của Phù Thủy Thị Trường Tài Chính,365000,22,9780085479756,"Lorem ipsum dolor sit amet, consectetur adipiscing elit. Nam congue vel tellus non luctus. Vestibulum vitae nunc lorem. Sed lacinia lectus vel augue imperdiet ultricies. Donec id venenatis ex, vitae pretium ligula. Sed nulla eros, dignissim at feugiat non, posuere sit amet urna. Ut eu porttitor tellus. Cras eu massa nulla. Morbi porta fermentum elit eu iaculis. Pellentesque hendrerit venenatis purus at feugiat. Pellentesque vitae feugiat purus. Donec mattis rhoncus lacinia. Sed quam diam, molestie id laoreet eu, lacinia ac turpis. Cras tincidunt lobortis elit quis aliquam. Proin et massa libero.

Aliquam id pharetra arcu. Vivamus vitae mattis ligula. Sed efficitur urna vitae scelerisque tempor. Proin purus magna, vulputate eu ligula a, vehicula malesuada enim. Curabitur aliquet rutrum enim et tincidunt. Vestibulum ante ipsum primis in faucibus orci luctus et ultrices posuere cubilia curae; Vivamus pharetra enim leo, nec molestie nibh consectetur quis. Class aptent taciti sociosqu ad litora torquent per conubia nostra, per inceptos himenaeos. Nunc quis maximus elit, vitae pulvinar urna. Integer at mi elit. Phasellus vitae rutrum sem. Vivamus et mauris ac nisl congue congue eu eget elit. Nullam at quam velit. Pellentesque dictum, diam nec tempor aliquet, tortor justo fermentum sapien, at condimentum turpis elit vel sapien. Aenean rutrum tellus sodales tortor viverra eleifend.

Donec facilisis, diam efficitur maximus ultrices, enim lectus rutrum elit, eget malesuada mi justo dapibus enim. Maecenas finibus euismod nulla quis dignissim. Sed dictum ante rutrum turpis euismod laoreet. Sed placerat tellus leo. In ut lobortis lorem. Nullam vitae lectus egestas urna tincidunt aliquet. Ut sagittis vel enim eget malesuada. Cras in congue tortor. Interdum et malesuada fames ac ante ipsum primis in faucibus. Nunc tempus consequat neque, et eleifend nulla aliquam eu.",Author 121,12,nhat-ky-giao-dich-thuc-chien-cua-phu-thuy-thi-truong-tai-chinh,NXB 121,2025,274
https://cdn1.fahasa.com/media/catalog/product/8/9/8934974210603.jpg,Financial Feminist - Người Phụ Nữ Tự Chủ Tài Chính - Vượt Qua Định Kiến Giới Để Làm Chủ Tiền Bạc Của Bạn Và Xây Dựng Cuộc Sống Theo Ý Thích,168000,22,9780085479757,"Lorem ipsum dolor sit amet, consectetur adipiscing elit. Nam congue vel tellus non luctus. Vestibulum vitae nunc lorem. Sed lacinia lectus vel augue imperdiet ultricies. Donec id venenatis ex, vitae pretium ligula. Sed nulla eros, dignissim at feugiat non, posuere sit amet urna. Ut eu porttitor tellus. Cras eu massa nulla. Morbi porta fermentum elit eu iaculis. Pellentesque hendrerit venenatis purus at feugiat. Pellentesque vitae feugiat purus. Donec mattis rhoncus lacinia. Sed quam diam, molestie id laoreet eu, lacinia ac turpis. Cras tincidunt lobortis elit quis aliquam. Proin et massa libero.

Aliquam id pharetra arcu. Vivamus vitae mattis ligula. Sed efficitur urna vitae scelerisque tempor. Proin purus magna, vulputate eu ligula a, vehicula malesuada enim. Curabitur aliquet rutrum enim et tincidunt. Vestibulum ante ipsum primis in faucibus orci luctus et ultrices posuere cubilia curae; Vivamus pharetra enim leo, nec molestie nibh consectetur quis. Class aptent taciti sociosqu ad litora torquent per conubia nostra, per inceptos himenaeos. Nunc quis maximus elit, vitae pulvinar urna. Integer at mi elit. Phasellus vitae rutrum sem. Vivamus et mauris ac nisl congue congue eu eget elit. Nullam at quam velit. Pellentesque dictum, diam nec tempor aliquet, tortor justo fermentum sapien, at condimentum turpis elit vel sapien. Aenean rutrum tellus sodales tortor viverra eleifend.

Donec facilisis, diam efficitur maximus ultrices, enim lectus rutrum elit, eget malesuada mi justo dapibus enim. Maecenas finibus euismod nulla quis dignissim. Sed dictum ante rutrum turpis euismod laoreet. Sed placerat tellus leo. In ut lobortis lorem. Nullam vitae lectus egestas urna tincidunt aliquet. Ut sagittis vel enim eget malesuada. Cras in congue tortor. Interdum et malesuada fames ac ante ipsum primis in faucibus. Nunc tempus consequat neque, et eleifend nulla aliquam eu.",Author 122,11,financial-feminist-nguoi-phu-nu-tu-chu-tai-chinh-vuot-qua-inh-kien-gioi-e-lam-chu-tien-bac-cua-ban-va-xay-dung-cuoc-song-theo-y-thich,NXB 122,2003,180
https://cdn1.fahasa.com/media/catalog/product/u/n/untitled-2_131.jpg,Trí Tuệ Tài Chính - Dành Cho Nhà Quản Lý Không Chuyên Về Tài Chính - Bìa Cứng (Tái Bản 2025),183000,22,9780085479758,"Lorem ipsum dolor sit amet, consectetur adipiscing elit. Nam congue vel tellus non luctus. Vestibulum vitae nunc lorem. Sed lacinia lectus vel augue imperdiet ultricies. Donec id venenatis ex, vitae pretium ligula. Sed nulla eros, dignissim at feugiat non, posuere sit amet urna. Ut eu porttitor tellus. Cras eu massa nulla. Morbi porta fermentum elit eu iaculis. Pellentesque hendrerit venenatis purus at feugiat. Pellentesque vitae feugiat purus. Donec mattis rhoncus lacinia. Sed quam diam, molestie id laoreet eu, lacinia ac turpis. Cras tincidunt lobortis elit quis aliquam. Proin et massa libero.

Aliquam id pharetra arcu. Vivamus vitae mattis ligula. Sed efficitur urna vitae scelerisque tempor. Proin purus magna, vulputate eu ligula a, vehicula malesuada enim. Curabitur aliquet rutrum enim et tincidunt. Vestibulum ante ipsum primis in faucibus orci luctus et ultrices posuere cubilia curae; Vivamus pharetra enim leo, nec molestie nibh consectetur quis. Class aptent taciti sociosqu ad litora torquent per conubia nostra, per inceptos himenaeos. Nunc quis maximus elit, vitae pulvinar urna. Integer at mi elit. Phasellus vitae rutrum sem. Vivamus et mauris ac nisl congue congue eu eget elit. Nullam at quam velit. Pellentesque dictum, diam nec tempor aliquet, tortor justo fermentum sapien, at condimentum turpis elit vel sapien. Aenean rutrum tellus sodales tortor viverra eleifend.

Donec facilisis, diam efficitur maximus ultrices, enim lectus rutrum elit, eget malesuada mi justo dapibus enim. Maecenas finibus euismod nulla quis dignissim. Sed dictum ante rutrum turpis euismod laoreet. Sed placerat tellus leo. In ut lobortis lorem. Nullam vitae lectus egestas urna tincidunt aliquet. Ut sagittis vel enim eget malesuada. Cras in congue tortor. Interdum et malesuada fames ac ante ipsum primis in faucibus. Nunc tempus consequat neque, et eleifend nulla aliquam eu.",Author 123,16,tri-tue-tai-chinh-danh-cho-nha-quan-ly-khong-chuyen-ve-tai-chinh-bia-cung-tai-ban-2025,NXB 123,2003,203
https://cdn1.fahasa.com/media/catalog/product/8/9/8936066693936.jpg,Phương Pháp Quản Lý Tài Chính Cá Nhân Hiệu Quả,135000,22,9780085479759,"Lorem ipsum dolor sit amet, consectetur adipiscing elit. Nam congue vel tellus non luctus. Vestibulum vitae nunc lorem. Sed lacinia lectus vel augue imperdiet ultricies. Donec id venenatis ex, vitae pretium ligula. Sed nulla eros, dignissim at feugiat non, posuere sit amet urna. Ut eu porttitor tellus. Cras eu massa nulla. Morbi porta fermentum elit eu iaculis. Pellentesque hendrerit venenatis purus at feugiat. Pellentesque vitae feugiat purus. Donec mattis rhoncus lacinia. Sed quam diam, molestie id laoreet eu, lacinia ac turpis. Cras tincidunt lobortis elit quis aliquam. Proin et massa libero.

Aliquam id pharetra arcu. Vivamus vitae mattis ligula. Sed efficitur urna vitae scelerisque tempor. Proin purus magna, vulputate eu ligula a, vehicula malesuada enim. Curabitur aliquet rutrum enim et tincidunt. Vestibulum ante ipsum primis in faucibus orci luctus et ultrices posuere cubilia curae; Vivamus pharetra enim leo, nec molestie nibh consectetur quis. Class aptent taciti sociosqu ad litora torquent per conubia nostra, per inceptos himenaeos. Nunc quis maximus elit, vitae pulvinar urna. Integer at mi elit. Phasellus vitae rutrum sem. Vivamus et mauris ac nisl congue congue eu eget elit. Nullam at quam velit. Pellentesque dictum, diam nec tempor aliquet, tortor justo fermentum sapien, at condimentum turpis elit vel sapien. Aenean rutrum tellus sodales tortor viverra eleifend.

Donec facilisis, diam efficitur maximus ultrices, enim lectus rutrum elit, eget malesuada mi justo dapibus enim. Maecenas finibus euismod nulla quis dignissim. Sed dictum ante rutrum turpis euismod laoreet. Sed placerat tellus leo. In ut lobortis lorem. Nullam vitae lectus egestas urna tincidunt aliquet. Ut sagittis vel enim eget malesuada. Cras in congue tortor. Interdum et malesuada fames ac ante ipsum primis in faucibus. Nunc tempus consequat neque, et eleifend nulla aliquam eu.",Author 124,16,phuong-phap-quan-ly-tai-chinh-ca-nhan-hieu-qua,NXB 124,2022,201
https://cdn1.fahasa.com/media/catalog/product/z/7/z7087174739457_fcb3ed006995b74e70ab7e00996c6532.jpg,Tài Chính Cá Nhân Căn Bản - Personal Finance 101,156000,22,9780085479760,"Lorem ipsum dolor sit amet, consectetur adipiscing elit. Nam congue vel tellus non luctus. Vestibulum vitae nunc lorem. Sed lacinia lectus vel augue imperdiet ultricies. Donec id venenatis ex, vitae pretium ligula. Sed nulla eros, dignissim at feugiat non, posuere sit amet urna. Ut eu porttitor tellus. Cras eu massa nulla. Morbi porta fermentum elit eu iaculis. Pellentesque hendrerit venenatis purus at feugiat. Pellentesque vitae feugiat purus. Donec mattis rhoncus lacinia. Sed quam diam, molestie id laoreet eu, lacinia ac turpis. Cras tincidunt lobortis elit quis aliquam. Proin et massa libero.

Aliquam id pharetra arcu. Vivamus vitae mattis ligula. Sed efficitur urna vitae scelerisque tempor. Proin purus magna, vulputate eu ligula a, vehicula malesuada enim. Curabitur aliquet rutrum enim et tincidunt. Vestibulum ante ipsum primis in faucibus orci luctus et ultrices posuere cubilia curae; Vivamus pharetra enim leo, nec molestie nibh consectetur quis. Class aptent taciti sociosqu ad litora torquent per conubia nostra, per inceptos himenaeos. Nunc quis maximus elit, vitae pulvinar urna. Integer at mi elit. Phasellus vitae rutrum sem. Vivamus et mauris ac nisl congue congue eu eget elit. Nullam at quam velit. Pellentesque dictum, diam nec tempor aliquet, tortor justo fermentum sapien, at condimentum turpis elit vel sapien. Aenean rutrum tellus sodales tortor viverra eleifend.

Donec facilisis, diam efficitur maximus ultrices, enim lectus rutrum elit, eget malesuada mi justo dapibus enim. Maecenas finibus euismod nulla quis dignissim. Sed dictum ante rutrum turpis euismod laoreet. Sed placerat tellus leo. In ut lobortis lorem. Nullam vitae lectus egestas urna tincidunt aliquet. Ut sagittis vel enim eget malesuada. Cras in congue tortor. Interdum et malesuada fames ac ante ipsum primis in faucibus. Nunc tempus consequat neque, et eleifend nulla aliquam eu.",Author 125,12,tai-chinh-ca-nhan-can-ban-personal-finance-101,NXB 125,2003,199
https://cdn1.fahasa.com/media/catalog/product/m/a/ma-thuat-cua-tien---11---2022----full----outline-02_1.jpg,Ma Thuật Của Tiền,143000,22,9780085479761,"Lorem ipsum dolor sit amet, consectetur adipiscing elit. Nam congue vel tellus non luctus. Vestibulum vitae nunc lorem. Sed lacinia lectus vel augue imperdiet ultricies. Donec id venenatis ex, vitae pretium ligula. Sed nulla eros, dignissim at feugiat non, posuere sit amet urna. Ut eu porttitor tellus. Cras eu massa nulla. Morbi porta fermentum elit eu iaculis. Pellentesque hendrerit venenatis purus at feugiat. Pellentesque vitae feugiat purus. Donec mattis rhoncus lacinia. Sed quam diam, molestie id laoreet eu, lacinia ac turpis. Cras tincidunt lobortis elit quis aliquam. Proin et massa libero.

Aliquam id pharetra arcu. Vivamus vitae mattis ligula. Sed efficitur urna vitae scelerisque tempor. Proin purus magna, vulputate eu ligula a, vehicula malesuada enim. Curabitur aliquet rutrum enim et tincidunt. Vestibulum ante ipsum primis in faucibus orci luctus et ultrices posuere cubilia curae; Vivamus pharetra enim leo, nec molestie nibh consectetur quis. Class aptent taciti sociosqu ad litora torquent per conubia nostra, per inceptos himenaeos. Nunc quis maximus elit, vitae pulvinar urna. Integer at mi elit. Phasellus vitae rutrum sem. Vivamus et mauris ac nisl congue congue eu eget elit. Nullam at quam velit. Pellentesque dictum, diam nec tempor aliquet, tortor justo fermentum sapien, at condimentum turpis elit vel sapien. Aenean rutrum tellus sodales tortor viverra eleifend.

Donec facilisis, diam efficitur maximus ultrices, enim lectus rutrum elit, eget malesuada mi justo dapibus enim. Maecenas finibus euismod nulla quis dignissim. Sed dictum ante rutrum turpis euismod laoreet. Sed placerat tellus leo. In ut lobortis lorem. Nullam vitae lectus egestas urna tincidunt aliquet. Ut sagittis vel enim eget malesuada. Cras in congue tortor. Interdum et malesuada fames ac ante ipsum primis in faucibus. Nunc tempus consequat neque, et eleifend nulla aliquam eu.",Author 126,10,ma-thuat-cua-tien,NXB 126,2021,278
https://cdn1.fahasa.com/media/catalog/product/8/9/8934974151166.jpg,Đánh Thức Tiềm Năng Tài Chính,123000,22,9780085479762,"Lorem ipsum dolor sit amet, consectetur adipiscing elit. Nam congue vel tellus non luctus. Vestibulum vitae nunc lorem. Sed lacinia lectus vel augue imperdiet ultricies. Donec id venenatis ex, vitae pretium ligula. Sed nulla eros, dignissim at feugiat non, posuere sit amet urna. Ut eu porttitor tellus. Cras eu massa nulla. Morbi porta fermentum elit eu iaculis. Pellentesque hendrerit venenatis purus at feugiat. Pellentesque vitae feugiat purus. Donec mattis rhoncus lacinia. Sed quam diam, molestie id laoreet eu, lacinia ac turpis. Cras tincidunt lobortis elit quis aliquam. Proin et massa libero.

Aliquam id pharetra arcu. Vivamus vitae mattis ligula. Sed efficitur urna vitae scelerisque tempor. Proin purus magna, vulputate eu ligula a, vehicula malesuada enim. Curabitur aliquet rutrum enim et tincidunt. Vestibulum ante ipsum primis in faucibus orci luctus et ultrices posuere cubilia curae; Vivamus pharetra enim leo, nec molestie nibh consectetur quis. Class aptent taciti sociosqu ad litora torquent per conubia nostra, per inceptos himenaeos. Nunc quis maximus elit, vitae pulvinar urna. Integer at mi elit. Phasellus vitae rutrum sem. Vivamus et mauris ac nisl congue congue eu eget elit. Nullam at quam velit. Pellentesque dictum, diam nec tempor aliquet, tortor justo fermentum sapien, at condimentum turpis elit vel sapien. Aenean rutrum tellus sodales tortor viverra eleifend.

Donec facilisis, diam efficitur maximus ultrices, enim lectus rutrum elit, eget malesuada mi justo dapibus enim. Maecenas finibus euismod nulla quis dignissim. Sed dictum ante rutrum turpis euismod laoreet. Sed placerat tellus leo. In ut lobortis lorem. Nullam vitae lectus egestas urna tincidunt aliquet. Ut sagittis vel enim eget malesuada. Cras in congue tortor. Interdum et malesuada fames ac ante ipsum primis in faucibus. Nunc tempus consequat neque, et eleifend nulla aliquam eu.",Author 127,4,anh-thuc-tiem-nang-tai-chinh,NXB 127,2012,189
https://cdn1.fahasa.com/media/catalog/product/8/9/8935246957363.jpg,Bản Đồ Về Dòng Tiền - Hiểu Và Áp Dụng Sơ Đồ Kế Toán Trong Doanh Nghiệp Và Đời Sống (Tái Bản 2025),132000,22,9780085479763,"Lorem ipsum dolor sit amet, consectetur adipiscing elit. Nam congue vel tellus non luctus. Vestibulum vitae nunc lorem. Sed lacinia lectus vel augue imperdiet ultricies. Donec id venenatis ex, vitae pretium ligula. Sed nulla eros, dignissim at feugiat non, posuere sit amet urna. Ut eu porttitor tellus. Cras eu massa nulla. Morbi porta fermentum elit eu iaculis. Pellentesque hendrerit venenatis purus at feugiat. Pellentesque vitae feugiat purus. Donec mattis rhoncus lacinia. Sed quam diam, molestie id laoreet eu, lacinia ac turpis. Cras tincidunt lobortis elit quis aliquam. Proin et massa libero.

Aliquam id pharetra arcu. Vivamus vitae mattis ligula. Sed efficitur urna vitae scelerisque tempor. Proin purus magna, vulputate eu ligula a, vehicula malesuada enim. Curabitur aliquet rutrum enim et tincidunt. Vestibulum ante ipsum primis in faucibus orci luctus et ultrices posuere cubilia curae; Vivamus pharetra enim leo, nec molestie nibh consectetur quis. Class aptent taciti sociosqu ad litora torquent per conubia nostra, per inceptos himenaeos. Nunc quis maximus elit, vitae pulvinar urna. Integer at mi elit. Phasellus vitae rutrum sem. Vivamus et mauris ac nisl congue congue eu eget elit. Nullam at quam velit. Pellentesque dictum, diam nec tempor aliquet, tortor justo fermentum sapien, at condimentum turpis elit vel sapien. Aenean rutrum tellus sodales tortor viverra eleifend.

Donec facilisis, diam efficitur maximus ultrices, enim lectus rutrum elit, eget malesuada mi justo dapibus enim. Maecenas finibus euismod nulla quis dignissim. Sed dictum ante rutrum turpis euismod laoreet. Sed placerat tellus leo. In ut lobortis lorem. Nullam vitae lectus egestas urna tincidunt aliquet. Ut sagittis vel enim eget malesuada. Cras in congue tortor. Interdum et malesuada fames ac ante ipsum primis in faucibus. Nunc tempus consequat neque, et eleifend nulla aliquam eu.",Author 128,18,ban-o-ve-dong-tien-hieu-va-ap-dung-so-o-ke-toan-trong-doanh-nghiep-va-oi-song-tai-ban-2025,NXB 128,2015,284
https://cdn1.fahasa.com/media/catalog/product/8/9/8935251407730-1_1.jpg,Bitcoin Thực Hành - Những Khái Niệm Cơ Bản Và Cách Sử Dụng Đúng Đồng Tiền Mã Hóa (Mastering Bitcoin),149500,22,9780085479764,"Lorem ipsum dolor sit amet, consectetur adipiscing elit. Nam congue vel tellus non luctus. Vestibulum vitae nunc lorem. Sed lacinia lectus vel augue imperdiet ultricies. Donec id venenatis ex, vitae pretium ligula. Sed nulla eros, dignissim at feugiat non, posuere sit amet urna. Ut eu porttitor tellus. Cras eu massa nulla. Morbi porta fermentum elit eu iaculis. Pellentesque hendrerit venenatis purus at feugiat. Pellentesque vitae feugiat purus. Donec mattis rhoncus lacinia. Sed quam diam, molestie id laoreet eu, lacinia ac turpis. Cras tincidunt lobortis elit quis aliquam. Proin et massa libero.

Aliquam id pharetra arcu. Vivamus vitae mattis ligula. Sed efficitur urna vitae scelerisque tempor. Proin purus magna, vulputate eu ligula a, vehicula malesuada enim. Curabitur aliquet rutrum enim et tincidunt. Vestibulum ante ipsum primis in faucibus orci luctus et ultrices posuere cubilia curae; Vivamus pharetra enim leo, nec molestie nibh consectetur quis. Class aptent taciti sociosqu ad litora torquent per conubia nostra, per inceptos himenaeos. Nunc quis maximus elit, vitae pulvinar urna. Integer at mi elit. Phasellus vitae rutrum sem. Vivamus et mauris ac nisl congue congue eu eget elit. Nullam at quam velit. Pellentesque dictum, diam nec tempor aliquet, tortor justo fermentum sapien, at condimentum turpis elit vel sapien. Aenean rutrum tellus sodales tortor viverra eleifend.

Donec facilisis, diam efficitur maximus ultrices, enim lectus rutrum elit, eget malesuada mi justo dapibus enim. Maecenas finibus euismod nulla quis dignissim. Sed dictum ante rutrum turpis euismod laoreet. Sed placerat tellus leo. In ut lobortis lorem. Nullam vitae lectus egestas urna tincidunt aliquet. Ut sagittis vel enim eget malesuada. Cras in congue tortor. Interdum et malesuada fames ac ante ipsum primis in faucibus. Nunc tempus consequat neque, et eleifend nulla aliquam eu.",Author 129,15,bitcoin-thuc-hanh-nhung-khai-niem-co-ban-va-cach-su-dung-ung-ong-tien-ma-hoa-mastering-bitcoin,NXB 129,2011,171
https://cdn1.fahasa.com/media/catalog/product/9/7/9786043861846.jpg,Tài Chính Cá Nhân Cho Mẹ Việt,179100,22,9780085479765,"Lorem ipsum dolor sit amet, consectetur adipiscing elit. Nam congue vel tellus non luctus. Vestibulum vitae nunc lorem. Sed lacinia lectus vel augue imperdiet ultricies. Donec id venenatis ex, vitae pretium ligula. Sed nulla eros, dignissim at feugiat non, posuere sit amet urna. Ut eu porttitor tellus. Cras eu massa nulla. Morbi porta fermentum elit eu iaculis. Pellentesque hendrerit venenatis purus at feugiat. Pellentesque vitae feugiat purus. Donec mattis rhoncus lacinia. Sed quam diam, molestie id laoreet eu, lacinia ac turpis. Cras tincidunt lobortis elit quis aliquam. Proin et massa libero.

Aliquam id pharetra arcu. Vivamus vitae mattis ligula. Sed efficitur urna vitae scelerisque tempor. Proin purus magna, vulputate eu ligula a, vehicula malesuada enim. Curabitur aliquet rutrum enim et tincidunt. Vestibulum ante ipsum primis in faucibus orci luctus et ultrices posuere cubilia curae; Vivamus pharetra enim leo, nec molestie nibh consectetur quis. Class aptent taciti sociosqu ad litora torquent per conubia nostra, per inceptos himenaeos. Nunc quis maximus elit, vitae pulvinar urna. Integer at mi elit. Phasellus vitae rutrum sem. Vivamus et mauris ac nisl congue congue eu eget elit. Nullam at quam velit. Pellentesque dictum, diam nec tempor aliquet, tortor justo fermentum sapien, at condimentum turpis elit vel sapien. Aenean rutrum tellus sodales tortor viverra eleifend.

Donec facilisis, diam efficitur maximus ultrices, enim lectus rutrum elit, eget malesuada mi justo dapibus enim. Maecenas finibus euismod nulla quis dignissim. Sed dictum ante rutrum turpis euismod laoreet. Sed placerat tellus leo. In ut lobortis lorem. Nullam vitae lectus egestas urna tincidunt aliquet. Ut sagittis vel enim eget malesuada. Cras in congue tortor. Interdum et malesuada fames ac ante ipsum primis in faucibus. Nunc tempus consequat neque, et eleifend nulla aliquam eu.",Author 130,12,tai-chinh-ca-nhan-cho-me-viet,NXB 130,2001,113
https://cdn1.fahasa.com/media/catalog/product/l/a/lap-ke-hoach-tai-chinh-gia-dinh-01.jpg,Lập Kế Hoạch Tài Chính Gia Đình,156000,22,9780085479766,"Lorem ipsum dolor sit amet, consectetur adipiscing elit. Nam congue vel tellus non luctus. Vestibulum vitae nunc lorem. Sed lacinia lectus vel augue imperdiet ultricies. Donec id venenatis ex, vitae pretium ligula. Sed nulla eros, dignissim at feugiat non, posuere sit amet urna. Ut eu porttitor tellus. Cras eu massa nulla. Morbi porta fermentum elit eu iaculis. Pellentesque hendrerit venenatis purus at feugiat. Pellentesque vitae feugiat purus. Donec mattis rhoncus lacinia. Sed quam diam, molestie id laoreet eu, lacinia ac turpis. Cras tincidunt lobortis elit quis aliquam. Proin et massa libero.

Aliquam id pharetra arcu. Vivamus vitae mattis ligula. Sed efficitur urna vitae scelerisque tempor. Proin purus magna, vulputate eu ligula a, vehicula malesuada enim. Curabitur aliquet rutrum enim et tincidunt. Vestibulum ante ipsum primis in faucibus orci luctus et ultrices posuere cubilia curae; Vivamus pharetra enim leo, nec molestie nibh consectetur quis. Class aptent taciti sociosqu ad litora torquent per conubia nostra, per inceptos himenaeos. Nunc quis maximus elit, vitae pulvinar urna. Integer at mi elit. Phasellus vitae rutrum sem. Vivamus et mauris ac nisl congue congue eu eget elit. Nullam at quam velit. Pellentesque dictum, diam nec tempor aliquet, tortor justo fermentum sapien, at condimentum turpis elit vel sapien. Aenean rutrum tellus sodales tortor viverra eleifend.

Donec facilisis, diam efficitur maximus ultrices, enim lectus rutrum elit, eget malesuada mi justo dapibus enim. Maecenas finibus euismod nulla quis dignissim. Sed dictum ante rutrum turpis euismod laoreet. Sed placerat tellus leo. In ut lobortis lorem. Nullam vitae lectus egestas urna tincidunt aliquet. Ut sagittis vel enim eget malesuada. Cras in congue tortor. Interdum et malesuada fames ac ante ipsum primis in faucibus. Nunc tempus consequat neque, et eleifend nulla aliquam eu.",Author 131,7,lap-ke-hoach-tai-chinh-gia-inh,NXB 131,2017,240
https://cdn1.fahasa.com/media/catalog/product/i/m/image_172962.jpg,Cuộc Cách Mạng Blockchain,179400,22,9780085479767,"Lorem ipsum dolor sit amet, consectetur adipiscing elit. Nam congue vel tellus non luctus. Vestibulum vitae nunc lorem. Sed lacinia lectus vel augue imperdiet ultricies. Donec id venenatis ex, vitae pretium ligula. Sed nulla eros, dignissim at feugiat non, posuere sit amet urna. Ut eu porttitor tellus. Cras eu massa nulla. Morbi porta fermentum elit eu iaculis. Pellentesque hendrerit venenatis purus at feugiat. Pellentesque vitae feugiat purus. Donec mattis rhoncus lacinia. Sed quam diam, molestie id laoreet eu, lacinia ac turpis. Cras tincidunt lobortis elit quis aliquam. Proin et massa libero.

Aliquam id pharetra arcu. Vivamus vitae mattis ligula. Sed efficitur urna vitae scelerisque tempor. Proin purus magna, vulputate eu ligula a, vehicula malesuada enim. Curabitur aliquet rutrum enim et tincidunt. Vestibulum ante ipsum primis in faucibus orci luctus et ultrices posuere cubilia curae; Vivamus pharetra enim leo, nec molestie nibh consectetur quis. Class aptent taciti sociosqu ad litora torquent per conubia nostra, per inceptos himenaeos. Nunc quis maximus elit, vitae pulvinar urna. Integer at mi elit. Phasellus vitae rutrum sem. Vivamus et mauris ac nisl congue congue eu eget elit. Nullam at quam velit. Pellentesque dictum, diam nec tempor aliquet, tortor justo fermentum sapien, at condimentum turpis elit vel sapien. Aenean rutrum tellus sodales tortor viverra eleifend.

Donec facilisis, diam efficitur maximus ultrices, enim lectus rutrum elit, eget malesuada mi justo dapibus enim. Maecenas finibus euismod nulla quis dignissim. Sed dictum ante rutrum turpis euismod laoreet. Sed placerat tellus leo. In ut lobortis lorem. Nullam vitae lectus egestas urna tincidunt aliquet. Ut sagittis vel enim eget malesuada. Cras in congue tortor. Interdum et malesuada fames ac ante ipsum primis in faucibus. Nunc tempus consequat neque, et eleifend nulla aliquam eu.",Author 132,20,cuoc-cach-mang-blockchain,NXB 132,2015,209
https://cdn1.fahasa.com/media/catalog/product/8/9/8936230473449.jpg,Lý Thuyết Trò Chơi Tài Chính - Money Men,183000,22,9780085479768,"Lorem ipsum dolor sit amet, consectetur adipiscing elit. Nam congue vel tellus non luctus. Vestibulum vitae nunc lorem. Sed lacinia lectus vel augue imperdiet ultricies. Donec id venenatis ex, vitae pretium ligula. Sed nulla eros, dignissim at feugiat non, posuere sit amet urna. Ut eu porttitor tellus. Cras eu massa nulla. Morbi porta fermentum elit eu iaculis. Pellentesque hendrerit venenatis purus at feugiat. Pellentesque vitae feugiat purus. Donec mattis rhoncus lacinia. Sed quam diam, molestie id laoreet eu, lacinia ac turpis. Cras tincidunt lobortis elit quis aliquam. Proin et massa libero.

Aliquam id pharetra arcu. Vivamus vitae mattis ligula. Sed efficitur urna vitae scelerisque tempor. Proin purus magna, vulputate eu ligula a, vehicula malesuada enim. Curabitur aliquet rutrum enim et tincidunt. Vestibulum ante ipsum primis in faucibus orci luctus et ultrices posuere cubilia curae; Vivamus pharetra enim leo, nec molestie nibh consectetur quis. Class aptent taciti sociosqu ad litora torquent per conubia nostra, per inceptos himenaeos. Nunc quis maximus elit, vitae pulvinar urna. Integer at mi elit. Phasellus vitae rutrum sem. Vivamus et mauris ac nisl congue congue eu eget elit. Nullam at quam velit. Pellentesque dictum, diam nec tempor aliquet, tortor justo fermentum sapien, at condimentum turpis elit vel sapien. Aenean rutrum tellus sodales tortor viverra eleifend.

Donec facilisis, diam efficitur maximus ultrices, enim lectus rutrum elit, eget malesuada mi justo dapibus enim. Maecenas finibus euismod nulla quis dignissim. Sed dictum ante rutrum turpis euismod laoreet. Sed placerat tellus leo. In ut lobortis lorem. Nullam vitae lectus egestas urna tincidunt aliquet. Ut sagittis vel enim eget malesuada. Cras in congue tortor. Interdum et malesuada fames ac ante ipsum primis in faucibus. Nunc tempus consequat neque, et eleifend nulla aliquam eu.",Author 133,8,ly-thuyet-tro-choi-tai-chinh-money-men,NXB 133,2013,209
https://cdn1.fahasa.com/media/catalog/product/u/n/untitled-5_7.jpg,Combo Cuộc Cách Mạng Blockchain + Blockchain - Khởi Nguồn Cho Một Nền Kinh Tế Mới,348400,22,9780085479769,"Lorem ipsum dolor sit amet, consectetur adipiscing elit. Nam congue vel tellus non luctus. Vestibulum vitae nunc lorem. Sed lacinia lectus vel augue imperdiet ultricies. Donec id venenatis ex, vitae pretium ligula. Sed nulla eros, dignissim at feugiat non, posuere sit amet urna. Ut eu porttitor tellus. Cras eu massa nulla. Morbi porta fermentum elit eu iaculis. Pellentesque hendrerit venenatis purus at feugiat. Pellentesque vitae feugiat purus. Donec mattis rhoncus lacinia. Sed quam diam, molestie id laoreet eu, lacinia ac turpis. Cras tincidunt lobortis elit quis aliquam. Proin et massa libero.

Aliquam id pharetra arcu. Vivamus vitae mattis ligula. Sed efficitur urna vitae scelerisque tempor. Proin purus magna, vulputate eu ligula a, vehicula malesuada enim. Curabitur aliquet rutrum enim et tincidunt. Vestibulum ante ipsum primis in faucibus orci luctus et ultrices posuere cubilia curae; Vivamus pharetra enim leo, nec molestie nibh consectetur quis. Class aptent taciti sociosqu ad litora torquent per conubia nostra, per inceptos himenaeos. Nunc quis maximus elit, vitae pulvinar urna. Integer at mi elit. Phasellus vitae rutrum sem. Vivamus et mauris ac nisl congue congue eu eget elit. Nullam at quam velit. Pellentesque dictum, diam nec tempor aliquet, tortor justo fermentum sapien, at condimentum turpis elit vel sapien. Aenean rutrum tellus sodales tortor viverra eleifend.

Donec facilisis, diam efficitur maximus ultrices, enim lectus rutrum elit, eget malesuada mi justo dapibus enim. Maecenas finibus euismod nulla quis dignissim. Sed dictum ante rutrum turpis euismod laoreet. Sed placerat tellus leo. In ut lobortis lorem. Nullam vitae lectus egestas urna tincidunt aliquet. Ut sagittis vel enim eget malesuada. Cras in congue tortor. Interdum et malesuada fames ac ante ipsum primis in faucibus. Nunc tempus consequat neque, et eleifend nulla aliquam eu.",Author 134,8,combo-cuoc-cach-mang-blockchain-blockchain-khoi-nguon-cho-mot-nen-kinh-te-moi,NXB 134,2006,77
https://cdn1.fahasa.com/media/catalog/product/t/h/thoat-bay-thao-tung-tien-bac-01.jpg,Thoát Bẫy Thao Túng Tiền Bạc,135000,22,9780085479770,"Lorem ipsum dolor sit amet, consectetur adipiscing elit. Nam congue vel tellus non luctus. Vestibulum vitae nunc lorem. Sed lacinia lectus vel augue imperdiet ultricies. Donec id venenatis ex, vitae pretium ligula. Sed nulla eros, dignissim at feugiat non, posuere sit amet urna. Ut eu porttitor tellus. Cras eu massa nulla. Morbi porta fermentum elit eu iaculis. Pellentesque hendrerit venenatis purus at feugiat. Pellentesque vitae feugiat purus. Donec mattis rhoncus lacinia. Sed quam diam, molestie id laoreet eu, lacinia ac turpis. Cras tincidunt lobortis elit quis aliquam. Proin et massa libero.

Aliquam id pharetra arcu. Vivamus vitae mattis ligula. Sed efficitur urna vitae scelerisque tempor. Proin purus magna, vulputate eu ligula a, vehicula malesuada enim. Curabitur aliquet rutrum enim et tincidunt. Vestibulum ante ipsum primis in faucibus orci luctus et ultrices posuere cubilia curae; Vivamus pharetra enim leo, nec molestie nibh consectetur quis. Class aptent taciti sociosqu ad litora torquent per conubia nostra, per inceptos himenaeos. Nunc quis maximus elit, vitae pulvinar urna. Integer at mi elit. Phasellus vitae rutrum sem. Vivamus et mauris ac nisl congue congue eu eget elit. Nullam at quam velit. Pellentesque dictum, diam nec tempor aliquet, tortor justo fermentum sapien, at condimentum turpis elit vel sapien. Aenean rutrum tellus sodales tortor viverra eleifend.

Donec facilisis, diam efficitur maximus ultrices, enim lectus rutrum elit, eget malesuada mi justo dapibus enim. Maecenas finibus euismod nulla quis dignissim. Sed dictum ante rutrum turpis euismod laoreet. Sed placerat tellus leo. In ut lobortis lorem. Nullam vitae lectus egestas urna tincidunt aliquet. Ut sagittis vel enim eget malesuada. Cras in congue tortor. Interdum et malesuada fames ac ante ipsum primis in faucibus. Nunc tempus consequat neque, et eleifend nulla aliquam eu.",Author 135,20,thoat-bay-thao-tung-tien-bac,NXB 135,2018,115
https://cdn1.fahasa.com/media/catalog/product/i/m/image_175190.jpg,​FINTECH 4.0 - Những Điển Hình Thành Công Trong Cuộc Cách Mạng Công Nghệ Tài Chính,73000,22,9780085479771,"Lorem ipsum dolor sit amet, consectetur adipiscing elit. Nam congue vel tellus non luctus. Vestibulum vitae nunc lorem. Sed lacinia lectus vel augue imperdiet ultricies. Donec id venenatis ex, vitae pretium ligula. Sed nulla eros, dignissim at feugiat non, posuere sit amet urna. Ut eu porttitor tellus. Cras eu massa nulla. Morbi porta fermentum elit eu iaculis. Pellentesque hendrerit venenatis purus at feugiat. Pellentesque vitae feugiat purus. Donec mattis rhoncus lacinia. Sed quam diam, molestie id laoreet eu, lacinia ac turpis. Cras tincidunt lobortis elit quis aliquam. Proin et massa libero.

Aliquam id pharetra arcu. Vivamus vitae mattis ligula. Sed efficitur urna vitae scelerisque tempor. Proin purus magna, vulputate eu ligula a, vehicula malesuada enim. Curabitur aliquet rutrum enim et tincidunt. Vestibulum ante ipsum primis in faucibus orci luctus et ultrices posuere cubilia curae; Vivamus pharetra enim leo, nec molestie nibh consectetur quis. Class aptent taciti sociosqu ad litora torquent per conubia nostra, per inceptos himenaeos. Nunc quis maximus elit, vitae pulvinar urna. Integer at mi elit. Phasellus vitae rutrum sem. Vivamus et mauris ac nisl congue congue eu eget elit. Nullam at quam velit. Pellentesque dictum, diam nec tempor aliquet, tortor justo fermentum sapien, at condimentum turpis elit vel sapien. Aenean rutrum tellus sodales tortor viverra eleifend.

Donec facilisis, diam efficitur maximus ultrices, enim lectus rutrum elit, eget malesuada mi justo dapibus enim. Maecenas finibus euismod nulla quis dignissim. Sed dictum ante rutrum turpis euismod laoreet. Sed placerat tellus leo. In ut lobortis lorem. Nullam vitae lectus egestas urna tincidunt aliquet. Ut sagittis vel enim eget malesuada. Cras in congue tortor. Interdum et malesuada fames ac ante ipsum primis in faucibus. Nunc tempus consequat neque, et eleifend nulla aliquam eu.",Author 136,11,fintech-4-0-nhung-ien-hinh-thanh-cong-trong-cuoc-cach-mang-cong-nghe-tai-chinh,NXB 136,2004,214
https://cdn1.fahasa.com/media/catalog/product/8/9/8936066695176.jpg,Tâm Lý Đầu Tư Của Warren Buffett,175000,22,9780085479772,"Lorem ipsum dolor sit amet, consectetur adipiscing elit. Nam congue vel tellus non luctus. Vestibulum vitae nunc lorem. Sed lacinia lectus vel augue imperdiet ultricies. Donec id venenatis ex, vitae pretium ligula. Sed nulla eros, dignissim at feugiat non, posuere sit amet urna. Ut eu porttitor tellus. Cras eu massa nulla. Morbi porta fermentum elit eu iaculis. Pellentesque hendrerit venenatis purus at feugiat. Pellentesque vitae feugiat purus. Donec mattis rhoncus lacinia. Sed quam diam, molestie id laoreet eu, lacinia ac turpis. Cras tincidunt lobortis elit quis aliquam. Proin et massa libero.

Aliquam id pharetra arcu. Vivamus vitae mattis ligula. Sed efficitur urna vitae scelerisque tempor. Proin purus magna, vulputate eu ligula a, vehicula malesuada enim. Curabitur aliquet rutrum enim et tincidunt. Vestibulum ante ipsum primis in faucibus orci luctus et ultrices posuere cubilia curae; Vivamus pharetra enim leo, nec molestie nibh consectetur quis. Class aptent taciti sociosqu ad litora torquent per conubia nostra, per inceptos himenaeos. Nunc quis maximus elit, vitae pulvinar urna. Integer at mi elit. Phasellus vitae rutrum sem. Vivamus et mauris ac nisl congue congue eu eget elit. Nullam at quam velit. Pellentesque dictum, diam nec tempor aliquet, tortor justo fermentum sapien, at condimentum turpis elit vel sapien. Aenean rutrum tellus sodales tortor viverra eleifend.

Donec facilisis, diam efficitur maximus ultrices, enim lectus rutrum elit, eget malesuada mi justo dapibus enim. Maecenas finibus euismod nulla quis dignissim. Sed dictum ante rutrum turpis euismod laoreet. Sed placerat tellus leo. In ut lobortis lorem. Nullam vitae lectus egestas urna tincidunt aliquet. Ut sagittis vel enim eget malesuada. Cras in congue tortor. Interdum et malesuada fames ac ante ipsum primis in faucibus. Nunc tempus consequat neque, et eleifend nulla aliquam eu.",Author 137,13,tam-ly-au-tu-cua-warren-buffett,NXB 137,2002,192
https://cdn1.fahasa.com/media/catalog/product/8/9/8934974212553.jpg,Năm Tính Cách Tiền Bạc - Khi Các Cặp Đôi Cùng Một Ngôn Ngữ Yêu Và Chi Tiêu,93500,22,9780085479773,"Lorem ipsum dolor sit amet, consectetur adipiscing elit. Nam congue vel tellus non luctus. Vestibulum vitae nunc lorem. Sed lacinia lectus vel augue imperdiet ultricies. Donec id venenatis ex, vitae pretium ligula. Sed nulla eros, dignissim at feugiat non, posuere sit amet urna. Ut eu porttitor tellus. Cras eu massa nulla. Morbi porta fermentum elit eu iaculis. Pellentesque hendrerit venenatis purus at feugiat. Pellentesque vitae feugiat purus. Donec mattis rhoncus lacinia. Sed quam diam, molestie id laoreet eu, lacinia ac turpis. Cras tincidunt lobortis elit quis aliquam. Proin et massa libero.

Aliquam id pharetra arcu. Vivamus vitae mattis ligula. Sed efficitur urna vitae scelerisque tempor. Proin purus magna, vulputate eu ligula a, vehicula malesuada enim. Curabitur aliquet rutrum enim et tincidunt. Vestibulum ante ipsum primis in faucibus orci luctus et ultrices posuere cubilia curae; Vivamus pharetra enim leo, nec molestie nibh consectetur quis. Class aptent taciti sociosqu ad litora torquent per conubia nostra, per inceptos himenaeos. Nunc quis maximus elit, vitae pulvinar urna. Integer at mi elit. Phasellus vitae rutrum sem. Vivamus et mauris ac nisl congue congue eu eget elit. Nullam at quam velit. Pellentesque dictum, diam nec tempor aliquet, tortor justo fermentum sapien, at condimentum turpis elit vel sapien. Aenean rutrum tellus sodales tortor viverra eleifend.

Donec facilisis, diam efficitur maximus ultrices, enim lectus rutrum elit, eget malesuada mi justo dapibus enim. Maecenas finibus euismod nulla quis dignissim. Sed dictum ante rutrum turpis euismod laoreet. Sed placerat tellus leo. In ut lobortis lorem. Nullam vitae lectus egestas urna tincidunt aliquet. Ut sagittis vel enim eget malesuada. Cras in congue tortor. Interdum et malesuada fames ac ante ipsum primis in faucibus. Nunc tempus consequat neque, et eleifend nulla aliquam eu.",Author 138,11,nam-tinh-cach-tien-bac-khi-cac-cap-oi-cung-mot-ngon-ngu-yeu-va-chi-tieu,NXB 138,2014,109
https://cdn1.fahasa.com/media/catalog/product/d/i/digital_gold.jpg,Digital Gold - Rủ Nhau Lên Mạng Đào Vàng,149500,22,9780085479774,"Lorem ipsum dolor sit amet, consectetur adipiscing elit. Nam congue vel tellus non luctus. Vestibulum vitae nunc lorem. Sed lacinia lectus vel augue imperdiet ultricies. Donec id venenatis ex, vitae pretium ligula. Sed nulla eros, dignissim at feugiat non, posuere sit amet urna. Ut eu porttitor tellus. Cras eu massa nulla. Morbi porta fermentum elit eu iaculis. Pellentesque hendrerit venenatis purus at feugiat. Pellentesque vitae feugiat purus. Donec mattis rhoncus lacinia. Sed quam diam, molestie id laoreet eu, lacinia ac turpis. Cras tincidunt lobortis elit quis aliquam. Proin et massa libero.

Aliquam id pharetra arcu. Vivamus vitae mattis ligula. Sed efficitur urna vitae scelerisque tempor. Proin purus magna, vulputate eu ligula a, vehicula malesuada enim. Curabitur aliquet rutrum enim et tincidunt. Vestibulum ante ipsum primis in faucibus orci luctus et ultrices posuere cubilia curae; Vivamus pharetra enim leo, nec molestie nibh consectetur quis. Class aptent taciti sociosqu ad litora torquent per conubia nostra, per inceptos himenaeos. Nunc quis maximus elit, vitae pulvinar urna. Integer at mi elit. Phasellus vitae rutrum sem. Vivamus et mauris ac nisl congue congue eu eget elit. Nullam at quam velit. Pellentesque dictum, diam nec tempor aliquet, tortor justo fermentum sapien, at condimentum turpis elit vel sapien. Aenean rutrum tellus sodales tortor viverra eleifend.

Donec facilisis, diam efficitur maximus ultrices, enim lectus rutrum elit, eget malesuada mi justo dapibus enim. Maecenas finibus euismod nulla quis dignissim. Sed dictum ante rutrum turpis euismod laoreet. Sed placerat tellus leo. In ut lobortis lorem. Nullam vitae lectus egestas urna tincidunt aliquet. Ut sagittis vel enim eget malesuada. Cras in congue tortor. Interdum et malesuada fames ac ante ipsum primis in faucibus. Nunc tempus consequat neque, et eleifend nulla aliquam eu.",Author 139,11,digital-gold-ru-nhau-len-mang-ao-vang,NXB 139,2006,185
https://cdn1.fahasa.com/media/catalog/product/8/9/8936066696142.jpg,Lập Kế Hoạch Dòng Tiền Thông Minh,127000,22,9780085479775,"Lorem ipsum dolor sit amet, consectetur adipiscing elit. Nam congue vel tellus non luctus. Vestibulum vitae nunc lorem. Sed lacinia lectus vel augue imperdiet ultricies. Donec id venenatis ex, vitae pretium ligula. Sed nulla eros, dignissim at feugiat non, posuere sit amet urna. Ut eu porttitor tellus. Cras eu massa nulla. Morbi porta fermentum elit eu iaculis. Pellentesque hendrerit venenatis purus at feugiat. Pellentesque vitae feugiat purus. Donec mattis rhoncus lacinia. Sed quam diam, molestie id laoreet eu, lacinia ac turpis. Cras tincidunt lobortis elit quis aliquam. Proin et massa libero.

Aliquam id pharetra arcu. Vivamus vitae mattis ligula. Sed efficitur urna vitae scelerisque tempor. Proin purus magna, vulputate eu ligula a, vehicula malesuada enim. Curabitur aliquet rutrum enim et tincidunt. Vestibulum ante ipsum primis in faucibus orci luctus et ultrices posuere cubilia curae; Vivamus pharetra enim leo, nec molestie nibh consectetur quis. Class aptent taciti sociosqu ad litora torquent per conubia nostra, per inceptos himenaeos. Nunc quis maximus elit, vitae pulvinar urna. Integer at mi elit. Phasellus vitae rutrum sem. Vivamus et mauris ac nisl congue congue eu eget elit. Nullam at quam velit. Pellentesque dictum, diam nec tempor aliquet, tortor justo fermentum sapien, at condimentum turpis elit vel sapien. Aenean rutrum tellus sodales tortor viverra eleifend.

Donec facilisis, diam efficitur maximus ultrices, enim lectus rutrum elit, eget malesuada mi justo dapibus enim. Maecenas finibus euismod nulla quis dignissim. Sed dictum ante rutrum turpis euismod laoreet. Sed placerat tellus leo. In ut lobortis lorem. Nullam vitae lectus egestas urna tincidunt aliquet. Ut sagittis vel enim eget malesuada. Cras in congue tortor. Interdum et malesuada fames ac ante ipsum primis in faucibus. Nunc tempus consequat neque, et eleifend nulla aliquam eu.",Author 140,14,lap-ke-hoach-dong-tien-thong-minh,NXB 140,2010,166
https://cdn1.fahasa.com/media/catalog/product/t/h/thieu-tien.jpg,Thiếu Tiền - Insufficient Funds,151000,22,9780085479776,"Lorem ipsum dolor sit amet, consectetur adipiscing elit. Nam congue vel tellus non luctus. Vestibulum vitae nunc lorem. Sed lacinia lectus vel augue imperdiet ultricies. Donec id venenatis ex, vitae pretium ligula. Sed nulla eros, dignissim at feugiat non, posuere sit amet urna. Ut eu porttitor tellus. Cras eu massa nulla. Morbi porta fermentum elit eu iaculis. Pellentesque hendrerit venenatis purus at feugiat. Pellentesque vitae feugiat purus. Donec mattis rhoncus lacinia. Sed quam diam, molestie id laoreet eu, lacinia ac turpis. Cras tincidunt lobortis elit quis aliquam. Proin et massa libero.

Aliquam id pharetra arcu. Vivamus vitae mattis ligula. Sed efficitur urna vitae scelerisque tempor. Proin purus magna, vulputate eu ligula a, vehicula malesuada enim. Curabitur aliquet rutrum enim et tincidunt. Vestibulum ante ipsum primis in faucibus orci luctus et ultrices posuere cubilia curae; Vivamus pharetra enim leo, nec molestie nibh consectetur quis. Class aptent taciti sociosqu ad litora torquent per conubia nostra, per inceptos himenaeos. Nunc quis maximus elit, vitae pulvinar urna. Integer at mi elit. Phasellus vitae rutrum sem. Vivamus et mauris ac nisl congue congue eu eget elit. Nullam at quam velit. Pellentesque dictum, diam nec tempor aliquet, tortor justo fermentum sapien, at condimentum turpis elit vel sapien. Aenean rutrum tellus sodales tortor viverra eleifend.

Donec facilisis, diam efficitur maximus ultrices, enim lectus rutrum elit, eget malesuada mi justo dapibus enim. Maecenas finibus euismod nulla quis dignissim. Sed dictum ante rutrum turpis euismod laoreet. Sed placerat tellus leo. In ut lobortis lorem. Nullam vitae lectus egestas urna tincidunt aliquet. Ut sagittis vel enim eget malesuada. Cras in congue tortor. Interdum et malesuada fames ac ante ipsum primis in faucibus. Nunc tempus consequat neque, et eleifend nulla aliquam eu.",Author 141,18,thieu-tien-insufficient-funds,NXB 141,2007,158
https://cdn1.fahasa.com/media/catalog/product/b/2/b2_3.jpg,Hệ Thống Ngân Hàng Hoa Kỳ,351000,22,9780085479777,"Lorem ipsum dolor sit amet, consectetur adipiscing elit. Nam congue vel tellus non luctus. Vestibulum vitae nunc lorem. Sed lacinia lectus vel augue imperdiet ultricies. Donec id venenatis ex, vitae pretium ligula. Sed nulla eros, dignissim at feugiat non, posuere sit amet urna. Ut eu porttitor tellus. Cras eu massa nulla. Morbi porta fermentum elit eu iaculis. Pellentesque hendrerit venenatis purus at feugiat. Pellentesque vitae feugiat purus. Donec mattis rhoncus lacinia. Sed quam diam, molestie id laoreet eu, lacinia ac turpis. Cras tincidunt lobortis elit quis aliquam. Proin et massa libero.

Aliquam id pharetra arcu. Vivamus vitae mattis ligula. Sed efficitur urna vitae scelerisque tempor. Proin purus magna, vulputate eu ligula a, vehicula malesuada enim. Curabitur aliquet rutrum enim et tincidunt. Vestibulum ante ipsum primis in faucibus orci luctus et ultrices posuere cubilia curae; Vivamus pharetra enim leo, nec molestie nibh consectetur quis. Class aptent taciti sociosqu ad litora torquent per conubia nostra, per inceptos himenaeos. Nunc quis maximus elit, vitae pulvinar urna. Integer at mi elit. Phasellus vitae rutrum sem. Vivamus et mauris ac nisl congue congue eu eget elit. Nullam at quam velit. Pellentesque dictum, diam nec tempor aliquet, tortor justo fermentum sapien, at condimentum turpis elit vel sapien. Aenean rutrum tellus sodales tortor viverra eleifend.

Donec facilisis, diam efficitur maximus ultrices, enim lectus rutrum elit, eget malesuada mi justo dapibus enim. Maecenas finibus euismod nulla quis dignissim. Sed dictum ante rutrum turpis euismod laoreet. Sed placerat tellus leo. In ut lobortis lorem. Nullam vitae lectus egestas urna tincidunt aliquet. Ut sagittis vel enim eget malesuada. Cras in congue tortor. Interdum et malesuada fames ac ante ipsum primis in faucibus. Nunc tempus consequat neque, et eleifend nulla aliquam eu.",Author 142,8,he-thong-ngan-hang-hoa-ky,NXB 142,2003,122
https://cdn1.fahasa.com/media/catalog/product/i/m/image_195509_1_40149_1_1.jpg,Tài Chính Cá Nhân Dành Cho Người Việt Nam - Tặng Kèm Khóa Học Online Về Tài Chính Cá Nhân (In Lần 2),200000,22,9780085479778,"Lorem ipsum dolor sit amet, consectetur adipiscing elit. Nam congue vel tellus non luctus. Vestibulum vitae nunc lorem. Sed lacinia lectus vel augue imperdiet ultricies. Donec id venenatis ex, vitae pretium ligula. Sed nulla eros, dignissim at feugiat non, posuere sit amet urna. Ut eu porttitor tellus. Cras eu massa nulla. Morbi porta fermentum elit eu iaculis. Pellentesque hendrerit venenatis purus at feugiat. Pellentesque vitae feugiat purus. Donec mattis rhoncus lacinia. Sed quam diam, molestie id laoreet eu, lacinia ac turpis. Cras tincidunt lobortis elit quis aliquam. Proin et massa libero.

Aliquam id pharetra arcu. Vivamus vitae mattis ligula. Sed efficitur urna vitae scelerisque tempor. Proin purus magna, vulputate eu ligula a, vehicula malesuada enim. Curabitur aliquet rutrum enim et tincidunt. Vestibulum ante ipsum primis in faucibus orci luctus et ultrices posuere cubilia curae; Vivamus pharetra enim leo, nec molestie nibh consectetur quis. Class aptent taciti sociosqu ad litora torquent per conubia nostra, per inceptos himenaeos. Nunc quis maximus elit, vitae pulvinar urna. Integer at mi elit. Phasellus vitae rutrum sem. Vivamus et mauris ac nisl congue congue eu eget elit. Nullam at quam velit. Pellentesque dictum, diam nec tempor aliquet, tortor justo fermentum sapien, at condimentum turpis elit vel sapien. Aenean rutrum tellus sodales tortor viverra eleifend.

Donec facilisis, diam efficitur maximus ultrices, enim lectus rutrum elit, eget malesuada mi justo dapibus enim. Maecenas finibus euismod nulla quis dignissim. Sed dictum ante rutrum turpis euismod laoreet. Sed placerat tellus leo. In ut lobortis lorem. Nullam vitae lectus egestas urna tincidunt aliquet. Ut sagittis vel enim eget malesuada. Cras in congue tortor. Interdum et malesuada fames ac ante ipsum primis in faucibus. Nunc tempus consequat neque, et eleifend nulla aliquam eu.",Author 143,7,tai-chinh-ca-nhan-danh-cho-nguoi-viet-nam-tang-kem-khoa-hoc-online-ve-tai-chinh-ca-nhan-in-lan-2,NXB 143,2005,149
https://cdn1.fahasa.com/media/catalog/product/i/m/image_195509_1_48137.jpg,Forex 101 - Mọi Điều Cần Biết Về Thị Trường Ngoại Hối,143500,22,9780085479779,"Lorem ipsum dolor sit amet, consectetur adipiscing elit. Nam congue vel tellus non luctus. Vestibulum vitae nunc lorem. Sed lacinia lectus vel augue imperdiet ultricies. Donec id venenatis ex, vitae pretium ligula. Sed nulla eros, dignissim at feugiat non, posuere sit amet urna. Ut eu porttitor tellus. Cras eu massa nulla. Morbi porta fermentum elit eu iaculis. Pellentesque hendrerit venenatis purus at feugiat. Pellentesque vitae feugiat purus. Donec mattis rhoncus lacinia. Sed quam diam, molestie id laoreet eu, lacinia ac turpis. Cras tincidunt lobortis elit quis aliquam. Proin et massa libero.

Aliquam id pharetra arcu. Vivamus vitae mattis ligula. Sed efficitur urna vitae scelerisque tempor. Proin purus magna, vulputate eu ligula a, vehicula malesuada enim. Curabitur aliquet rutrum enim et tincidunt. Vestibulum ante ipsum primis in faucibus orci luctus et ultrices posuere cubilia curae; Vivamus pharetra enim leo, nec molestie nibh consectetur quis. Class aptent taciti sociosqu ad litora torquent per conubia nostra, per inceptos himenaeos. Nunc quis maximus elit, vitae pulvinar urna. Integer at mi elit. Phasellus vitae rutrum sem. Vivamus et mauris ac nisl congue congue eu eget elit. Nullam at quam velit. Pellentesque dictum, diam nec tempor aliquet, tortor justo fermentum sapien, at condimentum turpis elit vel sapien. Aenean rutrum tellus sodales tortor viverra eleifend.

Donec facilisis, diam efficitur maximus ultrices, enim lectus rutrum elit, eget malesuada mi justo dapibus enim. Maecenas finibus euismod nulla quis dignissim. Sed dictum ante rutrum turpis euismod laoreet. Sed placerat tellus leo. In ut lobortis lorem. Nullam vitae lectus egestas urna tincidunt aliquet. Ut sagittis vel enim eget malesuada. Cras in congue tortor. Interdum et malesuada fames ac ante ipsum primis in faucibus. Nunc tempus consequat neque, et eleifend nulla aliquam eu.",Author 144,18,forex-101-moi-ieu-can-biet-ve-thi-truong-ngoai-hoi,NXB 144,2011,148
https://cdn1.fahasa.com/media/catalog/product/8/9/8934974190318.jpg,Quản Trị Inamori: Mỗi Nhân Viên Đều Đóng Vai Trò Chính,93500,23,9780085479780,"Lorem ipsum dolor sit amet, consectetur adipiscing elit. Nam congue vel tellus non luctus. Vestibulum vitae nunc lorem. Sed lacinia lectus vel augue imperdiet ultricies. Donec id venenatis ex, vitae pretium ligula. Sed nulla eros, dignissim at feugiat non, posuere sit amet urna. Ut eu porttitor tellus. Cras eu massa nulla. Morbi porta fermentum elit eu iaculis. Pellentesque hendrerit venenatis purus at feugiat. Pellentesque vitae feugiat purus. Donec mattis rhoncus lacinia. Sed quam diam, molestie id laoreet eu, lacinia ac turpis. Cras tincidunt lobortis elit quis aliquam. Proin et massa libero.

Aliquam id pharetra arcu. Vivamus vitae mattis ligula. Sed efficitur urna vitae scelerisque tempor. Proin purus magna, vulputate eu ligula a, vehicula malesuada enim. Curabitur aliquet rutrum enim et tincidunt. Vestibulum ante ipsum primis in faucibus orci luctus et ultrices posuere cubilia curae; Vivamus pharetra enim leo, nec molestie nibh consectetur quis. Class aptent taciti sociosqu ad litora torquent per conubia nostra, per inceptos himenaeos. Nunc quis maximus elit, vitae pulvinar urna. Integer at mi elit. Phasellus vitae rutrum sem. Vivamus et mauris ac nisl congue congue eu eget elit. Nullam at quam velit. Pellentesque dictum, diam nec tempor aliquet, tortor justo fermentum sapien, at condimentum turpis elit vel sapien. Aenean rutrum tellus sodales tortor viverra eleifend.

Donec facilisis, diam efficitur maximus ultrices, enim lectus rutrum elit, eget malesuada mi justo dapibus enim. Maecenas finibus euismod nulla quis dignissim. Sed dictum ante rutrum turpis euismod laoreet. Sed placerat tellus leo. In ut lobortis lorem. Nullam vitae lectus egestas urna tincidunt aliquet. Ut sagittis vel enim eget malesuada. Cras in congue tortor. Interdum et malesuada fames ac ante ipsum primis in faucibus. Nunc tempus consequat neque, et eleifend nulla aliquam eu.",Author 145,8,quan-tri-inamori-moi-nhan-vien-eu-ong-vai-tro-chinh,NXB 145,2008,129
https://cdn1.fahasa.com/media/catalog/product/8/9/8935236426183.jpg,Đồ Giải Xem Tướng Biết Người - Cẩm Nang Quản Lý Nguồn Nhân Lực,156000,23,9780085479781,"Lorem ipsum dolor sit amet, consectetur adipiscing elit. Nam congue vel tellus non luctus. Vestibulum vitae nunc lorem. Sed lacinia lectus vel augue imperdiet ultricies. Donec id venenatis ex, vitae pretium ligula. Sed nulla eros, dignissim at feugiat non, posuere sit amet urna. Ut eu porttitor tellus. Cras eu massa nulla. Morbi porta fermentum elit eu iaculis. Pellentesque hendrerit venenatis purus at feugiat. Pellentesque vitae feugiat purus. Donec mattis rhoncus lacinia. Sed quam diam, molestie id laoreet eu, lacinia ac turpis. Cras tincidunt lobortis elit quis aliquam. Proin et massa libero.

Aliquam id pharetra arcu. Vivamus vitae mattis ligula. Sed efficitur urna vitae scelerisque tempor. Proin purus magna, vulputate eu ligula a, vehicula malesuada enim. Curabitur aliquet rutrum enim et tincidunt. Vestibulum ante ipsum primis in faucibus orci luctus et ultrices posuere cubilia curae; Vivamus pharetra enim leo, nec molestie nibh consectetur quis. Class aptent taciti sociosqu ad litora torquent per conubia nostra, per inceptos himenaeos. Nunc quis maximus elit, vitae pulvinar urna. Integer at mi elit. Phasellus vitae rutrum sem. Vivamus et mauris ac nisl congue congue eu eget elit. Nullam at quam velit. Pellentesque dictum, diam nec tempor aliquet, tortor justo fermentum sapien, at condimentum turpis elit vel sapien. Aenean rutrum tellus sodales tortor viverra eleifend.

Donec facilisis, diam efficitur maximus ultrices, enim lectus rutrum elit, eget malesuada mi justo dapibus enim. Maecenas finibus euismod nulla quis dignissim. Sed dictum ante rutrum turpis euismod laoreet. Sed placerat tellus leo. In ut lobortis lorem. Nullam vitae lectus egestas urna tincidunt aliquet. Ut sagittis vel enim eget malesuada. Cras in congue tortor. Interdum et malesuada fames ac ante ipsum primis in faucibus. Nunc tempus consequat neque, et eleifend nulla aliquam eu.",Author 146,14,o-giai-xem-tuong-biet-nguoi-cam-nang-quan-ly-nguon-nhan-luc,NXB 146,2017,63
https://cdn1.fahasa.com/media/catalog/product/n/h/nhan-su-cot-can-01.jpg,Nhân Sự Cốt Cán,95400,23,9780085479782,"Lorem ipsum dolor sit amet, consectetur adipiscing elit. Nam congue vel tellus non luctus. Vestibulum vitae nunc lorem. Sed lacinia lectus vel augue imperdiet ultricies. Donec id venenatis ex, vitae pretium ligula. Sed nulla eros, dignissim at feugiat non, posuere sit amet urna. Ut eu porttitor tellus. Cras eu massa nulla. Morbi porta fermentum elit eu iaculis. Pellentesque hendrerit venenatis purus at feugiat. Pellentesque vitae feugiat purus. Donec mattis rhoncus lacinia. Sed quam diam, molestie id laoreet eu, lacinia ac turpis. Cras tincidunt lobortis elit quis aliquam. Proin et massa libero.

Aliquam id pharetra arcu. Vivamus vitae mattis ligula. Sed efficitur urna vitae scelerisque tempor. Proin purus magna, vulputate eu ligula a, vehicula malesuada enim. Curabitur aliquet rutrum enim et tincidunt. Vestibulum ante ipsum primis in faucibus orci luctus et ultrices posuere cubilia curae; Vivamus pharetra enim leo, nec molestie nibh consectetur quis. Class aptent taciti sociosqu ad litora torquent per conubia nostra, per inceptos himenaeos. Nunc quis maximus elit, vitae pulvinar urna. Integer at mi elit. Phasellus vitae rutrum sem. Vivamus et mauris ac nisl congue congue eu eget elit. Nullam at quam velit. Pellentesque dictum, diam nec tempor aliquet, tortor justo fermentum sapien, at condimentum turpis elit vel sapien. Aenean rutrum tellus sodales tortor viverra eleifend.

Donec facilisis, diam efficitur maximus ultrices, enim lectus rutrum elit, eget malesuada mi justo dapibus enim. Maecenas finibus euismod nulla quis dignissim. Sed dictum ante rutrum turpis euismod laoreet. Sed placerat tellus leo. In ut lobortis lorem. Nullam vitae lectus egestas urna tincidunt aliquet. Ut sagittis vel enim eget malesuada. Cras in congue tortor. Interdum et malesuada fames ac ante ipsum primis in faucibus. Nunc tempus consequat neque, et eleifend nulla aliquam eu.",Author 147,3,nhan-su-cot-can,NXB 147,2022,297
https://cdn1.fahasa.com/media/catalog/product/m/b/mbo---ph_ng-ph_p-qu_n-l_-v_-_nh-gi_-nh_n-s_-chuy_n-nghi_p---b_a-1.jpg,MBO - Phương Pháp Quản Lý Mục Tiêu Và Đánh Giá Nhân Sự Chuyên Nghiệp,135000,23,9780085479783,"Lorem ipsum dolor sit amet, consectetur adipiscing elit. Nam congue vel tellus non luctus. Vestibulum vitae nunc lorem. Sed lacinia lectus vel augue imperdiet ultricies. Donec id venenatis ex, vitae pretium ligula. Sed nulla eros, dignissim at feugiat non, posuere sit amet urna. Ut eu porttitor tellus. Cras eu massa nulla. Morbi porta fermentum elit eu iaculis. Pellentesque hendrerit venenatis purus at feugiat. Pellentesque vitae feugiat purus. Donec mattis rhoncus lacinia. Sed quam diam, molestie id laoreet eu, lacinia ac turpis. Cras tincidunt lobortis elit quis aliquam. Proin et massa libero.

Aliquam id pharetra arcu. Vivamus vitae mattis ligula. Sed efficitur urna vitae scelerisque tempor. Proin purus magna, vulputate eu ligula a, vehicula malesuada enim. Curabitur aliquet rutrum enim et tincidunt. Vestibulum ante ipsum primis in faucibus orci luctus et ultrices posuere cubilia curae; Vivamus pharetra enim leo, nec molestie nibh consectetur quis. Class aptent taciti sociosqu ad litora torquent per conubia nostra, per inceptos himenaeos. Nunc quis maximus elit, vitae pulvinar urna. Integer at mi elit. Phasellus vitae rutrum sem. Vivamus et mauris ac nisl congue congue eu eget elit. Nullam at quam velit. Pellentesque dictum, diam nec tempor aliquet, tortor justo fermentum sapien, at condimentum turpis elit vel sapien. Aenean rutrum tellus sodales tortor viverra eleifend.

Donec facilisis, diam efficitur maximus ultrices, enim lectus rutrum elit, eget malesuada mi justo dapibus enim. Maecenas finibus euismod nulla quis dignissim. Sed dictum ante rutrum turpis euismod laoreet. Sed placerat tellus leo. In ut lobortis lorem. Nullam vitae lectus egestas urna tincidunt aliquet. Ut sagittis vel enim eget malesuada. Cras in congue tortor. Interdum et malesuada fames ac ante ipsum primis in faucibus. Nunc tempus consequat neque, et eleifend nulla aliquam eu.",Author 148,16,mbo-phuong-phap-quan-ly-muc-tieu-va-anh-gia-nhan-su-chuyen-nghiep,NXB 148,2006,138
https://cdn1.fahasa.com/media/catalog/product/8/9/8935210291851.jpg,Đội Nhóm Tuyệt Đỉnh,76450,23,9780085479784,"Lorem ipsum dolor sit amet, consectetur adipiscing elit. Nam congue vel tellus non luctus. Vestibulum vitae nunc lorem. Sed lacinia lectus vel augue imperdiet ultricies. Donec id venenatis ex, vitae pretium ligula. Sed nulla eros, dignissim at feugiat non, posuere sit amet urna. Ut eu porttitor tellus. Cras eu massa nulla. Morbi porta fermentum elit eu iaculis. Pellentesque hendrerit venenatis purus at feugiat. Pellentesque vitae feugiat purus. Donec mattis rhoncus lacinia. Sed quam diam, molestie id laoreet eu, lacinia ac turpis. Cras tincidunt lobortis elit quis aliquam. Proin et massa libero.

Aliquam id pharetra arcu. Vivamus vitae mattis ligula. Sed efficitur urna vitae scelerisque tempor. Proin purus magna, vulputate eu ligula a, vehicula malesuada enim. Curabitur aliquet rutrum enim et tincidunt. Vestibulum ante ipsum primis in faucibus orci luctus et ultrices posuere cubilia curae; Vivamus pharetra enim leo, nec molestie nibh consectetur quis. Class aptent taciti sociosqu ad litora torquent per conubia nostra, per inceptos himenaeos. Nunc quis maximus elit, vitae pulvinar urna. Integer at mi elit. Phasellus vitae rutrum sem. Vivamus et mauris ac nisl congue congue eu eget elit. Nullam at quam velit. Pellentesque dictum, diam nec tempor aliquet, tortor justo fermentum sapien, at condimentum turpis elit vel sapien. Aenean rutrum tellus sodales tortor viverra eleifend.

Donec facilisis, diam efficitur maximus ultrices, enim lectus rutrum elit, eget malesuada mi justo dapibus enim. Maecenas finibus euismod nulla quis dignissim. Sed dictum ante rutrum turpis euismod laoreet. Sed placerat tellus leo. In ut lobortis lorem. Nullam vitae lectus egestas urna tincidunt aliquet. Ut sagittis vel enim eget malesuada. Cras in congue tortor. Interdum et malesuada fames ac ante ipsum primis in faucibus. Nunc tempus consequat neque, et eleifend nulla aliquam eu.",Author 149,5,oi-nhom-tuyet-inh,NXB 149,2020,112
https://cdn1.fahasa.com/media/catalog/product/8/9/8936170870667.jpg,Designer Sống Dai Không Ai Đì Nổi,225000,23,9780085479785,"Lorem ipsum dolor sit amet, consectetur adipiscing elit. Nam congue vel tellus non luctus. Vestibulum vitae nunc lorem. Sed lacinia lectus vel augue imperdiet ultricies. Donec id venenatis ex, vitae pretium ligula. Sed nulla eros, dignissim at feugiat non, posuere sit amet urna. Ut eu porttitor tellus. Cras eu massa nulla. Morbi porta fermentum elit eu iaculis. Pellentesque hendrerit venenatis purus at feugiat. Pellentesque vitae feugiat purus. Donec mattis rhoncus lacinia. Sed quam diam, molestie id laoreet eu, lacinia ac turpis. Cras tincidunt lobortis elit quis aliquam. Proin et massa libero.

Aliquam id pharetra arcu. Vivamus vitae mattis ligula. Sed efficitur urna vitae scelerisque tempor. Proin purus magna, vulputate eu ligula a, vehicula malesuada enim. Curabitur aliquet rutrum enim et tincidunt. Vestibulum ante ipsum primis in faucibus orci luctus et ultrices posuere cubilia curae; Vivamus pharetra enim leo, nec molestie nibh consectetur quis. Class aptent taciti sociosqu ad litora torquent per conubia nostra, per inceptos himenaeos. Nunc quis maximus elit, vitae pulvinar urna. Integer at mi elit. Phasellus vitae rutrum sem. Vivamus et mauris ac nisl congue congue eu eget elit. Nullam at quam velit. Pellentesque dictum, diam nec tempor aliquet, tortor justo fermentum sapien, at condimentum turpis elit vel sapien. Aenean rutrum tellus sodales tortor viverra eleifend.

Donec facilisis, diam efficitur maximus ultrices, enim lectus rutrum elit, eget malesuada mi justo dapibus enim. Maecenas finibus euismod nulla quis dignissim. Sed dictum ante rutrum turpis euismod laoreet. Sed placerat tellus leo. In ut lobortis lorem. Nullam vitae lectus egestas urna tincidunt aliquet. Ut sagittis vel enim eget malesuada. Cras in congue tortor. Interdum et malesuada fames ac ante ipsum primis in faucibus. Nunc tempus consequat neque, et eleifend nulla aliquam eu.",Author 150,20,designer-song-dai-khong-ai-i-noi,NXB 150,2001,142
https://cdn1.fahasa.com/media/catalog/product/8/9/8935069923422.jpg,Đào Tạo Nhân Sự Từ A Đến Z,72000,23,9780085479786,"Lorem ipsum dolor sit amet, consectetur adipiscing elit. Nam congue vel tellus non luctus. Vestibulum vitae nunc lorem. Sed lacinia lectus vel augue imperdiet ultricies. Donec id venenatis ex, vitae pretium ligula. Sed nulla eros, dignissim at feugiat non, posuere sit amet urna. Ut eu porttitor tellus. Cras eu massa nulla. Morbi porta fermentum elit eu iaculis. Pellentesque hendrerit venenatis purus at feugiat. Pellentesque vitae feugiat purus. Donec mattis rhoncus lacinia. Sed quam diam, molestie id laoreet eu, lacinia ac turpis. Cras tincidunt lobortis elit quis aliquam. Proin et massa libero.

Aliquam id pharetra arcu. Vivamus vitae mattis ligula. Sed efficitur urna vitae scelerisque tempor. Proin purus magna, vulputate eu ligula a, vehicula malesuada enim. Curabitur aliquet rutrum enim et tincidunt. Vestibulum ante ipsum primis in faucibus orci luctus et ultrices posuere cubilia curae; Vivamus pharetra enim leo, nec molestie nibh consectetur quis. Class aptent taciti sociosqu ad litora torquent per conubia nostra, per inceptos himenaeos. Nunc quis maximus elit, vitae pulvinar urna. Integer at mi elit. Phasellus vitae rutrum sem. Vivamus et mauris ac nisl congue congue eu eget elit. Nullam at quam velit. Pellentesque dictum, diam nec tempor aliquet, tortor justo fermentum sapien, at condimentum turpis elit vel sapien. Aenean rutrum tellus sodales tortor viverra eleifend.

Donec facilisis, diam efficitur maximus ultrices, enim lectus rutrum elit, eget malesuada mi justo dapibus enim. Maecenas finibus euismod nulla quis dignissim. Sed dictum ante rutrum turpis euismod laoreet. Sed placerat tellus leo. In ut lobortis lorem. Nullam vitae lectus egestas urna tincidunt aliquet. Ut sagittis vel enim eget malesuada. Cras in congue tortor. Interdum et malesuada fames ac ante ipsum primis in faucibus. Nunc tempus consequat neque, et eleifend nulla aliquam eu.",Author 151,19,ao-tao-nhan-su-tu-a-en-z,NXB 151,2018,182
https://cdn1.fahasa.com/media/catalog/product/8/9/8935251421002.jpg,Nghề Nhân Sự Việt - Góc Nhìn Từ Bên Trong: Hành Trình Phát Triển Cùng Con Người Và Tổ Chức,160500,23,9780085479787,"Lorem ipsum dolor sit amet, consectetur adipiscing elit. Nam congue vel tellus non luctus. Vestibulum vitae nunc lorem. Sed lacinia lectus vel augue imperdiet ultricies. Donec id venenatis ex, vitae pretium ligula. Sed nulla eros, dignissim at feugiat non, posuere sit amet urna. Ut eu porttitor tellus. Cras eu massa nulla. Morbi porta fermentum elit eu iaculis. Pellentesque hendrerit venenatis purus at feugiat. Pellentesque vitae feugiat purus. Donec mattis rhoncus lacinia. Sed quam diam, molestie id laoreet eu, lacinia ac turpis. Cras tincidunt lobortis elit quis aliquam. Proin et massa libero.

Aliquam id pharetra arcu. Vivamus vitae mattis ligula. Sed efficitur urna vitae scelerisque tempor. Proin purus magna, vulputate eu ligula a, vehicula malesuada enim. Curabitur aliquet rutrum enim et tincidunt. Vestibulum ante ipsum primis in faucibus orci luctus et ultrices posuere cubilia curae; Vivamus pharetra enim leo, nec molestie nibh consectetur quis. Class aptent taciti sociosqu ad litora torquent per conubia nostra, per inceptos himenaeos. Nunc quis maximus elit, vitae pulvinar urna. Integer at mi elit. Phasellus vitae rutrum sem. Vivamus et mauris ac nisl congue congue eu eget elit. Nullam at quam velit. Pellentesque dictum, diam nec tempor aliquet, tortor justo fermentum sapien, at condimentum turpis elit vel sapien. Aenean rutrum tellus sodales tortor viverra eleifend.

Donec facilisis, diam efficitur maximus ultrices, enim lectus rutrum elit, eget malesuada mi justo dapibus enim. Maecenas finibus euismod nulla quis dignissim. Sed dictum ante rutrum turpis euismod laoreet. Sed placerat tellus leo. In ut lobortis lorem. Nullam vitae lectus egestas urna tincidunt aliquet. Ut sagittis vel enim eget malesuada. Cras in congue tortor. Interdum et malesuada fames ac ante ipsum primis in faucibus. Nunc tempus consequat neque, et eleifend nulla aliquam eu.",Author 152,6,nghe-nhan-su-viet-goc-nhin-tu-ben-trong-hanh-trinh-phat-trien-cung-con-nguoi-va-to-chuc,NXB 152,2021,168
https://cdn1.fahasa.com/media/catalog/product/8/9/8935251421125.jpg,7 Bí Quyết Chạm Đỉnh Cao Nghề Nhân Sự,135200,23,9780085479788,"Lorem ipsum dolor sit amet, consectetur adipiscing elit. Nam congue vel tellus non luctus. Vestibulum vitae nunc lorem. Sed lacinia lectus vel augue imperdiet ultricies. Donec id venenatis ex, vitae pretium ligula. Sed nulla eros, dignissim at feugiat non, posuere sit amet urna. Ut eu porttitor tellus. Cras eu massa nulla. Morbi porta fermentum elit eu iaculis. Pellentesque hendrerit venenatis purus at feugiat. Pellentesque vitae feugiat purus. Donec mattis rhoncus lacinia. Sed quam diam, molestie id laoreet eu, lacinia ac turpis. Cras tincidunt lobortis elit quis aliquam. Proin et massa libero.

Aliquam id pharetra arcu. Vivamus vitae mattis ligula. Sed efficitur urna vitae scelerisque tempor. Proin purus magna, vulputate eu ligula a, vehicula malesuada enim. Curabitur aliquet rutrum enim et tincidunt. Vestibulum ante ipsum primis in faucibus orci luctus et ultrices posuere cubilia curae; Vivamus pharetra enim leo, nec molestie nibh consectetur quis. Class aptent taciti sociosqu ad litora torquent per conubia nostra, per inceptos himenaeos. Nunc quis maximus elit, vitae pulvinar urna. Integer at mi elit. Phasellus vitae rutrum sem. Vivamus et mauris ac nisl congue congue eu eget elit. Nullam at quam velit. Pellentesque dictum, diam nec tempor aliquet, tortor justo fermentum sapien, at condimentum turpis elit vel sapien. Aenean rutrum tellus sodales tortor viverra eleifend.

Donec facilisis, diam efficitur maximus ultrices, enim lectus rutrum elit, eget malesuada mi justo dapibus enim. Maecenas finibus euismod nulla quis dignissim. Sed dictum ante rutrum turpis euismod laoreet. Sed placerat tellus leo. In ut lobortis lorem. Nullam vitae lectus egestas urna tincidunt aliquet. Ut sagittis vel enim eget malesuada. Cras in congue tortor. Interdum et malesuada fames ac ante ipsum primis in faucibus. Nunc tempus consequat neque, et eleifend nulla aliquam eu.",Author 153,19,7-bi-quyet-cham-inh-cao-nghe-nhan-su,NXB 153,2012,62
https://cdn1.fahasa.com/media/catalog/product/8/9/8935074133090.jpg,Lập Bản Đồ Định Hướng Tương Lai,108500,23,9780085479789,"Lorem ipsum dolor sit amet, consectetur adipiscing elit. Nam congue vel tellus non luctus. Vestibulum vitae nunc lorem. Sed lacinia lectus vel augue imperdiet ultricies. Donec id venenatis ex, vitae pretium ligula. Sed nulla eros, dignissim at feugiat non, posuere sit amet urna. Ut eu porttitor tellus. Cras eu massa nulla. Morbi porta fermentum elit eu iaculis. Pellentesque hendrerit venenatis purus at feugiat. Pellentesque vitae feugiat purus. Donec mattis rhoncus lacinia. Sed quam diam, molestie id laoreet eu, lacinia ac turpis. Cras tincidunt lobortis elit quis aliquam. Proin et massa libero.

Aliquam id pharetra arcu. Vivamus vitae mattis ligula. Sed efficitur urna vitae scelerisque tempor. Proin purus magna, vulputate eu ligula a, vehicula malesuada enim. Curabitur aliquet rutrum enim et tincidunt. Vestibulum ante ipsum primis in faucibus orci luctus et ultrices posuere cubilia curae; Vivamus pharetra enim leo, nec molestie nibh consectetur quis. Class aptent taciti sociosqu ad litora torquent per conubia nostra, per inceptos himenaeos. Nunc quis maximus elit, vitae pulvinar urna. Integer at mi elit. Phasellus vitae rutrum sem. Vivamus et mauris ac nisl congue congue eu eget elit. Nullam at quam velit. Pellentesque dictum, diam nec tempor aliquet, tortor justo fermentum sapien, at condimentum turpis elit vel sapien. Aenean rutrum tellus sodales tortor viverra eleifend.

Donec facilisis, diam efficitur maximus ultrices, enim lectus rutrum elit, eget malesuada mi justo dapibus enim. Maecenas finibus euismod nulla quis dignissim. Sed dictum ante rutrum turpis euismod laoreet. Sed placerat tellus leo. In ut lobortis lorem. Nullam vitae lectus egestas urna tincidunt aliquet. Ut sagittis vel enim eget malesuada. Cras in congue tortor. Interdum et malesuada fames ac ante ipsum primis in faucibus. Nunc tempus consequat neque, et eleifend nulla aliquam eu.",Author 154,7,lap-ban-o-inh-huong-tuong-lai,NXB 154,2020,162
https://cdn1.fahasa.com/media/catalog/product/8/9/8936067609592.jpg,Khả Năng Được Tuyển Dụng - 7 Phẩm Chất Đảm Bảo Tương Lai Việc Làm Của Bạn,77000,23,9780085479790,"Lorem ipsum dolor sit amet, consectetur adipiscing elit. Nam congue vel tellus non luctus. Vestibulum vitae nunc lorem. Sed lacinia lectus vel augue imperdiet ultricies. Donec id venenatis ex, vitae pretium ligula. Sed nulla eros, dignissim at feugiat non, posuere sit amet urna. Ut eu porttitor tellus. Cras eu massa nulla. Morbi porta fermentum elit eu iaculis. Pellentesque hendrerit venenatis purus at feugiat. Pellentesque vitae feugiat purus. Donec mattis rhoncus lacinia. Sed quam diam, molestie id laoreet eu, lacinia ac turpis. Cras tincidunt lobortis elit quis aliquam. Proin et massa libero.

Aliquam id pharetra arcu. Vivamus vitae mattis ligula. Sed efficitur urna vitae scelerisque tempor. Proin purus magna, vulputate eu ligula a, vehicula malesuada enim. Curabitur aliquet rutrum enim et tincidunt. Vestibulum ante ipsum primis in faucibus orci luctus et ultrices posuere cubilia curae; Vivamus pharetra enim leo, nec molestie nibh consectetur quis. Class aptent taciti sociosqu ad litora torquent per conubia nostra, per inceptos himenaeos. Nunc quis maximus elit, vitae pulvinar urna. Integer at mi elit. Phasellus vitae rutrum sem. Vivamus et mauris ac nisl congue congue eu eget elit. Nullam at quam velit. Pellentesque dictum, diam nec tempor aliquet, tortor justo fermentum sapien, at condimentum turpis elit vel sapien. Aenean rutrum tellus sodales tortor viverra eleifend.

Donec facilisis, diam efficitur maximus ultrices, enim lectus rutrum elit, eget malesuada mi justo dapibus enim. Maecenas finibus euismod nulla quis dignissim. Sed dictum ante rutrum turpis euismod laoreet. Sed placerat tellus leo. In ut lobortis lorem. Nullam vitae lectus egestas urna tincidunt aliquet. Ut sagittis vel enim eget malesuada. Cras in congue tortor. Interdum et malesuada fames ac ante ipsum primis in faucibus. Nunc tempus consequat neque, et eleifend nulla aliquam eu.",Author 155,8,kha-nang-uoc-tuyen-dung-7-pham-chat-am-bao-tuong-lai-viec-lam-cua-ban,NXB 155,2020,255
https://cdn1.fahasa.com/media/catalog/product/8/9/8936067609639.jpg,Tư Duy Nghề Phụ,84000,23,9780085479791,"Lorem ipsum dolor sit amet, consectetur adipiscing elit. Nam congue vel tellus non luctus. Vestibulum vitae nunc lorem. Sed lacinia lectus vel augue imperdiet ultricies. Donec id venenatis ex, vitae pretium ligula. Sed nulla eros, dignissim at feugiat non, posuere sit amet urna. Ut eu porttitor tellus. Cras eu massa nulla. Morbi porta fermentum elit eu iaculis. Pellentesque hendrerit venenatis purus at feugiat. Pellentesque vitae feugiat purus. Donec mattis rhoncus lacinia. Sed quam diam, molestie id laoreet eu, lacinia ac turpis. Cras tincidunt lobortis elit quis aliquam. Proin et massa libero.

Aliquam id pharetra arcu. Vivamus vitae mattis ligula. Sed efficitur urna vitae scelerisque tempor. Proin purus magna, vulputate eu ligula a, vehicula malesuada enim. Curabitur aliquet rutrum enim et tincidunt. Vestibulum ante ipsum primis in faucibus orci luctus et ultrices posuere cubilia curae; Vivamus pharetra enim leo, nec molestie nibh consectetur quis. Class aptent taciti sociosqu ad litora torquent per conubia nostra, per inceptos himenaeos. Nunc quis maximus elit, vitae pulvinar urna. Integer at mi elit. Phasellus vitae rutrum sem. Vivamus et mauris ac nisl congue congue eu eget elit. Nullam at quam velit. Pellentesque dictum, diam nec tempor aliquet, tortor justo fermentum sapien, at condimentum turpis elit vel sapien. Aenean rutrum tellus sodales tortor viverra eleifend.

Donec facilisis, diam efficitur maximus ultrices, enim lectus rutrum elit, eget malesuada mi justo dapibus enim. Maecenas finibus euismod nulla quis dignissim. Sed dictum ante rutrum turpis euismod laoreet. Sed placerat tellus leo. In ut lobortis lorem. Nullam vitae lectus egestas urna tincidunt aliquet. Ut sagittis vel enim eget malesuada. Cras in congue tortor. Interdum et malesuada fames ac ante ipsum primis in faucibus. Nunc tempus consequat neque, et eleifend nulla aliquam eu.",Author 156,11,tu-duy-nghe-phu,NXB 156,2015,285
https://cdn1.fahasa.com/media/catalog/product/n/h/nh_n-s_-th_c-chi_n---b_a-1.jpg,Nhân Sự Thực Chiến,119000,23,9780085479792,"Lorem ipsum dolor sit amet, consectetur adipiscing elit. Nam congue vel tellus non luctus. Vestibulum vitae nunc lorem. Sed lacinia lectus vel augue imperdiet ultricies. Donec id venenatis ex, vitae pretium ligula. Sed nulla eros, dignissim at feugiat non, posuere sit amet urna. Ut eu porttitor tellus. Cras eu massa nulla. Morbi porta fermentum elit eu iaculis. Pellentesque hendrerit venenatis purus at feugiat. Pellentesque vitae feugiat purus. Donec mattis rhoncus lacinia. Sed quam diam, molestie id laoreet eu, lacinia ac turpis. Cras tincidunt lobortis elit quis aliquam. Proin et massa libero.

Aliquam id pharetra arcu. Vivamus vitae mattis ligula. Sed efficitur urna vitae scelerisque tempor. Proin purus magna, vulputate eu ligula a, vehicula malesuada enim. Curabitur aliquet rutrum enim et tincidunt. Vestibulum ante ipsum primis in faucibus orci luctus et ultrices posuere cubilia curae; Vivamus pharetra enim leo, nec molestie nibh consectetur quis. Class aptent taciti sociosqu ad litora torquent per conubia nostra, per inceptos himenaeos. Nunc quis maximus elit, vitae pulvinar urna. Integer at mi elit. Phasellus vitae rutrum sem. Vivamus et mauris ac nisl congue congue eu eget elit. Nullam at quam velit. Pellentesque dictum, diam nec tempor aliquet, tortor justo fermentum sapien, at condimentum turpis elit vel sapien. Aenean rutrum tellus sodales tortor viverra eleifend.

Donec facilisis, diam efficitur maximus ultrices, enim lectus rutrum elit, eget malesuada mi justo dapibus enim. Maecenas finibus euismod nulla quis dignissim. Sed dictum ante rutrum turpis euismod laoreet. Sed placerat tellus leo. In ut lobortis lorem. Nullam vitae lectus egestas urna tincidunt aliquet. Ut sagittis vel enim eget malesuada. Cras in congue tortor. Interdum et malesuada fames ac ante ipsum primis in faucibus. Nunc tempus consequat neque, et eleifend nulla aliquam eu.",Author 157,20,nhan-su-thuc-chien,NXB 157,2006,251
https://cdn1.fahasa.com/media/catalog/product/h/o/hoc-tap-suot-doi--bia-1.jpg,Life Long Learning - Học Tập Suốt Đời - Sẵn Sàng Cho Những Công Việc Còn Chưa Ra Đời,135000,23,9780085479793,"Lorem ipsum dolor sit amet, consectetur adipiscing elit. Nam congue vel tellus non luctus. Vestibulum vitae nunc lorem. Sed lacinia lectus vel augue imperdiet ultricies. Donec id venenatis ex, vitae pretium ligula. Sed nulla eros, dignissim at feugiat non, posuere sit amet urna. Ut eu porttitor tellus. Cras eu massa nulla. Morbi porta fermentum elit eu iaculis. Pellentesque hendrerit venenatis purus at feugiat. Pellentesque vitae feugiat purus. Donec mattis rhoncus lacinia. Sed quam diam, molestie id laoreet eu, lacinia ac turpis. Cras tincidunt lobortis elit quis aliquam. Proin et massa libero.

Aliquam id pharetra arcu. Vivamus vitae mattis ligula. Sed efficitur urna vitae scelerisque tempor. Proin purus magna, vulputate eu ligula a, vehicula malesuada enim. Curabitur aliquet rutrum enim et tincidunt. Vestibulum ante ipsum primis in faucibus orci luctus et ultrices posuere cubilia curae; Vivamus pharetra enim leo, nec molestie nibh consectetur quis. Class aptent taciti sociosqu ad litora torquent per conubia nostra, per inceptos himenaeos. Nunc quis maximus elit, vitae pulvinar urna. Integer at mi elit. Phasellus vitae rutrum sem. Vivamus et mauris ac nisl congue congue eu eget elit. Nullam at quam velit. Pellentesque dictum, diam nec tempor aliquet, tortor justo fermentum sapien, at condimentum turpis elit vel sapien. Aenean rutrum tellus sodales tortor viverra eleifend.

Donec facilisis, diam efficitur maximus ultrices, enim lectus rutrum elit, eget malesuada mi justo dapibus enim. Maecenas finibus euismod nulla quis dignissim. Sed dictum ante rutrum turpis euismod laoreet. Sed placerat tellus leo. In ut lobortis lorem. Nullam vitae lectus egestas urna tincidunt aliquet. Ut sagittis vel enim eget malesuada. Cras in congue tortor. Interdum et malesuada fames ac ante ipsum primis in faucibus. Nunc tempus consequat neque, et eleifend nulla aliquam eu.",Author 158,16,life-long-learning-hoc-tap-suot-oi-san-sang-cho-nhung-cong-viec-con-chua-ra-oi,NXB 158,2023,112
https://cdn1.fahasa.com/media/catalog/product/9/7/9786043922172.jpg,Tìm Việc Đúng Cách Không Cần Luồn Lách,149000,23,9780085479794,"Lorem ipsum dolor sit amet, consectetur adipiscing elit. Nam congue vel tellus non luctus. Vestibulum vitae nunc lorem. Sed lacinia lectus vel augue imperdiet ultricies. Donec id venenatis ex, vitae pretium ligula. Sed nulla eros, dignissim at feugiat non, posuere sit amet urna. Ut eu porttitor tellus. Cras eu massa nulla. Morbi porta fermentum elit eu iaculis. Pellentesque hendrerit venenatis purus at feugiat. Pellentesque vitae feugiat purus. Donec mattis rhoncus lacinia. Sed quam diam, molestie id laoreet eu, lacinia ac turpis. Cras tincidunt lobortis elit quis aliquam. Proin et massa libero.

Aliquam id pharetra arcu. Vivamus vitae mattis ligula. Sed efficitur urna vitae scelerisque tempor. Proin purus magna, vulputate eu ligula a, vehicula malesuada enim. Curabitur aliquet rutrum enim et tincidunt. Vestibulum ante ipsum primis in faucibus orci luctus et ultrices posuere cubilia curae; Vivamus pharetra enim leo, nec molestie nibh consectetur quis. Class aptent taciti sociosqu ad litora torquent per conubia nostra, per inceptos himenaeos. Nunc quis maximus elit, vitae pulvinar urna. Integer at mi elit. Phasellus vitae rutrum sem. Vivamus et mauris ac nisl congue congue eu eget elit. Nullam at quam velit. Pellentesque dictum, diam nec tempor aliquet, tortor justo fermentum sapien, at condimentum turpis elit vel sapien. Aenean rutrum tellus sodales tortor viverra eleifend.

Donec facilisis, diam efficitur maximus ultrices, enim lectus rutrum elit, eget malesuada mi justo dapibus enim. Maecenas finibus euismod nulla quis dignissim. Sed dictum ante rutrum turpis euismod laoreet. Sed placerat tellus leo. In ut lobortis lorem. Nullam vitae lectus egestas urna tincidunt aliquet. Ut sagittis vel enim eget malesuada. Cras in congue tortor. Interdum et malesuada fames ac ante ipsum primis in faucibus. Nunc tempus consequat neque, et eleifend nulla aliquam eu.",Author 159,8,tim-viec-ung-cach-khong-can-luon-lach,NXB 159,2020,214
https://cdn1.fahasa.com/media/catalog/product/8/9/8935246944868.jpg,100X Business Workforce - Đội Ngũ Nhân Sự 10X Xây Dựng Doanh Nghiệp 100X,183500,23,9780085479795,"Lorem ipsum dolor sit amet, consectetur adipiscing elit. Nam congue vel tellus non luctus. Vestibulum vitae nunc lorem. Sed lacinia lectus vel augue imperdiet ultricies. Donec id venenatis ex, vitae pretium ligula. Sed nulla eros, dignissim at feugiat non, posuere sit amet urna. Ut eu porttitor tellus. Cras eu massa nulla. Morbi porta fermentum elit eu iaculis. Pellentesque hendrerit venenatis purus at feugiat. Pellentesque vitae feugiat purus. Donec mattis rhoncus lacinia. Sed quam diam, molestie id laoreet eu, lacinia ac turpis. Cras tincidunt lobortis elit quis aliquam. Proin et massa libero.

Aliquam id pharetra arcu. Vivamus vitae mattis ligula. Sed efficitur urna vitae scelerisque tempor. Proin purus magna, vulputate eu ligula a, vehicula malesuada enim. Curabitur aliquet rutrum enim et tincidunt. Vestibulum ante ipsum primis in faucibus orci luctus et ultrices posuere cubilia curae; Vivamus pharetra enim leo, nec molestie nibh consectetur quis. Class aptent taciti sociosqu ad litora torquent per conubia nostra, per inceptos himenaeos. Nunc quis maximus elit, vitae pulvinar urna. Integer at mi elit. Phasellus vitae rutrum sem. Vivamus et mauris ac nisl congue congue eu eget elit. Nullam at quam velit. Pellentesque dictum, diam nec tempor aliquet, tortor justo fermentum sapien, at condimentum turpis elit vel sapien. Aenean rutrum tellus sodales tortor viverra eleifend.

Donec facilisis, diam efficitur maximus ultrices, enim lectus rutrum elit, eget malesuada mi justo dapibus enim. Maecenas finibus euismod nulla quis dignissim. Sed dictum ante rutrum turpis euismod laoreet. Sed placerat tellus leo. In ut lobortis lorem. Nullam vitae lectus egestas urna tincidunt aliquet. Ut sagittis vel enim eget malesuada. Cras in congue tortor. Interdum et malesuada fames ac ante ipsum primis in faucibus. Nunc tempus consequat neque, et eleifend nulla aliquam eu.",Author 160,16,100x-business-workforce-oi-ngu-nhan-su-10x-xay-dung-doanh-nghiep-100x,NXB 160,2021,87
https://cdn1.fahasa.com/media/catalog/product/9/7/9786044092416.jpg,Hiểu Để Chọn - Cùng Thế Hệ Trẻ Khám Phá Nghề Du Lịch,165500,23,9780085479796,"Lorem ipsum dolor sit amet, consectetur adipiscing elit. Nam congue vel tellus non luctus. Vestibulum vitae nunc lorem. Sed lacinia lectus vel augue imperdiet ultricies. Donec id venenatis ex, vitae pretium ligula. Sed nulla eros, dignissim at feugiat non, posuere sit amet urna. Ut eu porttitor tellus. Cras eu massa nulla. Morbi porta fermentum elit eu iaculis. Pellentesque hendrerit venenatis purus at feugiat. Pellentesque vitae feugiat purus. Donec mattis rhoncus lacinia. Sed quam diam, molestie id laoreet eu, lacinia ac turpis. Cras tincidunt lobortis elit quis aliquam. Proin et massa libero.

Aliquam id pharetra arcu. Vivamus vitae mattis ligula. Sed efficitur urna vitae scelerisque tempor. Proin purus magna, vulputate eu ligula a, vehicula malesuada enim. Curabitur aliquet rutrum enim et tincidunt. Vestibulum ante ipsum primis in faucibus orci luctus et ultrices posuere cubilia curae; Vivamus pharetra enim leo, nec molestie nibh consectetur quis. Class aptent taciti sociosqu ad litora torquent per conubia nostra, per inceptos himenaeos. Nunc quis maximus elit, vitae pulvinar urna. Integer at mi elit. Phasellus vitae rutrum sem. Vivamus et mauris ac nisl congue congue eu eget elit. Nullam at quam velit. Pellentesque dictum, diam nec tempor aliquet, tortor justo fermentum sapien, at condimentum turpis elit vel sapien. Aenean rutrum tellus sodales tortor viverra eleifend.

Donec facilisis, diam efficitur maximus ultrices, enim lectus rutrum elit, eget malesuada mi justo dapibus enim. Maecenas finibus euismod nulla quis dignissim. Sed dictum ante rutrum turpis euismod laoreet. Sed placerat tellus leo. In ut lobortis lorem. Nullam vitae lectus egestas urna tincidunt aliquet. Ut sagittis vel enim eget malesuada. Cras in congue tortor. Interdum et malesuada fames ac ante ipsum primis in faucibus. Nunc tempus consequat neque, et eleifend nulla aliquam eu.",Author 161,10,hieu-e-chon-cung-the-he-tre-kham-pha-nghe-du-lich,NXB 161,2021,278
https://cdn1.fahasa.com/media/catalog/product/o/j/ojt-02.jpg,OJT - Công Cụ Phát Triển Nguồn Nhân Lực Kế Thừa (Tái Bản 2025),94000,23,9780085479797,"Lorem ipsum dolor sit amet, consectetur adipiscing elit. Nam congue vel tellus non luctus. Vestibulum vitae nunc lorem. Sed lacinia lectus vel augue imperdiet ultricies. Donec id venenatis ex, vitae pretium ligula. Sed nulla eros, dignissim at feugiat non, posuere sit amet urna. Ut eu porttitor tellus. Cras eu massa nulla. Morbi porta fermentum elit eu iaculis. Pellentesque hendrerit venenatis purus at feugiat. Pellentesque vitae feugiat purus. Donec mattis rhoncus lacinia. Sed quam diam, molestie id laoreet eu, lacinia ac turpis. Cras tincidunt lobortis elit quis aliquam. Proin et massa libero.

Aliquam id pharetra arcu. Vivamus vitae mattis ligula. Sed efficitur urna vitae scelerisque tempor. Proin purus magna, vulputate eu ligula a, vehicula malesuada enim. Curabitur aliquet rutrum enim et tincidunt. Vestibulum ante ipsum primis in faucibus orci luctus et ultrices posuere cubilia curae; Vivamus pharetra enim leo, nec molestie nibh consectetur quis. Class aptent taciti sociosqu ad litora torquent per conubia nostra, per inceptos himenaeos. Nunc quis maximus elit, vitae pulvinar urna. Integer at mi elit. Phasellus vitae rutrum sem. Vivamus et mauris ac nisl congue congue eu eget elit. Nullam at quam velit. Pellentesque dictum, diam nec tempor aliquet, tortor justo fermentum sapien, at condimentum turpis elit vel sapien. Aenean rutrum tellus sodales tortor viverra eleifend.

Donec facilisis, diam efficitur maximus ultrices, enim lectus rutrum elit, eget malesuada mi justo dapibus enim. Maecenas finibus euismod nulla quis dignissim. Sed dictum ante rutrum turpis euismod laoreet. Sed placerat tellus leo. In ut lobortis lorem. Nullam vitae lectus egestas urna tincidunt aliquet. Ut sagittis vel enim eget malesuada. Cras in congue tortor. Interdum et malesuada fames ac ante ipsum primis in faucibus. Nunc tempus consequat neque, et eleifend nulla aliquam eu.",Author 162,18,ojt-cong-cu-phat-trien-nguon-nhan-luc-ke-thua-tai-ban-2025,NXB 162,2003,221
https://cdn1.fahasa.com/media/catalog/product/i/m/image_62507.jpg,Chuyện Thực Tập - Từ Giảng Đường Đến Văn Phòng,49640,23,9780085479798,"Lorem ipsum dolor sit amet, consectetur adipiscing elit. Nam congue vel tellus non luctus. Vestibulum vitae nunc lorem. Sed lacinia lectus vel augue imperdiet ultricies. Donec id venenatis ex, vitae pretium ligula. Sed nulla eros, dignissim at feugiat non, posuere sit amet urna. Ut eu porttitor tellus. Cras eu massa nulla. Morbi porta fermentum elit eu iaculis. Pellentesque hendrerit venenatis purus at feugiat. Pellentesque vitae feugiat purus. Donec mattis rhoncus lacinia. Sed quam diam, molestie id laoreet eu, lacinia ac turpis. Cras tincidunt lobortis elit quis aliquam. Proin et massa libero.

Aliquam id pharetra arcu. Vivamus vitae mattis ligula. Sed efficitur urna vitae scelerisque tempor. Proin purus magna, vulputate eu ligula a, vehicula malesuada enim. Curabitur aliquet rutrum enim et tincidunt. Vestibulum ante ipsum primis in faucibus orci luctus et ultrices posuere cubilia curae; Vivamus pharetra enim leo, nec molestie nibh consectetur quis. Class aptent taciti sociosqu ad litora torquent per conubia nostra, per inceptos himenaeos. Nunc quis maximus elit, vitae pulvinar urna. Integer at mi elit. Phasellus vitae rutrum sem. Vivamus et mauris ac nisl congue congue eu eget elit. Nullam at quam velit. Pellentesque dictum, diam nec tempor aliquet, tortor justo fermentum sapien, at condimentum turpis elit vel sapien. Aenean rutrum tellus sodales tortor viverra eleifend.

Donec facilisis, diam efficitur maximus ultrices, enim lectus rutrum elit, eget malesuada mi justo dapibus enim. Maecenas finibus euismod nulla quis dignissim. Sed dictum ante rutrum turpis euismod laoreet. Sed placerat tellus leo. In ut lobortis lorem. Nullam vitae lectus egestas urna tincidunt aliquet. Ut sagittis vel enim eget malesuada. Cras in congue tortor. Interdum et malesuada fames ac ante ipsum primis in faucibus. Nunc tempus consequat neque, et eleifend nulla aliquam eu.",Author 163,20,chuyen-thuc-tap-tu-giang-uong-en-van-phong,NXB 163,2015,81
https://cdn1.fahasa.com/media/catalog/product/i/m/image_131398.jpg,30 Lý Do Bạn Không Được Tuyển Dụng,55000,23,9780085479799,"Lorem ipsum dolor sit amet, consectetur adipiscing elit. Nam congue vel tellus non luctus. Vestibulum vitae nunc lorem. Sed lacinia lectus vel augue imperdiet ultricies. Donec id venenatis ex, vitae pretium ligula. Sed nulla eros, dignissim at feugiat non, posuere sit amet urna. Ut eu porttitor tellus. Cras eu massa nulla. Morbi porta fermentum elit eu iaculis. Pellentesque hendrerit venenatis purus at feugiat. Pellentesque vitae feugiat purus. Donec mattis rhoncus lacinia. Sed quam diam, molestie id laoreet eu, lacinia ac turpis. Cras tincidunt lobortis elit quis aliquam. Proin et massa libero.

Aliquam id pharetra arcu. Vivamus vitae mattis ligula. Sed efficitur urna vitae scelerisque tempor. Proin purus magna, vulputate eu ligula a, vehicula malesuada enim. Curabitur aliquet rutrum enim et tincidunt. Vestibulum ante ipsum primis in faucibus orci luctus et ultrices posuere cubilia curae; Vivamus pharetra enim leo, nec molestie nibh consectetur quis. Class aptent taciti sociosqu ad litora torquent per conubia nostra, per inceptos himenaeos. Nunc quis maximus elit, vitae pulvinar urna. Integer at mi elit. Phasellus vitae rutrum sem. Vivamus et mauris ac nisl congue congue eu eget elit. Nullam at quam velit. Pellentesque dictum, diam nec tempor aliquet, tortor justo fermentum sapien, at condimentum turpis elit vel sapien. Aenean rutrum tellus sodales tortor viverra eleifend.

Donec facilisis, diam efficitur maximus ultrices, enim lectus rutrum elit, eget malesuada mi justo dapibus enim. Maecenas finibus euismod nulla quis dignissim. Sed dictum ante rutrum turpis euismod laoreet. Sed placerat tellus leo. In ut lobortis lorem. Nullam vitae lectus egestas urna tincidunt aliquet. Ut sagittis vel enim eget malesuada. Cras in congue tortor. Interdum et malesuada fames ac ante ipsum primis in faucibus. Nunc tempus consequat neque, et eleifend nulla aliquam eu.",Author 164,3,30-ly-do-ban-khong-uoc-tuyen-dung,NXB 164,2017,270
https://cdn1.fahasa.com/media/catalog/product/i/m/image_195509_1_7600.jpg,Inbound PR,78840,23,9780085479800,"Lorem ipsum dolor sit amet, consectetur adipiscing elit. Nam congue vel tellus non luctus. Vestibulum vitae nunc lorem. Sed lacinia lectus vel augue imperdiet ultricies. Donec id venenatis ex, vitae pretium ligula. Sed nulla eros, dignissim at feugiat non, posuere sit amet urna. Ut eu porttitor tellus. Cras eu massa nulla. Morbi porta fermentum elit eu iaculis. Pellentesque hendrerit venenatis purus at feugiat. Pellentesque vitae feugiat purus. Donec mattis rhoncus lacinia. Sed quam diam, molestie id laoreet eu, lacinia ac turpis. Cras tincidunt lobortis elit quis aliquam. Proin et massa libero.

Aliquam id pharetra arcu. Vivamus vitae mattis ligula. Sed efficitur urna vitae scelerisque tempor. Proin purus magna, vulputate eu ligula a, vehicula malesuada enim. Curabitur aliquet rutrum enim et tincidunt. Vestibulum ante ipsum primis in faucibus orci luctus et ultrices posuere cubilia curae; Vivamus pharetra enim leo, nec molestie nibh consectetur quis. Class aptent taciti sociosqu ad litora torquent per conubia nostra, per inceptos himenaeos. Nunc quis maximus elit, vitae pulvinar urna. Integer at mi elit. Phasellus vitae rutrum sem. Vivamus et mauris ac nisl congue congue eu eget elit. Nullam at quam velit. Pellentesque dictum, diam nec tempor aliquet, tortor justo fermentum sapien, at condimentum turpis elit vel sapien. Aenean rutrum tellus sodales tortor viverra eleifend.

Donec facilisis, diam efficitur maximus ultrices, enim lectus rutrum elit, eget malesuada mi justo dapibus enim. Maecenas finibus euismod nulla quis dignissim. Sed dictum ante rutrum turpis euismod laoreet. Sed placerat tellus leo. In ut lobortis lorem. Nullam vitae lectus egestas urna tincidunt aliquet. Ut sagittis vel enim eget malesuada. Cras in congue tortor. Interdum et malesuada fames ac ante ipsum primis in faucibus. Nunc tempus consequat neque, et eleifend nulla aliquam eu.",Author 165,16,inbound-pr,NXB 165,2018,147
https://cdn1.fahasa.com/media/catalog/product/i/m/image_195509_1_18957.jpg,Tinh Anh Công Sở 4.0,78400,23,9780085479801,"Lorem ipsum dolor sit amet, consectetur adipiscing elit. Nam congue vel tellus non luctus. Vestibulum vitae nunc lorem. Sed lacinia lectus vel augue imperdiet ultricies. Donec id venenatis ex, vitae pretium ligula. Sed nulla eros, dignissim at feugiat non, posuere sit amet urna. Ut eu porttitor tellus. Cras eu massa nulla. Morbi porta fermentum elit eu iaculis. Pellentesque hendrerit venenatis purus at feugiat. Pellentesque vitae feugiat purus. Donec mattis rhoncus lacinia. Sed quam diam, molestie id laoreet eu, lacinia ac turpis. Cras tincidunt lobortis elit quis aliquam. Proin et massa libero.

Aliquam id pharetra arcu. Vivamus vitae mattis ligula. Sed efficitur urna vitae scelerisque tempor. Proin purus magna, vulputate eu ligula a, vehicula malesuada enim. Curabitur aliquet rutrum enim et tincidunt. Vestibulum ante ipsum primis in faucibus orci luctus et ultrices posuere cubilia curae; Vivamus pharetra enim leo, nec molestie nibh consectetur quis. Class aptent taciti sociosqu ad litora torquent per conubia nostra, per inceptos himenaeos. Nunc quis maximus elit, vitae pulvinar urna. Integer at mi elit. Phasellus vitae rutrum sem. Vivamus et mauris ac nisl congue congue eu eget elit. Nullam at quam velit. Pellentesque dictum, diam nec tempor aliquet, tortor justo fermentum sapien, at condimentum turpis elit vel sapien. Aenean rutrum tellus sodales tortor viverra eleifend.

Donec facilisis, diam efficitur maximus ultrices, enim lectus rutrum elit, eget malesuada mi justo dapibus enim. Maecenas finibus euismod nulla quis dignissim. Sed dictum ante rutrum turpis euismod laoreet. Sed placerat tellus leo. In ut lobortis lorem. Nullam vitae lectus egestas urna tincidunt aliquet. Ut sagittis vel enim eget malesuada. Cras in congue tortor. Interdum et malesuada fames ac ante ipsum primis in faucibus. Nunc tempus consequat neque, et eleifend nulla aliquam eu.",Author 166,14,tinh-anh-cong-so-4-0,NXB 166,2003,281
https://cdn1.fahasa.com/media/catalog/product/8/9/8935086854464b.jpg,Bí Quyết Tuyển Dụng & Đãi Ngộ Người Tài (Tái Bản),49640,23,9780085479802,"Lorem ipsum dolor sit amet, consectetur adipiscing elit. Nam congue vel tellus non luctus. Vestibulum vitae nunc lorem. Sed lacinia lectus vel augue imperdiet ultricies. Donec id venenatis ex, vitae pretium ligula. Sed nulla eros, dignissim at feugiat non, posuere sit amet urna. Ut eu porttitor tellus. Cras eu massa nulla. Morbi porta fermentum elit eu iaculis. Pellentesque hendrerit venenatis purus at feugiat. Pellentesque vitae feugiat purus. Donec mattis rhoncus lacinia. Sed quam diam, molestie id laoreet eu, lacinia ac turpis. Cras tincidunt lobortis elit quis aliquam. Proin et massa libero.

Aliquam id pharetra arcu. Vivamus vitae mattis ligula. Sed efficitur urna vitae scelerisque tempor. Proin purus magna, vulputate eu ligula a, vehicula malesuada enim. Curabitur aliquet rutrum enim et tincidunt. Vestibulum ante ipsum primis in faucibus orci luctus et ultrices posuere cubilia curae; Vivamus pharetra enim leo, nec molestie nibh consectetur quis. Class aptent taciti sociosqu ad litora torquent per conubia nostra, per inceptos himenaeos. Nunc quis maximus elit, vitae pulvinar urna. Integer at mi elit. Phasellus vitae rutrum sem. Vivamus et mauris ac nisl congue congue eu eget elit. Nullam at quam velit. Pellentesque dictum, diam nec tempor aliquet, tortor justo fermentum sapien, at condimentum turpis elit vel sapien. Aenean rutrum tellus sodales tortor viverra eleifend.

Donec facilisis, diam efficitur maximus ultrices, enim lectus rutrum elit, eget malesuada mi justo dapibus enim. Maecenas finibus euismod nulla quis dignissim. Sed dictum ante rutrum turpis euismod laoreet. Sed placerat tellus leo. In ut lobortis lorem. Nullam vitae lectus egestas urna tincidunt aliquet. Ut sagittis vel enim eget malesuada. Cras in congue tortor. Interdum et malesuada fames ac ante ipsum primis in faucibus. Nunc tempus consequat neque, et eleifend nulla aliquam eu.",Author 167,19,bi-quyet-tuyen-dung-ai-ngo-nguoi-tai-tai-ban,NXB 167,2020,275
https://cdn1.fahasa.com/media/catalog/product/8/9/8935246933879.jpg,OJT - Công Cụ Phát Triển Nguồn Nhân Lực Kế Thừa,73500,23,9780085479803,"Lorem ipsum dolor sit amet, consectetur adipiscing elit. Nam congue vel tellus non luctus. Vestibulum vitae nunc lorem. Sed lacinia lectus vel augue imperdiet ultricies. Donec id venenatis ex, vitae pretium ligula. Sed nulla eros, dignissim at feugiat non, posuere sit amet urna. Ut eu porttitor tellus. Cras eu massa nulla. Morbi porta fermentum elit eu iaculis. Pellentesque hendrerit venenatis purus at feugiat. Pellentesque vitae feugiat purus. Donec mattis rhoncus lacinia. Sed quam diam, molestie id laoreet eu, lacinia ac turpis. Cras tincidunt lobortis elit quis aliquam. Proin et massa libero.

Aliquam id pharetra arcu. Vivamus vitae mattis ligula. Sed efficitur urna vitae scelerisque tempor. Proin purus magna, vulputate eu ligula a, vehicula malesuada enim. Curabitur aliquet rutrum enim et tincidunt. Vestibulum ante ipsum primis in faucibus orci luctus et ultrices posuere cubilia curae; Vivamus pharetra enim leo, nec molestie nibh consectetur quis. Class aptent taciti sociosqu ad litora torquent per conubia nostra, per inceptos himenaeos. Nunc quis maximus elit, vitae pulvinar urna. Integer at mi elit. Phasellus vitae rutrum sem. Vivamus et mauris ac nisl congue congue eu eget elit. Nullam at quam velit. Pellentesque dictum, diam nec tempor aliquet, tortor justo fermentum sapien, at condimentum turpis elit vel sapien. Aenean rutrum tellus sodales tortor viverra eleifend.

Donec facilisis, diam efficitur maximus ultrices, enim lectus rutrum elit, eget malesuada mi justo dapibus enim. Maecenas finibus euismod nulla quis dignissim. Sed dictum ante rutrum turpis euismod laoreet. Sed placerat tellus leo. In ut lobortis lorem. Nullam vitae lectus egestas urna tincidunt aliquet. Ut sagittis vel enim eget malesuada. Cras in congue tortor. Interdum et malesuada fames ac ante ipsum primis in faucibus. Nunc tempus consequat neque, et eleifend nulla aliquam eu.",Author 168,7,ojt-cong-cu-phat-trien-nguon-nhan-luc-ke-thua,NXB 168,2021,258
https://cdn1.fahasa.com/media/catalog/product/8/9/8935251418637.jpg,Quản Trị Nhân Sự Đúng - The Big Book Of HR,237000,23,9780085479804,"Lorem ipsum dolor sit amet, consectetur adipiscing elit. Nam congue vel tellus non luctus. Vestibulum vitae nunc lorem. Sed lacinia lectus vel augue imperdiet ultricies. Donec id venenatis ex, vitae pretium ligula. Sed nulla eros, dignissim at feugiat non, posuere sit amet urna. Ut eu porttitor tellus. Cras eu massa nulla. Morbi porta fermentum elit eu iaculis. Pellentesque hendrerit venenatis purus at feugiat. Pellentesque vitae feugiat purus. Donec mattis rhoncus lacinia. Sed quam diam, molestie id laoreet eu, lacinia ac turpis. Cras tincidunt lobortis elit quis aliquam. Proin et massa libero.

Aliquam id pharetra arcu. Vivamus vitae mattis ligula. Sed efficitur urna vitae scelerisque tempor. Proin purus magna, vulputate eu ligula a, vehicula malesuada enim. Curabitur aliquet rutrum enim et tincidunt. Vestibulum ante ipsum primis in faucibus orci luctus et ultrices posuere cubilia curae; Vivamus pharetra enim leo, nec molestie nibh consectetur quis. Class aptent taciti sociosqu ad litora torquent per conubia nostra, per inceptos himenaeos. Nunc quis maximus elit, vitae pulvinar urna. Integer at mi elit. Phasellus vitae rutrum sem. Vivamus et mauris ac nisl congue congue eu eget elit. Nullam at quam velit. Pellentesque dictum, diam nec tempor aliquet, tortor justo fermentum sapien, at condimentum turpis elit vel sapien. Aenean rutrum tellus sodales tortor viverra eleifend.

Donec facilisis, diam efficitur maximus ultrices, enim lectus rutrum elit, eget malesuada mi justo dapibus enim. Maecenas finibus euismod nulla quis dignissim. Sed dictum ante rutrum turpis euismod laoreet. Sed placerat tellus leo. In ut lobortis lorem. Nullam vitae lectus egestas urna tincidunt aliquet. Ut sagittis vel enim eget malesuada. Cras in congue tortor. Interdum et malesuada fames ac ante ipsum primis in faucibus. Nunc tempus consequat neque, et eleifend nulla aliquam eu.",Author 169,7,quan-tri-nhan-su-ung-the-big-book-of-hr,NXB 169,2025,102
https://cdn1.fahasa.com/media/catalog/product/r/i/right-to-win-cua-thang-cua-nong-nghiep-viet---1.jpg,"Right To Win - ""Cửa Thắng"" Của Nông Nghiệp Việt - Cách Thức Agris Và Betrimex Tham Gia Chuỗi Cung Ứng Toàn Cầu",297500,16,9780085479805,"Lorem ipsum dolor sit amet, consectetur adipiscing elit. Nam congue vel tellus non luctus. Vestibulum vitae nunc lorem. Sed lacinia lectus vel augue imperdiet ultricies. Donec id venenatis ex, vitae pretium ligula. Sed nulla eros, dignissim at feugiat non, posuere sit amet urna. Ut eu porttitor tellus. Cras eu massa nulla. Morbi porta fermentum elit eu iaculis. Pellentesque hendrerit venenatis purus at feugiat. Pellentesque vitae feugiat purus. Donec mattis rhoncus lacinia. Sed quam diam, molestie id laoreet eu, lacinia ac turpis. Cras tincidunt lobortis elit quis aliquam. Proin et massa libero.

Aliquam id pharetra arcu. Vivamus vitae mattis ligula. Sed efficitur urna vitae scelerisque tempor. Proin purus magna, vulputate eu ligula a, vehicula malesuada enim. Curabitur aliquet rutrum enim et tincidunt. Vestibulum ante ipsum primis in faucibus orci luctus et ultrices posuere cubilia curae; Vivamus pharetra enim leo, nec molestie nibh consectetur quis. Class aptent taciti sociosqu ad litora torquent per conubia nostra, per inceptos himenaeos. Nunc quis maximus elit, vitae pulvinar urna. Integer at mi elit. Phasellus vitae rutrum sem. Vivamus et mauris ac nisl congue congue eu eget elit. Nullam at quam velit. Pellentesque dictum, diam nec tempor aliquet, tortor justo fermentum sapien, at condimentum turpis elit vel sapien. Aenean rutrum tellus sodales tortor viverra eleifend.

Donec facilisis, diam efficitur maximus ultrices, enim lectus rutrum elit, eget malesuada mi justo dapibus enim. Maecenas finibus euismod nulla quis dignissim. Sed dictum ante rutrum turpis euismod laoreet. Sed placerat tellus leo. In ut lobortis lorem. Nullam vitae lectus egestas urna tincidunt aliquet. Ut sagittis vel enim eget malesuada. Cras in congue tortor. Interdum et malesuada fames ac ante ipsum primis in faucibus. Nunc tempus consequat neque, et eleifend nulla aliquam eu.",Author 170,5,right-to-win-cua-thang-cua-nong-nghiep-viet-cach-thuc-agris-va-betrimex-tham-gia-chuoi-cung-ung-toan-cau,NXB 170,2013,67
https://cdn1.fahasa.com/media/catalog/product/i/m/image_188995_1_1.jpg,Bí Mật Tư Duy Triệu Phú (Tái Bản 2021),78840,16,9780085479806,"Lorem ipsum dolor sit amet, consectetur adipiscing elit. Nam congue vel tellus non luctus. Vestibulum vitae nunc lorem. Sed lacinia lectus vel augue imperdiet ultricies. Donec id venenatis ex, vitae pretium ligula. Sed nulla eros, dignissim at feugiat non, posuere sit amet urna. Ut eu porttitor tellus. Cras eu massa nulla. Morbi porta fermentum elit eu iaculis. Pellentesque hendrerit venenatis purus at feugiat. Pellentesque vitae feugiat purus. Donec mattis rhoncus lacinia. Sed quam diam, molestie id laoreet eu, lacinia ac turpis. Cras tincidunt lobortis elit quis aliquam. Proin et massa libero.

Aliquam id pharetra arcu. Vivamus vitae mattis ligula. Sed efficitur urna vitae scelerisque tempor. Proin purus magna, vulputate eu ligula a, vehicula malesuada enim. Curabitur aliquet rutrum enim et tincidunt. Vestibulum ante ipsum primis in faucibus orci luctus et ultrices posuere cubilia curae; Vivamus pharetra enim leo, nec molestie nibh consectetur quis. Class aptent taciti sociosqu ad litora torquent per conubia nostra, per inceptos himenaeos. Nunc quis maximus elit, vitae pulvinar urna. Integer at mi elit. Phasellus vitae rutrum sem. Vivamus et mauris ac nisl congue congue eu eget elit. Nullam at quam velit. Pellentesque dictum, diam nec tempor aliquet, tortor justo fermentum sapien, at condimentum turpis elit vel sapien. Aenean rutrum tellus sodales tortor viverra eleifend.

Donec facilisis, diam efficitur maximus ultrices, enim lectus rutrum elit, eget malesuada mi justo dapibus enim. Maecenas finibus euismod nulla quis dignissim. Sed dictum ante rutrum turpis euismod laoreet. Sed placerat tellus leo. In ut lobortis lorem. Nullam vitae lectus egestas urna tincidunt aliquet. Ut sagittis vel enim eget malesuada. Cras in congue tortor. Interdum et malesuada fames ac ante ipsum primis in faucibus. Nunc tempus consequat neque, et eleifend nulla aliquam eu.",Author 171,18,bi-mat-tu-duy-trieu-phu-tai-ban-2021,NXB 171,2017,196
https://cdn1.fahasa.com/media/catalog/product/i/m/image_195509_1_49918.jpg,D. Trump - Nghệ Thuật Đàm Phán (Tái Bản 2020),92500,16,9780085479807,"Lorem ipsum dolor sit amet, consectetur adipiscing elit. Nam congue vel tellus non luctus. Vestibulum vitae nunc lorem. Sed lacinia lectus vel augue imperdiet ultricies. Donec id venenatis ex, vitae pretium ligula. Sed nulla eros, dignissim at feugiat non, posuere sit amet urna. Ut eu porttitor tellus. Cras eu massa nulla. Morbi porta fermentum elit eu iaculis. Pellentesque hendrerit venenatis purus at feugiat. Pellentesque vitae feugiat purus. Donec mattis rhoncus lacinia. Sed quam diam, molestie id laoreet eu, lacinia ac turpis. Cras tincidunt lobortis elit quis aliquam. Proin et massa libero.

Aliquam id pharetra arcu. Vivamus vitae mattis ligula. Sed efficitur urna vitae scelerisque tempor. Proin purus magna, vulputate eu ligula a, vehicula malesuada enim. Curabitur aliquet rutrum enim et tincidunt. Vestibulum ante ipsum primis in faucibus orci luctus et ultrices posuere cubilia curae; Vivamus pharetra enim leo, nec molestie nibh consectetur quis. Class aptent taciti sociosqu ad litora torquent per conubia nostra, per inceptos himenaeos. Nunc quis maximus elit, vitae pulvinar urna. Integer at mi elit. Phasellus vitae rutrum sem. Vivamus et mauris ac nisl congue congue eu eget elit. Nullam at quam velit. Pellentesque dictum, diam nec tempor aliquet, tortor justo fermentum sapien, at condimentum turpis elit vel sapien. Aenean rutrum tellus sodales tortor viverra eleifend.

Donec facilisis, diam efficitur maximus ultrices, enim lectus rutrum elit, eget malesuada mi justo dapibus enim. Maecenas finibus euismod nulla quis dignissim. Sed dictum ante rutrum turpis euismod laoreet. Sed placerat tellus leo. In ut lobortis lorem. Nullam vitae lectus egestas urna tincidunt aliquet. Ut sagittis vel enim eget malesuada. Cras in congue tortor. Interdum et malesuada fames ac ante ipsum primis in faucibus. Nunc tempus consequat neque, et eleifend nulla aliquam eu.",Author 172,13,d-trump-nghe-thuat-am-phan-tai-ban-2020,NXB 172,2001,146
https://cdn1.fahasa.com/media/catalog/product/8/9/8935280401068.jpg,Quản Trị Bằng Văn Hóa - Cách Thức Kiến Tạo Và Tái Tạo Văn Hóa Tổ Chức,200000,16,9780085479808,"Lorem ipsum dolor sit amet, consectetur adipiscing elit. Nam congue vel tellus non luctus. Vestibulum vitae nunc lorem. Sed lacinia lectus vel augue imperdiet ultricies. Donec id venenatis ex, vitae pretium ligula. Sed nulla eros, dignissim at feugiat non, posuere sit amet urna. Ut eu porttitor tellus. Cras eu massa nulla. Morbi porta fermentum elit eu iaculis. Pellentesque hendrerit venenatis purus at feugiat. Pellentesque vitae feugiat purus. Donec mattis rhoncus lacinia. Sed quam diam, molestie id laoreet eu, lacinia ac turpis. Cras tincidunt lobortis elit quis aliquam. Proin et massa libero.

Aliquam id pharetra arcu. Vivamus vitae mattis ligula. Sed efficitur urna vitae scelerisque tempor. Proin purus magna, vulputate eu ligula a, vehicula malesuada enim. Curabitur aliquet rutrum enim et tincidunt. Vestibulum ante ipsum primis in faucibus orci luctus et ultrices posuere cubilia curae; Vivamus pharetra enim leo, nec molestie nibh consectetur quis. Class aptent taciti sociosqu ad litora torquent per conubia nostra, per inceptos himenaeos. Nunc quis maximus elit, vitae pulvinar urna. Integer at mi elit. Phasellus vitae rutrum sem. Vivamus et mauris ac nisl congue congue eu eget elit. Nullam at quam velit. Pellentesque dictum, diam nec tempor aliquet, tortor justo fermentum sapien, at condimentum turpis elit vel sapien. Aenean rutrum tellus sodales tortor viverra eleifend.

Donec facilisis, diam efficitur maximus ultrices, enim lectus rutrum elit, eget malesuada mi justo dapibus enim. Maecenas finibus euismod nulla quis dignissim. Sed dictum ante rutrum turpis euismod laoreet. Sed placerat tellus leo. In ut lobortis lorem. Nullam vitae lectus egestas urna tincidunt aliquet. Ut sagittis vel enim eget malesuada. Cras in congue tortor. Interdum et malesuada fames ac ante ipsum primis in faucibus. Nunc tempus consequat neque, et eleifend nulla aliquam eu.",Author 173,18,quan-tri-bang-van-hoa-cach-thuc-kien-tao-va-tai-tao-van-hoa-to-chuc,NXB 173,2004,249
https://cdn1.fahasa.com/media/catalog/product/8/9/8935236430029.jpg,Tinh Hoa Quản Lý Nguồn Nhân Lực Huawei,100000,16,9780085479809,"Lorem ipsum dolor sit amet, consectetur adipiscing elit. Nam congue vel tellus non luctus. Vestibulum vitae nunc lorem. Sed lacinia lectus vel augue imperdiet ultricies. Donec id venenatis ex, vitae pretium ligula. Sed nulla eros, dignissim at feugiat non, posuere sit amet urna. Ut eu porttitor tellus. Cras eu massa nulla. Morbi porta fermentum elit eu iaculis. Pellentesque hendrerit venenatis purus at feugiat. Pellentesque vitae feugiat purus. Donec mattis rhoncus lacinia. Sed quam diam, molestie id laoreet eu, lacinia ac turpis. Cras tincidunt lobortis elit quis aliquam. Proin et massa libero.

Aliquam id pharetra arcu. Vivamus vitae mattis ligula. Sed efficitur urna vitae scelerisque tempor. Proin purus magna, vulputate eu ligula a, vehicula malesuada enim. Curabitur aliquet rutrum enim et tincidunt. Vestibulum ante ipsum primis in faucibus orci luctus et ultrices posuere cubilia curae; Vivamus pharetra enim leo, nec molestie nibh consectetur quis. Class aptent taciti sociosqu ad litora torquent per conubia nostra, per inceptos himenaeos. Nunc quis maximus elit, vitae pulvinar urna. Integer at mi elit. Phasellus vitae rutrum sem. Vivamus et mauris ac nisl congue congue eu eget elit. Nullam at quam velit. Pellentesque dictum, diam nec tempor aliquet, tortor justo fermentum sapien, at condimentum turpis elit vel sapien. Aenean rutrum tellus sodales tortor viverra eleifend.

Donec facilisis, diam efficitur maximus ultrices, enim lectus rutrum elit, eget malesuada mi justo dapibus enim. Maecenas finibus euismod nulla quis dignissim. Sed dictum ante rutrum turpis euismod laoreet. Sed placerat tellus leo. In ut lobortis lorem. Nullam vitae lectus egestas urna tincidunt aliquet. Ut sagittis vel enim eget malesuada. Cras in congue tortor. Interdum et malesuada fames ac ante ipsum primis in faucibus. Nunc tempus consequat neque, et eleifend nulla aliquam eu.",Author 174,20,tinh-hoa-quan-ly-nguon-nhan-luc-huawei,NXB 174,2010,188
https://cdn1.fahasa.com/media/catalog/product/n/h/nhaquantrihieuqua_bia1.jpg,Nhà Quản Trị Hiệu Quả - The Effective Executive,148000,16,9780085479810,"Lorem ipsum dolor sit amet, consectetur adipiscing elit. Nam congue vel tellus non luctus. Vestibulum vitae nunc lorem. Sed lacinia lectus vel augue imperdiet ultricies. Donec id venenatis ex, vitae pretium ligula. Sed nulla eros, dignissim at feugiat non, posuere sit amet urna. Ut eu porttitor tellus. Cras eu massa nulla. Morbi porta fermentum elit eu iaculis. Pellentesque hendrerit venenatis purus at feugiat. Pellentesque vitae feugiat purus. Donec mattis rhoncus lacinia. Sed quam diam, molestie id laoreet eu, lacinia ac turpis. Cras tincidunt lobortis elit quis aliquam. Proin et massa libero.

Aliquam id pharetra arcu. Vivamus vitae mattis ligula. Sed efficitur urna vitae scelerisque tempor. Proin purus magna, vulputate eu ligula a, vehicula malesuada enim. Curabitur aliquet rutrum enim et tincidunt. Vestibulum ante ipsum primis in faucibus orci luctus et ultrices posuere cubilia curae; Vivamus pharetra enim leo, nec molestie nibh consectetur quis. Class aptent taciti sociosqu ad litora torquent per conubia nostra, per inceptos himenaeos. Nunc quis maximus elit, vitae pulvinar urna. Integer at mi elit. Phasellus vitae rutrum sem. Vivamus et mauris ac nisl congue congue eu eget elit. Nullam at quam velit. Pellentesque dictum, diam nec tempor aliquet, tortor justo fermentum sapien, at condimentum turpis elit vel sapien. Aenean rutrum tellus sodales tortor viverra eleifend.

Donec facilisis, diam efficitur maximus ultrices, enim lectus rutrum elit, eget malesuada mi justo dapibus enim. Maecenas finibus euismod nulla quis dignissim. Sed dictum ante rutrum turpis euismod laoreet. Sed placerat tellus leo. In ut lobortis lorem. Nullam vitae lectus egestas urna tincidunt aliquet. Ut sagittis vel enim eget malesuada. Cras in congue tortor. Interdum et malesuada fames ac ante ipsum primis in faucibus. Nunc tempus consequat neque, et eleifend nulla aliquam eu.",Author 175,11,nha-quan-tri-hieu-qua-the-effective-executive,NXB 175,2014,131
https://cdn1.fahasa.com/media/catalog/product/i/m/image_195509_1_55840.jpg,Vị Tu Sĩ Bán Chiếc Ferrari (Tái Bản Từ Cuốn Tìm Về Sức Mạnh Vô Biên) - Tái Bản 2020,71540,16,9780085479811,"Lorem ipsum dolor sit amet, consectetur adipiscing elit. Nam congue vel tellus non luctus. Vestibulum vitae nunc lorem. Sed lacinia lectus vel augue imperdiet ultricies. Donec id venenatis ex, vitae pretium ligula. Sed nulla eros, dignissim at feugiat non, posuere sit amet urna. Ut eu porttitor tellus. Cras eu massa nulla. Morbi porta fermentum elit eu iaculis. Pellentesque hendrerit venenatis purus at feugiat. Pellentesque vitae feugiat purus. Donec mattis rhoncus lacinia. Sed quam diam, molestie id laoreet eu, lacinia ac turpis. Cras tincidunt lobortis elit quis aliquam. Proin et massa libero.

Aliquam id pharetra arcu. Vivamus vitae mattis ligula. Sed efficitur urna vitae scelerisque tempor. Proin purus magna, vulputate eu ligula a, vehicula malesuada enim. Curabitur aliquet rutrum enim et tincidunt. Vestibulum ante ipsum primis in faucibus orci luctus et ultrices posuere cubilia curae; Vivamus pharetra enim leo, nec molestie nibh consectetur quis. Class aptent taciti sociosqu ad litora torquent per conubia nostra, per inceptos himenaeos. Nunc quis maximus elit, vitae pulvinar urna. Integer at mi elit. Phasellus vitae rutrum sem. Vivamus et mauris ac nisl congue congue eu eget elit. Nullam at quam velit. Pellentesque dictum, diam nec tempor aliquet, tortor justo fermentum sapien, at condimentum turpis elit vel sapien. Aenean rutrum tellus sodales tortor viverra eleifend.

Donec facilisis, diam efficitur maximus ultrices, enim lectus rutrum elit, eget malesuada mi justo dapibus enim. Maecenas finibus euismod nulla quis dignissim. Sed dictum ante rutrum turpis euismod laoreet. Sed placerat tellus leo. In ut lobortis lorem. Nullam vitae lectus egestas urna tincidunt aliquet. Ut sagittis vel enim eget malesuada. Cras in congue tortor. Interdum et malesuada fames ac ante ipsum primis in faucibus. Nunc tempus consequat neque, et eleifend nulla aliquam eu.",Author 176,7,vi-tu-si-ban-chiec-ferrari-tai-ban-tu-cuon-tim-ve-suc-manh-vo-bien-tai-ban-2020,NXB 176,2009,293
https://cdn1.fahasa.com/media/catalog/product/8/9/8935280400955.jpg,4 Nguyên Tắc Thực Thi - Giới Thiệu Công Nghệ Triển Khai Chiến Lược Từ Franklin Covey - Bìa Cứng (Tái Bản 2023),164000,16,9780085479812,"Lorem ipsum dolor sit amet, consectetur adipiscing elit. Nam congue vel tellus non luctus. Vestibulum vitae nunc lorem. Sed lacinia lectus vel augue imperdiet ultricies. Donec id venenatis ex, vitae pretium ligula. Sed nulla eros, dignissim at feugiat non, posuere sit amet urna. Ut eu porttitor tellus. Cras eu massa nulla. Morbi porta fermentum elit eu iaculis. Pellentesque hendrerit venenatis purus at feugiat. Pellentesque vitae feugiat purus. Donec mattis rhoncus lacinia. Sed quam diam, molestie id laoreet eu, lacinia ac turpis. Cras tincidunt lobortis elit quis aliquam. Proin et massa libero.

Aliquam id pharetra arcu. Vivamus vitae mattis ligula. Sed efficitur urna vitae scelerisque tempor. Proin purus magna, vulputate eu ligula a, vehicula malesuada enim. Curabitur aliquet rutrum enim et tincidunt. Vestibulum ante ipsum primis in faucibus orci luctus et ultrices posuere cubilia curae; Vivamus pharetra enim leo, nec molestie nibh consectetur quis. Class aptent taciti sociosqu ad litora torquent per conubia nostra, per inceptos himenaeos. Nunc quis maximus elit, vitae pulvinar urna. Integer at mi elit. Phasellus vitae rutrum sem. Vivamus et mauris ac nisl congue congue eu eget elit. Nullam at quam velit. Pellentesque dictum, diam nec tempor aliquet, tortor justo fermentum sapien, at condimentum turpis elit vel sapien. Aenean rutrum tellus sodales tortor viverra eleifend.

Donec facilisis, diam efficitur maximus ultrices, enim lectus rutrum elit, eget malesuada mi justo dapibus enim. Maecenas finibus euismod nulla quis dignissim. Sed dictum ante rutrum turpis euismod laoreet. Sed placerat tellus leo. In ut lobortis lorem. Nullam vitae lectus egestas urna tincidunt aliquet. Ut sagittis vel enim eget malesuada. Cras in congue tortor. Interdum et malesuada fames ac ante ipsum primis in faucibus. Nunc tempus consequat neque, et eleifend nulla aliquam eu.",Author 177,19,4-nguyen-tac-thuc-thi-gioi-thieu-cong-nghe-trien-khai-chien-luoc-tu-franklin-covey-bia-cung-tai-ban-2023,NXB 177,2017,74
https://cdn1.fahasa.com/media/catalog/product/i/m/image_195509_1_47747.jpg,"7 Câu Hỏi ""Thần Kỳ"" Của Mọi Sếp Giỏi",105000,16,9780085479813,"Lorem ipsum dolor sit amet, consectetur adipiscing elit. Nam congue vel tellus non luctus. Vestibulum vitae nunc lorem. Sed lacinia lectus vel augue imperdiet ultricies. Donec id venenatis ex, vitae pretium ligula. Sed nulla eros, dignissim at feugiat non, posuere sit amet urna. Ut eu porttitor tellus. Cras eu massa nulla. Morbi porta fermentum elit eu iaculis. Pellentesque hendrerit venenatis purus at feugiat. Pellentesque vitae feugiat purus. Donec mattis rhoncus lacinia. Sed quam diam, molestie id laoreet eu, lacinia ac turpis. Cras tincidunt lobortis elit quis aliquam. Proin et massa libero.

Aliquam id pharetra arcu. Vivamus vitae mattis ligula. Sed efficitur urna vitae scelerisque tempor. Proin purus magna, vulputate eu ligula a, vehicula malesuada enim. Curabitur aliquet rutrum enim et tincidunt. Vestibulum ante ipsum primis in faucibus orci luctus et ultrices posuere cubilia curae; Vivamus pharetra enim leo, nec molestie nibh consectetur quis. Class aptent taciti sociosqu ad litora torquent per conubia nostra, per inceptos himenaeos. Nunc quis maximus elit, vitae pulvinar urna. Integer at mi elit. Phasellus vitae rutrum sem. Vivamus et mauris ac nisl congue congue eu eget elit. Nullam at quam velit. Pellentesque dictum, diam nec tempor aliquet, tortor justo fermentum sapien, at condimentum turpis elit vel sapien. Aenean rutrum tellus sodales tortor viverra eleifend.

Donec facilisis, diam efficitur maximus ultrices, enim lectus rutrum elit, eget malesuada mi justo dapibus enim. Maecenas finibus euismod nulla quis dignissim. Sed dictum ante rutrum turpis euismod laoreet. Sed placerat tellus leo. In ut lobortis lorem. Nullam vitae lectus egestas urna tincidunt aliquet. Ut sagittis vel enim eget malesuada. Cras in congue tortor. Interdum et malesuada fames ac ante ipsum primis in faucibus. Nunc tempus consequat neque, et eleifend nulla aliquam eu.",Author 178,6,7-cau-hoi-than-ky-cua-moi-sep-gioi,NXB 178,2006,101
https://cdn1.fahasa.com/media/catalog/product/8/9/8935251422481.jpg,13 Bài Giảng Của Giáo Tiến Về Quản Trị Và Lãnh Đạo,214500,16,9780085479814,"Lorem ipsum dolor sit amet, consectetur adipiscing elit. Nam congue vel tellus non luctus. Vestibulum vitae nunc lorem. Sed lacinia lectus vel augue imperdiet ultricies. Donec id venenatis ex, vitae pretium ligula. Sed nulla eros, dignissim at feugiat non, posuere sit amet urna. Ut eu porttitor tellus. Cras eu massa nulla. Morbi porta fermentum elit eu iaculis. Pellentesque hendrerit venenatis purus at feugiat. Pellentesque vitae feugiat purus. Donec mattis rhoncus lacinia. Sed quam diam, molestie id laoreet eu, lacinia ac turpis. Cras tincidunt lobortis elit quis aliquam. Proin et massa libero.

Aliquam id pharetra arcu. Vivamus vitae mattis ligula. Sed efficitur urna vitae scelerisque tempor. Proin purus magna, vulputate eu ligula a, vehicula malesuada enim. Curabitur aliquet rutrum enim et tincidunt. Vestibulum ante ipsum primis in faucibus orci luctus et ultrices posuere cubilia curae; Vivamus pharetra enim leo, nec molestie nibh consectetur quis. Class aptent taciti sociosqu ad litora torquent per conubia nostra, per inceptos himenaeos. Nunc quis maximus elit, vitae pulvinar urna. Integer at mi elit. Phasellus vitae rutrum sem. Vivamus et mauris ac nisl congue congue eu eget elit. Nullam at quam velit. Pellentesque dictum, diam nec tempor aliquet, tortor justo fermentum sapien, at condimentum turpis elit vel sapien. Aenean rutrum tellus sodales tortor viverra eleifend.

Donec facilisis, diam efficitur maximus ultrices, enim lectus rutrum elit, eget malesuada mi justo dapibus enim. Maecenas finibus euismod nulla quis dignissim. Sed dictum ante rutrum turpis euismod laoreet. Sed placerat tellus leo. In ut lobortis lorem. Nullam vitae lectus egestas urna tincidunt aliquet. Ut sagittis vel enim eget malesuada. Cras in congue tortor. Interdum et malesuada fames ac ante ipsum primis in faucibus. Nunc tempus consequat neque, et eleifend nulla aliquam eu.",Author 179,19,13-bai-giang-cua-giao-tien-ve-quan-tri-va-lanh-ao,NXB 179,2005,242
https://cdn1.fahasa.com/media/catalog/product/8/9/8934974164623.jpg,Một Đời Quản Trị (Tái Bản 2019),170000,16,9780085479815,"Lorem ipsum dolor sit amet, consectetur adipiscing elit. Nam congue vel tellus non luctus. Vestibulum vitae nunc lorem. Sed lacinia lectus vel augue imperdiet ultricies. Donec id venenatis ex, vitae pretium ligula. Sed nulla eros, dignissim at feugiat non, posuere sit amet urna. Ut eu porttitor tellus. Cras eu massa nulla. Morbi porta fermentum elit eu iaculis. Pellentesque hendrerit venenatis purus at feugiat. Pellentesque vitae feugiat purus. Donec mattis rhoncus lacinia. Sed quam diam, molestie id laoreet eu, lacinia ac turpis. Cras tincidunt lobortis elit quis aliquam. Proin et massa libero.

Aliquam id pharetra arcu. Vivamus vitae mattis ligula. Sed efficitur urna vitae scelerisque tempor. Proin purus magna, vulputate eu ligula a, vehicula malesuada enim. Curabitur aliquet rutrum enim et tincidunt. Vestibulum ante ipsum primis in faucibus orci luctus et ultrices posuere cubilia curae; Vivamus pharetra enim leo, nec molestie nibh consectetur quis. Class aptent taciti sociosqu ad litora torquent per conubia nostra, per inceptos himenaeos. Nunc quis maximus elit, vitae pulvinar urna. Integer at mi elit. Phasellus vitae rutrum sem. Vivamus et mauris ac nisl congue congue eu eget elit. Nullam at quam velit. Pellentesque dictum, diam nec tempor aliquet, tortor justo fermentum sapien, at condimentum turpis elit vel sapien. Aenean rutrum tellus sodales tortor viverra eleifend.

Donec facilisis, diam efficitur maximus ultrices, enim lectus rutrum elit, eget malesuada mi justo dapibus enim. Maecenas finibus euismod nulla quis dignissim. Sed dictum ante rutrum turpis euismod laoreet. Sed placerat tellus leo. In ut lobortis lorem. Nullam vitae lectus egestas urna tincidunt aliquet. Ut sagittis vel enim eget malesuada. Cras in congue tortor. Interdum et malesuada fames ac ante ipsum primis in faucibus. Nunc tempus consequat neque, et eleifend nulla aliquam eu.",Author 180,8,mot-oi-quan-tri-tai-ban-2019,NXB 180,2016,233
https://cdn1.fahasa.com/media/catalog/product/8/9/8934974209386.jpg,12 Nguyên Tắc Quản Trị Kinh Doanh Của Inamori,93500,16,9780085479816,"Lorem ipsum dolor sit amet, consectetur adipiscing elit. Nam congue vel tellus non luctus. Vestibulum vitae nunc lorem. Sed lacinia lectus vel augue imperdiet ultricies. Donec id venenatis ex, vitae pretium ligula. Sed nulla eros, dignissim at feugiat non, posuere sit amet urna. Ut eu porttitor tellus. Cras eu massa nulla. Morbi porta fermentum elit eu iaculis. Pellentesque hendrerit venenatis purus at feugiat. Pellentesque vitae feugiat purus. Donec mattis rhoncus lacinia. Sed quam diam, molestie id laoreet eu, lacinia ac turpis. Cras tincidunt lobortis elit quis aliquam. Proin et massa libero.

Aliquam id pharetra arcu. Vivamus vitae mattis ligula. Sed efficitur urna vitae scelerisque tempor. Proin purus magna, vulputate eu ligula a, vehicula malesuada enim. Curabitur aliquet rutrum enim et tincidunt. Vestibulum ante ipsum primis in faucibus orci luctus et ultrices posuere cubilia curae; Vivamus pharetra enim leo, nec molestie nibh consectetur quis. Class aptent taciti sociosqu ad litora torquent per conubia nostra, per inceptos himenaeos. Nunc quis maximus elit, vitae pulvinar urna. Integer at mi elit. Phasellus vitae rutrum sem. Vivamus et mauris ac nisl congue congue eu eget elit. Nullam at quam velit. Pellentesque dictum, diam nec tempor aliquet, tortor justo fermentum sapien, at condimentum turpis elit vel sapien. Aenean rutrum tellus sodales tortor viverra eleifend.

Donec facilisis, diam efficitur maximus ultrices, enim lectus rutrum elit, eget malesuada mi justo dapibus enim. Maecenas finibus euismod nulla quis dignissim. Sed dictum ante rutrum turpis euismod laoreet. Sed placerat tellus leo. In ut lobortis lorem. Nullam vitae lectus egestas urna tincidunt aliquet. Ut sagittis vel enim eget malesuada. Cras in congue tortor. Interdum et malesuada fames ac ante ipsum primis in faucibus. Nunc tempus consequat neque, et eleifend nulla aliquam eu.",Author 181,6,12-nguyen-tac-quan-tri-kinh-doanh-cua-inamori,NXB 181,2002,284
https://cdn1.fahasa.com/media/catalog/product/8/9/8934974179184.jpg,Nhà Lãnh Đạo Không Chức Danh (Tái Bản 2022),89000,16,9780085479817,"Lorem ipsum dolor sit amet, consectetur adipiscing elit. Nam congue vel tellus non luctus. Vestibulum vitae nunc lorem. Sed lacinia lectus vel augue imperdiet ultricies. Donec id venenatis ex, vitae pretium ligula. Sed nulla eros, dignissim at feugiat non, posuere sit amet urna. Ut eu porttitor tellus. Cras eu massa nulla. Morbi porta fermentum elit eu iaculis. Pellentesque hendrerit venenatis purus at feugiat. Pellentesque vitae feugiat purus. Donec mattis rhoncus lacinia. Sed quam diam, molestie id laoreet eu, lacinia ac turpis. Cras tincidunt lobortis elit quis aliquam. Proin et massa libero.

Aliquam id pharetra arcu. Vivamus vitae mattis ligula. Sed efficitur urna vitae scelerisque tempor. Proin purus magna, vulputate eu ligula a, vehicula malesuada enim. Curabitur aliquet rutrum enim et tincidunt. Vestibulum ante ipsum primis in faucibus orci luctus et ultrices posuere cubilia curae; Vivamus pharetra enim leo, nec molestie nibh consectetur quis. Class aptent taciti sociosqu ad litora torquent per conubia nostra, per inceptos himenaeos. Nunc quis maximus elit, vitae pulvinar urna. Integer at mi elit. Phasellus vitae rutrum sem. Vivamus et mauris ac nisl congue congue eu eget elit. Nullam at quam velit. Pellentesque dictum, diam nec tempor aliquet, tortor justo fermentum sapien, at condimentum turpis elit vel sapien. Aenean rutrum tellus sodales tortor viverra eleifend.

Donec facilisis, diam efficitur maximus ultrices, enim lectus rutrum elit, eget malesuada mi justo dapibus enim. Maecenas finibus euismod nulla quis dignissim. Sed dictum ante rutrum turpis euismod laoreet. Sed placerat tellus leo. In ut lobortis lorem. Nullam vitae lectus egestas urna tincidunt aliquet. Ut sagittis vel enim eget malesuada. Cras in congue tortor. Interdum et malesuada fames ac ante ipsum primis in faucibus. Nunc tempus consequat neque, et eleifend nulla aliquam eu.",Author 182,12,nha-lanh-ao-khong-chuc-danh-tai-ban-2022,NXB 182,2001,219
https://cdn1.fahasa.com/media/catalog/product/q/u/quan-ly-nghiep---bia-1-_tb-2024_.jpg,Quản Lý Nghiệp (Tái Bản 2024),58500,16,9780085479818,"Lorem ipsum dolor sit amet, consectetur adipiscing elit. Nam congue vel tellus non luctus. Vestibulum vitae nunc lorem. Sed lacinia lectus vel augue imperdiet ultricies. Donec id venenatis ex, vitae pretium ligula. Sed nulla eros, dignissim at feugiat non, posuere sit amet urna. Ut eu porttitor tellus. Cras eu massa nulla. Morbi porta fermentum elit eu iaculis. Pellentesque hendrerit venenatis purus at feugiat. Pellentesque vitae feugiat purus. Donec mattis rhoncus lacinia. Sed quam diam, molestie id laoreet eu, lacinia ac turpis. Cras tincidunt lobortis elit quis aliquam. Proin et massa libero.

Aliquam id pharetra arcu. Vivamus vitae mattis ligula. Sed efficitur urna vitae scelerisque tempor. Proin purus magna, vulputate eu ligula a, vehicula malesuada enim. Curabitur aliquet rutrum enim et tincidunt. Vestibulum ante ipsum primis in faucibus orci luctus et ultrices posuere cubilia curae; Vivamus pharetra enim leo, nec molestie nibh consectetur quis. Class aptent taciti sociosqu ad litora torquent per conubia nostra, per inceptos himenaeos. Nunc quis maximus elit, vitae pulvinar urna. Integer at mi elit. Phasellus vitae rutrum sem. Vivamus et mauris ac nisl congue congue eu eget elit. Nullam at quam velit. Pellentesque dictum, diam nec tempor aliquet, tortor justo fermentum sapien, at condimentum turpis elit vel sapien. Aenean rutrum tellus sodales tortor viverra eleifend.

Donec facilisis, diam efficitur maximus ultrices, enim lectus rutrum elit, eget malesuada mi justo dapibus enim. Maecenas finibus euismod nulla quis dignissim. Sed dictum ante rutrum turpis euismod laoreet. Sed placerat tellus leo. In ut lobortis lorem. Nullam vitae lectus egestas urna tincidunt aliquet. Ut sagittis vel enim eget malesuada. Cras in congue tortor. Interdum et malesuada fames ac ante ipsum primis in faucibus. Nunc tempus consequat neque, et eleifend nulla aliquam eu.",Author 183,15,quan-ly-nghiep-tai-ban-2024,NXB 183,2005,277
https://cdn1.fahasa.com/media/catalog/product/8/9/8935325028731.jpg,Dịch Vụ Vượt Mong Đợi - Unreasonable Hospitality,143000,16,9780085479819,"Lorem ipsum dolor sit amet, consectetur adipiscing elit. Nam congue vel tellus non luctus. Vestibulum vitae nunc lorem. Sed lacinia lectus vel augue imperdiet ultricies. Donec id venenatis ex, vitae pretium ligula. Sed nulla eros, dignissim at feugiat non, posuere sit amet urna. Ut eu porttitor tellus. Cras eu massa nulla. Morbi porta fermentum elit eu iaculis. Pellentesque hendrerit venenatis purus at feugiat. Pellentesque vitae feugiat purus. Donec mattis rhoncus lacinia. Sed quam diam, molestie id laoreet eu, lacinia ac turpis. Cras tincidunt lobortis elit quis aliquam. Proin et massa libero.

Aliquam id pharetra arcu. Vivamus vitae mattis ligula. Sed efficitur urna vitae scelerisque tempor. Proin purus magna, vulputate eu ligula a, vehicula malesuada enim. Curabitur aliquet rutrum enim et tincidunt. Vestibulum ante ipsum primis in faucibus orci luctus et ultrices posuere cubilia curae; Vivamus pharetra enim leo, nec molestie nibh consectetur quis. Class aptent taciti sociosqu ad litora torquent per conubia nostra, per inceptos himenaeos. Nunc quis maximus elit, vitae pulvinar urna. Integer at mi elit. Phasellus vitae rutrum sem. Vivamus et mauris ac nisl congue congue eu eget elit. Nullam at quam velit. Pellentesque dictum, diam nec tempor aliquet, tortor justo fermentum sapien, at condimentum turpis elit vel sapien. Aenean rutrum tellus sodales tortor viverra eleifend.

Donec facilisis, diam efficitur maximus ultrices, enim lectus rutrum elit, eget malesuada mi justo dapibus enim. Maecenas finibus euismod nulla quis dignissim. Sed dictum ante rutrum turpis euismod laoreet. Sed placerat tellus leo. In ut lobortis lorem. Nullam vitae lectus egestas urna tincidunt aliquet. Ut sagittis vel enim eget malesuada. Cras in congue tortor. Interdum et malesuada fames ac ante ipsum primis in faucibus. Nunc tempus consequat neque, et eleifend nulla aliquam eu.",Author 184,12,dich-vu-vuot-mong-oi-unreasonable-hospitality,NXB 184,2008,150
https://cdn1.fahasa.com/media/catalog/product/z/3/z3171678206749_70bec29051b87bfc03da1e8d0d064542.jpg,Vị Giám Đốc Một Phút,42340,16,9780085479820,"Lorem ipsum dolor sit amet, consectetur adipiscing elit. Nam congue vel tellus non luctus. Vestibulum vitae nunc lorem. Sed lacinia lectus vel augue imperdiet ultricies. Donec id venenatis ex, vitae pretium ligula. Sed nulla eros, dignissim at feugiat non, posuere sit amet urna. Ut eu porttitor tellus. Cras eu massa nulla. Morbi porta fermentum elit eu iaculis. Pellentesque hendrerit venenatis purus at feugiat. Pellentesque vitae feugiat purus. Donec mattis rhoncus lacinia. Sed quam diam, molestie id laoreet eu, lacinia ac turpis. Cras tincidunt lobortis elit quis aliquam. Proin et massa libero.

Aliquam id pharetra arcu. Vivamus vitae mattis ligula. Sed efficitur urna vitae scelerisque tempor. Proin purus magna, vulputate eu ligula a, vehicula malesuada enim. Curabitur aliquet rutrum enim et tincidunt. Vestibulum ante ipsum primis in faucibus orci luctus et ultrices posuere cubilia curae; Vivamus pharetra enim leo, nec molestie nibh consectetur quis. Class aptent taciti sociosqu ad litora torquent per conubia nostra, per inceptos himenaeos. Nunc quis maximus elit, vitae pulvinar urna. Integer at mi elit. Phasellus vitae rutrum sem. Vivamus et mauris ac nisl congue congue eu eget elit. Nullam at quam velit. Pellentesque dictum, diam nec tempor aliquet, tortor justo fermentum sapien, at condimentum turpis elit vel sapien. Aenean rutrum tellus sodales tortor viverra eleifend.

Donec facilisis, diam efficitur maximus ultrices, enim lectus rutrum elit, eget malesuada mi justo dapibus enim. Maecenas finibus euismod nulla quis dignissim. Sed dictum ante rutrum turpis euismod laoreet. Sed placerat tellus leo. In ut lobortis lorem. Nullam vitae lectus egestas urna tincidunt aliquet. Ut sagittis vel enim eget malesuada. Cras in congue tortor. Interdum et malesuada fames ac ante ipsum primis in faucibus. Nunc tempus consequat neque, et eleifend nulla aliquam eu.",Author 185,6,vi-giam-oc-mot-phut,NXB 185,2014,180
https://cdn1.fahasa.com/media/catalog/product/9/7/9786047765829.jpg,Bán Lẻ Hợp Kênh Omnichannel,149000,16,9780085479821,"Lorem ipsum dolor sit amet, consectetur adipiscing elit. Nam congue vel tellus non luctus. Vestibulum vitae nunc lorem. Sed lacinia lectus vel augue imperdiet ultricies. Donec id venenatis ex, vitae pretium ligula. Sed nulla eros, dignissim at feugiat non, posuere sit amet urna. Ut eu porttitor tellus. Cras eu massa nulla. Morbi porta fermentum elit eu iaculis. Pellentesque hendrerit venenatis purus at feugiat. Pellentesque vitae feugiat purus. Donec mattis rhoncus lacinia. Sed quam diam, molestie id laoreet eu, lacinia ac turpis. Cras tincidunt lobortis elit quis aliquam. Proin et massa libero.

Aliquam id pharetra arcu. Vivamus vitae mattis ligula. Sed efficitur urna vitae scelerisque tempor. Proin purus magna, vulputate eu ligula a, vehicula malesuada enim. Curabitur aliquet rutrum enim et tincidunt. Vestibulum ante ipsum primis in faucibus orci luctus et ultrices posuere cubilia curae; Vivamus pharetra enim leo, nec molestie nibh consectetur quis. Class aptent taciti sociosqu ad litora torquent per conubia nostra, per inceptos himenaeos. Nunc quis maximus elit, vitae pulvinar urna. Integer at mi elit. Phasellus vitae rutrum sem. Vivamus et mauris ac nisl congue congue eu eget elit. Nullam at quam velit. Pellentesque dictum, diam nec tempor aliquet, tortor justo fermentum sapien, at condimentum turpis elit vel sapien. Aenean rutrum tellus sodales tortor viverra eleifend.

Donec facilisis, diam efficitur maximus ultrices, enim lectus rutrum elit, eget malesuada mi justo dapibus enim. Maecenas finibus euismod nulla quis dignissim. Sed dictum ante rutrum turpis euismod laoreet. Sed placerat tellus leo. In ut lobortis lorem. Nullam vitae lectus egestas urna tincidunt aliquet. Ut sagittis vel enim eget malesuada. Cras in congue tortor. Interdum et malesuada fames ac ante ipsum primis in faucibus. Nunc tempus consequat neque, et eleifend nulla aliquam eu.",Author 186,20,ban-le-hop-kenh-omnichannel,NXB 186,2016,247
https://cdn1.fahasa.com/media/catalog/product/i/m/image_187003.jpg,Lãnh Đạo Bằng Sức Mạnh Trí Tuệ Cảm Xúc,108040,16,9780085479822,"Lorem ipsum dolor sit amet, consectetur adipiscing elit. Nam congue vel tellus non luctus. Vestibulum vitae nunc lorem. Sed lacinia lectus vel augue imperdiet ultricies. Donec id venenatis ex, vitae pretium ligula. Sed nulla eros, dignissim at feugiat non, posuere sit amet urna. Ut eu porttitor tellus. Cras eu massa nulla. Morbi porta fermentum elit eu iaculis. Pellentesque hendrerit venenatis purus at feugiat. Pellentesque vitae feugiat purus. Donec mattis rhoncus lacinia. Sed quam diam, molestie id laoreet eu, lacinia ac turpis. Cras tincidunt lobortis elit quis aliquam. Proin et massa libero.

Aliquam id pharetra arcu. Vivamus vitae mattis ligula. Sed efficitur urna vitae scelerisque tempor. Proin purus magna, vulputate eu ligula a, vehicula malesuada enim. Curabitur aliquet rutrum enim et tincidunt. Vestibulum ante ipsum primis in faucibus orci luctus et ultrices posuere cubilia curae; Vivamus pharetra enim leo, nec molestie nibh consectetur quis. Class aptent taciti sociosqu ad litora torquent per conubia nostra, per inceptos himenaeos. Nunc quis maximus elit, vitae pulvinar urna. Integer at mi elit. Phasellus vitae rutrum sem. Vivamus et mauris ac nisl congue congue eu eget elit. Nullam at quam velit. Pellentesque dictum, diam nec tempor aliquet, tortor justo fermentum sapien, at condimentum turpis elit vel sapien. Aenean rutrum tellus sodales tortor viverra eleifend.

Donec facilisis, diam efficitur maximus ultrices, enim lectus rutrum elit, eget malesuada mi justo dapibus enim. Maecenas finibus euismod nulla quis dignissim. Sed dictum ante rutrum turpis euismod laoreet. Sed placerat tellus leo. In ut lobortis lorem. Nullam vitae lectus egestas urna tincidunt aliquet. Ut sagittis vel enim eget malesuada. Cras in congue tortor. Interdum et malesuada fames ac ante ipsum primis in faucibus. Nunc tempus consequat neque, et eleifend nulla aliquam eu.",Author 187,16,lanh-ao-bang-suc-manh-tri-tue-cam-xuc,NXB 187,2017,232
https://cdn1.fahasa.com/media/catalog/product/8/9/8934974180845.jpg,Thực Học Của Inamori Kazuo: Quản Trị Và Kế Toán,80500,16,9780085479823,"Lorem ipsum dolor sit amet, consectetur adipiscing elit. Nam congue vel tellus non luctus. Vestibulum vitae nunc lorem. Sed lacinia lectus vel augue imperdiet ultricies. Donec id venenatis ex, vitae pretium ligula. Sed nulla eros, dignissim at feugiat non, posuere sit amet urna. Ut eu porttitor tellus. Cras eu massa nulla. Morbi porta fermentum elit eu iaculis. Pellentesque hendrerit venenatis purus at feugiat. Pellentesque vitae feugiat purus. Donec mattis rhoncus lacinia. Sed quam diam, molestie id laoreet eu, lacinia ac turpis. Cras tincidunt lobortis elit quis aliquam. Proin et massa libero.

Aliquam id pharetra arcu. Vivamus vitae mattis ligula. Sed efficitur urna vitae scelerisque tempor. Proin purus magna, vulputate eu ligula a, vehicula malesuada enim. Curabitur aliquet rutrum enim et tincidunt. Vestibulum ante ipsum primis in faucibus orci luctus et ultrices posuere cubilia curae; Vivamus pharetra enim leo, nec molestie nibh consectetur quis. Class aptent taciti sociosqu ad litora torquent per conubia nostra, per inceptos himenaeos. Nunc quis maximus elit, vitae pulvinar urna. Integer at mi elit. Phasellus vitae rutrum sem. Vivamus et mauris ac nisl congue congue eu eget elit. Nullam at quam velit. Pellentesque dictum, diam nec tempor aliquet, tortor justo fermentum sapien, at condimentum turpis elit vel sapien. Aenean rutrum tellus sodales tortor viverra eleifend.

Donec facilisis, diam efficitur maximus ultrices, enim lectus rutrum elit, eget malesuada mi justo dapibus enim. Maecenas finibus euismod nulla quis dignissim. Sed dictum ante rutrum turpis euismod laoreet. Sed placerat tellus leo. In ut lobortis lorem. Nullam vitae lectus egestas urna tincidunt aliquet. Ut sagittis vel enim eget malesuada. Cras in congue tortor. Interdum et malesuada fames ac ante ipsum primis in faucibus. Nunc tempus consequat neque, et eleifend nulla aliquam eu.",Author 188,17,thuc-hoc-cua-inamori-kazuo-quan-tri-va-ke-toan,NXB 188,2020,199
https://cdn1.fahasa.com/media/catalog/product/8/9/8935251422764.jpg,High Output Management - Quản Trị Hiệu Suất Cao - Bí Quyết Tối Ưu Năng Suất Mọi Đội Nhóm,118300,16,9780085479824,"Lorem ipsum dolor sit amet, consectetur adipiscing elit. Nam congue vel tellus non luctus. Vestibulum vitae nunc lorem. Sed lacinia lectus vel augue imperdiet ultricies. Donec id venenatis ex, vitae pretium ligula. Sed nulla eros, dignissim at feugiat non, posuere sit amet urna. Ut eu porttitor tellus. Cras eu massa nulla. Morbi porta fermentum elit eu iaculis. Pellentesque hendrerit venenatis purus at feugiat. Pellentesque vitae feugiat purus. Donec mattis rhoncus lacinia. Sed quam diam, molestie id laoreet eu, lacinia ac turpis. Cras tincidunt lobortis elit quis aliquam. Proin et massa libero.

Aliquam id pharetra arcu. Vivamus vitae mattis ligula. Sed efficitur urna vitae scelerisque tempor. Proin purus magna, vulputate eu ligula a, vehicula malesuada enim. Curabitur aliquet rutrum enim et tincidunt. Vestibulum ante ipsum primis in faucibus orci luctus et ultrices posuere cubilia curae; Vivamus pharetra enim leo, nec molestie nibh consectetur quis. Class aptent taciti sociosqu ad litora torquent per conubia nostra, per inceptos himenaeos. Nunc quis maximus elit, vitae pulvinar urna. Integer at mi elit. Phasellus vitae rutrum sem. Vivamus et mauris ac nisl congue congue eu eget elit. Nullam at quam velit. Pellentesque dictum, diam nec tempor aliquet, tortor justo fermentum sapien, at condimentum turpis elit vel sapien. Aenean rutrum tellus sodales tortor viverra eleifend.

Donec facilisis, diam efficitur maximus ultrices, enim lectus rutrum elit, eget malesuada mi justo dapibus enim. Maecenas finibus euismod nulla quis dignissim. Sed dictum ante rutrum turpis euismod laoreet. Sed placerat tellus leo. In ut lobortis lorem. Nullam vitae lectus egestas urna tincidunt aliquet. Ut sagittis vel enim eget malesuada. Cras in congue tortor. Interdum et malesuada fames ac ante ipsum primis in faucibus. Nunc tempus consequat neque, et eleifend nulla aliquam eu.",Author 189,17,high-output-management-quan-tri-hieu-suat-cao-bi-quyet-toi-uu-nang-suat-moi-oi-nhom,NXB 189,2024,233
https://cdn1.fahasa.com/media/catalog/product/c/o/combo-8935251422481-8936219420648.jpg,Combo Sách 13 Bài Giảng Của Giáo Tiến Về Quản Trị Và Lãnh Đạo + Ứng Dụng AI Vào Doanh Nghiệp - Những Bài Giảng Của Giáo Tiến Về Nhân Tố Thay Đổi Cuộc Chơi Trong Kỉ Nguyên Mới (Bộ 2 Cuốn),430500,16,9780085479825,"Lorem ipsum dolor sit amet, consectetur adipiscing elit. Nam congue vel tellus non luctus. Vestibulum vitae nunc lorem. Sed lacinia lectus vel augue imperdiet ultricies. Donec id venenatis ex, vitae pretium ligula. Sed nulla eros, dignissim at feugiat non, posuere sit amet urna. Ut eu porttitor tellus. Cras eu massa nulla. Morbi porta fermentum elit eu iaculis. Pellentesque hendrerit venenatis purus at feugiat. Pellentesque vitae feugiat purus. Donec mattis rhoncus lacinia. Sed quam diam, molestie id laoreet eu, lacinia ac turpis. Cras tincidunt lobortis elit quis aliquam. Proin et massa libero.

Aliquam id pharetra arcu. Vivamus vitae mattis ligula. Sed efficitur urna vitae scelerisque tempor. Proin purus magna, vulputate eu ligula a, vehicula malesuada enim. Curabitur aliquet rutrum enim et tincidunt. Vestibulum ante ipsum primis in faucibus orci luctus et ultrices posuere cubilia curae; Vivamus pharetra enim leo, nec molestie nibh consectetur quis. Class aptent taciti sociosqu ad litora torquent per conubia nostra, per inceptos himenaeos. Nunc quis maximus elit, vitae pulvinar urna. Integer at mi elit. Phasellus vitae rutrum sem. Vivamus et mauris ac nisl congue congue eu eget elit. Nullam at quam velit. Pellentesque dictum, diam nec tempor aliquet, tortor justo fermentum sapien, at condimentum turpis elit vel sapien. Aenean rutrum tellus sodales tortor viverra eleifend.

Donec facilisis, diam efficitur maximus ultrices, enim lectus rutrum elit, eget malesuada mi justo dapibus enim. Maecenas finibus euismod nulla quis dignissim. Sed dictum ante rutrum turpis euismod laoreet. Sed placerat tellus leo. In ut lobortis lorem. Nullam vitae lectus egestas urna tincidunt aliquet. Ut sagittis vel enim eget malesuada. Cras in congue tortor. Interdum et malesuada fames ac ante ipsum primis in faucibus. Nunc tempus consequat neque, et eleifend nulla aliquam eu.",Author 190,10,combo-sach-13-bai-giang-cua-giao-tien-ve-quan-tri-va-lanh-ao-ung-dung-ai-vao-doanh-nghiep-nhung-bai-giang-cua-giao-tien-ve-nhan-to-thay-oi-cuoc-choi-trong-ki-nguyen-moi-bo-2-cuon,NXB 190,2002,127
https://cdn1.fahasa.com/media/catalog/product/9/7/9786326030686.jpg,ESG Quan Trọng Nhưng Không Đặc Biệt Hơn,323000,16,9780085479826,"Lorem ipsum dolor sit amet, consectetur adipiscing elit. Nam congue vel tellus non luctus. Vestibulum vitae nunc lorem. Sed lacinia lectus vel augue imperdiet ultricies. Donec id venenatis ex, vitae pretium ligula. Sed nulla eros, dignissim at feugiat non, posuere sit amet urna. Ut eu porttitor tellus. Cras eu massa nulla. Morbi porta fermentum elit eu iaculis. Pellentesque hendrerit venenatis purus at feugiat. Pellentesque vitae feugiat purus. Donec mattis rhoncus lacinia. Sed quam diam, molestie id laoreet eu, lacinia ac turpis. Cras tincidunt lobortis elit quis aliquam. Proin et massa libero.

Aliquam id pharetra arcu. Vivamus vitae mattis ligula. Sed efficitur urna vitae scelerisque tempor. Proin purus magna, vulputate eu ligula a, vehicula malesuada enim. Curabitur aliquet rutrum enim et tincidunt. Vestibulum ante ipsum primis in faucibus orci luctus et ultrices posuere cubilia curae; Vivamus pharetra enim leo, nec molestie nibh consectetur quis. Class aptent taciti sociosqu ad litora torquent per conubia nostra, per inceptos himenaeos. Nunc quis maximus elit, vitae pulvinar urna. Integer at mi elit. Phasellus vitae rutrum sem. Vivamus et mauris ac nisl congue congue eu eget elit. Nullam at quam velit. Pellentesque dictum, diam nec tempor aliquet, tortor justo fermentum sapien, at condimentum turpis elit vel sapien. Aenean rutrum tellus sodales tortor viverra eleifend.

Donec facilisis, diam efficitur maximus ultrices, enim lectus rutrum elit, eget malesuada mi justo dapibus enim. Maecenas finibus euismod nulla quis dignissim. Sed dictum ante rutrum turpis euismod laoreet. Sed placerat tellus leo. In ut lobortis lorem. Nullam vitae lectus egestas urna tincidunt aliquet. Ut sagittis vel enim eget malesuada. Cras in congue tortor. Interdum et malesuada fames ac ante ipsum primis in faucibus. Nunc tempus consequat neque, et eleifend nulla aliquam eu.",Author 191,6,esg-quan-trong-nhung-khong-ac-biet-hon,NXB 191,2012,222
https://cdn1.fahasa.com/media/catalog/product/i/m/image_193362.jpg,Lãnh Đạo Theo Nguyên Tắc (Tái Bản 2019),108000,16,9780085479827,"Lorem ipsum dolor sit amet, consectetur adipiscing elit. Nam congue vel tellus non luctus. Vestibulum vitae nunc lorem. Sed lacinia lectus vel augue imperdiet ultricies. Donec id venenatis ex, vitae pretium ligula. Sed nulla eros, dignissim at feugiat non, posuere sit amet urna. Ut eu porttitor tellus. Cras eu massa nulla. Morbi porta fermentum elit eu iaculis. Pellentesque hendrerit venenatis purus at feugiat. Pellentesque vitae feugiat purus. Donec mattis rhoncus lacinia. Sed quam diam, molestie id laoreet eu, lacinia ac turpis. Cras tincidunt lobortis elit quis aliquam. Proin et massa libero.

Aliquam id pharetra arcu. Vivamus vitae mattis ligula. Sed efficitur urna vitae scelerisque tempor. Proin purus magna, vulputate eu ligula a, vehicula malesuada enim. Curabitur aliquet rutrum enim et tincidunt. Vestibulum ante ipsum primis in faucibus orci luctus et ultrices posuere cubilia curae; Vivamus pharetra enim leo, nec molestie nibh consectetur quis. Class aptent taciti sociosqu ad litora torquent per conubia nostra, per inceptos himenaeos. Nunc quis maximus elit, vitae pulvinar urna. Integer at mi elit. Phasellus vitae rutrum sem. Vivamus et mauris ac nisl congue congue eu eget elit. Nullam at quam velit. Pellentesque dictum, diam nec tempor aliquet, tortor justo fermentum sapien, at condimentum turpis elit vel sapien. Aenean rutrum tellus sodales tortor viverra eleifend.

Donec facilisis, diam efficitur maximus ultrices, enim lectus rutrum elit, eget malesuada mi justo dapibus enim. Maecenas finibus euismod nulla quis dignissim. Sed dictum ante rutrum turpis euismod laoreet. Sed placerat tellus leo. In ut lobortis lorem. Nullam vitae lectus egestas urna tincidunt aliquet. Ut sagittis vel enim eget malesuada. Cras in congue tortor. Interdum et malesuada fames ac ante ipsum primis in faucibus. Nunc tempus consequat neque, et eleifend nulla aliquam eu.",Author 192,9,lanh-ao-theo-nguyen-tac-tai-ban-2019,NXB 192,2017,157
https://cdn1.fahasa.com/media/catalog/product/3/9/392967.jpg,Đạo Của Warren Buffett (Tái Bản 2022),77500,16,9780085479828,"Lorem ipsum dolor sit amet, consectetur adipiscing elit. Nam congue vel tellus non luctus. Vestibulum vitae nunc lorem. Sed lacinia lectus vel augue imperdiet ultricies. Donec id venenatis ex, vitae pretium ligula. Sed nulla eros, dignissim at feugiat non, posuere sit amet urna. Ut eu porttitor tellus. Cras eu massa nulla. Morbi porta fermentum elit eu iaculis. Pellentesque hendrerit venenatis purus at feugiat. Pellentesque vitae feugiat purus. Donec mattis rhoncus lacinia. Sed quam diam, molestie id laoreet eu, lacinia ac turpis. Cras tincidunt lobortis elit quis aliquam. Proin et massa libero.

Aliquam id pharetra arcu. Vivamus vitae mattis ligula. Sed efficitur urna vitae scelerisque tempor. Proin purus magna, vulputate eu ligula a, vehicula malesuada enim. Curabitur aliquet rutrum enim et tincidunt. Vestibulum ante ipsum primis in faucibus orci luctus et ultrices posuere cubilia curae; Vivamus pharetra enim leo, nec molestie nibh consectetur quis. Class aptent taciti sociosqu ad litora torquent per conubia nostra, per inceptos himenaeos. Nunc quis maximus elit, vitae pulvinar urna. Integer at mi elit. Phasellus vitae rutrum sem. Vivamus et mauris ac nisl congue congue eu eget elit. Nullam at quam velit. Pellentesque dictum, diam nec tempor aliquet, tortor justo fermentum sapien, at condimentum turpis elit vel sapien. Aenean rutrum tellus sodales tortor viverra eleifend.

Donec facilisis, diam efficitur maximus ultrices, enim lectus rutrum elit, eget malesuada mi justo dapibus enim. Maecenas finibus euismod nulla quis dignissim. Sed dictum ante rutrum turpis euismod laoreet. Sed placerat tellus leo. In ut lobortis lorem. Nullam vitae lectus egestas urna tincidunt aliquet. Ut sagittis vel enim eget malesuada. Cras in congue tortor. Interdum et malesuada fames ac ante ipsum primis in faucibus. Nunc tempus consequat neque, et eleifend nulla aliquam eu.",Author 193,19,ao-cua-warren-buffett-tai-ban-2022,NXB 193,2009,171
https://cdn1.fahasa.com/media/catalog/product/c/h/chinhbac_lanhdaodichthuc_bia1.jpg,True North - Chính Bắc - Lãnh Đão Đích Thực - Bìa Cứng (Tái Bản 2024),180000,16,9780085479829,"Lorem ipsum dolor sit amet, consectetur adipiscing elit. Nam congue vel tellus non luctus. Vestibulum vitae nunc lorem. Sed lacinia lectus vel augue imperdiet ultricies. Donec id venenatis ex, vitae pretium ligula. Sed nulla eros, dignissim at feugiat non, posuere sit amet urna. Ut eu porttitor tellus. Cras eu massa nulla. Morbi porta fermentum elit eu iaculis. Pellentesque hendrerit venenatis purus at feugiat. Pellentesque vitae feugiat purus. Donec mattis rhoncus lacinia. Sed quam diam, molestie id laoreet eu, lacinia ac turpis. Cras tincidunt lobortis elit quis aliquam. Proin et massa libero.

Aliquam id pharetra arcu. Vivamus vitae mattis ligula. Sed efficitur urna vitae scelerisque tempor. Proin purus magna, vulputate eu ligula a, vehicula malesuada enim. Curabitur aliquet rutrum enim et tincidunt. Vestibulum ante ipsum primis in faucibus orci luctus et ultrices posuere cubilia curae; Vivamus pharetra enim leo, nec molestie nibh consectetur quis. Class aptent taciti sociosqu ad litora torquent per conubia nostra, per inceptos himenaeos. Nunc quis maximus elit, vitae pulvinar urna. Integer at mi elit. Phasellus vitae rutrum sem. Vivamus et mauris ac nisl congue congue eu eget elit. Nullam at quam velit. Pellentesque dictum, diam nec tempor aliquet, tortor justo fermentum sapien, at condimentum turpis elit vel sapien. Aenean rutrum tellus sodales tortor viverra eleifend.

Donec facilisis, diam efficitur maximus ultrices, enim lectus rutrum elit, eget malesuada mi justo dapibus enim. Maecenas finibus euismod nulla quis dignissim. Sed dictum ante rutrum turpis euismod laoreet. Sed placerat tellus leo. In ut lobortis lorem. Nullam vitae lectus egestas urna tincidunt aliquet. Ut sagittis vel enim eget malesuada. Cras in congue tortor. Interdum et malesuada fames ac ante ipsum primis in faucibus. Nunc tempus consequat neque, et eleifend nulla aliquam eu.",Author 194,17,true-north-chinh-bac-lanh-ao-ich-thuc-bia-cung-tai-ban-2024,NXB 194,2020,255
https://cdn1.fahasa.com/media/catalog/product/8/9/8936066699594.jpg,Dẫn Dắt Một Bầy Sói Hay Chăn Một Đàn Cừu,156000,16,9780085479830,"Lorem ipsum dolor sit amet, consectetur adipiscing elit. Nam congue vel tellus non luctus. Vestibulum vitae nunc lorem. Sed lacinia lectus vel augue imperdiet ultricies. Donec id venenatis ex, vitae pretium ligula. Sed nulla eros, dignissim at feugiat non, posuere sit amet urna. Ut eu porttitor tellus. Cras eu massa nulla. Morbi porta fermentum elit eu iaculis. Pellentesque hendrerit venenatis purus at feugiat. Pellentesque vitae feugiat purus. Donec mattis rhoncus lacinia. Sed quam diam, molestie id laoreet eu, lacinia ac turpis. Cras tincidunt lobortis elit quis aliquam. Proin et massa libero.

Aliquam id pharetra arcu. Vivamus vitae mattis ligula. Sed efficitur urna vitae scelerisque tempor. Proin purus magna, vulputate eu ligula a, vehicula malesuada enim. Curabitur aliquet rutrum enim et tincidunt. Vestibulum ante ipsum primis in faucibus orci luctus et ultrices posuere cubilia curae; Vivamus pharetra enim leo, nec molestie nibh consectetur quis. Class aptent taciti sociosqu ad litora torquent per conubia nostra, per inceptos himenaeos. Nunc quis maximus elit, vitae pulvinar urna. Integer at mi elit. Phasellus vitae rutrum sem. Vivamus et mauris ac nisl congue congue eu eget elit. Nullam at quam velit. Pellentesque dictum, diam nec tempor aliquet, tortor justo fermentum sapien, at condimentum turpis elit vel sapien. Aenean rutrum tellus sodales tortor viverra eleifend.

Donec facilisis, diam efficitur maximus ultrices, enim lectus rutrum elit, eget malesuada mi justo dapibus enim. Maecenas finibus euismod nulla quis dignissim. Sed dictum ante rutrum turpis euismod laoreet. Sed placerat tellus leo. In ut lobortis lorem. Nullam vitae lectus egestas urna tincidunt aliquet. Ut sagittis vel enim eget malesuada. Cras in congue tortor. Interdum et malesuada fames ac ante ipsum primis in faucibus. Nunc tempus consequat neque, et eleifend nulla aliquam eu.",Author 195,17,dan-dat-mot-bay-soi-hay-chan-mot-an-cuu,NXB 195,2003,298
https://cdn1.fahasa.com/media/catalog/product/_/n/_ng-d_ng-ai-v_o-doanh-nghi_p_9.jpg,Ứng Dụng AI Vào Doanh Nghiệp - Những Bài Giảng Của Giáo Tiến Về Nhân Tố Thay Đổi Cuộc Chơi Trong Kỉ Nguyên Mới,216000,16,9780085479831,"Lorem ipsum dolor sit amet, consectetur adipiscing elit. Nam congue vel tellus non luctus. Vestibulum vitae nunc lorem. Sed lacinia lectus vel augue imperdiet ultricies. Donec id venenatis ex, vitae pretium ligula. Sed nulla eros, dignissim at feugiat non, posuere sit amet urna. Ut eu porttitor tellus. Cras eu massa nulla. Morbi porta fermentum elit eu iaculis. Pellentesque hendrerit venenatis purus at feugiat. Pellentesque vitae feugiat purus. Donec mattis rhoncus lacinia. Sed quam diam, molestie id laoreet eu, lacinia ac turpis. Cras tincidunt lobortis elit quis aliquam. Proin et massa libero.

Aliquam id pharetra arcu. Vivamus vitae mattis ligula. Sed efficitur urna vitae scelerisque tempor. Proin purus magna, vulputate eu ligula a, vehicula malesuada enim. Curabitur aliquet rutrum enim et tincidunt. Vestibulum ante ipsum primis in faucibus orci luctus et ultrices posuere cubilia curae; Vivamus pharetra enim leo, nec molestie nibh consectetur quis. Class aptent taciti sociosqu ad litora torquent per conubia nostra, per inceptos himenaeos. Nunc quis maximus elit, vitae pulvinar urna. Integer at mi elit. Phasellus vitae rutrum sem. Vivamus et mauris ac nisl congue congue eu eget elit. Nullam at quam velit. Pellentesque dictum, diam nec tempor aliquet, tortor justo fermentum sapien, at condimentum turpis elit vel sapien. Aenean rutrum tellus sodales tortor viverra eleifend.

Donec facilisis, diam efficitur maximus ultrices, enim lectus rutrum elit, eget malesuada mi justo dapibus enim. Maecenas finibus euismod nulla quis dignissim. Sed dictum ante rutrum turpis euismod laoreet. Sed placerat tellus leo. In ut lobortis lorem. Nullam vitae lectus egestas urna tincidunt aliquet. Ut sagittis vel enim eget malesuada. Cras in congue tortor. Interdum et malesuada fames ac ante ipsum primis in faucibus. Nunc tempus consequat neque, et eleifend nulla aliquam eu.",Author 196,3,ung-dung-ai-vao-doanh-nghiep-nhung-bai-giang-cua-giao-tien-ve-nhan-to-thay-oi-cuoc-choi-trong-ki-nguyen-moi,NXB 196,2009,202
https://cdn1.fahasa.com/media/catalog/product/9/7/9786326122015.jpg,Tối Ưu Vận Hành Doanh Nghiệp,254000,16,9780085479832,"Lorem ipsum dolor sit amet, consectetur adipiscing elit. Nam congue vel tellus non luctus. Vestibulum vitae nunc lorem. Sed lacinia lectus vel augue imperdiet ultricies. Donec id venenatis ex, vitae pretium ligula. Sed nulla eros, dignissim at feugiat non, posuere sit amet urna. Ut eu porttitor tellus. Cras eu massa nulla. Morbi porta fermentum elit eu iaculis. Pellentesque hendrerit venenatis purus at feugiat. Pellentesque vitae feugiat purus. Donec mattis rhoncus lacinia. Sed quam diam, molestie id laoreet eu, lacinia ac turpis. Cras tincidunt lobortis elit quis aliquam. Proin et massa libero.

Aliquam id pharetra arcu. Vivamus vitae mattis ligula. Sed efficitur urna vitae scelerisque tempor. Proin purus magna, vulputate eu ligula a, vehicula malesuada enim. Curabitur aliquet rutrum enim et tincidunt. Vestibulum ante ipsum primis in faucibus orci luctus et ultrices posuere cubilia curae; Vivamus pharetra enim leo, nec molestie nibh consectetur quis. Class aptent taciti sociosqu ad litora torquent per conubia nostra, per inceptos himenaeos. Nunc quis maximus elit, vitae pulvinar urna. Integer at mi elit. Phasellus vitae rutrum sem. Vivamus et mauris ac nisl congue congue eu eget elit. Nullam at quam velit. Pellentesque dictum, diam nec tempor aliquet, tortor justo fermentum sapien, at condimentum turpis elit vel sapien. Aenean rutrum tellus sodales tortor viverra eleifend.

Donec facilisis, diam efficitur maximus ultrices, enim lectus rutrum elit, eget malesuada mi justo dapibus enim. Maecenas finibus euismod nulla quis dignissim. Sed dictum ante rutrum turpis euismod laoreet. Sed placerat tellus leo. In ut lobortis lorem. Nullam vitae lectus egestas urna tincidunt aliquet. Ut sagittis vel enim eget malesuada. Cras in congue tortor. Interdum et malesuada fames ac ante ipsum primis in faucibus. Nunc tempus consequat neque, et eleifend nulla aliquam eu.",Author 197,18,toi-uu-van-hanh-doanh-nghiep,NXB 197,2002,164
https://cdn1.fahasa.com/media/catalog/product/l/a/lanhdaokhonngoan_1_1.jpg,Lãnh Đạo Khôn Ngoan - Leading Wisely,100740,16,9780085479833,"Lorem ipsum dolor sit amet, consectetur adipiscing elit. Nam congue vel tellus non luctus. Vestibulum vitae nunc lorem. Sed lacinia lectus vel augue imperdiet ultricies. Donec id venenatis ex, vitae pretium ligula. Sed nulla eros, dignissim at feugiat non, posuere sit amet urna. Ut eu porttitor tellus. Cras eu massa nulla. Morbi porta fermentum elit eu iaculis. Pellentesque hendrerit venenatis purus at feugiat. Pellentesque vitae feugiat purus. Donec mattis rhoncus lacinia. Sed quam diam, molestie id laoreet eu, lacinia ac turpis. Cras tincidunt lobortis elit quis aliquam. Proin et massa libero.

Aliquam id pharetra arcu. Vivamus vitae mattis ligula. Sed efficitur urna vitae scelerisque tempor. Proin purus magna, vulputate eu ligula a, vehicula malesuada enim. Curabitur aliquet rutrum enim et tincidunt. Vestibulum ante ipsum primis in faucibus orci luctus et ultrices posuere cubilia curae; Vivamus pharetra enim leo, nec molestie nibh consectetur quis. Class aptent taciti sociosqu ad litora torquent per conubia nostra, per inceptos himenaeos. Nunc quis maximus elit, vitae pulvinar urna. Integer at mi elit. Phasellus vitae rutrum sem. Vivamus et mauris ac nisl congue congue eu eget elit. Nullam at quam velit. Pellentesque dictum, diam nec tempor aliquet, tortor justo fermentum sapien, at condimentum turpis elit vel sapien. Aenean rutrum tellus sodales tortor viverra eleifend.

Donec facilisis, diam efficitur maximus ultrices, enim lectus rutrum elit, eget malesuada mi justo dapibus enim. Maecenas finibus euismod nulla quis dignissim. Sed dictum ante rutrum turpis euismod laoreet. Sed placerat tellus leo. In ut lobortis lorem. Nullam vitae lectus egestas urna tincidunt aliquet. Ut sagittis vel enim eget malesuada. Cras in congue tortor. Interdum et malesuada fames ac ante ipsum primis in faucibus. Nunc tempus consequat neque, et eleifend nulla aliquam eu.",Author 198,7,lanh-ao-khon-ngoan-leading-wisely,NXB 198,2012,187
https://cdn1.fahasa.com/media/catalog/product/i/m/image_218688.jpg,Bí Quyết Trở Thành Nhà Quản Lý Tài Ba,122640,16,9780085479834,"Lorem ipsum dolor sit amet, consectetur adipiscing elit. Nam congue vel tellus non luctus. Vestibulum vitae nunc lorem. Sed lacinia lectus vel augue imperdiet ultricies. Donec id venenatis ex, vitae pretium ligula. Sed nulla eros, dignissim at feugiat non, posuere sit amet urna. Ut eu porttitor tellus. Cras eu massa nulla. Morbi porta fermentum elit eu iaculis. Pellentesque hendrerit venenatis purus at feugiat. Pellentesque vitae feugiat purus. Donec mattis rhoncus lacinia. Sed quam diam, molestie id laoreet eu, lacinia ac turpis. Cras tincidunt lobortis elit quis aliquam. Proin et massa libero.

Aliquam id pharetra arcu. Vivamus vitae mattis ligula. Sed efficitur urna vitae scelerisque tempor. Proin purus magna, vulputate eu ligula a, vehicula malesuada enim. Curabitur aliquet rutrum enim et tincidunt. Vestibulum ante ipsum primis in faucibus orci luctus et ultrices posuere cubilia curae; Vivamus pharetra enim leo, nec molestie nibh consectetur quis. Class aptent taciti sociosqu ad litora torquent per conubia nostra, per inceptos himenaeos. Nunc quis maximus elit, vitae pulvinar urna. Integer at mi elit. Phasellus vitae rutrum sem. Vivamus et mauris ac nisl congue congue eu eget elit. Nullam at quam velit. Pellentesque dictum, diam nec tempor aliquet, tortor justo fermentum sapien, at condimentum turpis elit vel sapien. Aenean rutrum tellus sodales tortor viverra eleifend.

Donec facilisis, diam efficitur maximus ultrices, enim lectus rutrum elit, eget malesuada mi justo dapibus enim. Maecenas finibus euismod nulla quis dignissim. Sed dictum ante rutrum turpis euismod laoreet. Sed placerat tellus leo. In ut lobortis lorem. Nullam vitae lectus egestas urna tincidunt aliquet. Ut sagittis vel enim eget malesuada. Cras in congue tortor. Interdum et malesuada fames ac ante ipsum primis in faucibus. Nunc tempus consequat neque, et eleifend nulla aliquam eu.",Author 199,4,bi-quyet-tro-thanh-nha-quan-ly-tai-ba,NXB 199,2002,258
https://cdn1.fahasa.com/media/catalog/product/i/m/image_219967.jpg,Blue Ocean Strategy - Chiến Lược Đại Dương Xanh (Bìa Cứng),167300,16,9780085479835,"Lorem ipsum dolor sit amet, consectetur adipiscing elit. Nam congue vel tellus non luctus. Vestibulum vitae nunc lorem. Sed lacinia lectus vel augue imperdiet ultricies. Donec id venenatis ex, vitae pretium ligula. Sed nulla eros, dignissim at feugiat non, posuere sit amet urna. Ut eu porttitor tellus. Cras eu massa nulla. Morbi porta fermentum elit eu iaculis. Pellentesque hendrerit venenatis purus at feugiat. Pellentesque vitae feugiat purus. Donec mattis rhoncus lacinia. Sed quam diam, molestie id laoreet eu, lacinia ac turpis. Cras tincidunt lobortis elit quis aliquam. Proin et massa libero.

Aliquam id pharetra arcu. Vivamus vitae mattis ligula. Sed efficitur urna vitae scelerisque tempor. Proin purus magna, vulputate eu ligula a, vehicula malesuada enim. Curabitur aliquet rutrum enim et tincidunt. Vestibulum ante ipsum primis in faucibus orci luctus et ultrices posuere cubilia curae; Vivamus pharetra enim leo, nec molestie nibh consectetur quis. Class aptent taciti sociosqu ad litora torquent per conubia nostra, per inceptos himenaeos. Nunc quis maximus elit, vitae pulvinar urna. Integer at mi elit. Phasellus vitae rutrum sem. Vivamus et mauris ac nisl congue congue eu eget elit. Nullam at quam velit. Pellentesque dictum, diam nec tempor aliquet, tortor justo fermentum sapien, at condimentum turpis elit vel sapien. Aenean rutrum tellus sodales tortor viverra eleifend.

Donec facilisis, diam efficitur maximus ultrices, enim lectus rutrum elit, eget malesuada mi justo dapibus enim. Maecenas finibus euismod nulla quis dignissim. Sed dictum ante rutrum turpis euismod laoreet. Sed placerat tellus leo. In ut lobortis lorem. Nullam vitae lectus egestas urna tincidunt aliquet. Ut sagittis vel enim eget malesuada. Cras in congue tortor. Interdum et malesuada fames ac ante ipsum primis in faucibus. Nunc tempus consequat neque, et eleifend nulla aliquam eu.",Author 200,20,blue-ocean-strategy-chien-luoc-ai-duong-xanh-bia-cung,NXB 200,2021,56
https://cdn1.fahasa.com/media/catalog/product/i/m/image_220804.jpg,Chọn Đúng Người Vào Đúng Việc,60000,16,9780085479836,"Lorem ipsum dolor sit amet, consectetur adipiscing elit. Nam congue vel tellus non luctus. Vestibulum vitae nunc lorem. Sed lacinia lectus vel augue imperdiet ultricies. Donec id venenatis ex, vitae pretium ligula. Sed nulla eros, dignissim at feugiat non, posuere sit amet urna. Ut eu porttitor tellus. Cras eu massa nulla. Morbi porta fermentum elit eu iaculis. Pellentesque hendrerit venenatis purus at feugiat. Pellentesque vitae feugiat purus. Donec mattis rhoncus lacinia. Sed quam diam, molestie id laoreet eu, lacinia ac turpis. Cras tincidunt lobortis elit quis aliquam. Proin et massa libero.

Aliquam id pharetra arcu. Vivamus vitae mattis ligula. Sed efficitur urna vitae scelerisque tempor. Proin purus magna, vulputate eu ligula a, vehicula malesuada enim. Curabitur aliquet rutrum enim et tincidunt. Vestibulum ante ipsum primis in faucibus orci luctus et ultrices posuere cubilia curae; Vivamus pharetra enim leo, nec molestie nibh consectetur quis. Class aptent taciti sociosqu ad litora torquent per conubia nostra, per inceptos himenaeos. Nunc quis maximus elit, vitae pulvinar urna. Integer at mi elit. Phasellus vitae rutrum sem. Vivamus et mauris ac nisl congue congue eu eget elit. Nullam at quam velit. Pellentesque dictum, diam nec tempor aliquet, tortor justo fermentum sapien, at condimentum turpis elit vel sapien. Aenean rutrum tellus sodales tortor viverra eleifend.

Donec facilisis, diam efficitur maximus ultrices, enim lectus rutrum elit, eget malesuada mi justo dapibus enim. Maecenas finibus euismod nulla quis dignissim. Sed dictum ante rutrum turpis euismod laoreet. Sed placerat tellus leo. In ut lobortis lorem. Nullam vitae lectus egestas urna tincidunt aliquet. Ut sagittis vel enim eget malesuada. Cras in congue tortor. Interdum et malesuada fames ac ante ipsum primis in faucibus. Nunc tempus consequat neque, et eleifend nulla aliquam eu.",Author 201,11,chon-ung-nguoi-vao-ung-viec,NXB 201,2005,132
https://cdn1.fahasa.com/media/catalog/product/8/9/8935280400702.jpg,Lãnh Đạo Phục Vụ (Bìa Cứng) (2022),156000,16,9780085479837,"Lorem ipsum dolor sit amet, consectetur adipiscing elit. Nam congue vel tellus non luctus. Vestibulum vitae nunc lorem. Sed lacinia lectus vel augue imperdiet ultricies. Donec id venenatis ex, vitae pretium ligula. Sed nulla eros, dignissim at feugiat non, posuere sit amet urna. Ut eu porttitor tellus. Cras eu massa nulla. Morbi porta fermentum elit eu iaculis. Pellentesque hendrerit venenatis purus at feugiat. Pellentesque vitae feugiat purus. Donec mattis rhoncus lacinia. Sed quam diam, molestie id laoreet eu, lacinia ac turpis. Cras tincidunt lobortis elit quis aliquam. Proin et massa libero.

Aliquam id pharetra arcu. Vivamus vitae mattis ligula. Sed efficitur urna vitae scelerisque tempor. Proin purus magna, vulputate eu ligula a, vehicula malesuada enim. Curabitur aliquet rutrum enim et tincidunt. Vestibulum ante ipsum primis in faucibus orci luctus et ultrices posuere cubilia curae; Vivamus pharetra enim leo, nec molestie nibh consectetur quis. Class aptent taciti sociosqu ad litora torquent per conubia nostra, per inceptos himenaeos. Nunc quis maximus elit, vitae pulvinar urna. Integer at mi elit. Phasellus vitae rutrum sem. Vivamus et mauris ac nisl congue congue eu eget elit. Nullam at quam velit. Pellentesque dictum, diam nec tempor aliquet, tortor justo fermentum sapien, at condimentum turpis elit vel sapien. Aenean rutrum tellus sodales tortor viverra eleifend.

Donec facilisis, diam efficitur maximus ultrices, enim lectus rutrum elit, eget malesuada mi justo dapibus enim. Maecenas finibus euismod nulla quis dignissim. Sed dictum ante rutrum turpis euismod laoreet. Sed placerat tellus leo. In ut lobortis lorem. Nullam vitae lectus egestas urna tincidunt aliquet. Ut sagittis vel enim eget malesuada. Cras in congue tortor. Interdum et malesuada fames ac ante ipsum primis in faucibus. Nunc tempus consequat neque, et eleifend nulla aliquam eu.",Author 202,9,lanh-ao-phuc-vu-bia-cung-2022,NXB 202,2013,202
https://cdn1.fahasa.com/media/catalog/product/l/y/ly-thuyet-tro-choi-ung-dung-trong-qtkd.jpg,Lý Thuyết Trò Chơi Và Ứng Dụng Trong Quản Trị Kinh Doanh,109500,16,9780085479838,"Lorem ipsum dolor sit amet, consectetur adipiscing elit. Nam congue vel tellus non luctus. Vestibulum vitae nunc lorem. Sed lacinia lectus vel augue imperdiet ultricies. Donec id venenatis ex, vitae pretium ligula. Sed nulla eros, dignissim at feugiat non, posuere sit amet urna. Ut eu porttitor tellus. Cras eu massa nulla. Morbi porta fermentum elit eu iaculis. Pellentesque hendrerit venenatis purus at feugiat. Pellentesque vitae feugiat purus. Donec mattis rhoncus lacinia. Sed quam diam, molestie id laoreet eu, lacinia ac turpis. Cras tincidunt lobortis elit quis aliquam. Proin et massa libero.

Aliquam id pharetra arcu. Vivamus vitae mattis ligula. Sed efficitur urna vitae scelerisque tempor. Proin purus magna, vulputate eu ligula a, vehicula malesuada enim. Curabitur aliquet rutrum enim et tincidunt. Vestibulum ante ipsum primis in faucibus orci luctus et ultrices posuere cubilia curae; Vivamus pharetra enim leo, nec molestie nibh consectetur quis. Class aptent taciti sociosqu ad litora torquent per conubia nostra, per inceptos himenaeos. Nunc quis maximus elit, vitae pulvinar urna. Integer at mi elit. Phasellus vitae rutrum sem. Vivamus et mauris ac nisl congue congue eu eget elit. Nullam at quam velit. Pellentesque dictum, diam nec tempor aliquet, tortor justo fermentum sapien, at condimentum turpis elit vel sapien. Aenean rutrum tellus sodales tortor viverra eleifend.

Donec facilisis, diam efficitur maximus ultrices, enim lectus rutrum elit, eget malesuada mi justo dapibus enim. Maecenas finibus euismod nulla quis dignissim. Sed dictum ante rutrum turpis euismod laoreet. Sed placerat tellus leo. In ut lobortis lorem. Nullam vitae lectus egestas urna tincidunt aliquet. Ut sagittis vel enim eget malesuada. Cras in congue tortor. Interdum et malesuada fames ac ante ipsum primis in faucibus. Nunc tempus consequat neque, et eleifend nulla aliquam eu.",Author 203,20,ly-thuyet-tro-choi-va-ung-dung-trong-quan-tri-kinh-doanh,NXB 203,2019,271
https://cdn1.fahasa.com/media/catalog/product/_/n/_nh-b_a-1_3.jpg,Giữ Người Bằng Tâm - Dẫn Dắt Bằng Tầm,104000,16,9780085479839,"Lorem ipsum dolor sit amet, consectetur adipiscing elit. Nam congue vel tellus non luctus. Vestibulum vitae nunc lorem. Sed lacinia lectus vel augue imperdiet ultricies. Donec id venenatis ex, vitae pretium ligula. Sed nulla eros, dignissim at feugiat non, posuere sit amet urna. Ut eu porttitor tellus. Cras eu massa nulla. Morbi porta fermentum elit eu iaculis. Pellentesque hendrerit venenatis purus at feugiat. Pellentesque vitae feugiat purus. Donec mattis rhoncus lacinia. Sed quam diam, molestie id laoreet eu, lacinia ac turpis. Cras tincidunt lobortis elit quis aliquam. Proin et massa libero.

Aliquam id pharetra arcu. Vivamus vitae mattis ligula. Sed efficitur urna vitae scelerisque tempor. Proin purus magna, vulputate eu ligula a, vehicula malesuada enim. Curabitur aliquet rutrum enim et tincidunt. Vestibulum ante ipsum primis in faucibus orci luctus et ultrices posuere cubilia curae; Vivamus pharetra enim leo, nec molestie nibh consectetur quis. Class aptent taciti sociosqu ad litora torquent per conubia nostra, per inceptos himenaeos. Nunc quis maximus elit, vitae pulvinar urna. Integer at mi elit. Phasellus vitae rutrum sem. Vivamus et mauris ac nisl congue congue eu eget elit. Nullam at quam velit. Pellentesque dictum, diam nec tempor aliquet, tortor justo fermentum sapien, at condimentum turpis elit vel sapien. Aenean rutrum tellus sodales tortor viverra eleifend.

Donec facilisis, diam efficitur maximus ultrices, enim lectus rutrum elit, eget malesuada mi justo dapibus enim. Maecenas finibus euismod nulla quis dignissim. Sed dictum ante rutrum turpis euismod laoreet. Sed placerat tellus leo. In ut lobortis lorem. Nullam vitae lectus egestas urna tincidunt aliquet. Ut sagittis vel enim eget malesuada. Cras in congue tortor. Interdum et malesuada fames ac ante ipsum primis in faucibus. Nunc tempus consequat neque, et eleifend nulla aliquam eu.",Author 204,13,giu-nguoi-bang-tam-dan-dat-bang-tam,NXB 204,2016,221
https://cdn1.fahasa.com/media/catalog/product/m/b/mba-co-ban.jpg,MBA Cơ Bản - Khóa Học Quản Trị Kinh Doanh Cấp Tốc Cho Người Bận Rộn,188300,16,9780085479840,"Lorem ipsum dolor sit amet, consectetur adipiscing elit. Nam congue vel tellus non luctus. Vestibulum vitae nunc lorem. Sed lacinia lectus vel augue imperdiet ultricies. Donec id venenatis ex, vitae pretium ligula. Sed nulla eros, dignissim at feugiat non, posuere sit amet urna. Ut eu porttitor tellus. Cras eu massa nulla. Morbi porta fermentum elit eu iaculis. Pellentesque hendrerit venenatis purus at feugiat. Pellentesque vitae feugiat purus. Donec mattis rhoncus lacinia. Sed quam diam, molestie id laoreet eu, lacinia ac turpis. Cras tincidunt lobortis elit quis aliquam. Proin et massa libero.

Aliquam id pharetra arcu. Vivamus vitae mattis ligula. Sed efficitur urna vitae scelerisque tempor. Proin purus magna, vulputate eu ligula a, vehicula malesuada enim. Curabitur aliquet rutrum enim et tincidunt. Vestibulum ante ipsum primis in faucibus orci luctus et ultrices posuere cubilia curae; Vivamus pharetra enim leo, nec molestie nibh consectetur quis. Class aptent taciti sociosqu ad litora torquent per conubia nostra, per inceptos himenaeos. Nunc quis maximus elit, vitae pulvinar urna. Integer at mi elit. Phasellus vitae rutrum sem. Vivamus et mauris ac nisl congue congue eu eget elit. Nullam at quam velit. Pellentesque dictum, diam nec tempor aliquet, tortor justo fermentum sapien, at condimentum turpis elit vel sapien. Aenean rutrum tellus sodales tortor viverra eleifend.

Donec facilisis, diam efficitur maximus ultrices, enim lectus rutrum elit, eget malesuada mi justo dapibus enim. Maecenas finibus euismod nulla quis dignissim. Sed dictum ante rutrum turpis euismod laoreet. Sed placerat tellus leo. In ut lobortis lorem. Nullam vitae lectus egestas urna tincidunt aliquet. Ut sagittis vel enim eget malesuada. Cras in congue tortor. Interdum et malesuada fames ac ante ipsum primis in faucibus. Nunc tempus consequat neque, et eleifend nulla aliquam eu.",Author 205,11,mba-co-ban-khoa-hoc-quan-tri-kinh-doanh-cap-toc-cho-nguoi-ban-ron,NXB 205,2019,127
https://cdn1.fahasa.com/media/catalog/product/8/9/8935246957547.jpg,"Giữ Ai Buông Ai - Cách Lãnh Đạo SME Phân Loại, Nâng Cấp Và Loại Bỏ Người Không Còn Phù Hợp",159000,16,9780085479841,"Lorem ipsum dolor sit amet, consectetur adipiscing elit. Nam congue vel tellus non luctus. Vestibulum vitae nunc lorem. Sed lacinia lectus vel augue imperdiet ultricies. Donec id venenatis ex, vitae pretium ligula. Sed nulla eros, dignissim at feugiat non, posuere sit amet urna. Ut eu porttitor tellus. Cras eu massa nulla. Morbi porta fermentum elit eu iaculis. Pellentesque hendrerit venenatis purus at feugiat. Pellentesque vitae feugiat purus. Donec mattis rhoncus lacinia. Sed quam diam, molestie id laoreet eu, lacinia ac turpis. Cras tincidunt lobortis elit quis aliquam. Proin et massa libero.

Aliquam id pharetra arcu. Vivamus vitae mattis ligula. Sed efficitur urna vitae scelerisque tempor. Proin purus magna, vulputate eu ligula a, vehicula malesuada enim. Curabitur aliquet rutrum enim et tincidunt. Vestibulum ante ipsum primis in faucibus orci luctus et ultrices posuere cubilia curae; Vivamus pharetra enim leo, nec molestie nibh consectetur quis. Class aptent taciti sociosqu ad litora torquent per conubia nostra, per inceptos himenaeos. Nunc quis maximus elit, vitae pulvinar urna. Integer at mi elit. Phasellus vitae rutrum sem. Vivamus et mauris ac nisl congue congue eu eget elit. Nullam at quam velit. Pellentesque dictum, diam nec tempor aliquet, tortor justo fermentum sapien, at condimentum turpis elit vel sapien. Aenean rutrum tellus sodales tortor viverra eleifend.

Donec facilisis, diam efficitur maximus ultrices, enim lectus rutrum elit, eget malesuada mi justo dapibus enim. Maecenas finibus euismod nulla quis dignissim. Sed dictum ante rutrum turpis euismod laoreet. Sed placerat tellus leo. In ut lobortis lorem. Nullam vitae lectus egestas urna tincidunt aliquet. Ut sagittis vel enim eget malesuada. Cras in congue tortor. Interdum et malesuada fames ac ante ipsum primis in faucibus. Nunc tempus consequat neque, et eleifend nulla aliquam eu.",Author 206,18,giu-ai-buong-ai-cach-lanh-ao-sme-phan-loai-nang-cap-va-loai-bo-nguoi-khong-con-phu-hop,NXB 206,2023,82
https://cdn1.fahasa.com/media/catalog/product/8/9/8935280909182.jpg,Đọc Vị Bất Kỳ Ai - Áp Dụng Trong Doanh Nghiệp (Tái Bản),89000,16,9780085479842,"Lorem ipsum dolor sit amet, consectetur adipiscing elit. Nam congue vel tellus non luctus. Vestibulum vitae nunc lorem. Sed lacinia lectus vel augue imperdiet ultricies. Donec id venenatis ex, vitae pretium ligula. Sed nulla eros, dignissim at feugiat non, posuere sit amet urna. Ut eu porttitor tellus. Cras eu massa nulla. Morbi porta fermentum elit eu iaculis. Pellentesque hendrerit venenatis purus at feugiat. Pellentesque vitae feugiat purus. Donec mattis rhoncus lacinia. Sed quam diam, molestie id laoreet eu, lacinia ac turpis. Cras tincidunt lobortis elit quis aliquam. Proin et massa libero.

Aliquam id pharetra arcu. Vivamus vitae mattis ligula. Sed efficitur urna vitae scelerisque tempor. Proin purus magna, vulputate eu ligula a, vehicula malesuada enim. Curabitur aliquet rutrum enim et tincidunt. Vestibulum ante ipsum primis in faucibus orci luctus et ultrices posuere cubilia curae; Vivamus pharetra enim leo, nec molestie nibh consectetur quis. Class aptent taciti sociosqu ad litora torquent per conubia nostra, per inceptos himenaeos. Nunc quis maximus elit, vitae pulvinar urna. Integer at mi elit. Phasellus vitae rutrum sem. Vivamus et mauris ac nisl congue congue eu eget elit. Nullam at quam velit. Pellentesque dictum, diam nec tempor aliquet, tortor justo fermentum sapien, at condimentum turpis elit vel sapien. Aenean rutrum tellus sodales tortor viverra eleifend.

Donec facilisis, diam efficitur maximus ultrices, enim lectus rutrum elit, eget malesuada mi justo dapibus enim. Maecenas finibus euismod nulla quis dignissim. Sed dictum ante rutrum turpis euismod laoreet. Sed placerat tellus leo. In ut lobortis lorem. Nullam vitae lectus egestas urna tincidunt aliquet. Ut sagittis vel enim eget malesuada. Cras in congue tortor. Interdum et malesuada fames ac ante ipsum primis in faucibus. Nunc tempus consequat neque, et eleifend nulla aliquam eu.",Author 207,6,oc-vi-bat-ky-ai-ap-dung-trong-doanh-nghiep-tai-ban,NXB 207,2001,292
https://cdn1.fahasa.com/media/catalog/product/b/_/b_a-quan-tri-doanh-nghiep-hien-dai.jpg,Quản Trị Công Ty Hiện Đại - Bộ Công Cụ Cho Hội Đồng Quản Trị Thành Công Vượt Trội - Bìa Cứng,237000,16,9780085479843,"Lorem ipsum dolor sit amet, consectetur adipiscing elit. Nam congue vel tellus non luctus. Vestibulum vitae nunc lorem. Sed lacinia lectus vel augue imperdiet ultricies. Donec id venenatis ex, vitae pretium ligula. Sed nulla eros, dignissim at feugiat non, posuere sit amet urna. Ut eu porttitor tellus. Cras eu massa nulla. Morbi porta fermentum elit eu iaculis. Pellentesque hendrerit venenatis purus at feugiat. Pellentesque vitae feugiat purus. Donec mattis rhoncus lacinia. Sed quam diam, molestie id laoreet eu, lacinia ac turpis. Cras tincidunt lobortis elit quis aliquam. Proin et massa libero.

Aliquam id pharetra arcu. Vivamus vitae mattis ligula. Sed efficitur urna vitae scelerisque tempor. Proin purus magna, vulputate eu ligula a, vehicula malesuada enim. Curabitur aliquet rutrum enim et tincidunt. Vestibulum ante ipsum primis in faucibus orci luctus et ultrices posuere cubilia curae; Vivamus pharetra enim leo, nec molestie nibh consectetur quis. Class aptent taciti sociosqu ad litora torquent per conubia nostra, per inceptos himenaeos. Nunc quis maximus elit, vitae pulvinar urna. Integer at mi elit. Phasellus vitae rutrum sem. Vivamus et mauris ac nisl congue congue eu eget elit. Nullam at quam velit. Pellentesque dictum, diam nec tempor aliquet, tortor justo fermentum sapien, at condimentum turpis elit vel sapien. Aenean rutrum tellus sodales tortor viverra eleifend.

Donec facilisis, diam efficitur maximus ultrices, enim lectus rutrum elit, eget malesuada mi justo dapibus enim. Maecenas finibus euismod nulla quis dignissim. Sed dictum ante rutrum turpis euismod laoreet. Sed placerat tellus leo. In ut lobortis lorem. Nullam vitae lectus egestas urna tincidunt aliquet. Ut sagittis vel enim eget malesuada. Cras in congue tortor. Interdum et malesuada fames ac ante ipsum primis in faucibus. Nunc tempus consequat neque, et eleifend nulla aliquam eu.",Author 208,7,quan-tri-cong-ty-hien-ai-bo-cong-cu-cho-hoi-ong-quan-tri-thanh-cong-vuot-troi-bia-cung,NXB 208,2001,207
https://cdn1.fahasa.com/media/catalog/product/b/_/b_a---t_-duy-thi_t-k_-v_-c_c-ch_-s_-_o-l_ng-_i-m_i-s_ng-t_o.jpg,Design Thinking And Innovation Metrics - Tư Duy Thiết Kế Và Các Chỉ Số Đo Lường Đổi Mới Sáng Tạo,319000,16,9780085479844,"Lorem ipsum dolor sit amet, consectetur adipiscing elit. Nam congue vel tellus non luctus. Vestibulum vitae nunc lorem. Sed lacinia lectus vel augue imperdiet ultricies. Donec id venenatis ex, vitae pretium ligula. Sed nulla eros, dignissim at feugiat non, posuere sit amet urna. Ut eu porttitor tellus. Cras eu massa nulla. Morbi porta fermentum elit eu iaculis. Pellentesque hendrerit venenatis purus at feugiat. Pellentesque vitae feugiat purus. Donec mattis rhoncus lacinia. Sed quam diam, molestie id laoreet eu, lacinia ac turpis. Cras tincidunt lobortis elit quis aliquam. Proin et massa libero.

Aliquam id pharetra arcu. Vivamus vitae mattis ligula. Sed efficitur urna vitae scelerisque tempor. Proin purus magna, vulputate eu ligula a, vehicula malesuada enim. Curabitur aliquet rutrum enim et tincidunt. Vestibulum ante ipsum primis in faucibus orci luctus et ultrices posuere cubilia curae; Vivamus pharetra enim leo, nec molestie nibh consectetur quis. Class aptent taciti sociosqu ad litora torquent per conubia nostra, per inceptos himenaeos. Nunc quis maximus elit, vitae pulvinar urna. Integer at mi elit. Phasellus vitae rutrum sem. Vivamus et mauris ac nisl congue congue eu eget elit. Nullam at quam velit. Pellentesque dictum, diam nec tempor aliquet, tortor justo fermentum sapien, at condimentum turpis elit vel sapien. Aenean rutrum tellus sodales tortor viverra eleifend.

Donec facilisis, diam efficitur maximus ultrices, enim lectus rutrum elit, eget malesuada mi justo dapibus enim. Maecenas finibus euismod nulla quis dignissim. Sed dictum ante rutrum turpis euismod laoreet. Sed placerat tellus leo. In ut lobortis lorem. Nullam vitae lectus egestas urna tincidunt aliquet. Ut sagittis vel enim eget malesuada. Cras in congue tortor. Interdum et malesuada fames ac ante ipsum primis in faucibus. Nunc tempus consequat neque, et eleifend nulla aliquam eu.",Author 209,18,design-thinking-and-innovation-metrics-tu-duy-thiet-ke-va-cac-chi-so-o-luong-oi-moi-sang-tao,NXB 209,2025,223
https://cdn1.fahasa.com/media/catalog/product/c/o/combo-8935086852996-8935086855638.jpg,Combo Sách Vị Tu Sĩ Bán Chiếc Ferrari + Thuật Lãnh Đạo Từ Vị Tu Sĩ Bán Chiếc Ferrari (Bộ 2 Cuốn),157680,16,9780085479845,"Lorem ipsum dolor sit amet, consectetur adipiscing elit. Nam congue vel tellus non luctus. Vestibulum vitae nunc lorem. Sed lacinia lectus vel augue imperdiet ultricies. Donec id venenatis ex, vitae pretium ligula. Sed nulla eros, dignissim at feugiat non, posuere sit amet urna. Ut eu porttitor tellus. Cras eu massa nulla. Morbi porta fermentum elit eu iaculis. Pellentesque hendrerit venenatis purus at feugiat. Pellentesque vitae feugiat purus. Donec mattis rhoncus lacinia. Sed quam diam, molestie id laoreet eu, lacinia ac turpis. Cras tincidunt lobortis elit quis aliquam. Proin et massa libero.

Aliquam id pharetra arcu. Vivamus vitae mattis ligula. Sed efficitur urna vitae scelerisque tempor. Proin purus magna, vulputate eu ligula a, vehicula malesuada enim. Curabitur aliquet rutrum enim et tincidunt. Vestibulum ante ipsum primis in faucibus orci luctus et ultrices posuere cubilia curae; Vivamus pharetra enim leo, nec molestie nibh consectetur quis. Class aptent taciti sociosqu ad litora torquent per conubia nostra, per inceptos himenaeos. Nunc quis maximus elit, vitae pulvinar urna. Integer at mi elit. Phasellus vitae rutrum sem. Vivamus et mauris ac nisl congue congue eu eget elit. Nullam at quam velit. Pellentesque dictum, diam nec tempor aliquet, tortor justo fermentum sapien, at condimentum turpis elit vel sapien. Aenean rutrum tellus sodales tortor viverra eleifend.

Donec facilisis, diam efficitur maximus ultrices, enim lectus rutrum elit, eget malesuada mi justo dapibus enim. Maecenas finibus euismod nulla quis dignissim. Sed dictum ante rutrum turpis euismod laoreet. Sed placerat tellus leo. In ut lobortis lorem. Nullam vitae lectus egestas urna tincidunt aliquet. Ut sagittis vel enim eget malesuada. Cras in congue tortor. Interdum et malesuada fames ac ante ipsum primis in faucibus. Nunc tempus consequat neque, et eleifend nulla aliquam eu.",Author 210,12,combo-sach-vi-tu-si-ban-chiec-ferrari-thuat-lanh-ao-tu-vi-tu-si-ban-chiec-ferrari-bo-2-cuon,NXB 210,2006,147
https://cdn1.fahasa.com/media/catalog/product/u/n/untitled-1_1_29.jpg,Tư Duy Mới Trong Quản Trị - Từ Đổi Mới Đến Bứt Phá Và Phát Triển Bền Vững,135000,16,9780085479846,"Lorem ipsum dolor sit amet, consectetur adipiscing elit. Nam congue vel tellus non luctus. Vestibulum vitae nunc lorem. Sed lacinia lectus vel augue imperdiet ultricies. Donec id venenatis ex, vitae pretium ligula. Sed nulla eros, dignissim at feugiat non, posuere sit amet urna. Ut eu porttitor tellus. Cras eu massa nulla. Morbi porta fermentum elit eu iaculis. Pellentesque hendrerit venenatis purus at feugiat. Pellentesque vitae feugiat purus. Donec mattis rhoncus lacinia. Sed quam diam, molestie id laoreet eu, lacinia ac turpis. Cras tincidunt lobortis elit quis aliquam. Proin et massa libero.

Aliquam id pharetra arcu. Vivamus vitae mattis ligula. Sed efficitur urna vitae scelerisque tempor. Proin purus magna, vulputate eu ligula a, vehicula malesuada enim. Curabitur aliquet rutrum enim et tincidunt. Vestibulum ante ipsum primis in faucibus orci luctus et ultrices posuere cubilia curae; Vivamus pharetra enim leo, nec molestie nibh consectetur quis. Class aptent taciti sociosqu ad litora torquent per conubia nostra, per inceptos himenaeos. Nunc quis maximus elit, vitae pulvinar urna. Integer at mi elit. Phasellus vitae rutrum sem. Vivamus et mauris ac nisl congue congue eu eget elit. Nullam at quam velit. Pellentesque dictum, diam nec tempor aliquet, tortor justo fermentum sapien, at condimentum turpis elit vel sapien. Aenean rutrum tellus sodales tortor viverra eleifend.

Donec facilisis, diam efficitur maximus ultrices, enim lectus rutrum elit, eget malesuada mi justo dapibus enim. Maecenas finibus euismod nulla quis dignissim. Sed dictum ante rutrum turpis euismod laoreet. Sed placerat tellus leo. In ut lobortis lorem. Nullam vitae lectus egestas urna tincidunt aliquet. Ut sagittis vel enim eget malesuada. Cras in congue tortor. Interdum et malesuada fames ac ante ipsum primis in faucibus. Nunc tempus consequat neque, et eleifend nulla aliquam eu.",Author 211,12,tu-duy-moi-trong-quan-tri-tu-oi-moi-en-but-pha-va-phat-trien-ben-vung,NXB 211,2002,262
https://cdn1.fahasa.com/media/catalog/product/i/m/image_195509_1_56090_1.jpg,Chuyển Đổi Số - Digital Transformation (Tái Bản 2021),116000,16,9780085479847,"Lorem ipsum dolor sit amet, consectetur adipiscing elit. Nam congue vel tellus non luctus. Vestibulum vitae nunc lorem. Sed lacinia lectus vel augue imperdiet ultricies. Donec id venenatis ex, vitae pretium ligula. Sed nulla eros, dignissim at feugiat non, posuere sit amet urna. Ut eu porttitor tellus. Cras eu massa nulla. Morbi porta fermentum elit eu iaculis. Pellentesque hendrerit venenatis purus at feugiat. Pellentesque vitae feugiat purus. Donec mattis rhoncus lacinia. Sed quam diam, molestie id laoreet eu, lacinia ac turpis. Cras tincidunt lobortis elit quis aliquam. Proin et massa libero.

Aliquam id pharetra arcu. Vivamus vitae mattis ligula. Sed efficitur urna vitae scelerisque tempor. Proin purus magna, vulputate eu ligula a, vehicula malesuada enim. Curabitur aliquet rutrum enim et tincidunt. Vestibulum ante ipsum primis in faucibus orci luctus et ultrices posuere cubilia curae; Vivamus pharetra enim leo, nec molestie nibh consectetur quis. Class aptent taciti sociosqu ad litora torquent per conubia nostra, per inceptos himenaeos. Nunc quis maximus elit, vitae pulvinar urna. Integer at mi elit. Phasellus vitae rutrum sem. Vivamus et mauris ac nisl congue congue eu eget elit. Nullam at quam velit. Pellentesque dictum, diam nec tempor aliquet, tortor justo fermentum sapien, at condimentum turpis elit vel sapien. Aenean rutrum tellus sodales tortor viverra eleifend.

Donec facilisis, diam efficitur maximus ultrices, enim lectus rutrum elit, eget malesuada mi justo dapibus enim. Maecenas finibus euismod nulla quis dignissim. Sed dictum ante rutrum turpis euismod laoreet. Sed placerat tellus leo. In ut lobortis lorem. Nullam vitae lectus egestas urna tincidunt aliquet. Ut sagittis vel enim eget malesuada. Cras in congue tortor. Interdum et malesuada fames ac ante ipsum primis in faucibus. Nunc tempus consequat neque, et eleifend nulla aliquam eu.",Author 212,8,chuyen-oi-so-digital-transformation-tai-ban-2021,NXB 212,2018,146
https://cdn1.fahasa.com/media/catalog/product/8/9/8935251418323_1.jpg,90 Ngày Đầu Tiên Làm Sếp - Bìa Cứng (Tái Bản 2023),194500,16,9780085479848,"Lorem ipsum dolor sit amet, consectetur adipiscing elit. Nam congue vel tellus non luctus. Vestibulum vitae nunc lorem. Sed lacinia lectus vel augue imperdiet ultricies. Donec id venenatis ex, vitae pretium ligula. Sed nulla eros, dignissim at feugiat non, posuere sit amet urna. Ut eu porttitor tellus. Cras eu massa nulla. Morbi porta fermentum elit eu iaculis. Pellentesque hendrerit venenatis purus at feugiat. Pellentesque vitae feugiat purus. Donec mattis rhoncus lacinia. Sed quam diam, molestie id laoreet eu, lacinia ac turpis. Cras tincidunt lobortis elit quis aliquam. Proin et massa libero.

Aliquam id pharetra arcu. Vivamus vitae mattis ligula. Sed efficitur urna vitae scelerisque tempor. Proin purus magna, vulputate eu ligula a, vehicula malesuada enim. Curabitur aliquet rutrum enim et tincidunt. Vestibulum ante ipsum primis in faucibus orci luctus et ultrices posuere cubilia curae; Vivamus pharetra enim leo, nec molestie nibh consectetur quis. Class aptent taciti sociosqu ad litora torquent per conubia nostra, per inceptos himenaeos. Nunc quis maximus elit, vitae pulvinar urna. Integer at mi elit. Phasellus vitae rutrum sem. Vivamus et mauris ac nisl congue congue eu eget elit. Nullam at quam velit. Pellentesque dictum, diam nec tempor aliquet, tortor justo fermentum sapien, at condimentum turpis elit vel sapien. Aenean rutrum tellus sodales tortor viverra eleifend.

Donec facilisis, diam efficitur maximus ultrices, enim lectus rutrum elit, eget malesuada mi justo dapibus enim. Maecenas finibus euismod nulla quis dignissim. Sed dictum ante rutrum turpis euismod laoreet. Sed placerat tellus leo. In ut lobortis lorem. Nullam vitae lectus egestas urna tincidunt aliquet. Ut sagittis vel enim eget malesuada. Cras in congue tortor. Interdum et malesuada fames ac ante ipsum primis in faucibus. Nunc tempus consequat neque, et eleifend nulla aliquam eu.",Author 213,14,90-ngay-au-tien-lam-sep-bia-cung-tai-ban-2023,NXB 213,2002,258
https://cdn1.fahasa.com/media/catalog/product/p/d/pdca-lap-ke-hoach-thuc-chien-quan-ly-rui-ro-va-toi-uu-hieu-suat---t8-2026---outline-02.jpg,PDCA - Lập Kế Hoạch Thực Chiến Quản Lý Rủi Ro Và Tối Ưu Hiệu Suất,143000,16,9780085479849,"Lorem ipsum dolor sit amet, consectetur adipiscing elit. Nam congue vel tellus non luctus. Vestibulum vitae nunc lorem. Sed lacinia lectus vel augue imperdiet ultricies. Donec id venenatis ex, vitae pretium ligula. Sed nulla eros, dignissim at feugiat non, posuere sit amet urna. Ut eu porttitor tellus. Cras eu massa nulla. Morbi porta fermentum elit eu iaculis. Pellentesque hendrerit venenatis purus at feugiat. Pellentesque vitae feugiat purus. Donec mattis rhoncus lacinia. Sed quam diam, molestie id laoreet eu, lacinia ac turpis. Cras tincidunt lobortis elit quis aliquam. Proin et massa libero.

Aliquam id pharetra arcu. Vivamus vitae mattis ligula. Sed efficitur urna vitae scelerisque tempor. Proin purus magna, vulputate eu ligula a, vehicula malesuada enim. Curabitur aliquet rutrum enim et tincidunt. Vestibulum ante ipsum primis in faucibus orci luctus et ultrices posuere cubilia curae; Vivamus pharetra enim leo, nec molestie nibh consectetur quis. Class aptent taciti sociosqu ad litora torquent per conubia nostra, per inceptos himenaeos. Nunc quis maximus elit, vitae pulvinar urna. Integer at mi elit. Phasellus vitae rutrum sem. Vivamus et mauris ac nisl congue congue eu eget elit. Nullam at quam velit. Pellentesque dictum, diam nec tempor aliquet, tortor justo fermentum sapien, at condimentum turpis elit vel sapien. Aenean rutrum tellus sodales tortor viverra eleifend.

Donec facilisis, diam efficitur maximus ultrices, enim lectus rutrum elit, eget malesuada mi justo dapibus enim. Maecenas finibus euismod nulla quis dignissim. Sed dictum ante rutrum turpis euismod laoreet. Sed placerat tellus leo. In ut lobortis lorem. Nullam vitae lectus egestas urna tincidunt aliquet. Ut sagittis vel enim eget malesuada. Cras in congue tortor. Interdum et malesuada fames ac ante ipsum primis in faucibus. Nunc tempus consequat neque, et eleifend nulla aliquam eu.",Author 214,9,pdca-lap-ke-hoach-thuc-chien-quan-ly-rui-ro-va-toi-uu-hieu-suat,NXB 214,2006,300
https://cdn1.fahasa.com/media/catalog/product/8/9/8935251418033.jpg,"Kaizen - Cải Tiến Hiện Trường, Hiệu Quả Tức Thì - Thực Hành Kaizen Trong Doanh Nghiệp Việt",143500,16,9780085479850,"Lorem ipsum dolor sit amet, consectetur adipiscing elit. Nam congue vel tellus non luctus. Vestibulum vitae nunc lorem. Sed lacinia lectus vel augue imperdiet ultricies. Donec id venenatis ex, vitae pretium ligula. Sed nulla eros, dignissim at feugiat non, posuere sit amet urna. Ut eu porttitor tellus. Cras eu massa nulla. Morbi porta fermentum elit eu iaculis. Pellentesque hendrerit venenatis purus at feugiat. Pellentesque vitae feugiat purus. Donec mattis rhoncus lacinia. Sed quam diam, molestie id laoreet eu, lacinia ac turpis. Cras tincidunt lobortis elit quis aliquam. Proin et massa libero.

Aliquam id pharetra arcu. Vivamus vitae mattis ligula. Sed efficitur urna vitae scelerisque tempor. Proin purus magna, vulputate eu ligula a, vehicula malesuada enim. Curabitur aliquet rutrum enim et tincidunt. Vestibulum ante ipsum primis in faucibus orci luctus et ultrices posuere cubilia curae; Vivamus pharetra enim leo, nec molestie nibh consectetur quis. Class aptent taciti sociosqu ad litora torquent per conubia nostra, per inceptos himenaeos. Nunc quis maximus elit, vitae pulvinar urna. Integer at mi elit. Phasellus vitae rutrum sem. Vivamus et mauris ac nisl congue congue eu eget elit. Nullam at quam velit. Pellentesque dictum, diam nec tempor aliquet, tortor justo fermentum sapien, at condimentum turpis elit vel sapien. Aenean rutrum tellus sodales tortor viverra eleifend.

Donec facilisis, diam efficitur maximus ultrices, enim lectus rutrum elit, eget malesuada mi justo dapibus enim. Maecenas finibus euismod nulla quis dignissim. Sed dictum ante rutrum turpis euismod laoreet. Sed placerat tellus leo. In ut lobortis lorem. Nullam vitae lectus egestas urna tincidunt aliquet. Ut sagittis vel enim eget malesuada. Cras in congue tortor. Interdum et malesuada fames ac ante ipsum primis in faucibus. Nunc tempus consequat neque, et eleifend nulla aliquam eu.",Author 215,19,kaizen-cai-tien-hien-truong-hieu-qua-tuc-thi-thuc-hanh-kaizen-trong-doanh-nghiep-viet,NXB 215,2016,165
https://cdn1.fahasa.com/media/catalog/product/q/u/quantriduan_bia1.jpg,Quản Trị Dự Án - Project Management QuickStart Guide,228000,16,9780085479851,"Lorem ipsum dolor sit amet, consectetur adipiscing elit. Nam congue vel tellus non luctus. Vestibulum vitae nunc lorem. Sed lacinia lectus vel augue imperdiet ultricies. Donec id venenatis ex, vitae pretium ligula. Sed nulla eros, dignissim at feugiat non, posuere sit amet urna. Ut eu porttitor tellus. Cras eu massa nulla. Morbi porta fermentum elit eu iaculis. Pellentesque hendrerit venenatis purus at feugiat. Pellentesque vitae feugiat purus. Donec mattis rhoncus lacinia. Sed quam diam, molestie id laoreet eu, lacinia ac turpis. Cras tincidunt lobortis elit quis aliquam. Proin et massa libero.

Aliquam id pharetra arcu. Vivamus vitae mattis ligula. Sed efficitur urna vitae scelerisque tempor. Proin purus magna, vulputate eu ligula a, vehicula malesuada enim. Curabitur aliquet rutrum enim et tincidunt. Vestibulum ante ipsum primis in faucibus orci luctus et ultrices posuere cubilia curae; Vivamus pharetra enim leo, nec molestie nibh consectetur quis. Class aptent taciti sociosqu ad litora torquent per conubia nostra, per inceptos himenaeos. Nunc quis maximus elit, vitae pulvinar urna. Integer at mi elit. Phasellus vitae rutrum sem. Vivamus et mauris ac nisl congue congue eu eget elit. Nullam at quam velit. Pellentesque dictum, diam nec tempor aliquet, tortor justo fermentum sapien, at condimentum turpis elit vel sapien. Aenean rutrum tellus sodales tortor viverra eleifend.

Donec facilisis, diam efficitur maximus ultrices, enim lectus rutrum elit, eget malesuada mi justo dapibus enim. Maecenas finibus euismod nulla quis dignissim. Sed dictum ante rutrum turpis euismod laoreet. Sed placerat tellus leo. In ut lobortis lorem. Nullam vitae lectus egestas urna tincidunt aliquet. Ut sagittis vel enim eget malesuada. Cras in congue tortor. Interdum et malesuada fames ac ante ipsum primis in faucibus. Nunc tempus consequat neque, et eleifend nulla aliquam eu.",Author 216,6,quan-tri-du-an-project-management-quickstart-guide,NXB 216,2004,289
https://cdn1.fahasa.com/media/catalog/product/i/m/image_195509_1_41516.jpg,Quản Trị Rủi Ro Pháp Lý Trong Kinh Doanh,168000,16,9780085479852,"Lorem ipsum dolor sit amet, consectetur adipiscing elit. Nam congue vel tellus non luctus. Vestibulum vitae nunc lorem. Sed lacinia lectus vel augue imperdiet ultricies. Donec id venenatis ex, vitae pretium ligula. Sed nulla eros, dignissim at feugiat non, posuere sit amet urna. Ut eu porttitor tellus. Cras eu massa nulla. Morbi porta fermentum elit eu iaculis. Pellentesque hendrerit venenatis purus at feugiat. Pellentesque vitae feugiat purus. Donec mattis rhoncus lacinia. Sed quam diam, molestie id laoreet eu, lacinia ac turpis. Cras tincidunt lobortis elit quis aliquam. Proin et massa libero.

Aliquam id pharetra arcu. Vivamus vitae mattis ligula. Sed efficitur urna vitae scelerisque tempor. Proin purus magna, vulputate eu ligula a, vehicula malesuada enim. Curabitur aliquet rutrum enim et tincidunt. Vestibulum ante ipsum primis in faucibus orci luctus et ultrices posuere cubilia curae; Vivamus pharetra enim leo, nec molestie nibh consectetur quis. Class aptent taciti sociosqu ad litora torquent per conubia nostra, per inceptos himenaeos. Nunc quis maximus elit, vitae pulvinar urna. Integer at mi elit. Phasellus vitae rutrum sem. Vivamus et mauris ac nisl congue congue eu eget elit. Nullam at quam velit. Pellentesque dictum, diam nec tempor aliquet, tortor justo fermentum sapien, at condimentum turpis elit vel sapien. Aenean rutrum tellus sodales tortor viverra eleifend.

Donec facilisis, diam efficitur maximus ultrices, enim lectus rutrum elit, eget malesuada mi justo dapibus enim. Maecenas finibus euismod nulla quis dignissim. Sed dictum ante rutrum turpis euismod laoreet. Sed placerat tellus leo. In ut lobortis lorem. Nullam vitae lectus egestas urna tincidunt aliquet. Ut sagittis vel enim eget malesuada. Cras in congue tortor. Interdum et malesuada fames ac ante ipsum primis in faucibus. Nunc tempus consequat neque, et eleifend nulla aliquam eu.",Author 217,13,quan-tri-rui-ro-phap-ly-trong-kinh-doanh,NXB 217,2010,253
https://cdn1.fahasa.com/media/catalog/product/n/h/nha-dau-thu-thong-minh-tb.jpg,Nhà Đầu Tư Thông Minh - The Intelligent Investor (Tái Bản 2025),238000,21,9780085479853,"Lorem ipsum dolor sit amet, consectetur adipiscing elit. Nam congue vel tellus non luctus. Vestibulum vitae nunc lorem. Sed lacinia lectus vel augue imperdiet ultricies. Donec id venenatis ex, vitae pretium ligula. Sed nulla eros, dignissim at feugiat non, posuere sit amet urna. Ut eu porttitor tellus. Cras eu massa nulla. Morbi porta fermentum elit eu iaculis. Pellentesque hendrerit venenatis purus at feugiat. Pellentesque vitae feugiat purus. Donec mattis rhoncus lacinia. Sed quam diam, molestie id laoreet eu, lacinia ac turpis. Cras tincidunt lobortis elit quis aliquam. Proin et massa libero.

Aliquam id pharetra arcu. Vivamus vitae mattis ligula. Sed efficitur urna vitae scelerisque tempor. Proin purus magna, vulputate eu ligula a, vehicula malesuada enim. Curabitur aliquet rutrum enim et tincidunt. Vestibulum ante ipsum primis in faucibus orci luctus et ultrices posuere cubilia curae; Vivamus pharetra enim leo, nec molestie nibh consectetur quis. Class aptent taciti sociosqu ad litora torquent per conubia nostra, per inceptos himenaeos. Nunc quis maximus elit, vitae pulvinar urna. Integer at mi elit. Phasellus vitae rutrum sem. Vivamus et mauris ac nisl congue congue eu eget elit. Nullam at quam velit. Pellentesque dictum, diam nec tempor aliquet, tortor justo fermentum sapien, at condimentum turpis elit vel sapien. Aenean rutrum tellus sodales tortor viverra eleifend.

Donec facilisis, diam efficitur maximus ultrices, enim lectus rutrum elit, eget malesuada mi justo dapibus enim. Maecenas finibus euismod nulla quis dignissim. Sed dictum ante rutrum turpis euismod laoreet. Sed placerat tellus leo. In ut lobortis lorem. Nullam vitae lectus egestas urna tincidunt aliquet. Ut sagittis vel enim eget malesuada. Cras in congue tortor. Interdum et malesuada fames ac ante ipsum primis in faucibus. Nunc tempus consequat neque, et eleifend nulla aliquam eu.",Author 218,3,nha-au-tu-thong-minh-the-intelligent-investor-tai-ban-2025,NXB 218,2023,248
https://cdn1.fahasa.com/media/catalog/product/i/m/image_239806.jpg,Cổ Phiếu Thường Lợi Nhuận Phi Thường (Tái Bản),139300,21,9780085479854,"Lorem ipsum dolor sit amet, consectetur adipiscing elit. Nam congue vel tellus non luctus. Vestibulum vitae nunc lorem. Sed lacinia lectus vel augue imperdiet ultricies. Donec id venenatis ex, vitae pretium ligula. Sed nulla eros, dignissim at feugiat non, posuere sit amet urna. Ut eu porttitor tellus. Cras eu massa nulla. Morbi porta fermentum elit eu iaculis. Pellentesque hendrerit venenatis purus at feugiat. Pellentesque vitae feugiat purus. Donec mattis rhoncus lacinia. Sed quam diam, molestie id laoreet eu, lacinia ac turpis. Cras tincidunt lobortis elit quis aliquam. Proin et massa libero.

Aliquam id pharetra arcu. Vivamus vitae mattis ligula. Sed efficitur urna vitae scelerisque tempor. Proin purus magna, vulputate eu ligula a, vehicula malesuada enim. Curabitur aliquet rutrum enim et tincidunt. Vestibulum ante ipsum primis in faucibus orci luctus et ultrices posuere cubilia curae; Vivamus pharetra enim leo, nec molestie nibh consectetur quis. Class aptent taciti sociosqu ad litora torquent per conubia nostra, per inceptos himenaeos. Nunc quis maximus elit, vitae pulvinar urna. Integer at mi elit. Phasellus vitae rutrum sem. Vivamus et mauris ac nisl congue congue eu eget elit. Nullam at quam velit. Pellentesque dictum, diam nec tempor aliquet, tortor justo fermentum sapien, at condimentum turpis elit vel sapien. Aenean rutrum tellus sodales tortor viverra eleifend.

Donec facilisis, diam efficitur maximus ultrices, enim lectus rutrum elit, eget malesuada mi justo dapibus enim. Maecenas finibus euismod nulla quis dignissim. Sed dictum ante rutrum turpis euismod laoreet. Sed placerat tellus leo. In ut lobortis lorem. Nullam vitae lectus egestas urna tincidunt aliquet. Ut sagittis vel enim eget malesuada. Cras in congue tortor. Interdum et malesuada fames ac ante ipsum primis in faucibus. Nunc tempus consequat neque, et eleifend nulla aliquam eu.",Author 219,18,co-phieu-thuong-loi-nhuan-phi-thuong-tai-ban,NXB 219,2012,109
https://cdn1.fahasa.com/media/catalog/product/9/7/9786043461626.jpg,Lý Thuyết Dow - Khoa Học Đầu Cơ Chứng Khoán: Bí Quyết Phân Tích Hành Vi Thị Trường Của Cha Đẻ Chỉ Số Dow Jones (Tái Bản 2023),46500,21,9780085479855,"Lorem ipsum dolor sit amet, consectetur adipiscing elit. Nam congue vel tellus non luctus. Vestibulum vitae nunc lorem. Sed lacinia lectus vel augue imperdiet ultricies. Donec id venenatis ex, vitae pretium ligula. Sed nulla eros, dignissim at feugiat non, posuere sit amet urna. Ut eu porttitor tellus. Cras eu massa nulla. Morbi porta fermentum elit eu iaculis. Pellentesque hendrerit venenatis purus at feugiat. Pellentesque vitae feugiat purus. Donec mattis rhoncus lacinia. Sed quam diam, molestie id laoreet eu, lacinia ac turpis. Cras tincidunt lobortis elit quis aliquam. Proin et massa libero.

Aliquam id pharetra arcu. Vivamus vitae mattis ligula. Sed efficitur urna vitae scelerisque tempor. Proin purus magna, vulputate eu ligula a, vehicula malesuada enim. Curabitur aliquet rutrum enim et tincidunt. Vestibulum ante ipsum primis in faucibus orci luctus et ultrices posuere cubilia curae; Vivamus pharetra enim leo, nec molestie nibh consectetur quis. Class aptent taciti sociosqu ad litora torquent per conubia nostra, per inceptos himenaeos. Nunc quis maximus elit, vitae pulvinar urna. Integer at mi elit. Phasellus vitae rutrum sem. Vivamus et mauris ac nisl congue congue eu eget elit. Nullam at quam velit. Pellentesque dictum, diam nec tempor aliquet, tortor justo fermentum sapien, at condimentum turpis elit vel sapien. Aenean rutrum tellus sodales tortor viverra eleifend.

Donec facilisis, diam efficitur maximus ultrices, enim lectus rutrum elit, eget malesuada mi justo dapibus enim. Maecenas finibus euismod nulla quis dignissim. Sed dictum ante rutrum turpis euismod laoreet. Sed placerat tellus leo. In ut lobortis lorem. Nullam vitae lectus egestas urna tincidunt aliquet. Ut sagittis vel enim eget malesuada. Cras in congue tortor. Interdum et malesuada fames ac ante ipsum primis in faucibus. Nunc tempus consequat neque, et eleifend nulla aliquam eu.",Author 220,6,ly-thuyet-dow-khoa-hoc-au-co-chung-khoan-bi-quyet-phan-tich-hanh-vi-thi-truong-cua-cha-e-chi-so-dow-jones-tai-ban-2023,NXB 220,2011,136
https://cdn1.fahasa.com/media/catalog/product/8/9/8936066693837.jpg,Jesse Livermore - Nhà Đầu Tư Chứng Khoán Vĩ Đại,175000,21,9780085479856,"Lorem ipsum dolor sit amet, consectetur adipiscing elit. Nam congue vel tellus non luctus. Vestibulum vitae nunc lorem. Sed lacinia lectus vel augue imperdiet ultricies. Donec id venenatis ex, vitae pretium ligula. Sed nulla eros, dignissim at feugiat non, posuere sit amet urna. Ut eu porttitor tellus. Cras eu massa nulla. Morbi porta fermentum elit eu iaculis. Pellentesque hendrerit venenatis purus at feugiat. Pellentesque vitae feugiat purus. Donec mattis rhoncus lacinia. Sed quam diam, molestie id laoreet eu, lacinia ac turpis. Cras tincidunt lobortis elit quis aliquam. Proin et massa libero.

Aliquam id pharetra arcu. Vivamus vitae mattis ligula. Sed efficitur urna vitae scelerisque tempor. Proin purus magna, vulputate eu ligula a, vehicula malesuada enim. Curabitur aliquet rutrum enim et tincidunt. Vestibulum ante ipsum primis in faucibus orci luctus et ultrices posuere cubilia curae; Vivamus pharetra enim leo, nec molestie nibh consectetur quis. Class aptent taciti sociosqu ad litora torquent per conubia nostra, per inceptos himenaeos. Nunc quis maximus elit, vitae pulvinar urna. Integer at mi elit. Phasellus vitae rutrum sem. Vivamus et mauris ac nisl congue congue eu eget elit. Nullam at quam velit. Pellentesque dictum, diam nec tempor aliquet, tortor justo fermentum sapien, at condimentum turpis elit vel sapien. Aenean rutrum tellus sodales tortor viverra eleifend.

Donec facilisis, diam efficitur maximus ultrices, enim lectus rutrum elit, eget malesuada mi justo dapibus enim. Maecenas finibus euismod nulla quis dignissim. Sed dictum ante rutrum turpis euismod laoreet. Sed placerat tellus leo. In ut lobortis lorem. Nullam vitae lectus egestas urna tincidunt aliquet. Ut sagittis vel enim eget malesuada. Cras in congue tortor. Interdum et malesuada fames ac ante ipsum primis in faucibus. Nunc tempus consequat neque, et eleifend nulla aliquam eu.",Author 221,5,jesse-livermore-nha-au-tu-chung-khoan-vi-ai,NXB 221,2022,242
https://cdn1.fahasa.com/media/catalog/product/b/i/bia_11.jpg,Chiến Lược Đầu Tư Vàng Sinh Lời,87000,21,9780085479857,"Lorem ipsum dolor sit amet, consectetur adipiscing elit. Nam congue vel tellus non luctus. Vestibulum vitae nunc lorem. Sed lacinia lectus vel augue imperdiet ultricies. Donec id venenatis ex, vitae pretium ligula. Sed nulla eros, dignissim at feugiat non, posuere sit amet urna. Ut eu porttitor tellus. Cras eu massa nulla. Morbi porta fermentum elit eu iaculis. Pellentesque hendrerit venenatis purus at feugiat. Pellentesque vitae feugiat purus. Donec mattis rhoncus lacinia. Sed quam diam, molestie id laoreet eu, lacinia ac turpis. Cras tincidunt lobortis elit quis aliquam. Proin et massa libero.

Aliquam id pharetra arcu. Vivamus vitae mattis ligula. Sed efficitur urna vitae scelerisque tempor. Proin purus magna, vulputate eu ligula a, vehicula malesuada enim. Curabitur aliquet rutrum enim et tincidunt. Vestibulum ante ipsum primis in faucibus orci luctus et ultrices posuere cubilia curae; Vivamus pharetra enim leo, nec molestie nibh consectetur quis. Class aptent taciti sociosqu ad litora torquent per conubia nostra, per inceptos himenaeos. Nunc quis maximus elit, vitae pulvinar urna. Integer at mi elit. Phasellus vitae rutrum sem. Vivamus et mauris ac nisl congue congue eu eget elit. Nullam at quam velit. Pellentesque dictum, diam nec tempor aliquet, tortor justo fermentum sapien, at condimentum turpis elit vel sapien. Aenean rutrum tellus sodales tortor viverra eleifend.

Donec facilisis, diam efficitur maximus ultrices, enim lectus rutrum elit, eget malesuada mi justo dapibus enim. Maecenas finibus euismod nulla quis dignissim. Sed dictum ante rutrum turpis euismod laoreet. Sed placerat tellus leo. In ut lobortis lorem. Nullam vitae lectus egestas urna tincidunt aliquet. Ut sagittis vel enim eget malesuada. Cras in congue tortor. Interdum et malesuada fames ac ante ipsum primis in faucibus. Nunc tempus consequat neque, et eleifend nulla aliquam eu.",Author 222,12,chien-luoc-au-tu-vang-sinh-loi,NXB 222,2002,101
https://cdn1.fahasa.com/media/catalog/product/9/7/9786043461435.jpg,Tâm Lý Thị Trường Chứng Khoán - Hành Vi Đám Đông Và Sự Thật Đằng Sau Những Con Sóng (Tái Bản 2023),42500,21,9780085479858,"Lorem ipsum dolor sit amet, consectetur adipiscing elit. Nam congue vel tellus non luctus. Vestibulum vitae nunc lorem. Sed lacinia lectus vel augue imperdiet ultricies. Donec id venenatis ex, vitae pretium ligula. Sed nulla eros, dignissim at feugiat non, posuere sit amet urna. Ut eu porttitor tellus. Cras eu massa nulla. Morbi porta fermentum elit eu iaculis. Pellentesque hendrerit venenatis purus at feugiat. Pellentesque vitae feugiat purus. Donec mattis rhoncus lacinia. Sed quam diam, molestie id laoreet eu, lacinia ac turpis. Cras tincidunt lobortis elit quis aliquam. Proin et massa libero.

Aliquam id pharetra arcu. Vivamus vitae mattis ligula. Sed efficitur urna vitae scelerisque tempor. Proin purus magna, vulputate eu ligula a, vehicula malesuada enim. Curabitur aliquet rutrum enim et tincidunt. Vestibulum ante ipsum primis in faucibus orci luctus et ultrices posuere cubilia curae; Vivamus pharetra enim leo, nec molestie nibh consectetur quis. Class aptent taciti sociosqu ad litora torquent per conubia nostra, per inceptos himenaeos. Nunc quis maximus elit, vitae pulvinar urna. Integer at mi elit. Phasellus vitae rutrum sem. Vivamus et mauris ac nisl congue congue eu eget elit. Nullam at quam velit. Pellentesque dictum, diam nec tempor aliquet, tortor justo fermentum sapien, at condimentum turpis elit vel sapien. Aenean rutrum tellus sodales tortor viverra eleifend.

Donec facilisis, diam efficitur maximus ultrices, enim lectus rutrum elit, eget malesuada mi justo dapibus enim. Maecenas finibus euismod nulla quis dignissim. Sed dictum ante rutrum turpis euismod laoreet. Sed placerat tellus leo. In ut lobortis lorem. Nullam vitae lectus egestas urna tincidunt aliquet. Ut sagittis vel enim eget malesuada. Cras in congue tortor. Interdum et malesuada fames ac ante ipsum primis in faucibus. Nunc tempus consequat neque, et eleifend nulla aliquam eu.",Author 223,13,tam-ly-thi-truong-chung-khoan-hanh-vi-am-ong-va-su-that-ang-sau-nhung-con-song-tai-ban-2023,NXB 223,2022,66
https://cdn1.fahasa.com/media/catalog/product/_/n/_ng-d_ng-ai-trong-_u-t_-t_i-ch_nh-b_a-1.jpg,Ứng Dụng AI Trong Đầu Tư Tài Chính,191000,21,9780085479859,"Lorem ipsum dolor sit amet, consectetur adipiscing elit. Nam congue vel tellus non luctus. Vestibulum vitae nunc lorem. Sed lacinia lectus vel augue imperdiet ultricies. Donec id venenatis ex, vitae pretium ligula. Sed nulla eros, dignissim at feugiat non, posuere sit amet urna. Ut eu porttitor tellus. Cras eu massa nulla. Morbi porta fermentum elit eu iaculis. Pellentesque hendrerit venenatis purus at feugiat. Pellentesque vitae feugiat purus. Donec mattis rhoncus lacinia. Sed quam diam, molestie id laoreet eu, lacinia ac turpis. Cras tincidunt lobortis elit quis aliquam. Proin et massa libero.

Aliquam id pharetra arcu. Vivamus vitae mattis ligula. Sed efficitur urna vitae scelerisque tempor. Proin purus magna, vulputate eu ligula a, vehicula malesuada enim. Curabitur aliquet rutrum enim et tincidunt. Vestibulum ante ipsum primis in faucibus orci luctus et ultrices posuere cubilia curae; Vivamus pharetra enim leo, nec molestie nibh consectetur quis. Class aptent taciti sociosqu ad litora torquent per conubia nostra, per inceptos himenaeos. Nunc quis maximus elit, vitae pulvinar urna. Integer at mi elit. Phasellus vitae rutrum sem. Vivamus et mauris ac nisl congue congue eu eget elit. Nullam at quam velit. Pellentesque dictum, diam nec tempor aliquet, tortor justo fermentum sapien, at condimentum turpis elit vel sapien. Aenean rutrum tellus sodales tortor viverra eleifend.

Donec facilisis, diam efficitur maximus ultrices, enim lectus rutrum elit, eget malesuada mi justo dapibus enim. Maecenas finibus euismod nulla quis dignissim. Sed dictum ante rutrum turpis euismod laoreet. Sed placerat tellus leo. In ut lobortis lorem. Nullam vitae lectus egestas urna tincidunt aliquet. Ut sagittis vel enim eget malesuada. Cras in congue tortor. Interdum et malesuada fames ac ante ipsum primis in faucibus. Nunc tempus consequat neque, et eleifend nulla aliquam eu.",Author 224,16,ung-dung-ai-trong-au-tu-tai-chinh,NXB 224,2018,279
https://cdn1.fahasa.com/media/catalog/product/i/m/image_193380_1.jpg,Phân Tích Thị Trường Chứng Khoán (Tái Bản 2023),175000,21,9780085479860,"Lorem ipsum dolor sit amet, consectetur adipiscing elit. Nam congue vel tellus non luctus. Vestibulum vitae nunc lorem. Sed lacinia lectus vel augue imperdiet ultricies. Donec id venenatis ex, vitae pretium ligula. Sed nulla eros, dignissim at feugiat non, posuere sit amet urna. Ut eu porttitor tellus. Cras eu massa nulla. Morbi porta fermentum elit eu iaculis. Pellentesque hendrerit venenatis purus at feugiat. Pellentesque vitae feugiat purus. Donec mattis rhoncus lacinia. Sed quam diam, molestie id laoreet eu, lacinia ac turpis. Cras tincidunt lobortis elit quis aliquam. Proin et massa libero.

Aliquam id pharetra arcu. Vivamus vitae mattis ligula. Sed efficitur urna vitae scelerisque tempor. Proin purus magna, vulputate eu ligula a, vehicula malesuada enim. Curabitur aliquet rutrum enim et tincidunt. Vestibulum ante ipsum primis in faucibus orci luctus et ultrices posuere cubilia curae; Vivamus pharetra enim leo, nec molestie nibh consectetur quis. Class aptent taciti sociosqu ad litora torquent per conubia nostra, per inceptos himenaeos. Nunc quis maximus elit, vitae pulvinar urna. Integer at mi elit. Phasellus vitae rutrum sem. Vivamus et mauris ac nisl congue congue eu eget elit. Nullam at quam velit. Pellentesque dictum, diam nec tempor aliquet, tortor justo fermentum sapien, at condimentum turpis elit vel sapien. Aenean rutrum tellus sodales tortor viverra eleifend.

Donec facilisis, diam efficitur maximus ultrices, enim lectus rutrum elit, eget malesuada mi justo dapibus enim. Maecenas finibus euismod nulla quis dignissim. Sed dictum ante rutrum turpis euismod laoreet. Sed placerat tellus leo. In ut lobortis lorem. Nullam vitae lectus egestas urna tincidunt aliquet. Ut sagittis vel enim eget malesuada. Cras in congue tortor. Interdum et malesuada fames ac ante ipsum primis in faucibus. Nunc tempus consequat neque, et eleifend nulla aliquam eu.",Author 225,5,phan-tich-thi-truong-chung-khoan-tai-ban-2023,NXB 225,2021,233
https://cdn1.fahasa.com/media/catalog/product/k/y/ky-thuat-phan-tich-va-dau-tu-co-phieu-thuc-chien-01.jpg,Kỹ Thuật Phân Tích Và Đầu Tư Cổ Phiếu Thực Chiến,156000,21,9780085479861,"Lorem ipsum dolor sit amet, consectetur adipiscing elit. Nam congue vel tellus non luctus. Vestibulum vitae nunc lorem. Sed lacinia lectus vel augue imperdiet ultricies. Donec id venenatis ex, vitae pretium ligula. Sed nulla eros, dignissim at feugiat non, posuere sit amet urna. Ut eu porttitor tellus. Cras eu massa nulla. Morbi porta fermentum elit eu iaculis. Pellentesque hendrerit venenatis purus at feugiat. Pellentesque vitae feugiat purus. Donec mattis rhoncus lacinia. Sed quam diam, molestie id laoreet eu, lacinia ac turpis. Cras tincidunt lobortis elit quis aliquam. Proin et massa libero.

Aliquam id pharetra arcu. Vivamus vitae mattis ligula. Sed efficitur urna vitae scelerisque tempor. Proin purus magna, vulputate eu ligula a, vehicula malesuada enim. Curabitur aliquet rutrum enim et tincidunt. Vestibulum ante ipsum primis in faucibus orci luctus et ultrices posuere cubilia curae; Vivamus pharetra enim leo, nec molestie nibh consectetur quis. Class aptent taciti sociosqu ad litora torquent per conubia nostra, per inceptos himenaeos. Nunc quis maximus elit, vitae pulvinar urna. Integer at mi elit. Phasellus vitae rutrum sem. Vivamus et mauris ac nisl congue congue eu eget elit. Nullam at quam velit. Pellentesque dictum, diam nec tempor aliquet, tortor justo fermentum sapien, at condimentum turpis elit vel sapien. Aenean rutrum tellus sodales tortor viverra eleifend.

Donec facilisis, diam efficitur maximus ultrices, enim lectus rutrum elit, eget malesuada mi justo dapibus enim. Maecenas finibus euismod nulla quis dignissim. Sed dictum ante rutrum turpis euismod laoreet. Sed placerat tellus leo. In ut lobortis lorem. Nullam vitae lectus egestas urna tincidunt aliquet. Ut sagittis vel enim eget malesuada. Cras in congue tortor. Interdum et malesuada fames ac ante ipsum primis in faucibus. Nunc tempus consequat neque, et eleifend nulla aliquam eu.",Author 226,16,ky-thuat-phan-tich-va-au-tu-co-phieu-thuc-chien,NXB 226,2013,133
https://cdn1.fahasa.com/media/catalog/product/9/7/9786326044331.jpg,Phù Thuỷ Giao Dịch Chứng Khoán - Trade Like A Stock Market Wizard,499000,21,9780085479862,"Lorem ipsum dolor sit amet, consectetur adipiscing elit. Nam congue vel tellus non luctus. Vestibulum vitae nunc lorem. Sed lacinia lectus vel augue imperdiet ultricies. Donec id venenatis ex, vitae pretium ligula. Sed nulla eros, dignissim at feugiat non, posuere sit amet urna. Ut eu porttitor tellus. Cras eu massa nulla. Morbi porta fermentum elit eu iaculis. Pellentesque hendrerit venenatis purus at feugiat. Pellentesque vitae feugiat purus. Donec mattis rhoncus lacinia. Sed quam diam, molestie id laoreet eu, lacinia ac turpis. Cras tincidunt lobortis elit quis aliquam. Proin et massa libero.

Aliquam id pharetra arcu. Vivamus vitae mattis ligula. Sed efficitur urna vitae scelerisque tempor. Proin purus magna, vulputate eu ligula a, vehicula malesuada enim. Curabitur aliquet rutrum enim et tincidunt. Vestibulum ante ipsum primis in faucibus orci luctus et ultrices posuere cubilia curae; Vivamus pharetra enim leo, nec molestie nibh consectetur quis. Class aptent taciti sociosqu ad litora torquent per conubia nostra, per inceptos himenaeos. Nunc quis maximus elit, vitae pulvinar urna. Integer at mi elit. Phasellus vitae rutrum sem. Vivamus et mauris ac nisl congue congue eu eget elit. Nullam at quam velit. Pellentesque dictum, diam nec tempor aliquet, tortor justo fermentum sapien, at condimentum turpis elit vel sapien. Aenean rutrum tellus sodales tortor viverra eleifend.

Donec facilisis, diam efficitur maximus ultrices, enim lectus rutrum elit, eget malesuada mi justo dapibus enim. Maecenas finibus euismod nulla quis dignissim. Sed dictum ante rutrum turpis euismod laoreet. Sed placerat tellus leo. In ut lobortis lorem. Nullam vitae lectus egestas urna tincidunt aliquet. Ut sagittis vel enim eget malesuada. Cras in congue tortor. Interdum et malesuada fames ac ante ipsum primis in faucibus. Nunc tempus consequat neque, et eleifend nulla aliquam eu.",Author 227,18,phu-thuy-giao-dich-chung-khoan-trade-like-a-stock-market-wizard,NXB 227,2025,202
https://cdn1.fahasa.com/media/catalog/product/q/u/quy-tac-so-1_6.6.jpg,Rule #1 - Quy Tắc Số 1,169000,21,9780085479863,"Lorem ipsum dolor sit amet, consectetur adipiscing elit. Nam congue vel tellus non luctus. Vestibulum vitae nunc lorem. Sed lacinia lectus vel augue imperdiet ultricies. Donec id venenatis ex, vitae pretium ligula. Sed nulla eros, dignissim at feugiat non, posuere sit amet urna. Ut eu porttitor tellus. Cras eu massa nulla. Morbi porta fermentum elit eu iaculis. Pellentesque hendrerit venenatis purus at feugiat. Pellentesque vitae feugiat purus. Donec mattis rhoncus lacinia. Sed quam diam, molestie id laoreet eu, lacinia ac turpis. Cras tincidunt lobortis elit quis aliquam. Proin et massa libero.

Aliquam id pharetra arcu. Vivamus vitae mattis ligula. Sed efficitur urna vitae scelerisque tempor. Proin purus magna, vulputate eu ligula a, vehicula malesuada enim. Curabitur aliquet rutrum enim et tincidunt. Vestibulum ante ipsum primis in faucibus orci luctus et ultrices posuere cubilia curae; Vivamus pharetra enim leo, nec molestie nibh consectetur quis. Class aptent taciti sociosqu ad litora torquent per conubia nostra, per inceptos himenaeos. Nunc quis maximus elit, vitae pulvinar urna. Integer at mi elit. Phasellus vitae rutrum sem. Vivamus et mauris ac nisl congue congue eu eget elit. Nullam at quam velit. Pellentesque dictum, diam nec tempor aliquet, tortor justo fermentum sapien, at condimentum turpis elit vel sapien. Aenean rutrum tellus sodales tortor viverra eleifend.

Donec facilisis, diam efficitur maximus ultrices, enim lectus rutrum elit, eget malesuada mi justo dapibus enim. Maecenas finibus euismod nulla quis dignissim. Sed dictum ante rutrum turpis euismod laoreet. Sed placerat tellus leo. In ut lobortis lorem. Nullam vitae lectus egestas urna tincidunt aliquet. Ut sagittis vel enim eget malesuada. Cras in congue tortor. Interdum et malesuada fames ac ante ipsum primis in faucibus. Nunc tempus consequat neque, et eleifend nulla aliquam eu.",Author 228,15,rule-1-quy-tac-so-1,NXB 228,2020,92
https://cdn1.fahasa.com/media/catalog/product/8/9/8936066693974.jpg,Kỹ Thuật Phân Tích Đầu Tư Chứng Khoán,135000,21,9780085479864,"Lorem ipsum dolor sit amet, consectetur adipiscing elit. Nam congue vel tellus non luctus. Vestibulum vitae nunc lorem. Sed lacinia lectus vel augue imperdiet ultricies. Donec id venenatis ex, vitae pretium ligula. Sed nulla eros, dignissim at feugiat non, posuere sit amet urna. Ut eu porttitor tellus. Cras eu massa nulla. Morbi porta fermentum elit eu iaculis. Pellentesque hendrerit venenatis purus at feugiat. Pellentesque vitae feugiat purus. Donec mattis rhoncus lacinia. Sed quam diam, molestie id laoreet eu, lacinia ac turpis. Cras tincidunt lobortis elit quis aliquam. Proin et massa libero.

Aliquam id pharetra arcu. Vivamus vitae mattis ligula. Sed efficitur urna vitae scelerisque tempor. Proin purus magna, vulputate eu ligula a, vehicula malesuada enim. Curabitur aliquet rutrum enim et tincidunt. Vestibulum ante ipsum primis in faucibus orci luctus et ultrices posuere cubilia curae; Vivamus pharetra enim leo, nec molestie nibh consectetur quis. Class aptent taciti sociosqu ad litora torquent per conubia nostra, per inceptos himenaeos. Nunc quis maximus elit, vitae pulvinar urna. Integer at mi elit. Phasellus vitae rutrum sem. Vivamus et mauris ac nisl congue congue eu eget elit. Nullam at quam velit. Pellentesque dictum, diam nec tempor aliquet, tortor justo fermentum sapien, at condimentum turpis elit vel sapien. Aenean rutrum tellus sodales tortor viverra eleifend.

Donec facilisis, diam efficitur maximus ultrices, enim lectus rutrum elit, eget malesuada mi justo dapibus enim. Maecenas finibus euismod nulla quis dignissim. Sed dictum ante rutrum turpis euismod laoreet. Sed placerat tellus leo. In ut lobortis lorem. Nullam vitae lectus egestas urna tincidunt aliquet. Ut sagittis vel enim eget malesuada. Cras in congue tortor. Interdum et malesuada fames ac ante ipsum primis in faucibus. Nunc tempus consequat neque, et eleifend nulla aliquam eu.",Author 229,13,ky-thuat-phan-tich-au-tu-chung-khoan,NXB 229,2002,145
https://cdn1.fahasa.com/media/catalog/product/9/7/9786044838304.jpg,Open House - Khám Phá Bí Mật Bán Nhà Nhanh,299000,21,9780085479865,"Lorem ipsum dolor sit amet, consectetur adipiscing elit. Nam congue vel tellus non luctus. Vestibulum vitae nunc lorem. Sed lacinia lectus vel augue imperdiet ultricies. Donec id venenatis ex, vitae pretium ligula. Sed nulla eros, dignissim at feugiat non, posuere sit amet urna. Ut eu porttitor tellus. Cras eu massa nulla. Morbi porta fermentum elit eu iaculis. Pellentesque hendrerit venenatis purus at feugiat. Pellentesque vitae feugiat purus. Donec mattis rhoncus lacinia. Sed quam diam, molestie id laoreet eu, lacinia ac turpis. Cras tincidunt lobortis elit quis aliquam. Proin et massa libero.

Aliquam id pharetra arcu. Vivamus vitae mattis ligula. Sed efficitur urna vitae scelerisque tempor. Proin purus magna, vulputate eu ligula a, vehicula malesuada enim. Curabitur aliquet rutrum enim et tincidunt. Vestibulum ante ipsum primis in faucibus orci luctus et ultrices posuere cubilia curae; Vivamus pharetra enim leo, nec molestie nibh consectetur quis. Class aptent taciti sociosqu ad litora torquent per conubia nostra, per inceptos himenaeos. Nunc quis maximus elit, vitae pulvinar urna. Integer at mi elit. Phasellus vitae rutrum sem. Vivamus et mauris ac nisl congue congue eu eget elit. Nullam at quam velit. Pellentesque dictum, diam nec tempor aliquet, tortor justo fermentum sapien, at condimentum turpis elit vel sapien. Aenean rutrum tellus sodales tortor viverra eleifend.

Donec facilisis, diam efficitur maximus ultrices, enim lectus rutrum elit, eget malesuada mi justo dapibus enim. Maecenas finibus euismod nulla quis dignissim. Sed dictum ante rutrum turpis euismod laoreet. Sed placerat tellus leo. In ut lobortis lorem. Nullam vitae lectus egestas urna tincidunt aliquet. Ut sagittis vel enim eget malesuada. Cras in congue tortor. Interdum et malesuada fames ac ante ipsum primis in faucibus. Nunc tempus consequat neque, et eleifend nulla aliquam eu.",Author 230,14,open-house-kham-pha-bi-mat-ban-nha-nhanh,NXB 230,2019,138
https://cdn1.fahasa.com/media/catalog/product/9/7/9786048480967_1.jpg,Để Không Mất Bạc Tỷ Trong Lần Đầu Kiếm Tiền Từ Bất Động Sản,292500,21,9780085479866,"Lorem ipsum dolor sit amet, consectetur adipiscing elit. Nam congue vel tellus non luctus. Vestibulum vitae nunc lorem. Sed lacinia lectus vel augue imperdiet ultricies. Donec id venenatis ex, vitae pretium ligula. Sed nulla eros, dignissim at feugiat non, posuere sit amet urna. Ut eu porttitor tellus. Cras eu massa nulla. Morbi porta fermentum elit eu iaculis. Pellentesque hendrerit venenatis purus at feugiat. Pellentesque vitae feugiat purus. Donec mattis rhoncus lacinia. Sed quam diam, molestie id laoreet eu, lacinia ac turpis. Cras tincidunt lobortis elit quis aliquam. Proin et massa libero.

Aliquam id pharetra arcu. Vivamus vitae mattis ligula. Sed efficitur urna vitae scelerisque tempor. Proin purus magna, vulputate eu ligula a, vehicula malesuada enim. Curabitur aliquet rutrum enim et tincidunt. Vestibulum ante ipsum primis in faucibus orci luctus et ultrices posuere cubilia curae; Vivamus pharetra enim leo, nec molestie nibh consectetur quis. Class aptent taciti sociosqu ad litora torquent per conubia nostra, per inceptos himenaeos. Nunc quis maximus elit, vitae pulvinar urna. Integer at mi elit. Phasellus vitae rutrum sem. Vivamus et mauris ac nisl congue congue eu eget elit. Nullam at quam velit. Pellentesque dictum, diam nec tempor aliquet, tortor justo fermentum sapien, at condimentum turpis elit vel sapien. Aenean rutrum tellus sodales tortor viverra eleifend.

Donec facilisis, diam efficitur maximus ultrices, enim lectus rutrum elit, eget malesuada mi justo dapibus enim. Maecenas finibus euismod nulla quis dignissim. Sed dictum ante rutrum turpis euismod laoreet. Sed placerat tellus leo. In ut lobortis lorem. Nullam vitae lectus egestas urna tincidunt aliquet. Ut sagittis vel enim eget malesuada. Cras in congue tortor. Interdum et malesuada fames ac ante ipsum primis in faucibus. Nunc tempus consequat neque, et eleifend nulla aliquam eu.",Author 231,16,e-khong-mat-bac-ty-trong-lan-au-kiem-tien-tu-bat-ong-san,NXB 231,2001,235
https://cdn1.fahasa.com/media/catalog/product/8/9/8936066694506.jpg,The Little Book - Tâm Lý Trong Đầu Tư Chứng Khoán,135000,21,9780085479867,"Lorem ipsum dolor sit amet, consectetur adipiscing elit. Nam congue vel tellus non luctus. Vestibulum vitae nunc lorem. Sed lacinia lectus vel augue imperdiet ultricies. Donec id venenatis ex, vitae pretium ligula. Sed nulla eros, dignissim at feugiat non, posuere sit amet urna. Ut eu porttitor tellus. Cras eu massa nulla. Morbi porta fermentum elit eu iaculis. Pellentesque hendrerit venenatis purus at feugiat. Pellentesque vitae feugiat purus. Donec mattis rhoncus lacinia. Sed quam diam, molestie id laoreet eu, lacinia ac turpis. Cras tincidunt lobortis elit quis aliquam. Proin et massa libero.

Aliquam id pharetra arcu. Vivamus vitae mattis ligula. Sed efficitur urna vitae scelerisque tempor. Proin purus magna, vulputate eu ligula a, vehicula malesuada enim. Curabitur aliquet rutrum enim et tincidunt. Vestibulum ante ipsum primis in faucibus orci luctus et ultrices posuere cubilia curae; Vivamus pharetra enim leo, nec molestie nibh consectetur quis. Class aptent taciti sociosqu ad litora torquent per conubia nostra, per inceptos himenaeos. Nunc quis maximus elit, vitae pulvinar urna. Integer at mi elit. Phasellus vitae rutrum sem. Vivamus et mauris ac nisl congue congue eu eget elit. Nullam at quam velit. Pellentesque dictum, diam nec tempor aliquet, tortor justo fermentum sapien, at condimentum turpis elit vel sapien. Aenean rutrum tellus sodales tortor viverra eleifend.

Donec facilisis, diam efficitur maximus ultrices, enim lectus rutrum elit, eget malesuada mi justo dapibus enim. Maecenas finibus euismod nulla quis dignissim. Sed dictum ante rutrum turpis euismod laoreet. Sed placerat tellus leo. In ut lobortis lorem. Nullam vitae lectus egestas urna tincidunt aliquet. Ut sagittis vel enim eget malesuada. Cras in congue tortor. Interdum et malesuada fames ac ante ipsum primis in faucibus. Nunc tempus consequat neque, et eleifend nulla aliquam eu.",Author 232,12,the-little-book-tam-ly-trong-au-tu-chung-khoan,NXB 232,2010,283
https://cdn1.fahasa.com/media/catalog/product/d/a/dau-tu-theo-chien-luoc-phong-thu-bia-1.jpg,The Little Book - Đầu Tư Theo Chiến Lược Phòng Thủ,152000,21,9780085479868,"Lorem ipsum dolor sit amet, consectetur adipiscing elit. Nam congue vel tellus non luctus. Vestibulum vitae nunc lorem. Sed lacinia lectus vel augue imperdiet ultricies. Donec id venenatis ex, vitae pretium ligula. Sed nulla eros, dignissim at feugiat non, posuere sit amet urna. Ut eu porttitor tellus. Cras eu massa nulla. Morbi porta fermentum elit eu iaculis. Pellentesque hendrerit venenatis purus at feugiat. Pellentesque vitae feugiat purus. Donec mattis rhoncus lacinia. Sed quam diam, molestie id laoreet eu, lacinia ac turpis. Cras tincidunt lobortis elit quis aliquam. Proin et massa libero.

Aliquam id pharetra arcu. Vivamus vitae mattis ligula. Sed efficitur urna vitae scelerisque tempor. Proin purus magna, vulputate eu ligula a, vehicula malesuada enim. Curabitur aliquet rutrum enim et tincidunt. Vestibulum ante ipsum primis in faucibus orci luctus et ultrices posuere cubilia curae; Vivamus pharetra enim leo, nec molestie nibh consectetur quis. Class aptent taciti sociosqu ad litora torquent per conubia nostra, per inceptos himenaeos. Nunc quis maximus elit, vitae pulvinar urna. Integer at mi elit. Phasellus vitae rutrum sem. Vivamus et mauris ac nisl congue congue eu eget elit. Nullam at quam velit. Pellentesque dictum, diam nec tempor aliquet, tortor justo fermentum sapien, at condimentum turpis elit vel sapien. Aenean rutrum tellus sodales tortor viverra eleifend.

Donec facilisis, diam efficitur maximus ultrices, enim lectus rutrum elit, eget malesuada mi justo dapibus enim. Maecenas finibus euismod nulla quis dignissim. Sed dictum ante rutrum turpis euismod laoreet. Sed placerat tellus leo. In ut lobortis lorem. Nullam vitae lectus egestas urna tincidunt aliquet. Ut sagittis vel enim eget malesuada. Cras in congue tortor. Interdum et malesuada fames ac ante ipsum primis in faucibus. Nunc tempus consequat neque, et eleifend nulla aliquam eu.",Author 233,16,the-little-book-au-tu-theo-chien-luoc-phong-thu,NXB 233,2011,121
https://cdn1.fahasa.com/media/catalog/product/9/7/9786326119312.jpg,Hiểu Biết Căn Bản Về Bất Động Sản,143000,21,9780085479869,"Lorem ipsum dolor sit amet, consectetur adipiscing elit. Nam congue vel tellus non luctus. Vestibulum vitae nunc lorem. Sed lacinia lectus vel augue imperdiet ultricies. Donec id venenatis ex, vitae pretium ligula. Sed nulla eros, dignissim at feugiat non, posuere sit amet urna. Ut eu porttitor tellus. Cras eu massa nulla. Morbi porta fermentum elit eu iaculis. Pellentesque hendrerit venenatis purus at feugiat. Pellentesque vitae feugiat purus. Donec mattis rhoncus lacinia. Sed quam diam, molestie id laoreet eu, lacinia ac turpis. Cras tincidunt lobortis elit quis aliquam. Proin et massa libero.

Aliquam id pharetra arcu. Vivamus vitae mattis ligula. Sed efficitur urna vitae scelerisque tempor. Proin purus magna, vulputate eu ligula a, vehicula malesuada enim. Curabitur aliquet rutrum enim et tincidunt. Vestibulum ante ipsum primis in faucibus orci luctus et ultrices posuere cubilia curae; Vivamus pharetra enim leo, nec molestie nibh consectetur quis. Class aptent taciti sociosqu ad litora torquent per conubia nostra, per inceptos himenaeos. Nunc quis maximus elit, vitae pulvinar urna. Integer at mi elit. Phasellus vitae rutrum sem. Vivamus et mauris ac nisl congue congue eu eget elit. Nullam at quam velit. Pellentesque dictum, diam nec tempor aliquet, tortor justo fermentum sapien, at condimentum turpis elit vel sapien. Aenean rutrum tellus sodales tortor viverra eleifend.

Donec facilisis, diam efficitur maximus ultrices, enim lectus rutrum elit, eget malesuada mi justo dapibus enim. Maecenas finibus euismod nulla quis dignissim. Sed dictum ante rutrum turpis euismod laoreet. Sed placerat tellus leo. In ut lobortis lorem. Nullam vitae lectus egestas urna tincidunt aliquet. Ut sagittis vel enim eget malesuada. Cras in congue tortor. Interdum et malesuada fames ac ante ipsum primis in faucibus. Nunc tempus consequat neque, et eleifend nulla aliquam eu.",Author 234,13,hieu-biet-can-ban-ve-bat-ong-san,NXB 234,2011,77
https://cdn1.fahasa.com/media/catalog/product/i/m/image_189655.jpg,Làm Giàu Qua Chứng Khoán,140000,21,9780085479870,"Lorem ipsum dolor sit amet, consectetur adipiscing elit. Nam congue vel tellus non luctus. Vestibulum vitae nunc lorem. Sed lacinia lectus vel augue imperdiet ultricies. Donec id venenatis ex, vitae pretium ligula. Sed nulla eros, dignissim at feugiat non, posuere sit amet urna. Ut eu porttitor tellus. Cras eu massa nulla. Morbi porta fermentum elit eu iaculis. Pellentesque hendrerit venenatis purus at feugiat. Pellentesque vitae feugiat purus. Donec mattis rhoncus lacinia. Sed quam diam, molestie id laoreet eu, lacinia ac turpis. Cras tincidunt lobortis elit quis aliquam. Proin et massa libero.

Aliquam id pharetra arcu. Vivamus vitae mattis ligula. Sed efficitur urna vitae scelerisque tempor. Proin purus magna, vulputate eu ligula a, vehicula malesuada enim. Curabitur aliquet rutrum enim et tincidunt. Vestibulum ante ipsum primis in faucibus orci luctus et ultrices posuere cubilia curae; Vivamus pharetra enim leo, nec molestie nibh consectetur quis. Class aptent taciti sociosqu ad litora torquent per conubia nostra, per inceptos himenaeos. Nunc quis maximus elit, vitae pulvinar urna. Integer at mi elit. Phasellus vitae rutrum sem. Vivamus et mauris ac nisl congue congue eu eget elit. Nullam at quam velit. Pellentesque dictum, diam nec tempor aliquet, tortor justo fermentum sapien, at condimentum turpis elit vel sapien. Aenean rutrum tellus sodales tortor viverra eleifend.

Donec facilisis, diam efficitur maximus ultrices, enim lectus rutrum elit, eget malesuada mi justo dapibus enim. Maecenas finibus euismod nulla quis dignissim. Sed dictum ante rutrum turpis euismod laoreet. Sed placerat tellus leo. In ut lobortis lorem. Nullam vitae lectus egestas urna tincidunt aliquet. Ut sagittis vel enim eget malesuada. Cras in congue tortor. Interdum et malesuada fames ac ante ipsum primis in faucibus. Nunc tempus consequat neque, et eleifend nulla aliquam eu.",Author 235,18,lam-giau-qua-chung-khoan,NXB 235,2013,262
https://cdn1.fahasa.com/media/catalog/product/8/9/8935325027819.jpg,200 Bài Học Vỡ Lòng Chứng Khoán Cho Nhà Đầu Tư FO,183000,21,9780085479871,"Lorem ipsum dolor sit amet, consectetur adipiscing elit. Nam congue vel tellus non luctus. Vestibulum vitae nunc lorem. Sed lacinia lectus vel augue imperdiet ultricies. Donec id venenatis ex, vitae pretium ligula. Sed nulla eros, dignissim at feugiat non, posuere sit amet urna. Ut eu porttitor tellus. Cras eu massa nulla. Morbi porta fermentum elit eu iaculis. Pellentesque hendrerit venenatis purus at feugiat. Pellentesque vitae feugiat purus. Donec mattis rhoncus lacinia. Sed quam diam, molestie id laoreet eu, lacinia ac turpis. Cras tincidunt lobortis elit quis aliquam. Proin et massa libero.

Aliquam id pharetra arcu. Vivamus vitae mattis ligula. Sed efficitur urna vitae scelerisque tempor. Proin purus magna, vulputate eu ligula a, vehicula malesuada enim. Curabitur aliquet rutrum enim et tincidunt. Vestibulum ante ipsum primis in faucibus orci luctus et ultrices posuere cubilia curae; Vivamus pharetra enim leo, nec molestie nibh consectetur quis. Class aptent taciti sociosqu ad litora torquent per conubia nostra, per inceptos himenaeos. Nunc quis maximus elit, vitae pulvinar urna. Integer at mi elit. Phasellus vitae rutrum sem. Vivamus et mauris ac nisl congue congue eu eget elit. Nullam at quam velit. Pellentesque dictum, diam nec tempor aliquet, tortor justo fermentum sapien, at condimentum turpis elit vel sapien. Aenean rutrum tellus sodales tortor viverra eleifend.

Donec facilisis, diam efficitur maximus ultrices, enim lectus rutrum elit, eget malesuada mi justo dapibus enim. Maecenas finibus euismod nulla quis dignissim. Sed dictum ante rutrum turpis euismod laoreet. Sed placerat tellus leo. In ut lobortis lorem. Nullam vitae lectus egestas urna tincidunt aliquet. Ut sagittis vel enim eget malesuada. Cras in congue tortor. Interdum et malesuada fames ac ante ipsum primis in faucibus. Nunc tempus consequat neque, et eleifend nulla aliquam eu.",Author 236,10,200-bai-hoc-vo-long-chung-khoan-cho-nha-au-tu-fo,NXB 236,2002,195
https://cdn1.fahasa.com/media/catalog/product/8/9/8936066696463.jpg,Kỹ Thuật Phân Tích Biểu Đồ Chứng Khoán,135000,21,9780085479872,"Lorem ipsum dolor sit amet, consectetur adipiscing elit. Nam congue vel tellus non luctus. Vestibulum vitae nunc lorem. Sed lacinia lectus vel augue imperdiet ultricies. Donec id venenatis ex, vitae pretium ligula. Sed nulla eros, dignissim at feugiat non, posuere sit amet urna. Ut eu porttitor tellus. Cras eu massa nulla. Morbi porta fermentum elit eu iaculis. Pellentesque hendrerit venenatis purus at feugiat. Pellentesque vitae feugiat purus. Donec mattis rhoncus lacinia. Sed quam diam, molestie id laoreet eu, lacinia ac turpis. Cras tincidunt lobortis elit quis aliquam. Proin et massa libero.

Aliquam id pharetra arcu. Vivamus vitae mattis ligula. Sed efficitur urna vitae scelerisque tempor. Proin purus magna, vulputate eu ligula a, vehicula malesuada enim. Curabitur aliquet rutrum enim et tincidunt. Vestibulum ante ipsum primis in faucibus orci luctus et ultrices posuere cubilia curae; Vivamus pharetra enim leo, nec molestie nibh consectetur quis. Class aptent taciti sociosqu ad litora torquent per conubia nostra, per inceptos himenaeos. Nunc quis maximus elit, vitae pulvinar urna. Integer at mi elit. Phasellus vitae rutrum sem. Vivamus et mauris ac nisl congue congue eu eget elit. Nullam at quam velit. Pellentesque dictum, diam nec tempor aliquet, tortor justo fermentum sapien, at condimentum turpis elit vel sapien. Aenean rutrum tellus sodales tortor viverra eleifend.

Donec facilisis, diam efficitur maximus ultrices, enim lectus rutrum elit, eget malesuada mi justo dapibus enim. Maecenas finibus euismod nulla quis dignissim. Sed dictum ante rutrum turpis euismod laoreet. Sed placerat tellus leo. In ut lobortis lorem. Nullam vitae lectus egestas urna tincidunt aliquet. Ut sagittis vel enim eget malesuada. Cras in congue tortor. Interdum et malesuada fames ac ante ipsum primis in faucibus. Nunc tempus consequat neque, et eleifend nulla aliquam eu.",Author 237,16,ky-thuat-phan-tich-bieu-o-chung-khoan,NXB 237,2006,134
https://cdn1.fahasa.com/media/catalog/product/m/u/muon-ga-de-trung---converted-01_1.jpg,Mượn Gà Đẻ Trứng,151000,21,9780085479873,"Lorem ipsum dolor sit amet, consectetur adipiscing elit. Nam congue vel tellus non luctus. Vestibulum vitae nunc lorem. Sed lacinia lectus vel augue imperdiet ultricies. Donec id venenatis ex, vitae pretium ligula. Sed nulla eros, dignissim at feugiat non, posuere sit amet urna. Ut eu porttitor tellus. Cras eu massa nulla. Morbi porta fermentum elit eu iaculis. Pellentesque hendrerit venenatis purus at feugiat. Pellentesque vitae feugiat purus. Donec mattis rhoncus lacinia. Sed quam diam, molestie id laoreet eu, lacinia ac turpis. Cras tincidunt lobortis elit quis aliquam. Proin et massa libero.

Aliquam id pharetra arcu. Vivamus vitae mattis ligula. Sed efficitur urna vitae scelerisque tempor. Proin purus magna, vulputate eu ligula a, vehicula malesuada enim. Curabitur aliquet rutrum enim et tincidunt. Vestibulum ante ipsum primis in faucibus orci luctus et ultrices posuere cubilia curae; Vivamus pharetra enim leo, nec molestie nibh consectetur quis. Class aptent taciti sociosqu ad litora torquent per conubia nostra, per inceptos himenaeos. Nunc quis maximus elit, vitae pulvinar urna. Integer at mi elit. Phasellus vitae rutrum sem. Vivamus et mauris ac nisl congue congue eu eget elit. Nullam at quam velit. Pellentesque dictum, diam nec tempor aliquet, tortor justo fermentum sapien, at condimentum turpis elit vel sapien. Aenean rutrum tellus sodales tortor viverra eleifend.

Donec facilisis, diam efficitur maximus ultrices, enim lectus rutrum elit, eget malesuada mi justo dapibus enim. Maecenas finibus euismod nulla quis dignissim. Sed dictum ante rutrum turpis euismod laoreet. Sed placerat tellus leo. In ut lobortis lorem. Nullam vitae lectus egestas urna tincidunt aliquet. Ut sagittis vel enim eget malesuada. Cras in congue tortor. Interdum et malesuada fames ac ante ipsum primis in faucibus. Nunc tempus consequat neque, et eleifend nulla aliquam eu.",Author 238,15,muon-ga-e-trung,NXB 238,2002,282
https://cdn1.fahasa.com/media/catalog/product/9/7/9786043937480.jpg,Bí Mật Tìm Kiếm Cổ Phiếu Ngoại Hạng,151200,21,9780085479874,"Lorem ipsum dolor sit amet, consectetur adipiscing elit. Nam congue vel tellus non luctus. Vestibulum vitae nunc lorem. Sed lacinia lectus vel augue imperdiet ultricies. Donec id venenatis ex, vitae pretium ligula. Sed nulla eros, dignissim at feugiat non, posuere sit amet urna. Ut eu porttitor tellus. Cras eu massa nulla. Morbi porta fermentum elit eu iaculis. Pellentesque hendrerit venenatis purus at feugiat. Pellentesque vitae feugiat purus. Donec mattis rhoncus lacinia. Sed quam diam, molestie id laoreet eu, lacinia ac turpis. Cras tincidunt lobortis elit quis aliquam. Proin et massa libero.

Aliquam id pharetra arcu. Vivamus vitae mattis ligula. Sed efficitur urna vitae scelerisque tempor. Proin purus magna, vulputate eu ligula a, vehicula malesuada enim. Curabitur aliquet rutrum enim et tincidunt. Vestibulum ante ipsum primis in faucibus orci luctus et ultrices posuere cubilia curae; Vivamus pharetra enim leo, nec molestie nibh consectetur quis. Class aptent taciti sociosqu ad litora torquent per conubia nostra, per inceptos himenaeos. Nunc quis maximus elit, vitae pulvinar urna. Integer at mi elit. Phasellus vitae rutrum sem. Vivamus et mauris ac nisl congue congue eu eget elit. Nullam at quam velit. Pellentesque dictum, diam nec tempor aliquet, tortor justo fermentum sapien, at condimentum turpis elit vel sapien. Aenean rutrum tellus sodales tortor viverra eleifend.

Donec facilisis, diam efficitur maximus ultrices, enim lectus rutrum elit, eget malesuada mi justo dapibus enim. Maecenas finibus euismod nulla quis dignissim. Sed dictum ante rutrum turpis euismod laoreet. Sed placerat tellus leo. In ut lobortis lorem. Nullam vitae lectus egestas urna tincidunt aliquet. Ut sagittis vel enim eget malesuada. Cras in congue tortor. Interdum et malesuada fames ac ante ipsum primis in faucibus. Nunc tempus consequat neque, et eleifend nulla aliquam eu.",Author 239,19,bi-mat-tim-kiem-co-phieu-ngoai-hang,NXB 239,2025,178
https://cdn1.fahasa.com/media/catalog/product/i/m/image_232600.jpg,Chiến Lược Đầu Tư Chứng Khoán (Tái Bản 2021),143500,21,9780085479875,"Lorem ipsum dolor sit amet, consectetur adipiscing elit. Nam congue vel tellus non luctus. Vestibulum vitae nunc lorem. Sed lacinia lectus vel augue imperdiet ultricies. Donec id venenatis ex, vitae pretium ligula. Sed nulla eros, dignissim at feugiat non, posuere sit amet urna. Ut eu porttitor tellus. Cras eu massa nulla. Morbi porta fermentum elit eu iaculis. Pellentesque hendrerit venenatis purus at feugiat. Pellentesque vitae feugiat purus. Donec mattis rhoncus lacinia. Sed quam diam, molestie id laoreet eu, lacinia ac turpis. Cras tincidunt lobortis elit quis aliquam. Proin et massa libero.

Aliquam id pharetra arcu. Vivamus vitae mattis ligula. Sed efficitur urna vitae scelerisque tempor. Proin purus magna, vulputate eu ligula a, vehicula malesuada enim. Curabitur aliquet rutrum enim et tincidunt. Vestibulum ante ipsum primis in faucibus orci luctus et ultrices posuere cubilia curae; Vivamus pharetra enim leo, nec molestie nibh consectetur quis. Class aptent taciti sociosqu ad litora torquent per conubia nostra, per inceptos himenaeos. Nunc quis maximus elit, vitae pulvinar urna. Integer at mi elit. Phasellus vitae rutrum sem. Vivamus et mauris ac nisl congue congue eu eget elit. Nullam at quam velit. Pellentesque dictum, diam nec tempor aliquet, tortor justo fermentum sapien, at condimentum turpis elit vel sapien. Aenean rutrum tellus sodales tortor viverra eleifend.

Donec facilisis, diam efficitur maximus ultrices, enim lectus rutrum elit, eget malesuada mi justo dapibus enim. Maecenas finibus euismod nulla quis dignissim. Sed dictum ante rutrum turpis euismod laoreet. Sed placerat tellus leo. In ut lobortis lorem. Nullam vitae lectus egestas urna tincidunt aliquet. Ut sagittis vel enim eget malesuada. Cras in congue tortor. Interdum et malesuada fames ac ante ipsum primis in faucibus. Nunc tempus consequat neque, et eleifend nulla aliquam eu.",Author 240,17,chien-luoc-au-tu-chung-khoan-tai-ban-2021,NXB 240,2017,65
https://cdn1.fahasa.com/media/catalog/product/8/9/8936066696517.jpg,Phương Pháp Đầu Tư Cổ Phiếu Tăng Trưởng,127000,21,9780085479876,"Lorem ipsum dolor sit amet, consectetur adipiscing elit. Nam congue vel tellus non luctus. Vestibulum vitae nunc lorem. Sed lacinia lectus vel augue imperdiet ultricies. Donec id venenatis ex, vitae pretium ligula. Sed nulla eros, dignissim at feugiat non, posuere sit amet urna. Ut eu porttitor tellus. Cras eu massa nulla. Morbi porta fermentum elit eu iaculis. Pellentesque hendrerit venenatis purus at feugiat. Pellentesque vitae feugiat purus. Donec mattis rhoncus lacinia. Sed quam diam, molestie id laoreet eu, lacinia ac turpis. Cras tincidunt lobortis elit quis aliquam. Proin et massa libero.

Aliquam id pharetra arcu. Vivamus vitae mattis ligula. Sed efficitur urna vitae scelerisque tempor. Proin purus magna, vulputate eu ligula a, vehicula malesuada enim. Curabitur aliquet rutrum enim et tincidunt. Vestibulum ante ipsum primis in faucibus orci luctus et ultrices posuere cubilia curae; Vivamus pharetra enim leo, nec molestie nibh consectetur quis. Class aptent taciti sociosqu ad litora torquent per conubia nostra, per inceptos himenaeos. Nunc quis maximus elit, vitae pulvinar urna. Integer at mi elit. Phasellus vitae rutrum sem. Vivamus et mauris ac nisl congue congue eu eget elit. Nullam at quam velit. Pellentesque dictum, diam nec tempor aliquet, tortor justo fermentum sapien, at condimentum turpis elit vel sapien. Aenean rutrum tellus sodales tortor viverra eleifend.

Donec facilisis, diam efficitur maximus ultrices, enim lectus rutrum elit, eget malesuada mi justo dapibus enim. Maecenas finibus euismod nulla quis dignissim. Sed dictum ante rutrum turpis euismod laoreet. Sed placerat tellus leo. In ut lobortis lorem. Nullam vitae lectus egestas urna tincidunt aliquet. Ut sagittis vel enim eget malesuada. Cras in congue tortor. Interdum et malesuada fames ac ante ipsum primis in faucibus. Nunc tempus consequat neque, et eleifend nulla aliquam eu.",Author 241,11,phuong-phap-au-tu-co-phieu-tang-truong,NXB 241,2025,132
https://cdn1.fahasa.com/media/catalog/product/i/m/image_232601.jpg,Giàu Từ Chứng Khoán (Tái Bản 2021),118000,21,9780085479877,"Lorem ipsum dolor sit amet, consectetur adipiscing elit. Nam congue vel tellus non luctus. Vestibulum vitae nunc lorem. Sed lacinia lectus vel augue imperdiet ultricies. Donec id venenatis ex, vitae pretium ligula. Sed nulla eros, dignissim at feugiat non, posuere sit amet urna. Ut eu porttitor tellus. Cras eu massa nulla. Morbi porta fermentum elit eu iaculis. Pellentesque hendrerit venenatis purus at feugiat. Pellentesque vitae feugiat purus. Donec mattis rhoncus lacinia. Sed quam diam, molestie id laoreet eu, lacinia ac turpis. Cras tincidunt lobortis elit quis aliquam. Proin et massa libero.

Aliquam id pharetra arcu. Vivamus vitae mattis ligula. Sed efficitur urna vitae scelerisque tempor. Proin purus magna, vulputate eu ligula a, vehicula malesuada enim. Curabitur aliquet rutrum enim et tincidunt. Vestibulum ante ipsum primis in faucibus orci luctus et ultrices posuere cubilia curae; Vivamus pharetra enim leo, nec molestie nibh consectetur quis. Class aptent taciti sociosqu ad litora torquent per conubia nostra, per inceptos himenaeos. Nunc quis maximus elit, vitae pulvinar urna. Integer at mi elit. Phasellus vitae rutrum sem. Vivamus et mauris ac nisl congue congue eu eget elit. Nullam at quam velit. Pellentesque dictum, diam nec tempor aliquet, tortor justo fermentum sapien, at condimentum turpis elit vel sapien. Aenean rutrum tellus sodales tortor viverra eleifend.

Donec facilisis, diam efficitur maximus ultrices, enim lectus rutrum elit, eget malesuada mi justo dapibus enim. Maecenas finibus euismod nulla quis dignissim. Sed dictum ante rutrum turpis euismod laoreet. Sed placerat tellus leo. In ut lobortis lorem. Nullam vitae lectus egestas urna tincidunt aliquet. Ut sagittis vel enim eget malesuada. Cras in congue tortor. Interdum et malesuada fames ac ante ipsum primis in faucibus. Nunc tempus consequat neque, et eleifend nulla aliquam eu.",Author 242,20,giau-tu-chung-khoan-tai-ban-2021,NXB 242,2019,247
https://cdn1.fahasa.com/media/catalog/product/i/m/image_236981.jpg,Tôi Đã Kiếm 2.000.000 Đô La Từ Thị Trường Chứng Khoán Như Thế Nào? (Tái Bản 2021),92500,21,9780085479878,"Lorem ipsum dolor sit amet, consectetur adipiscing elit. Nam congue vel tellus non luctus. Vestibulum vitae nunc lorem. Sed lacinia lectus vel augue imperdiet ultricies. Donec id venenatis ex, vitae pretium ligula. Sed nulla eros, dignissim at feugiat non, posuere sit amet urna. Ut eu porttitor tellus. Cras eu massa nulla. Morbi porta fermentum elit eu iaculis. Pellentesque hendrerit venenatis purus at feugiat. Pellentesque vitae feugiat purus. Donec mattis rhoncus lacinia. Sed quam diam, molestie id laoreet eu, lacinia ac turpis. Cras tincidunt lobortis elit quis aliquam. Proin et massa libero.

Aliquam id pharetra arcu. Vivamus vitae mattis ligula. Sed efficitur urna vitae scelerisque tempor. Proin purus magna, vulputate eu ligula a, vehicula malesuada enim. Curabitur aliquet rutrum enim et tincidunt. Vestibulum ante ipsum primis in faucibus orci luctus et ultrices posuere cubilia curae; Vivamus pharetra enim leo, nec molestie nibh consectetur quis. Class aptent taciti sociosqu ad litora torquent per conubia nostra, per inceptos himenaeos. Nunc quis maximus elit, vitae pulvinar urna. Integer at mi elit. Phasellus vitae rutrum sem. Vivamus et mauris ac nisl congue congue eu eget elit. Nullam at quam velit. Pellentesque dictum, diam nec tempor aliquet, tortor justo fermentum sapien, at condimentum turpis elit vel sapien. Aenean rutrum tellus sodales tortor viverra eleifend.

Donec facilisis, diam efficitur maximus ultrices, enim lectus rutrum elit, eget malesuada mi justo dapibus enim. Maecenas finibus euismod nulla quis dignissim. Sed dictum ante rutrum turpis euismod laoreet. Sed placerat tellus leo. In ut lobortis lorem. Nullam vitae lectus egestas urna tincidunt aliquet. Ut sagittis vel enim eget malesuada. Cras in congue tortor. Interdum et malesuada fames ac ante ipsum primis in faucibus. Nunc tempus consequat neque, et eleifend nulla aliquam eu.",Author 243,10,toi-a-kiem-2-000-000-o-la-tu-thi-truong-chung-khoan-nhu-the-nao-tai-ban-2021,NXB 243,2023,262
https://cdn1.fahasa.com/media/catalog/product/2/4/24-bai-hoc-song-con_outline_26.jpg,24 Bài Học Sống Còn Để Đầu Tư Thành Công Trên Thị Trường Chứng Khoán,126500,21,9780085479879,"Lorem ipsum dolor sit amet, consectetur adipiscing elit. Nam congue vel tellus non luctus. Vestibulum vitae nunc lorem. Sed lacinia lectus vel augue imperdiet ultricies. Donec id venenatis ex, vitae pretium ligula. Sed nulla eros, dignissim at feugiat non, posuere sit amet urna. Ut eu porttitor tellus. Cras eu massa nulla. Morbi porta fermentum elit eu iaculis. Pellentesque hendrerit venenatis purus at feugiat. Pellentesque vitae feugiat purus. Donec mattis rhoncus lacinia. Sed quam diam, molestie id laoreet eu, lacinia ac turpis. Cras tincidunt lobortis elit quis aliquam. Proin et massa libero.

Aliquam id pharetra arcu. Vivamus vitae mattis ligula. Sed efficitur urna vitae scelerisque tempor. Proin purus magna, vulputate eu ligula a, vehicula malesuada enim. Curabitur aliquet rutrum enim et tincidunt. Vestibulum ante ipsum primis in faucibus orci luctus et ultrices posuere cubilia curae; Vivamus pharetra enim leo, nec molestie nibh consectetur quis. Class aptent taciti sociosqu ad litora torquent per conubia nostra, per inceptos himenaeos. Nunc quis maximus elit, vitae pulvinar urna. Integer at mi elit. Phasellus vitae rutrum sem. Vivamus et mauris ac nisl congue congue eu eget elit. Nullam at quam velit. Pellentesque dictum, diam nec tempor aliquet, tortor justo fermentum sapien, at condimentum turpis elit vel sapien. Aenean rutrum tellus sodales tortor viverra eleifend.

Donec facilisis, diam efficitur maximus ultrices, enim lectus rutrum elit, eget malesuada mi justo dapibus enim. Maecenas finibus euismod nulla quis dignissim. Sed dictum ante rutrum turpis euismod laoreet. Sed placerat tellus leo. In ut lobortis lorem. Nullam vitae lectus egestas urna tincidunt aliquet. Ut sagittis vel enim eget malesuada. Cras in congue tortor. Interdum et malesuada fames ac ante ipsum primis in faucibus. Nunc tempus consequat neque, et eleifend nulla aliquam eu.",Author 244,11,24-bai-hoc-song-con-e-au-tu-thanh-cong-tren-thi-truong-chung-khoan,NXB 244,2006,223
https://cdn1.fahasa.com/media/catalog/product/9/7/9786047931187.jpg,"Kinh Tế Và Quản Lý Bất Động Sản - Giáo Trình Dịch Từ Tiếng Nga Sang Tiếng Việt Xuất Bản Lần Thứ 2, Sửa Chữa Và Bổ Sung",679000,21,9780085479880,"Lorem ipsum dolor sit amet, consectetur adipiscing elit. Nam congue vel tellus non luctus. Vestibulum vitae nunc lorem. Sed lacinia lectus vel augue imperdiet ultricies. Donec id venenatis ex, vitae pretium ligula. Sed nulla eros, dignissim at feugiat non, posuere sit amet urna. Ut eu porttitor tellus. Cras eu massa nulla. Morbi porta fermentum elit eu iaculis. Pellentesque hendrerit venenatis purus at feugiat. Pellentesque vitae feugiat purus. Donec mattis rhoncus lacinia. Sed quam diam, molestie id laoreet eu, lacinia ac turpis. Cras tincidunt lobortis elit quis aliquam. Proin et massa libero.

Aliquam id pharetra arcu. Vivamus vitae mattis ligula. Sed efficitur urna vitae scelerisque tempor. Proin purus magna, vulputate eu ligula a, vehicula malesuada enim. Curabitur aliquet rutrum enim et tincidunt. Vestibulum ante ipsum primis in faucibus orci luctus et ultrices posuere cubilia curae; Vivamus pharetra enim leo, nec molestie nibh consectetur quis. Class aptent taciti sociosqu ad litora torquent per conubia nostra, per inceptos himenaeos. Nunc quis maximus elit, vitae pulvinar urna. Integer at mi elit. Phasellus vitae rutrum sem. Vivamus et mauris ac nisl congue congue eu eget elit. Nullam at quam velit. Pellentesque dictum, diam nec tempor aliquet, tortor justo fermentum sapien, at condimentum turpis elit vel sapien. Aenean rutrum tellus sodales tortor viverra eleifend.

Donec facilisis, diam efficitur maximus ultrices, enim lectus rutrum elit, eget malesuada mi justo dapibus enim. Maecenas finibus euismod nulla quis dignissim. Sed dictum ante rutrum turpis euismod laoreet. Sed placerat tellus leo. In ut lobortis lorem. Nullam vitae lectus egestas urna tincidunt aliquet. Ut sagittis vel enim eget malesuada. Cras in congue tortor. Interdum et malesuada fames ac ante ipsum primis in faucibus. Nunc tempus consequat neque, et eleifend nulla aliquam eu.",Author 245,7,kinh-te-va-quan-ly-bat-ong-san-giao-trinh-dich-tu-tieng-nga-sang-tieng-viet-xuat-ban-lan-thu-2-sua-chua-va-bo-sung,NXB 245,2008,64
https://cdn1.fahasa.com/media/catalog/product/b/_/b_a-dau-tu-vao-vang-6.5.2024.jpg,Đầu Tư Vào Vàng - Khoản Đầu Tư Tuyệt Đối An Toàn Thiết Yếu Cho Mọi Danh Mục Đầu Tư (Tái Bản 2024),111300,21,9780085479881,"Lorem ipsum dolor sit amet, consectetur adipiscing elit. Nam congue vel tellus non luctus. Vestibulum vitae nunc lorem. Sed lacinia lectus vel augue imperdiet ultricies. Donec id venenatis ex, vitae pretium ligula. Sed nulla eros, dignissim at feugiat non, posuere sit amet urna. Ut eu porttitor tellus. Cras eu massa nulla. Morbi porta fermentum elit eu iaculis. Pellentesque hendrerit venenatis purus at feugiat. Pellentesque vitae feugiat purus. Donec mattis rhoncus lacinia. Sed quam diam, molestie id laoreet eu, lacinia ac turpis. Cras tincidunt lobortis elit quis aliquam. Proin et massa libero.

Aliquam id pharetra arcu. Vivamus vitae mattis ligula. Sed efficitur urna vitae scelerisque tempor. Proin purus magna, vulputate eu ligula a, vehicula malesuada enim. Curabitur aliquet rutrum enim et tincidunt. Vestibulum ante ipsum primis in faucibus orci luctus et ultrices posuere cubilia curae; Vivamus pharetra enim leo, nec molestie nibh consectetur quis. Class aptent taciti sociosqu ad litora torquent per conubia nostra, per inceptos himenaeos. Nunc quis maximus elit, vitae pulvinar urna. Integer at mi elit. Phasellus vitae rutrum sem. Vivamus et mauris ac nisl congue congue eu eget elit. Nullam at quam velit. Pellentesque dictum, diam nec tempor aliquet, tortor justo fermentum sapien, at condimentum turpis elit vel sapien. Aenean rutrum tellus sodales tortor viverra eleifend.

Donec facilisis, diam efficitur maximus ultrices, enim lectus rutrum elit, eget malesuada mi justo dapibus enim. Maecenas finibus euismod nulla quis dignissim. Sed dictum ante rutrum turpis euismod laoreet. Sed placerat tellus leo. In ut lobortis lorem. Nullam vitae lectus egestas urna tincidunt aliquet. Ut sagittis vel enim eget malesuada. Cras in congue tortor. Interdum et malesuada fames ac ante ipsum primis in faucibus. Nunc tempus consequat neque, et eleifend nulla aliquam eu.",Author 246,13,au-tu-vao-vang-khoan-au-tu-tuyet-oi-an-toan-thiet-yeu-cho-moi-danh-muc-au-tu-tai-ban-2024,NXB 246,2021,144
https://cdn1.fahasa.com/media/catalog/product/9/7/9786044742649.jpg,Bí Quyết Chọn Mua Căn Hộ Như Một Chuyên Gia,143000,21,9780085479882,"Lorem ipsum dolor sit amet, consectetur adipiscing elit. Nam congue vel tellus non luctus. Vestibulum vitae nunc lorem. Sed lacinia lectus vel augue imperdiet ultricies. Donec id venenatis ex, vitae pretium ligula. Sed nulla eros, dignissim at feugiat non, posuere sit amet urna. Ut eu porttitor tellus. Cras eu massa nulla. Morbi porta fermentum elit eu iaculis. Pellentesque hendrerit venenatis purus at feugiat. Pellentesque vitae feugiat purus. Donec mattis rhoncus lacinia. Sed quam diam, molestie id laoreet eu, lacinia ac turpis. Cras tincidunt lobortis elit quis aliquam. Proin et massa libero.

Aliquam id pharetra arcu. Vivamus vitae mattis ligula. Sed efficitur urna vitae scelerisque tempor. Proin purus magna, vulputate eu ligula a, vehicula malesuada enim. Curabitur aliquet rutrum enim et tincidunt. Vestibulum ante ipsum primis in faucibus orci luctus et ultrices posuere cubilia curae; Vivamus pharetra enim leo, nec molestie nibh consectetur quis. Class aptent taciti sociosqu ad litora torquent per conubia nostra, per inceptos himenaeos. Nunc quis maximus elit, vitae pulvinar urna. Integer at mi elit. Phasellus vitae rutrum sem. Vivamus et mauris ac nisl congue congue eu eget elit. Nullam at quam velit. Pellentesque dictum, diam nec tempor aliquet, tortor justo fermentum sapien, at condimentum turpis elit vel sapien. Aenean rutrum tellus sodales tortor viverra eleifend.

Donec facilisis, diam efficitur maximus ultrices, enim lectus rutrum elit, eget malesuada mi justo dapibus enim. Maecenas finibus euismod nulla quis dignissim. Sed dictum ante rutrum turpis euismod laoreet. Sed placerat tellus leo. In ut lobortis lorem. Nullam vitae lectus egestas urna tincidunt aliquet. Ut sagittis vel enim eget malesuada. Cras in congue tortor. Interdum et malesuada fames ac ante ipsum primis in faucibus. Nunc tempus consequat neque, et eleifend nulla aliquam eu.",Author 247,12,bi-quyet-chon-mua-can-ho-nhu-mot-chuyen-gia,NXB 247,2014,157
https://cdn1.fahasa.com/media/catalog/product/8/9/8935251418446.jpg,100 Lời Khuyên Đầu Tư Bất Động Sản Khôn Ngoan Nhất (Tái Bản 2022),143500,21,9780085479883,"Lorem ipsum dolor sit amet, consectetur adipiscing elit. Nam congue vel tellus non luctus. Vestibulum vitae nunc lorem. Sed lacinia lectus vel augue imperdiet ultricies. Donec id venenatis ex, vitae pretium ligula. Sed nulla eros, dignissim at feugiat non, posuere sit amet urna. Ut eu porttitor tellus. Cras eu massa nulla. Morbi porta fermentum elit eu iaculis. Pellentesque hendrerit venenatis purus at feugiat. Pellentesque vitae feugiat purus. Donec mattis rhoncus lacinia. Sed quam diam, molestie id laoreet eu, lacinia ac turpis. Cras tincidunt lobortis elit quis aliquam. Proin et massa libero.

Aliquam id pharetra arcu. Vivamus vitae mattis ligula. Sed efficitur urna vitae scelerisque tempor. Proin purus magna, vulputate eu ligula a, vehicula malesuada enim. Curabitur aliquet rutrum enim et tincidunt. Vestibulum ante ipsum primis in faucibus orci luctus et ultrices posuere cubilia curae; Vivamus pharetra enim leo, nec molestie nibh consectetur quis. Class aptent taciti sociosqu ad litora torquent per conubia nostra, per inceptos himenaeos. Nunc quis maximus elit, vitae pulvinar urna. Integer at mi elit. Phasellus vitae rutrum sem. Vivamus et mauris ac nisl congue congue eu eget elit. Nullam at quam velit. Pellentesque dictum, diam nec tempor aliquet, tortor justo fermentum sapien, at condimentum turpis elit vel sapien. Aenean rutrum tellus sodales tortor viverra eleifend.

Donec facilisis, diam efficitur maximus ultrices, enim lectus rutrum elit, eget malesuada mi justo dapibus enim. Maecenas finibus euismod nulla quis dignissim. Sed dictum ante rutrum turpis euismod laoreet. Sed placerat tellus leo. In ut lobortis lorem. Nullam vitae lectus egestas urna tincidunt aliquet. Ut sagittis vel enim eget malesuada. Cras in congue tortor. Interdum et malesuada fames ac ante ipsum primis in faucibus. Nunc tempus consequat neque, et eleifend nulla aliquam eu.",Author 248,5,100-loi-khuyen-au-tu-bat-ong-san-khon-ngoan-nhat-tai-ban-2022,NXB 248,2005,88
https://cdn1.fahasa.com/media/catalog/product/t/h/the-littlebook----chi_n-l_c-giao-d_ch-forex---b_a-1.jpg,The Little Book - Chiến Lược Giao Dịch Forex,127000,21,9780085479884,"Lorem ipsum dolor sit amet, consectetur adipiscing elit. Nam congue vel tellus non luctus. Vestibulum vitae nunc lorem. Sed lacinia lectus vel augue imperdiet ultricies. Donec id venenatis ex, vitae pretium ligula. Sed nulla eros, dignissim at feugiat non, posuere sit amet urna. Ut eu porttitor tellus. Cras eu massa nulla. Morbi porta fermentum elit eu iaculis. Pellentesque hendrerit venenatis purus at feugiat. Pellentesque vitae feugiat purus. Donec mattis rhoncus lacinia. Sed quam diam, molestie id laoreet eu, lacinia ac turpis. Cras tincidunt lobortis elit quis aliquam. Proin et massa libero.

Aliquam id pharetra arcu. Vivamus vitae mattis ligula. Sed efficitur urna vitae scelerisque tempor. Proin purus magna, vulputate eu ligula a, vehicula malesuada enim. Curabitur aliquet rutrum enim et tincidunt. Vestibulum ante ipsum primis in faucibus orci luctus et ultrices posuere cubilia curae; Vivamus pharetra enim leo, nec molestie nibh consectetur quis. Class aptent taciti sociosqu ad litora torquent per conubia nostra, per inceptos himenaeos. Nunc quis maximus elit, vitae pulvinar urna. Integer at mi elit. Phasellus vitae rutrum sem. Vivamus et mauris ac nisl congue congue eu eget elit. Nullam at quam velit. Pellentesque dictum, diam nec tempor aliquet, tortor justo fermentum sapien, at condimentum turpis elit vel sapien. Aenean rutrum tellus sodales tortor viverra eleifend.

Donec facilisis, diam efficitur maximus ultrices, enim lectus rutrum elit, eget malesuada mi justo dapibus enim. Maecenas finibus euismod nulla quis dignissim. Sed dictum ante rutrum turpis euismod laoreet. Sed placerat tellus leo. In ut lobortis lorem. Nullam vitae lectus egestas urna tincidunt aliquet. Ut sagittis vel enim eget malesuada. Cras in congue tortor. Interdum et malesuada fames ac ante ipsum primis in faucibus. Nunc tempus consequat neque, et eleifend nulla aliquam eu.",Author 249,9,the-little-book-chien-luoc-giao-dich-forex,NXB 249,2007,299
https://cdn1.fahasa.com/media/catalog/product/8/9/8935251421385.jpg,"Bất Động Sản Thực Chiến - Bí Quyết Nắm Bắt Thời Cơ, Săn Đất Giá Hời Và Sinh Lời Hiệu Quả",169000,21,9780085479885,"Lorem ipsum dolor sit amet, consectetur adipiscing elit. Nam congue vel tellus non luctus. Vestibulum vitae nunc lorem. Sed lacinia lectus vel augue imperdiet ultricies. Donec id venenatis ex, vitae pretium ligula. Sed nulla eros, dignissim at feugiat non, posuere sit amet urna. Ut eu porttitor tellus. Cras eu massa nulla. Morbi porta fermentum elit eu iaculis. Pellentesque hendrerit venenatis purus at feugiat. Pellentesque vitae feugiat purus. Donec mattis rhoncus lacinia. Sed quam diam, molestie id laoreet eu, lacinia ac turpis. Cras tincidunt lobortis elit quis aliquam. Proin et massa libero.

Aliquam id pharetra arcu. Vivamus vitae mattis ligula. Sed efficitur urna vitae scelerisque tempor. Proin purus magna, vulputate eu ligula a, vehicula malesuada enim. Curabitur aliquet rutrum enim et tincidunt. Vestibulum ante ipsum primis in faucibus orci luctus et ultrices posuere cubilia curae; Vivamus pharetra enim leo, nec molestie nibh consectetur quis. Class aptent taciti sociosqu ad litora torquent per conubia nostra, per inceptos himenaeos. Nunc quis maximus elit, vitae pulvinar urna. Integer at mi elit. Phasellus vitae rutrum sem. Vivamus et mauris ac nisl congue congue eu eget elit. Nullam at quam velit. Pellentesque dictum, diam nec tempor aliquet, tortor justo fermentum sapien, at condimentum turpis elit vel sapien. Aenean rutrum tellus sodales tortor viverra eleifend.

Donec facilisis, diam efficitur maximus ultrices, enim lectus rutrum elit, eget malesuada mi justo dapibus enim. Maecenas finibus euismod nulla quis dignissim. Sed dictum ante rutrum turpis euismod laoreet. Sed placerat tellus leo. In ut lobortis lorem. Nullam vitae lectus egestas urna tincidunt aliquet. Ut sagittis vel enim eget malesuada. Cras in congue tortor. Interdum et malesuada fames ac ante ipsum primis in faucibus. Nunc tempus consequat neque, et eleifend nulla aliquam eu.",Author 250,12,bat-ong-san-thuc-chien-bi-quyet-nam-bat-thoi-co-san-at-gia-hoi-va-sinh-loi-hieu-qua,NXB 250,2013,65
https://cdn1.fahasa.com/media/catalog/product/8/9/8936066693943.jpg,The Little Book - Chiến Lược Lãi Kép Trong Đầu Tư Chứng Khoán,119000,21,9780085479886,"Lorem ipsum dolor sit amet, consectetur adipiscing elit. Nam congue vel tellus non luctus. Vestibulum vitae nunc lorem. Sed lacinia lectus vel augue imperdiet ultricies. Donec id venenatis ex, vitae pretium ligula. Sed nulla eros, dignissim at feugiat non, posuere sit amet urna. Ut eu porttitor tellus. Cras eu massa nulla. Morbi porta fermentum elit eu iaculis. Pellentesque hendrerit venenatis purus at feugiat. Pellentesque vitae feugiat purus. Donec mattis rhoncus lacinia. Sed quam diam, molestie id laoreet eu, lacinia ac turpis. Cras tincidunt lobortis elit quis aliquam. Proin et massa libero.

Aliquam id pharetra arcu. Vivamus vitae mattis ligula. Sed efficitur urna vitae scelerisque tempor. Proin purus magna, vulputate eu ligula a, vehicula malesuada enim. Curabitur aliquet rutrum enim et tincidunt. Vestibulum ante ipsum primis in faucibus orci luctus et ultrices posuere cubilia curae; Vivamus pharetra enim leo, nec molestie nibh consectetur quis. Class aptent taciti sociosqu ad litora torquent per conubia nostra, per inceptos himenaeos. Nunc quis maximus elit, vitae pulvinar urna. Integer at mi elit. Phasellus vitae rutrum sem. Vivamus et mauris ac nisl congue congue eu eget elit. Nullam at quam velit. Pellentesque dictum, diam nec tempor aliquet, tortor justo fermentum sapien, at condimentum turpis elit vel sapien. Aenean rutrum tellus sodales tortor viverra eleifend.

Donec facilisis, diam efficitur maximus ultrices, enim lectus rutrum elit, eget malesuada mi justo dapibus enim. Maecenas finibus euismod nulla quis dignissim. Sed dictum ante rutrum turpis euismod laoreet. Sed placerat tellus leo. In ut lobortis lorem. Nullam vitae lectus egestas urna tincidunt aliquet. Ut sagittis vel enim eget malesuada. Cras in congue tortor. Interdum et malesuada fames ac ante ipsum primis in faucibus. Nunc tempus consequat neque, et eleifend nulla aliquam eu.",Author 251,15,the-little-book-chien-luoc-lai-kep-trong-au-tu-chung-khoan,NXB 251,2002,186
https://cdn1.fahasa.com/media/catalog/product/b/i/bia-1_12.jpg,Tư Duy Toàn Cầu - Đầu Tư Thông Minh,160500,21,9780085479887,"Lorem ipsum dolor sit amet, consectetur adipiscing elit. Nam congue vel tellus non luctus. Vestibulum vitae nunc lorem. Sed lacinia lectus vel augue imperdiet ultricies. Donec id venenatis ex, vitae pretium ligula. Sed nulla eros, dignissim at feugiat non, posuere sit amet urna. Ut eu porttitor tellus. Cras eu massa nulla. Morbi porta fermentum elit eu iaculis. Pellentesque hendrerit venenatis purus at feugiat. Pellentesque vitae feugiat purus. Donec mattis rhoncus lacinia. Sed quam diam, molestie id laoreet eu, lacinia ac turpis. Cras tincidunt lobortis elit quis aliquam. Proin et massa libero.

Aliquam id pharetra arcu. Vivamus vitae mattis ligula. Sed efficitur urna vitae scelerisque tempor. Proin purus magna, vulputate eu ligula a, vehicula malesuada enim. Curabitur aliquet rutrum enim et tincidunt. Vestibulum ante ipsum primis in faucibus orci luctus et ultrices posuere cubilia curae; Vivamus pharetra enim leo, nec molestie nibh consectetur quis. Class aptent taciti sociosqu ad litora torquent per conubia nostra, per inceptos himenaeos. Nunc quis maximus elit, vitae pulvinar urna. Integer at mi elit. Phasellus vitae rutrum sem. Vivamus et mauris ac nisl congue congue eu eget elit. Nullam at quam velit. Pellentesque dictum, diam nec tempor aliquet, tortor justo fermentum sapien, at condimentum turpis elit vel sapien. Aenean rutrum tellus sodales tortor viverra eleifend.

Donec facilisis, diam efficitur maximus ultrices, enim lectus rutrum elit, eget malesuada mi justo dapibus enim. Maecenas finibus euismod nulla quis dignissim. Sed dictum ante rutrum turpis euismod laoreet. Sed placerat tellus leo. In ut lobortis lorem. Nullam vitae lectus egestas urna tincidunt aliquet. Ut sagittis vel enim eget malesuada. Cras in congue tortor. Interdum et malesuada fames ac ante ipsum primis in faucibus. Nunc tempus consequat neque, et eleifend nulla aliquam eu.",Author 252,5,tu-duy-toan-cau-au-tu-thong-minh,NXB 252,2002,105
https://cdn1.fahasa.com/media/catalog/product/8/9/8936066692324.jpg,The Little Book - Quản Trị Rủi Ro Trong Đầu Tư Chứng Khoán,151000,21,9780085479888,"Lorem ipsum dolor sit amet, consectetur adipiscing elit. Nam congue vel tellus non luctus. Vestibulum vitae nunc lorem. Sed lacinia lectus vel augue imperdiet ultricies. Donec id venenatis ex, vitae pretium ligula. Sed nulla eros, dignissim at feugiat non, posuere sit amet urna. Ut eu porttitor tellus. Cras eu massa nulla. Morbi porta fermentum elit eu iaculis. Pellentesque hendrerit venenatis purus at feugiat. Pellentesque vitae feugiat purus. Donec mattis rhoncus lacinia. Sed quam diam, molestie id laoreet eu, lacinia ac turpis. Cras tincidunt lobortis elit quis aliquam. Proin et massa libero.

Aliquam id pharetra arcu. Vivamus vitae mattis ligula. Sed efficitur urna vitae scelerisque tempor. Proin purus magna, vulputate eu ligula a, vehicula malesuada enim. Curabitur aliquet rutrum enim et tincidunt. Vestibulum ante ipsum primis in faucibus orci luctus et ultrices posuere cubilia curae; Vivamus pharetra enim leo, nec molestie nibh consectetur quis. Class aptent taciti sociosqu ad litora torquent per conubia nostra, per inceptos himenaeos. Nunc quis maximus elit, vitae pulvinar urna. Integer at mi elit. Phasellus vitae rutrum sem. Vivamus et mauris ac nisl congue congue eu eget elit. Nullam at quam velit. Pellentesque dictum, diam nec tempor aliquet, tortor justo fermentum sapien, at condimentum turpis elit vel sapien. Aenean rutrum tellus sodales tortor viverra eleifend.

Donec facilisis, diam efficitur maximus ultrices, enim lectus rutrum elit, eget malesuada mi justo dapibus enim. Maecenas finibus euismod nulla quis dignissim. Sed dictum ante rutrum turpis euismod laoreet. Sed placerat tellus leo. In ut lobortis lorem. Nullam vitae lectus egestas urna tincidunt aliquet. Ut sagittis vel enim eget malesuada. Cras in congue tortor. Interdum et malesuada fames ac ante ipsum primis in faucibus. Nunc tempus consequat neque, et eleifend nulla aliquam eu.",Author 253,14,the-little-book-quan-tri-rui-ro-trong-au-tu-chung-khoan,NXB 253,2000,130
https://cdn1.fahasa.com/media/catalog/product/z/3/z3758849676297_309fda7eba66b8786d89f139aa206a69.jpg,"Trend Following - Cách Thức Để Kiếm Được Vận May Lớn Và Giàu Có Trong Các Thị Trường Bò, Gấu Và Các Sự Kiện Thiên Nga Đen",599000,21,9780085479889,"Lorem ipsum dolor sit amet, consectetur adipiscing elit. Nam congue vel tellus non luctus. Vestibulum vitae nunc lorem. Sed lacinia lectus vel augue imperdiet ultricies. Donec id venenatis ex, vitae pretium ligula. Sed nulla eros, dignissim at feugiat non, posuere sit amet urna. Ut eu porttitor tellus. Cras eu massa nulla. Morbi porta fermentum elit eu iaculis. Pellentesque hendrerit venenatis purus at feugiat. Pellentesque vitae feugiat purus. Donec mattis rhoncus lacinia. Sed quam diam, molestie id laoreet eu, lacinia ac turpis. Cras tincidunt lobortis elit quis aliquam. Proin et massa libero.

Aliquam id pharetra arcu. Vivamus vitae mattis ligula. Sed efficitur urna vitae scelerisque tempor. Proin purus magna, vulputate eu ligula a, vehicula malesuada enim. Curabitur aliquet rutrum enim et tincidunt. Vestibulum ante ipsum primis in faucibus orci luctus et ultrices posuere cubilia curae; Vivamus pharetra enim leo, nec molestie nibh consectetur quis. Class aptent taciti sociosqu ad litora torquent per conubia nostra, per inceptos himenaeos. Nunc quis maximus elit, vitae pulvinar urna. Integer at mi elit. Phasellus vitae rutrum sem. Vivamus et mauris ac nisl congue congue eu eget elit. Nullam at quam velit. Pellentesque dictum, diam nec tempor aliquet, tortor justo fermentum sapien, at condimentum turpis elit vel sapien. Aenean rutrum tellus sodales tortor viverra eleifend.

Donec facilisis, diam efficitur maximus ultrices, enim lectus rutrum elit, eget malesuada mi justo dapibus enim. Maecenas finibus euismod nulla quis dignissim. Sed dictum ante rutrum turpis euismod laoreet. Sed placerat tellus leo. In ut lobortis lorem. Nullam vitae lectus egestas urna tincidunt aliquet. Ut sagittis vel enim eget malesuada. Cras in congue tortor. Interdum et malesuada fames ac ante ipsum primis in faucibus. Nunc tempus consequat neque, et eleifend nulla aliquam eu.",Author 254,6,trend-following-cach-thuc-e-kiem-uoc-van-may-lon-va-giau-co-trong-cac-thi-truong-bo-gau-va-cac-su-kien-thien-nga-en,NXB 254,2016,54
https://cdn1.fahasa.com/media/catalog/product/b/_/b_a-kinh-te-tai-chinh-chung-khoan.jpg,Tuyển Tập Kinh Tế Tài Chánh Chứng Khoán - Tương Thích Và Phát Triển Bắt Kịp - Bìa Cứng,296500,21,9780085479890,"Lorem ipsum dolor sit amet, consectetur adipiscing elit. Nam congue vel tellus non luctus. Vestibulum vitae nunc lorem. Sed lacinia lectus vel augue imperdiet ultricies. Donec id venenatis ex, vitae pretium ligula. Sed nulla eros, dignissim at feugiat non, posuere sit amet urna. Ut eu porttitor tellus. Cras eu massa nulla. Morbi porta fermentum elit eu iaculis. Pellentesque hendrerit venenatis purus at feugiat. Pellentesque vitae feugiat purus. Donec mattis rhoncus lacinia. Sed quam diam, molestie id laoreet eu, lacinia ac turpis. Cras tincidunt lobortis elit quis aliquam. Proin et massa libero.

Aliquam id pharetra arcu. Vivamus vitae mattis ligula. Sed efficitur urna vitae scelerisque tempor. Proin purus magna, vulputate eu ligula a, vehicula malesuada enim. Curabitur aliquet rutrum enim et tincidunt. Vestibulum ante ipsum primis in faucibus orci luctus et ultrices posuere cubilia curae; Vivamus pharetra enim leo, nec molestie nibh consectetur quis. Class aptent taciti sociosqu ad litora torquent per conubia nostra, per inceptos himenaeos. Nunc quis maximus elit, vitae pulvinar urna. Integer at mi elit. Phasellus vitae rutrum sem. Vivamus et mauris ac nisl congue congue eu eget elit. Nullam at quam velit. Pellentesque dictum, diam nec tempor aliquet, tortor justo fermentum sapien, at condimentum turpis elit vel sapien. Aenean rutrum tellus sodales tortor viverra eleifend.

Donec facilisis, diam efficitur maximus ultrices, enim lectus rutrum elit, eget malesuada mi justo dapibus enim. Maecenas finibus euismod nulla quis dignissim. Sed dictum ante rutrum turpis euismod laoreet. Sed placerat tellus leo. In ut lobortis lorem. Nullam vitae lectus egestas urna tincidunt aliquet. Ut sagittis vel enim eget malesuada. Cras in congue tortor. Interdum et malesuada fames ac ante ipsum primis in faucibus. Nunc tempus consequat neque, et eleifend nulla aliquam eu.",Author 255,3,tuyen-tap-kinh-te-tai-chanh-chung-khoan-tuong-thich-va-phat-trien-bat-kip-bia-cung,NXB 255,2018,196
https://cdn1.fahasa.com/media/catalog/product/8/9/8936066691543.jpg,Phân Tích Đầu Tư Bất Động Sản,135000,21,9780085479891,"Lorem ipsum dolor sit amet, consectetur adipiscing elit. Nam congue vel tellus non luctus. Vestibulum vitae nunc lorem. Sed lacinia lectus vel augue imperdiet ultricies. Donec id venenatis ex, vitae pretium ligula. Sed nulla eros, dignissim at feugiat non, posuere sit amet urna. Ut eu porttitor tellus. Cras eu massa nulla. Morbi porta fermentum elit eu iaculis. Pellentesque hendrerit venenatis purus at feugiat. Pellentesque vitae feugiat purus. Donec mattis rhoncus lacinia. Sed quam diam, molestie id laoreet eu, lacinia ac turpis. Cras tincidunt lobortis elit quis aliquam. Proin et massa libero.

Aliquam id pharetra arcu. Vivamus vitae mattis ligula. Sed efficitur urna vitae scelerisque tempor. Proin purus magna, vulputate eu ligula a, vehicula malesuada enim. Curabitur aliquet rutrum enim et tincidunt. Vestibulum ante ipsum primis in faucibus orci luctus et ultrices posuere cubilia curae; Vivamus pharetra enim leo, nec molestie nibh consectetur quis. Class aptent taciti sociosqu ad litora torquent per conubia nostra, per inceptos himenaeos. Nunc quis maximus elit, vitae pulvinar urna. Integer at mi elit. Phasellus vitae rutrum sem. Vivamus et mauris ac nisl congue congue eu eget elit. Nullam at quam velit. Pellentesque dictum, diam nec tempor aliquet, tortor justo fermentum sapien, at condimentum turpis elit vel sapien. Aenean rutrum tellus sodales tortor viverra eleifend.

Donec facilisis, diam efficitur maximus ultrices, enim lectus rutrum elit, eget malesuada mi justo dapibus enim. Maecenas finibus euismod nulla quis dignissim. Sed dictum ante rutrum turpis euismod laoreet. Sed placerat tellus leo. In ut lobortis lorem. Nullam vitae lectus egestas urna tincidunt aliquet. Ut sagittis vel enim eget malesuada. Cras in congue tortor. Interdum et malesuada fames ac ante ipsum primis in faucibus. Nunc tempus consequat neque, et eleifend nulla aliquam eu.",Author 256,11,phan-tich-au-tu-bat-ong-san,NXB 256,2024,250
https://cdn1.fahasa.com/media/catalog/product/8/9/8935280918504.jpg,Đầu Tư Dễ Như Đi Xe Đạp - Tập 2 - Khởi Nghiệp Bằng Đầu Tư Tài Chính,283000,21,9780085479892,"Lorem ipsum dolor sit amet, consectetur adipiscing elit. Nam congue vel tellus non luctus. Vestibulum vitae nunc lorem. Sed lacinia lectus vel augue imperdiet ultricies. Donec id venenatis ex, vitae pretium ligula. Sed nulla eros, dignissim at feugiat non, posuere sit amet urna. Ut eu porttitor tellus. Cras eu massa nulla. Morbi porta fermentum elit eu iaculis. Pellentesque hendrerit venenatis purus at feugiat. Pellentesque vitae feugiat purus. Donec mattis rhoncus lacinia. Sed quam diam, molestie id laoreet eu, lacinia ac turpis. Cras tincidunt lobortis elit quis aliquam. Proin et massa libero.

Aliquam id pharetra arcu. Vivamus vitae mattis ligula. Sed efficitur urna vitae scelerisque tempor. Proin purus magna, vulputate eu ligula a, vehicula malesuada enim. Curabitur aliquet rutrum enim et tincidunt. Vestibulum ante ipsum primis in faucibus orci luctus et ultrices posuere cubilia curae; Vivamus pharetra enim leo, nec molestie nibh consectetur quis. Class aptent taciti sociosqu ad litora torquent per conubia nostra, per inceptos himenaeos. Nunc quis maximus elit, vitae pulvinar urna. Integer at mi elit. Phasellus vitae rutrum sem. Vivamus et mauris ac nisl congue congue eu eget elit. Nullam at quam velit. Pellentesque dictum, diam nec tempor aliquet, tortor justo fermentum sapien, at condimentum turpis elit vel sapien. Aenean rutrum tellus sodales tortor viverra eleifend.

Donec facilisis, diam efficitur maximus ultrices, enim lectus rutrum elit, eget malesuada mi justo dapibus enim. Maecenas finibus euismod nulla quis dignissim. Sed dictum ante rutrum turpis euismod laoreet. Sed placerat tellus leo. In ut lobortis lorem. Nullam vitae lectus egestas urna tincidunt aliquet. Ut sagittis vel enim eget malesuada. Cras in congue tortor. Interdum et malesuada fames ac ante ipsum primis in faucibus. Nunc tempus consequat neque, et eleifend nulla aliquam eu.",Author 257,16,au-tu-de-nhu-i-xe-ap-tap-2-khoi-nghiep-bang-au-tu-tai-chinh,NXB 257,2001,243
https://cdn1.fahasa.com/media/catalog/product/8/9/8936107813156.jpg,Cẩm Nang Chứng Khoán Phái Sinh (Tái Bản),228500,21,9780085479893,"Lorem ipsum dolor sit amet, consectetur adipiscing elit. Nam congue vel tellus non luctus. Vestibulum vitae nunc lorem. Sed lacinia lectus vel augue imperdiet ultricies. Donec id venenatis ex, vitae pretium ligula. Sed nulla eros, dignissim at feugiat non, posuere sit amet urna. Ut eu porttitor tellus. Cras eu massa nulla. Morbi porta fermentum elit eu iaculis. Pellentesque hendrerit venenatis purus at feugiat. Pellentesque vitae feugiat purus. Donec mattis rhoncus lacinia. Sed quam diam, molestie id laoreet eu, lacinia ac turpis. Cras tincidunt lobortis elit quis aliquam. Proin et massa libero.

Aliquam id pharetra arcu. Vivamus vitae mattis ligula. Sed efficitur urna vitae scelerisque tempor. Proin purus magna, vulputate eu ligula a, vehicula malesuada enim. Curabitur aliquet rutrum enim et tincidunt. Vestibulum ante ipsum primis in faucibus orci luctus et ultrices posuere cubilia curae; Vivamus pharetra enim leo, nec molestie nibh consectetur quis. Class aptent taciti sociosqu ad litora torquent per conubia nostra, per inceptos himenaeos. Nunc quis maximus elit, vitae pulvinar urna. Integer at mi elit. Phasellus vitae rutrum sem. Vivamus et mauris ac nisl congue congue eu eget elit. Nullam at quam velit. Pellentesque dictum, diam nec tempor aliquet, tortor justo fermentum sapien, at condimentum turpis elit vel sapien. Aenean rutrum tellus sodales tortor viverra eleifend.

Donec facilisis, diam efficitur maximus ultrices, enim lectus rutrum elit, eget malesuada mi justo dapibus enim. Maecenas finibus euismod nulla quis dignissim. Sed dictum ante rutrum turpis euismod laoreet. Sed placerat tellus leo. In ut lobortis lorem. Nullam vitae lectus egestas urna tincidunt aliquet. Ut sagittis vel enim eget malesuada. Cras in congue tortor. Interdum et malesuada fames ac ante ipsum primis in faucibus. Nunc tempus consequat neque, et eleifend nulla aliquam eu.",Author 258,5,cam-nang-chung-khoan-phai-sinh-tai-ban,NXB 258,2019,214
https://cdn1.fahasa.com/media/catalog/product/8/9/8935074136176.jpg,Automated Stock Trading Systems - Hệ Thống Giao Dịch Cổ Phiếu Tự Động,100000,21,9780085479894,"Lorem ipsum dolor sit amet, consectetur adipiscing elit. Nam congue vel tellus non luctus. Vestibulum vitae nunc lorem. Sed lacinia lectus vel augue imperdiet ultricies. Donec id venenatis ex, vitae pretium ligula. Sed nulla eros, dignissim at feugiat non, posuere sit amet urna. Ut eu porttitor tellus. Cras eu massa nulla. Morbi porta fermentum elit eu iaculis. Pellentesque hendrerit venenatis purus at feugiat. Pellentesque vitae feugiat purus. Donec mattis rhoncus lacinia. Sed quam diam, molestie id laoreet eu, lacinia ac turpis. Cras tincidunt lobortis elit quis aliquam. Proin et massa libero.

Aliquam id pharetra arcu. Vivamus vitae mattis ligula. Sed efficitur urna vitae scelerisque tempor. Proin purus magna, vulputate eu ligula a, vehicula malesuada enim. Curabitur aliquet rutrum enim et tincidunt. Vestibulum ante ipsum primis in faucibus orci luctus et ultrices posuere cubilia curae; Vivamus pharetra enim leo, nec molestie nibh consectetur quis. Class aptent taciti sociosqu ad litora torquent per conubia nostra, per inceptos himenaeos. Nunc quis maximus elit, vitae pulvinar urna. Integer at mi elit. Phasellus vitae rutrum sem. Vivamus et mauris ac nisl congue congue eu eget elit. Nullam at quam velit. Pellentesque dictum, diam nec tempor aliquet, tortor justo fermentum sapien, at condimentum turpis elit vel sapien. Aenean rutrum tellus sodales tortor viverra eleifend.

Donec facilisis, diam efficitur maximus ultrices, enim lectus rutrum elit, eget malesuada mi justo dapibus enim. Maecenas finibus euismod nulla quis dignissim. Sed dictum ante rutrum turpis euismod laoreet. Sed placerat tellus leo. In ut lobortis lorem. Nullam vitae lectus egestas urna tincidunt aliquet. Ut sagittis vel enim eget malesuada. Cras in congue tortor. Interdum et malesuada fames ac ante ipsum primis in faucibus. Nunc tempus consequat neque, et eleifend nulla aliquam eu.",Author 259,6,automated-stock-trading-systems-he-thong-giao-dich-co-phieu-tu-ong,NXB 259,2004,121
https://cdn1.fahasa.com/media/catalog/product/h/p/hpl-hinh-tieu-bieu-60000000000000.jpg,"Wyckoff 2.0: Tìm Hiểu Chuyên Sâu Về Cấu Trúc, Hồ Sơ Khối Lượng Và Dòng Chảy Lệnh Trên Thị Trường",499000,21,9780085479895,"Lorem ipsum dolor sit amet, consectetur adipiscing elit. Nam congue vel tellus non luctus. Vestibulum vitae nunc lorem. Sed lacinia lectus vel augue imperdiet ultricies. Donec id venenatis ex, vitae pretium ligula. Sed nulla eros, dignissim at feugiat non, posuere sit amet urna. Ut eu porttitor tellus. Cras eu massa nulla. Morbi porta fermentum elit eu iaculis. Pellentesque hendrerit venenatis purus at feugiat. Pellentesque vitae feugiat purus. Donec mattis rhoncus lacinia. Sed quam diam, molestie id laoreet eu, lacinia ac turpis. Cras tincidunt lobortis elit quis aliquam. Proin et massa libero.

Aliquam id pharetra arcu. Vivamus vitae mattis ligula. Sed efficitur urna vitae scelerisque tempor. Proin purus magna, vulputate eu ligula a, vehicula malesuada enim. Curabitur aliquet rutrum enim et tincidunt. Vestibulum ante ipsum primis in faucibus orci luctus et ultrices posuere cubilia curae; Vivamus pharetra enim leo, nec molestie nibh consectetur quis. Class aptent taciti sociosqu ad litora torquent per conubia nostra, per inceptos himenaeos. Nunc quis maximus elit, vitae pulvinar urna. Integer at mi elit. Phasellus vitae rutrum sem. Vivamus et mauris ac nisl congue congue eu eget elit. Nullam at quam velit. Pellentesque dictum, diam nec tempor aliquet, tortor justo fermentum sapien, at condimentum turpis elit vel sapien. Aenean rutrum tellus sodales tortor viverra eleifend.

Donec facilisis, diam efficitur maximus ultrices, enim lectus rutrum elit, eget malesuada mi justo dapibus enim. Maecenas finibus euismod nulla quis dignissim. Sed dictum ante rutrum turpis euismod laoreet. Sed placerat tellus leo. In ut lobortis lorem. Nullam vitae lectus egestas urna tincidunt aliquet. Ut sagittis vel enim eget malesuada. Cras in congue tortor. Interdum et malesuada fames ac ante ipsum primis in faucibus. Nunc tempus consequat neque, et eleifend nulla aliquam eu.",Author 260,19,wyckoff-2-0-tim-hieu-chuyen-sau-ve-cau-truc-ho-so-khoi-luong-va-dong-chay-lenh-tren-thi-truong,NXB 260,2013,137
https://cdn1.fahasa.com/media/catalog/product/9/7/97860430873481_1.jpg,Đánh Bại Thị Trường Forex - Tư Duy Khác Biệt Và Kỹ Thuật Giao Dịch của Chuyên Gia Quản Lý Quỹ Triệu Đô,347000,21,9780085479896,"Lorem ipsum dolor sit amet, consectetur adipiscing elit. Nam congue vel tellus non luctus. Vestibulum vitae nunc lorem. Sed lacinia lectus vel augue imperdiet ultricies. Donec id venenatis ex, vitae pretium ligula. Sed nulla eros, dignissim at feugiat non, posuere sit amet urna. Ut eu porttitor tellus. Cras eu massa nulla. Morbi porta fermentum elit eu iaculis. Pellentesque hendrerit venenatis purus at feugiat. Pellentesque vitae feugiat purus. Donec mattis rhoncus lacinia. Sed quam diam, molestie id laoreet eu, lacinia ac turpis. Cras tincidunt lobortis elit quis aliquam. Proin et massa libero.

Aliquam id pharetra arcu. Vivamus vitae mattis ligula. Sed efficitur urna vitae scelerisque tempor. Proin purus magna, vulputate eu ligula a, vehicula malesuada enim. Curabitur aliquet rutrum enim et tincidunt. Vestibulum ante ipsum primis in faucibus orci luctus et ultrices posuere cubilia curae; Vivamus pharetra enim leo, nec molestie nibh consectetur quis. Class aptent taciti sociosqu ad litora torquent per conubia nostra, per inceptos himenaeos. Nunc quis maximus elit, vitae pulvinar urna. Integer at mi elit. Phasellus vitae rutrum sem. Vivamus et mauris ac nisl congue congue eu eget elit. Nullam at quam velit. Pellentesque dictum, diam nec tempor aliquet, tortor justo fermentum sapien, at condimentum turpis elit vel sapien. Aenean rutrum tellus sodales tortor viverra eleifend.

Donec facilisis, diam efficitur maximus ultrices, enim lectus rutrum elit, eget malesuada mi justo dapibus enim. Maecenas finibus euismod nulla quis dignissim. Sed dictum ante rutrum turpis euismod laoreet. Sed placerat tellus leo. In ut lobortis lorem. Nullam vitae lectus egestas urna tincidunt aliquet. Ut sagittis vel enim eget malesuada. Cras in congue tortor. Interdum et malesuada fames ac ante ipsum primis in faucibus. Nunc tempus consequat neque, et eleifend nulla aliquam eu.",Author 261,19,anh-bai-thi-truong-forex-tu-duy-khac-biet-va-ky-thuat-giao-dich-cua-chuyen-gia-quan-ly-quy-trieu-o,NXB 261,2017,257
https://cdn1.fahasa.com/media/catalog/product/c/h/chen-thanh-trong-dau-tu---converted_1.jpg,Chén Thánh Trong Đầu Tư,183000,21,9780085479897,"Lorem ipsum dolor sit amet, consectetur adipiscing elit. Nam congue vel tellus non luctus. Vestibulum vitae nunc lorem. Sed lacinia lectus vel augue imperdiet ultricies. Donec id venenatis ex, vitae pretium ligula. Sed nulla eros, dignissim at feugiat non, posuere sit amet urna. Ut eu porttitor tellus. Cras eu massa nulla. Morbi porta fermentum elit eu iaculis. Pellentesque hendrerit venenatis purus at feugiat. Pellentesque vitae feugiat purus. Donec mattis rhoncus lacinia. Sed quam diam, molestie id laoreet eu, lacinia ac turpis. Cras tincidunt lobortis elit quis aliquam. Proin et massa libero.

Aliquam id pharetra arcu. Vivamus vitae mattis ligula. Sed efficitur urna vitae scelerisque tempor. Proin purus magna, vulputate eu ligula a, vehicula malesuada enim. Curabitur aliquet rutrum enim et tincidunt. Vestibulum ante ipsum primis in faucibus orci luctus et ultrices posuere cubilia curae; Vivamus pharetra enim leo, nec molestie nibh consectetur quis. Class aptent taciti sociosqu ad litora torquent per conubia nostra, per inceptos himenaeos. Nunc quis maximus elit, vitae pulvinar urna. Integer at mi elit. Phasellus vitae rutrum sem. Vivamus et mauris ac nisl congue congue eu eget elit. Nullam at quam velit. Pellentesque dictum, diam nec tempor aliquet, tortor justo fermentum sapien, at condimentum turpis elit vel sapien. Aenean rutrum tellus sodales tortor viverra eleifend.

Donec facilisis, diam efficitur maximus ultrices, enim lectus rutrum elit, eget malesuada mi justo dapibus enim. Maecenas finibus euismod nulla quis dignissim. Sed dictum ante rutrum turpis euismod laoreet. Sed placerat tellus leo. In ut lobortis lorem. Nullam vitae lectus egestas urna tincidunt aliquet. Ut sagittis vel enim eget malesuada. Cras in congue tortor. Interdum et malesuada fames ac ante ipsum primis in faucibus. Nunc tempus consequat neque, et eleifend nulla aliquam eu.",Author 262,18,chen-thanh-trong-au-tu,NXB 262,2023,157
https://cdn1.fahasa.com/media/catalog/product/8/9/8935251408164_1.jpg,Chiến Lược Đầu Tư Chứng Khoán (Tái Bản 2018),119000,21,9780085479898,"Lorem ipsum dolor sit amet, consectetur adipiscing elit. Nam congue vel tellus non luctus. Vestibulum vitae nunc lorem. Sed lacinia lectus vel augue imperdiet ultricies. Donec id venenatis ex, vitae pretium ligula. Sed nulla eros, dignissim at feugiat non, posuere sit amet urna. Ut eu porttitor tellus. Cras eu massa nulla. Morbi porta fermentum elit eu iaculis. Pellentesque hendrerit venenatis purus at feugiat. Pellentesque vitae feugiat purus. Donec mattis rhoncus lacinia. Sed quam diam, molestie id laoreet eu, lacinia ac turpis. Cras tincidunt lobortis elit quis aliquam. Proin et massa libero.

Aliquam id pharetra arcu. Vivamus vitae mattis ligula. Sed efficitur urna vitae scelerisque tempor. Proin purus magna, vulputate eu ligula a, vehicula malesuada enim. Curabitur aliquet rutrum enim et tincidunt. Vestibulum ante ipsum primis in faucibus orci luctus et ultrices posuere cubilia curae; Vivamus pharetra enim leo, nec molestie nibh consectetur quis. Class aptent taciti sociosqu ad litora torquent per conubia nostra, per inceptos himenaeos. Nunc quis maximus elit, vitae pulvinar urna. Integer at mi elit. Phasellus vitae rutrum sem. Vivamus et mauris ac nisl congue congue eu eget elit. Nullam at quam velit. Pellentesque dictum, diam nec tempor aliquet, tortor justo fermentum sapien, at condimentum turpis elit vel sapien. Aenean rutrum tellus sodales tortor viverra eleifend.

Donec facilisis, diam efficitur maximus ultrices, enim lectus rutrum elit, eget malesuada mi justo dapibus enim. Maecenas finibus euismod nulla quis dignissim. Sed dictum ante rutrum turpis euismod laoreet. Sed placerat tellus leo. In ut lobortis lorem. Nullam vitae lectus egestas urna tincidunt aliquet. Ut sagittis vel enim eget malesuada. Cras in congue tortor. Interdum et malesuada fames ac ante ipsum primis in faucibus. Nunc tempus consequat neque, et eleifend nulla aliquam eu.",Author 263,4,chien-luoc-au-tu-chung-khoan-tai-ban-2018,NXB 263,2000,156
https://cdn1.fahasa.com/media/catalog/product/9/7/9786043900583.jpg,Đầu Tư Chứng Khoán: Chơi Trò May Rủi Hay Tích Lũy Tài Chính - Tặng Kèm Code Giảm 50% Khóa Học Online,225000,21,9780085479899,"Lorem ipsum dolor sit amet, consectetur adipiscing elit. Nam congue vel tellus non luctus. Vestibulum vitae nunc lorem. Sed lacinia lectus vel augue imperdiet ultricies. Donec id venenatis ex, vitae pretium ligula. Sed nulla eros, dignissim at feugiat non, posuere sit amet urna. Ut eu porttitor tellus. Cras eu massa nulla. Morbi porta fermentum elit eu iaculis. Pellentesque hendrerit venenatis purus at feugiat. Pellentesque vitae feugiat purus. Donec mattis rhoncus lacinia. Sed quam diam, molestie id laoreet eu, lacinia ac turpis. Cras tincidunt lobortis elit quis aliquam. Proin et massa libero.

Aliquam id pharetra arcu. Vivamus vitae mattis ligula. Sed efficitur urna vitae scelerisque tempor. Proin purus magna, vulputate eu ligula a, vehicula malesuada enim. Curabitur aliquet rutrum enim et tincidunt. Vestibulum ante ipsum primis in faucibus orci luctus et ultrices posuere cubilia curae; Vivamus pharetra enim leo, nec molestie nibh consectetur quis. Class aptent taciti sociosqu ad litora torquent per conubia nostra, per inceptos himenaeos. Nunc quis maximus elit, vitae pulvinar urna. Integer at mi elit. Phasellus vitae rutrum sem. Vivamus et mauris ac nisl congue congue eu eget elit. Nullam at quam velit. Pellentesque dictum, diam nec tempor aliquet, tortor justo fermentum sapien, at condimentum turpis elit vel sapien. Aenean rutrum tellus sodales tortor viverra eleifend.

Donec facilisis, diam efficitur maximus ultrices, enim lectus rutrum elit, eget malesuada mi justo dapibus enim. Maecenas finibus euismod nulla quis dignissim. Sed dictum ante rutrum turpis euismod laoreet. Sed placerat tellus leo. In ut lobortis lorem. Nullam vitae lectus egestas urna tincidunt aliquet. Ut sagittis vel enim eget malesuada. Cras in congue tortor. Interdum et malesuada fames ac ante ipsum primis in faucibus. Nunc tempus consequat neque, et eleifend nulla aliquam eu.",Author 264,20,au-tu-chung-khoan-choi-tro-may-rui-hay-tich-luy-tai-chinh-tang-kem-code-giam-50-khoa-hoc-online,NXB 264,2000,128
https://cdn1.fahasa.com/media/catalog/product/8/9/8936066708227_11.jpg,Phân Tích Chứng Khoán (Security Analysis),399000,21,9780085479900,"Lorem ipsum dolor sit amet, consectetur adipiscing elit. Nam congue vel tellus non luctus. Vestibulum vitae nunc lorem. Sed lacinia lectus vel augue imperdiet ultricies. Donec id venenatis ex, vitae pretium ligula. Sed nulla eros, dignissim at feugiat non, posuere sit amet urna. Ut eu porttitor tellus. Cras eu massa nulla. Morbi porta fermentum elit eu iaculis. Pellentesque hendrerit venenatis purus at feugiat. Pellentesque vitae feugiat purus. Donec mattis rhoncus lacinia. Sed quam diam, molestie id laoreet eu, lacinia ac turpis. Cras tincidunt lobortis elit quis aliquam. Proin et massa libero.

Aliquam id pharetra arcu. Vivamus vitae mattis ligula. Sed efficitur urna vitae scelerisque tempor. Proin purus magna, vulputate eu ligula a, vehicula malesuada enim. Curabitur aliquet rutrum enim et tincidunt. Vestibulum ante ipsum primis in faucibus orci luctus et ultrices posuere cubilia curae; Vivamus pharetra enim leo, nec molestie nibh consectetur quis. Class aptent taciti sociosqu ad litora torquent per conubia nostra, per inceptos himenaeos. Nunc quis maximus elit, vitae pulvinar urna. Integer at mi elit. Phasellus vitae rutrum sem. Vivamus et mauris ac nisl congue congue eu eget elit. Nullam at quam velit. Pellentesque dictum, diam nec tempor aliquet, tortor justo fermentum sapien, at condimentum turpis elit vel sapien. Aenean rutrum tellus sodales tortor viverra eleifend.

Donec facilisis, diam efficitur maximus ultrices, enim lectus rutrum elit, eget malesuada mi justo dapibus enim. Maecenas finibus euismod nulla quis dignissim. Sed dictum ante rutrum turpis euismod laoreet. Sed placerat tellus leo. In ut lobortis lorem. Nullam vitae lectus egestas urna tincidunt aliquet. Ut sagittis vel enim eget malesuada. Cras in congue tortor. Interdum et malesuada fames ac ante ipsum primis in faucibus. Nunc tempus consequat neque, et eleifend nulla aliquam eu.",Author 265,10,phan-tich-chung-khoan-security-analysis,NXB 265,2017,277
https://cdn1.fahasa.com/media/catalog/product/8/9/8935246944660.jpg,Lược Sử Kinh Tế Học Lầy Lội - Khủng Hoảng Dạy Cho Ta Những Gì? - Tập 1,187500,20,9780085479901,"Lorem ipsum dolor sit amet, consectetur adipiscing elit. Nam congue vel tellus non luctus. Vestibulum vitae nunc lorem. Sed lacinia lectus vel augue imperdiet ultricies. Donec id venenatis ex, vitae pretium ligula. Sed nulla eros, dignissim at feugiat non, posuere sit amet urna. Ut eu porttitor tellus. Cras eu massa nulla. Morbi porta fermentum elit eu iaculis. Pellentesque hendrerit venenatis purus at feugiat. Pellentesque vitae feugiat purus. Donec mattis rhoncus lacinia. Sed quam diam, molestie id laoreet eu, lacinia ac turpis. Cras tincidunt lobortis elit quis aliquam. Proin et massa libero.

Aliquam id pharetra arcu. Vivamus vitae mattis ligula. Sed efficitur urna vitae scelerisque tempor. Proin purus magna, vulputate eu ligula a, vehicula malesuada enim. Curabitur aliquet rutrum enim et tincidunt. Vestibulum ante ipsum primis in faucibus orci luctus et ultrices posuere cubilia curae; Vivamus pharetra enim leo, nec molestie nibh consectetur quis. Class aptent taciti sociosqu ad litora torquent per conubia nostra, per inceptos himenaeos. Nunc quis maximus elit, vitae pulvinar urna. Integer at mi elit. Phasellus vitae rutrum sem. Vivamus et mauris ac nisl congue congue eu eget elit. Nullam at quam velit. Pellentesque dictum, diam nec tempor aliquet, tortor justo fermentum sapien, at condimentum turpis elit vel sapien. Aenean rutrum tellus sodales tortor viverra eleifend.

Donec facilisis, diam efficitur maximus ultrices, enim lectus rutrum elit, eget malesuada mi justo dapibus enim. Maecenas finibus euismod nulla quis dignissim. Sed dictum ante rutrum turpis euismod laoreet. Sed placerat tellus leo. In ut lobortis lorem. Nullam vitae lectus egestas urna tincidunt aliquet. Ut sagittis vel enim eget malesuada. Cras in congue tortor. Interdum et malesuada fames ac ante ipsum primis in faucibus. Nunc tempus consequat neque, et eleifend nulla aliquam eu.",Author 266,18,luoc-su-kinh-te-hoc-lay-loi-khung-hoang-day-cho-ta-nhung-gi-tap-1,NXB 266,2001,229
https://cdn1.fahasa.com/media/catalog/product/8/9/8935246944677.jpg,Lược Sử Kinh Tế Học Lầy Lội - Khủng Hoảng Dạy Cho Ta Những Gì? - Tập 2,146500,20,9780085479902,"Lorem ipsum dolor sit amet, consectetur adipiscing elit. Nam congue vel tellus non luctus. Vestibulum vitae nunc lorem. Sed lacinia lectus vel augue imperdiet ultricies. Donec id venenatis ex, vitae pretium ligula. Sed nulla eros, dignissim at feugiat non, posuere sit amet urna. Ut eu porttitor tellus. Cras eu massa nulla. Morbi porta fermentum elit eu iaculis. Pellentesque hendrerit venenatis purus at feugiat. Pellentesque vitae feugiat purus. Donec mattis rhoncus lacinia. Sed quam diam, molestie id laoreet eu, lacinia ac turpis. Cras tincidunt lobortis elit quis aliquam. Proin et massa libero.

Aliquam id pharetra arcu. Vivamus vitae mattis ligula. Sed efficitur urna vitae scelerisque tempor. Proin purus magna, vulputate eu ligula a, vehicula malesuada enim. Curabitur aliquet rutrum enim et tincidunt. Vestibulum ante ipsum primis in faucibus orci luctus et ultrices posuere cubilia curae; Vivamus pharetra enim leo, nec molestie nibh consectetur quis. Class aptent taciti sociosqu ad litora torquent per conubia nostra, per inceptos himenaeos. Nunc quis maximus elit, vitae pulvinar urna. Integer at mi elit. Phasellus vitae rutrum sem. Vivamus et mauris ac nisl congue congue eu eget elit. Nullam at quam velit. Pellentesque dictum, diam nec tempor aliquet, tortor justo fermentum sapien, at condimentum turpis elit vel sapien. Aenean rutrum tellus sodales tortor viverra eleifend.

Donec facilisis, diam efficitur maximus ultrices, enim lectus rutrum elit, eget malesuada mi justo dapibus enim. Maecenas finibus euismod nulla quis dignissim. Sed dictum ante rutrum turpis euismod laoreet. Sed placerat tellus leo. In ut lobortis lorem. Nullam vitae lectus egestas urna tincidunt aliquet. Ut sagittis vel enim eget malesuada. Cras in congue tortor. Interdum et malesuada fames ac ante ipsum primis in faucibus. Nunc tempus consequat neque, et eleifend nulla aliquam eu.",Author 267,19,luoc-su-kinh-te-hoc-lay-loi-khung-hoang-day-cho-ta-nhung-gi-tap-2,NXB 267,2018,300
https://cdn1.fahasa.com/media/catalog/product/i/m/image_195509_1_40495_1.jpg,Nền Kinh Tế Tăng Trưởng Và Sụp Đổ Như Thế Nào? (Tái Bản 2023),143000,20,9780085479903,"Lorem ipsum dolor sit amet, consectetur adipiscing elit. Nam congue vel tellus non luctus. Vestibulum vitae nunc lorem. Sed lacinia lectus vel augue imperdiet ultricies. Donec id venenatis ex, vitae pretium ligula. Sed nulla eros, dignissim at feugiat non, posuere sit amet urna. Ut eu porttitor tellus. Cras eu massa nulla. Morbi porta fermentum elit eu iaculis. Pellentesque hendrerit venenatis purus at feugiat. Pellentesque vitae feugiat purus. Donec mattis rhoncus lacinia. Sed quam diam, molestie id laoreet eu, lacinia ac turpis. Cras tincidunt lobortis elit quis aliquam. Proin et massa libero.

Aliquam id pharetra arcu. Vivamus vitae mattis ligula. Sed efficitur urna vitae scelerisque tempor. Proin purus magna, vulputate eu ligula a, vehicula malesuada enim. Curabitur aliquet rutrum enim et tincidunt. Vestibulum ante ipsum primis in faucibus orci luctus et ultrices posuere cubilia curae; Vivamus pharetra enim leo, nec molestie nibh consectetur quis. Class aptent taciti sociosqu ad litora torquent per conubia nostra, per inceptos himenaeos. Nunc quis maximus elit, vitae pulvinar urna. Integer at mi elit. Phasellus vitae rutrum sem. Vivamus et mauris ac nisl congue congue eu eget elit. Nullam at quam velit. Pellentesque dictum, diam nec tempor aliquet, tortor justo fermentum sapien, at condimentum turpis elit vel sapien. Aenean rutrum tellus sodales tortor viverra eleifend.

Donec facilisis, diam efficitur maximus ultrices, enim lectus rutrum elit, eget malesuada mi justo dapibus enim. Maecenas finibus euismod nulla quis dignissim. Sed dictum ante rutrum turpis euismod laoreet. Sed placerat tellus leo. In ut lobortis lorem. Nullam vitae lectus egestas urna tincidunt aliquet. Ut sagittis vel enim eget malesuada. Cras in congue tortor. Interdum et malesuada fames ac ante ipsum primis in faucibus. Nunc tempus consequat neque, et eleifend nulla aliquam eu.",Author 268,13,nen-kinh-te-tang-truong-va-sup-o-nhu-the-nao-tai-ban-2023,NXB 268,2020,165
https://cdn1.fahasa.com/media/catalog/product/1/7/1743385319248.jpg,Chiến Tranh Tiền Tệ - Phần 1 - Ai Thực Sự Là Người Giàu Nhất Thế Giới? (Tái bản 2025),120250,20,9780085479904,"Lorem ipsum dolor sit amet, consectetur adipiscing elit. Nam congue vel tellus non luctus. Vestibulum vitae nunc lorem. Sed lacinia lectus vel augue imperdiet ultricies. Donec id venenatis ex, vitae pretium ligula. Sed nulla eros, dignissim at feugiat non, posuere sit amet urna. Ut eu porttitor tellus. Cras eu massa nulla. Morbi porta fermentum elit eu iaculis. Pellentesque hendrerit venenatis purus at feugiat. Pellentesque vitae feugiat purus. Donec mattis rhoncus lacinia. Sed quam diam, molestie id laoreet eu, lacinia ac turpis. Cras tincidunt lobortis elit quis aliquam. Proin et massa libero.

Aliquam id pharetra arcu. Vivamus vitae mattis ligula. Sed efficitur urna vitae scelerisque tempor. Proin purus magna, vulputate eu ligula a, vehicula malesuada enim. Curabitur aliquet rutrum enim et tincidunt. Vestibulum ante ipsum primis in faucibus orci luctus et ultrices posuere cubilia curae; Vivamus pharetra enim leo, nec molestie nibh consectetur quis. Class aptent taciti sociosqu ad litora torquent per conubia nostra, per inceptos himenaeos. Nunc quis maximus elit, vitae pulvinar urna. Integer at mi elit. Phasellus vitae rutrum sem. Vivamus et mauris ac nisl congue congue eu eget elit. Nullam at quam velit. Pellentesque dictum, diam nec tempor aliquet, tortor justo fermentum sapien, at condimentum turpis elit vel sapien. Aenean rutrum tellus sodales tortor viverra eleifend.

Donec facilisis, diam efficitur maximus ultrices, enim lectus rutrum elit, eget malesuada mi justo dapibus enim. Maecenas finibus euismod nulla quis dignissim. Sed dictum ante rutrum turpis euismod laoreet. Sed placerat tellus leo. In ut lobortis lorem. Nullam vitae lectus egestas urna tincidunt aliquet. Ut sagittis vel enim eget malesuada. Cras in congue tortor. Interdum et malesuada fames ac ante ipsum primis in faucibus. Nunc tempus consequat neque, et eleifend nulla aliquam eu.",Author 269,8,chien-tranh-tien-te-phan-1-ai-thuc-su-la-nguoi-giau-nhat-the-gioi-tai-ban-2025,NXB 269,2003,286
https://cdn1.fahasa.com/media/catalog/product/b/i/bia-truoc-chientrangtiente-2-tb-jpg.jpg,Chiến Tranh Tiền Tệ - Phần 2 - Sự Thống Trị Của Quyền Lực Tài Chính (Tái Bản 2022),110500,20,9780085479905,"Lorem ipsum dolor sit amet, consectetur adipiscing elit. Nam congue vel tellus non luctus. Vestibulum vitae nunc lorem. Sed lacinia lectus vel augue imperdiet ultricies. Donec id venenatis ex, vitae pretium ligula. Sed nulla eros, dignissim at feugiat non, posuere sit amet urna. Ut eu porttitor tellus. Cras eu massa nulla. Morbi porta fermentum elit eu iaculis. Pellentesque hendrerit venenatis purus at feugiat. Pellentesque vitae feugiat purus. Donec mattis rhoncus lacinia. Sed quam diam, molestie id laoreet eu, lacinia ac turpis. Cras tincidunt lobortis elit quis aliquam. Proin et massa libero.

Aliquam id pharetra arcu. Vivamus vitae mattis ligula. Sed efficitur urna vitae scelerisque tempor. Proin purus magna, vulputate eu ligula a, vehicula malesuada enim. Curabitur aliquet rutrum enim et tincidunt. Vestibulum ante ipsum primis in faucibus orci luctus et ultrices posuere cubilia curae; Vivamus pharetra enim leo, nec molestie nibh consectetur quis. Class aptent taciti sociosqu ad litora torquent per conubia nostra, per inceptos himenaeos. Nunc quis maximus elit, vitae pulvinar urna. Integer at mi elit. Phasellus vitae rutrum sem. Vivamus et mauris ac nisl congue congue eu eget elit. Nullam at quam velit. Pellentesque dictum, diam nec tempor aliquet, tortor justo fermentum sapien, at condimentum turpis elit vel sapien. Aenean rutrum tellus sodales tortor viverra eleifend.

Donec facilisis, diam efficitur maximus ultrices, enim lectus rutrum elit, eget malesuada mi justo dapibus enim. Maecenas finibus euismod nulla quis dignissim. Sed dictum ante rutrum turpis euismod laoreet. Sed placerat tellus leo. In ut lobortis lorem. Nullam vitae lectus egestas urna tincidunt aliquet. Ut sagittis vel enim eget malesuada. Cras in congue tortor. Interdum et malesuada fames ac ante ipsum primis in faucibus. Nunc tempus consequat neque, et eleifend nulla aliquam eu.",Author 270,17,chien-tranh-tien-te-phan-2-su-thong-tri-cua-quyen-luc-tai-chinh-tai-ban-2022,NXB 270,2001,103
https://cdn1.fahasa.com/media/catalog/product/i/m/image_195509_1_27686.jpg,Thiên Nga Đen (Tái Bản 2020),209300,20,9780085479906,"Lorem ipsum dolor sit amet, consectetur adipiscing elit. Nam congue vel tellus non luctus. Vestibulum vitae nunc lorem. Sed lacinia lectus vel augue imperdiet ultricies. Donec id venenatis ex, vitae pretium ligula. Sed nulla eros, dignissim at feugiat non, posuere sit amet urna. Ut eu porttitor tellus. Cras eu massa nulla. Morbi porta fermentum elit eu iaculis. Pellentesque hendrerit venenatis purus at feugiat. Pellentesque vitae feugiat purus. Donec mattis rhoncus lacinia. Sed quam diam, molestie id laoreet eu, lacinia ac turpis. Cras tincidunt lobortis elit quis aliquam. Proin et massa libero.

Aliquam id pharetra arcu. Vivamus vitae mattis ligula. Sed efficitur urna vitae scelerisque tempor. Proin purus magna, vulputate eu ligula a, vehicula malesuada enim. Curabitur aliquet rutrum enim et tincidunt. Vestibulum ante ipsum primis in faucibus orci luctus et ultrices posuere cubilia curae; Vivamus pharetra enim leo, nec molestie nibh consectetur quis. Class aptent taciti sociosqu ad litora torquent per conubia nostra, per inceptos himenaeos. Nunc quis maximus elit, vitae pulvinar urna. Integer at mi elit. Phasellus vitae rutrum sem. Vivamus et mauris ac nisl congue congue eu eget elit. Nullam at quam velit. Pellentesque dictum, diam nec tempor aliquet, tortor justo fermentum sapien, at condimentum turpis elit vel sapien. Aenean rutrum tellus sodales tortor viverra eleifend.

Donec facilisis, diam efficitur maximus ultrices, enim lectus rutrum elit, eget malesuada mi justo dapibus enim. Maecenas finibus euismod nulla quis dignissim. Sed dictum ante rutrum turpis euismod laoreet. Sed placerat tellus leo. In ut lobortis lorem. Nullam vitae lectus egestas urna tincidunt aliquet. Ut sagittis vel enim eget malesuada. Cras in congue tortor. Interdum et malesuada fames ac ante ipsum primis in faucibus. Nunc tempus consequat neque, et eleifend nulla aliquam eu.",Author 271,13,thien-nga-en-tai-ban-2020,NXB 271,2022,161
https://cdn1.fahasa.com/media/catalog/product/4/e/4ea31309a3784b038f38102ddffe29c0.jpg,Combo Sách Lược Sử Kinh Tế Học Lầy Lội - Khủng Hoảng Dạy Cho Ta Những Gì? - Tập 1 + Tập 2 (Bộ 2 Tập),334000,20,9780085479907,"Lorem ipsum dolor sit amet, consectetur adipiscing elit. Nam congue vel tellus non luctus. Vestibulum vitae nunc lorem. Sed lacinia lectus vel augue imperdiet ultricies. Donec id venenatis ex, vitae pretium ligula. Sed nulla eros, dignissim at feugiat non, posuere sit amet urna. Ut eu porttitor tellus. Cras eu massa nulla. Morbi porta fermentum elit eu iaculis. Pellentesque hendrerit venenatis purus at feugiat. Pellentesque vitae feugiat purus. Donec mattis rhoncus lacinia. Sed quam diam, molestie id laoreet eu, lacinia ac turpis. Cras tincidunt lobortis elit quis aliquam. Proin et massa libero.

Aliquam id pharetra arcu. Vivamus vitae mattis ligula. Sed efficitur urna vitae scelerisque tempor. Proin purus magna, vulputate eu ligula a, vehicula malesuada enim. Curabitur aliquet rutrum enim et tincidunt. Vestibulum ante ipsum primis in faucibus orci luctus et ultrices posuere cubilia curae; Vivamus pharetra enim leo, nec molestie nibh consectetur quis. Class aptent taciti sociosqu ad litora torquent per conubia nostra, per inceptos himenaeos. Nunc quis maximus elit, vitae pulvinar urna. Integer at mi elit. Phasellus vitae rutrum sem. Vivamus et mauris ac nisl congue congue eu eget elit. Nullam at quam velit. Pellentesque dictum, diam nec tempor aliquet, tortor justo fermentum sapien, at condimentum turpis elit vel sapien. Aenean rutrum tellus sodales tortor viverra eleifend.

Donec facilisis, diam efficitur maximus ultrices, enim lectus rutrum elit, eget malesuada mi justo dapibus enim. Maecenas finibus euismod nulla quis dignissim. Sed dictum ante rutrum turpis euismod laoreet. Sed placerat tellus leo. In ut lobortis lorem. Nullam vitae lectus egestas urna tincidunt aliquet. Ut sagittis vel enim eget malesuada. Cras in congue tortor. Interdum et malesuada fames ac ante ipsum primis in faucibus. Nunc tempus consequat neque, et eleifend nulla aliquam eu.",Author 272,5,combo-sach-luoc-su-kinh-te-hoc-lay-loi-khung-hoang-day-cho-ta-nhung-gi-tap-1-tap-2-bo-2-tap,NXB 272,2022,171
https://cdn1.fahasa.com/media/catalog/product/8/9/8935095635122.jpg,Debt - Nợ - Sợi Xích Vô Hình 5000 Năm,208000,20,9780085479908,"Lorem ipsum dolor sit amet, consectetur adipiscing elit. Nam congue vel tellus non luctus. Vestibulum vitae nunc lorem. Sed lacinia lectus vel augue imperdiet ultricies. Donec id venenatis ex, vitae pretium ligula. Sed nulla eros, dignissim at feugiat non, posuere sit amet urna. Ut eu porttitor tellus. Cras eu massa nulla. Morbi porta fermentum elit eu iaculis. Pellentesque hendrerit venenatis purus at feugiat. Pellentesque vitae feugiat purus. Donec mattis rhoncus lacinia. Sed quam diam, molestie id laoreet eu, lacinia ac turpis. Cras tincidunt lobortis elit quis aliquam. Proin et massa libero.

Aliquam id pharetra arcu. Vivamus vitae mattis ligula. Sed efficitur urna vitae scelerisque tempor. Proin purus magna, vulputate eu ligula a, vehicula malesuada enim. Curabitur aliquet rutrum enim et tincidunt. Vestibulum ante ipsum primis in faucibus orci luctus et ultrices posuere cubilia curae; Vivamus pharetra enim leo, nec molestie nibh consectetur quis. Class aptent taciti sociosqu ad litora torquent per conubia nostra, per inceptos himenaeos. Nunc quis maximus elit, vitae pulvinar urna. Integer at mi elit. Phasellus vitae rutrum sem. Vivamus et mauris ac nisl congue congue eu eget elit. Nullam at quam velit. Pellentesque dictum, diam nec tempor aliquet, tortor justo fermentum sapien, at condimentum turpis elit vel sapien. Aenean rutrum tellus sodales tortor viverra eleifend.

Donec facilisis, diam efficitur maximus ultrices, enim lectus rutrum elit, eget malesuada mi justo dapibus enim. Maecenas finibus euismod nulla quis dignissim. Sed dictum ante rutrum turpis euismod laoreet. Sed placerat tellus leo. In ut lobortis lorem. Nullam vitae lectus egestas urna tincidunt aliquet. Ut sagittis vel enim eget malesuada. Cras in congue tortor. Interdum et malesuada fames ac ante ipsum primis in faucibus. Nunc tempus consequat neque, et eleifend nulla aliquam eu.",Author 273,6,debt-no-soi-xich-vo-hinh-5000-nam,NXB 273,2023,86
https://cdn1.fahasa.com/media/catalog/product/9/7/9786043603590.jpg,Chiến Tranh Tiền Tệ Phần IV: Siêu Cường Về Tài Chính - Tham Vọng Về Đồng Tiền Chung Châu Á,120250,20,9780085479909,"Lorem ipsum dolor sit amet, consectetur adipiscing elit. Nam congue vel tellus non luctus. Vestibulum vitae nunc lorem. Sed lacinia lectus vel augue imperdiet ultricies. Donec id venenatis ex, vitae pretium ligula. Sed nulla eros, dignissim at feugiat non, posuere sit amet urna. Ut eu porttitor tellus. Cras eu massa nulla. Morbi porta fermentum elit eu iaculis. Pellentesque hendrerit venenatis purus at feugiat. Pellentesque vitae feugiat purus. Donec mattis rhoncus lacinia. Sed quam diam, molestie id laoreet eu, lacinia ac turpis. Cras tincidunt lobortis elit quis aliquam. Proin et massa libero.

Aliquam id pharetra arcu. Vivamus vitae mattis ligula. Sed efficitur urna vitae scelerisque tempor. Proin purus magna, vulputate eu ligula a, vehicula malesuada enim. Curabitur aliquet rutrum enim et tincidunt. Vestibulum ante ipsum primis in faucibus orci luctus et ultrices posuere cubilia curae; Vivamus pharetra enim leo, nec molestie nibh consectetur quis. Class aptent taciti sociosqu ad litora torquent per conubia nostra, per inceptos himenaeos. Nunc quis maximus elit, vitae pulvinar urna. Integer at mi elit. Phasellus vitae rutrum sem. Vivamus et mauris ac nisl congue congue eu eget elit. Nullam at quam velit. Pellentesque dictum, diam nec tempor aliquet, tortor justo fermentum sapien, at condimentum turpis elit vel sapien. Aenean rutrum tellus sodales tortor viverra eleifend.

Donec facilisis, diam efficitur maximus ultrices, enim lectus rutrum elit, eget malesuada mi justo dapibus enim. Maecenas finibus euismod nulla quis dignissim. Sed dictum ante rutrum turpis euismod laoreet. Sed placerat tellus leo. In ut lobortis lorem. Nullam vitae lectus egestas urna tincidunt aliquet. Ut sagittis vel enim eget malesuada. Cras in congue tortor. Interdum et malesuada fames ac ante ipsum primis in faucibus. Nunc tempus consequat neque, et eleifend nulla aliquam eu.",Author 274,5,chien-tranh-tien-te-phan-iv-sieu-cuong-ve-tai-chinh-tham-vong-ve-ong-tien-chung-chau-a,NXB 274,2022,212
https://cdn1.fahasa.com/media/catalog/product/z/6/z6393045356694_0579fad53c934ec136d4928db386f828.jpg,Chiến Tranh Tiền Tệ - Phần III - Biên Giới Tiền Tệ - Nhân Tố Bí Ẩn Trong Các Cuộc Chiến Kinh Tế (Tái Bản 2025),120250,20,9780085479910,"Lorem ipsum dolor sit amet, consectetur adipiscing elit. Nam congue vel tellus non luctus. Vestibulum vitae nunc lorem. Sed lacinia lectus vel augue imperdiet ultricies. Donec id venenatis ex, vitae pretium ligula. Sed nulla eros, dignissim at feugiat non, posuere sit amet urna. Ut eu porttitor tellus. Cras eu massa nulla. Morbi porta fermentum elit eu iaculis. Pellentesque hendrerit venenatis purus at feugiat. Pellentesque vitae feugiat purus. Donec mattis rhoncus lacinia. Sed quam diam, molestie id laoreet eu, lacinia ac turpis. Cras tincidunt lobortis elit quis aliquam. Proin et massa libero.

Aliquam id pharetra arcu. Vivamus vitae mattis ligula. Sed efficitur urna vitae scelerisque tempor. Proin purus magna, vulputate eu ligula a, vehicula malesuada enim. Curabitur aliquet rutrum enim et tincidunt. Vestibulum ante ipsum primis in faucibus orci luctus et ultrices posuere cubilia curae; Vivamus pharetra enim leo, nec molestie nibh consectetur quis. Class aptent taciti sociosqu ad litora torquent per conubia nostra, per inceptos himenaeos. Nunc quis maximus elit, vitae pulvinar urna. Integer at mi elit. Phasellus vitae rutrum sem. Vivamus et mauris ac nisl congue congue eu eget elit. Nullam at quam velit. Pellentesque dictum, diam nec tempor aliquet, tortor justo fermentum sapien, at condimentum turpis elit vel sapien. Aenean rutrum tellus sodales tortor viverra eleifend.

Donec facilisis, diam efficitur maximus ultrices, enim lectus rutrum elit, eget malesuada mi justo dapibus enim. Maecenas finibus euismod nulla quis dignissim. Sed dictum ante rutrum turpis euismod laoreet. Sed placerat tellus leo. In ut lobortis lorem. Nullam vitae lectus egestas urna tincidunt aliquet. Ut sagittis vel enim eget malesuada. Cras in congue tortor. Interdum et malesuada fames ac ante ipsum primis in faucibus. Nunc tempus consequat neque, et eleifend nulla aliquam eu.",Author 275,15,chien-tranh-tien-te-phan-iii-bien-gioi-tien-te-nhan-to-bi-an-trong-cac-cuoc-chien-kinh-te-tai-ban-2025,NXB 275,2021,54
https://cdn1.fahasa.com/media/catalog/product/p/h/photo_2025-05-19_11-23-46.jpg,Chiến Tranh Tiền Tệ - Phần 5 - Tương Lai Của Tiền Tệ Thế Giới Bình Yên Trước Giông Bão (Tái Bản 2025),139750,20,9780085479911,"Lorem ipsum dolor sit amet, consectetur adipiscing elit. Nam congue vel tellus non luctus. Vestibulum vitae nunc lorem. Sed lacinia lectus vel augue imperdiet ultricies. Donec id venenatis ex, vitae pretium ligula. Sed nulla eros, dignissim at feugiat non, posuere sit amet urna. Ut eu porttitor tellus. Cras eu massa nulla. Morbi porta fermentum elit eu iaculis. Pellentesque hendrerit venenatis purus at feugiat. Pellentesque vitae feugiat purus. Donec mattis rhoncus lacinia. Sed quam diam, molestie id laoreet eu, lacinia ac turpis. Cras tincidunt lobortis elit quis aliquam. Proin et massa libero.

Aliquam id pharetra arcu. Vivamus vitae mattis ligula. Sed efficitur urna vitae scelerisque tempor. Proin purus magna, vulputate eu ligula a, vehicula malesuada enim. Curabitur aliquet rutrum enim et tincidunt. Vestibulum ante ipsum primis in faucibus orci luctus et ultrices posuere cubilia curae; Vivamus pharetra enim leo, nec molestie nibh consectetur quis. Class aptent taciti sociosqu ad litora torquent per conubia nostra, per inceptos himenaeos. Nunc quis maximus elit, vitae pulvinar urna. Integer at mi elit. Phasellus vitae rutrum sem. Vivamus et mauris ac nisl congue congue eu eget elit. Nullam at quam velit. Pellentesque dictum, diam nec tempor aliquet, tortor justo fermentum sapien, at condimentum turpis elit vel sapien. Aenean rutrum tellus sodales tortor viverra eleifend.

Donec facilisis, diam efficitur maximus ultrices, enim lectus rutrum elit, eget malesuada mi justo dapibus enim. Maecenas finibus euismod nulla quis dignissim. Sed dictum ante rutrum turpis euismod laoreet. Sed placerat tellus leo. In ut lobortis lorem. Nullam vitae lectus egestas urna tincidunt aliquet. Ut sagittis vel enim eget malesuada. Cras in congue tortor. Interdum et malesuada fames ac ante ipsum primis in faucibus. Nunc tempus consequat neque, et eleifend nulla aliquam eu.",Author 276,4,chien-tranh-tien-te-phan-5-tuong-lai-cua-tien-te-the-gioi-binh-yen-truoc-giong-bao-tai-ban-2025,NXB 276,2004,141
https://cdn1.fahasa.com/media/catalog/product/t/i/tinhhoakinhtehoc_bia1.jpg,Tinh Hoa Kinh Tế Học - Essentials Of Economics - Bìa Cứng (Tái Bản 2024),476000,20,9780085479912,"Lorem ipsum dolor sit amet, consectetur adipiscing elit. Nam congue vel tellus non luctus. Vestibulum vitae nunc lorem. Sed lacinia lectus vel augue imperdiet ultricies. Donec id venenatis ex, vitae pretium ligula. Sed nulla eros, dignissim at feugiat non, posuere sit amet urna. Ut eu porttitor tellus. Cras eu massa nulla. Morbi porta fermentum elit eu iaculis. Pellentesque hendrerit venenatis purus at feugiat. Pellentesque vitae feugiat purus. Donec mattis rhoncus lacinia. Sed quam diam, molestie id laoreet eu, lacinia ac turpis. Cras tincidunt lobortis elit quis aliquam. Proin et massa libero.

Aliquam id pharetra arcu. Vivamus vitae mattis ligula. Sed efficitur urna vitae scelerisque tempor. Proin purus magna, vulputate eu ligula a, vehicula malesuada enim. Curabitur aliquet rutrum enim et tincidunt. Vestibulum ante ipsum primis in faucibus orci luctus et ultrices posuere cubilia curae; Vivamus pharetra enim leo, nec molestie nibh consectetur quis. Class aptent taciti sociosqu ad litora torquent per conubia nostra, per inceptos himenaeos. Nunc quis maximus elit, vitae pulvinar urna. Integer at mi elit. Phasellus vitae rutrum sem. Vivamus et mauris ac nisl congue congue eu eget elit. Nullam at quam velit. Pellentesque dictum, diam nec tempor aliquet, tortor justo fermentum sapien, at condimentum turpis elit vel sapien. Aenean rutrum tellus sodales tortor viverra eleifend.

Donec facilisis, diam efficitur maximus ultrices, enim lectus rutrum elit, eget malesuada mi justo dapibus enim. Maecenas finibus euismod nulla quis dignissim. Sed dictum ante rutrum turpis euismod laoreet. Sed placerat tellus leo. In ut lobortis lorem. Nullam vitae lectus egestas urna tincidunt aliquet. Ut sagittis vel enim eget malesuada. Cras in congue tortor. Interdum et malesuada fames ac ante ipsum primis in faucibus. Nunc tempus consequat neque, et eleifend nulla aliquam eu.",Author 277,19,tinh-hoa-kinh-te-hoc-essentials-of-economics-bia-cung-tai-ban-2024,NXB 277,2004,186
https://cdn1.fahasa.com/media/catalog/product/b/_/b_a-s_-th_nh-v_ng-c_a-c_c-qu_c-gia.jpg,Sự Thịnh Vượng Của Các Quốc Gia - Bìa Cứng,560000,20,9780085479913,"Lorem ipsum dolor sit amet, consectetur adipiscing elit. Nam congue vel tellus non luctus. Vestibulum vitae nunc lorem. Sed lacinia lectus vel augue imperdiet ultricies. Donec id venenatis ex, vitae pretium ligula. Sed nulla eros, dignissim at feugiat non, posuere sit amet urna. Ut eu porttitor tellus. Cras eu massa nulla. Morbi porta fermentum elit eu iaculis. Pellentesque hendrerit venenatis purus at feugiat. Pellentesque vitae feugiat purus. Donec mattis rhoncus lacinia. Sed quam diam, molestie id laoreet eu, lacinia ac turpis. Cras tincidunt lobortis elit quis aliquam. Proin et massa libero.

Aliquam id pharetra arcu. Vivamus vitae mattis ligula. Sed efficitur urna vitae scelerisque tempor. Proin purus magna, vulputate eu ligula a, vehicula malesuada enim. Curabitur aliquet rutrum enim et tincidunt. Vestibulum ante ipsum primis in faucibus orci luctus et ultrices posuere cubilia curae; Vivamus pharetra enim leo, nec molestie nibh consectetur quis. Class aptent taciti sociosqu ad litora torquent per conubia nostra, per inceptos himenaeos. Nunc quis maximus elit, vitae pulvinar urna. Integer at mi elit. Phasellus vitae rutrum sem. Vivamus et mauris ac nisl congue congue eu eget elit. Nullam at quam velit. Pellentesque dictum, diam nec tempor aliquet, tortor justo fermentum sapien, at condimentum turpis elit vel sapien. Aenean rutrum tellus sodales tortor viverra eleifend.

Donec facilisis, diam efficitur maximus ultrices, enim lectus rutrum elit, eget malesuada mi justo dapibus enim. Maecenas finibus euismod nulla quis dignissim. Sed dictum ante rutrum turpis euismod laoreet. Sed placerat tellus leo. In ut lobortis lorem. Nullam vitae lectus egestas urna tincidunt aliquet. Ut sagittis vel enim eget malesuada. Cras in congue tortor. Interdum et malesuada fames ac ante ipsum primis in faucibus. Nunc tempus consequat neque, et eleifend nulla aliquam eu.",Author 278,9,su-thinh-vuong-cua-cac-quoc-gia-bia-cung,NXB 278,2021,183
https://cdn1.fahasa.com/media/catalog/product/9/7/9786043606492_thanh_ly.jpg,Chiến Tranh Tiền Tệ Phần,139750,20,9780085479914,"Lorem ipsum dolor sit amet, consectetur adipiscing elit. Nam congue vel tellus non luctus. Vestibulum vitae nunc lorem. Sed lacinia lectus vel augue imperdiet ultricies. Donec id venenatis ex, vitae pretium ligula. Sed nulla eros, dignissim at feugiat non, posuere sit amet urna. Ut eu porttitor tellus. Cras eu massa nulla. Morbi porta fermentum elit eu iaculis. Pellentesque hendrerit venenatis purus at feugiat. Pellentesque vitae feugiat purus. Donec mattis rhoncus lacinia. Sed quam diam, molestie id laoreet eu, lacinia ac turpis. Cras tincidunt lobortis elit quis aliquam. Proin et massa libero.

Aliquam id pharetra arcu. Vivamus vitae mattis ligula. Sed efficitur urna vitae scelerisque tempor. Proin purus magna, vulputate eu ligula a, vehicula malesuada enim. Curabitur aliquet rutrum enim et tincidunt. Vestibulum ante ipsum primis in faucibus orci luctus et ultrices posuere cubilia curae; Vivamus pharetra enim leo, nec molestie nibh consectetur quis. Class aptent taciti sociosqu ad litora torquent per conubia nostra, per inceptos himenaeos. Nunc quis maximus elit, vitae pulvinar urna. Integer at mi elit. Phasellus vitae rutrum sem. Vivamus et mauris ac nisl congue congue eu eget elit. Nullam at quam velit. Pellentesque dictum, diam nec tempor aliquet, tortor justo fermentum sapien, at condimentum turpis elit vel sapien. Aenean rutrum tellus sodales tortor viverra eleifend.

Donec facilisis, diam efficitur maximus ultrices, enim lectus rutrum elit, eget malesuada mi justo dapibus enim. Maecenas finibus euismod nulla quis dignissim. Sed dictum ante rutrum turpis euismod laoreet. Sed placerat tellus leo. In ut lobortis lorem. Nullam vitae lectus egestas urna tincidunt aliquet. Ut sagittis vel enim eget malesuada. Cras in congue tortor. Interdum et malesuada fames ac ante ipsum primis in faucibus. Nunc tempus consequat neque, et eleifend nulla aliquam eu.",Author 279,13,chien-tranh-tien-te-phan,NXB 279,2015,185
https://cdn1.fahasa.com/media/catalog/product/8/9/8935279187041.jpg,Đô La Mỹ Và Quyền Lực Thống Trị Toàn Cầu - Từ Quá Khứ Đến Tương Lai,212500,20,9780085479915,"Lorem ipsum dolor sit amet, consectetur adipiscing elit. Nam congue vel tellus non luctus. Vestibulum vitae nunc lorem. Sed lacinia lectus vel augue imperdiet ultricies. Donec id venenatis ex, vitae pretium ligula. Sed nulla eros, dignissim at feugiat non, posuere sit amet urna. Ut eu porttitor tellus. Cras eu massa nulla. Morbi porta fermentum elit eu iaculis. Pellentesque hendrerit venenatis purus at feugiat. Pellentesque vitae feugiat purus. Donec mattis rhoncus lacinia. Sed quam diam, molestie id laoreet eu, lacinia ac turpis. Cras tincidunt lobortis elit quis aliquam. Proin et massa libero.

Aliquam id pharetra arcu. Vivamus vitae mattis ligula. Sed efficitur urna vitae scelerisque tempor. Proin purus magna, vulputate eu ligula a, vehicula malesuada enim. Curabitur aliquet rutrum enim et tincidunt. Vestibulum ante ipsum primis in faucibus orci luctus et ultrices posuere cubilia curae; Vivamus pharetra enim leo, nec molestie nibh consectetur quis. Class aptent taciti sociosqu ad litora torquent per conubia nostra, per inceptos himenaeos. Nunc quis maximus elit, vitae pulvinar urna. Integer at mi elit. Phasellus vitae rutrum sem. Vivamus et mauris ac nisl congue congue eu eget elit. Nullam at quam velit. Pellentesque dictum, diam nec tempor aliquet, tortor justo fermentum sapien, at condimentum turpis elit vel sapien. Aenean rutrum tellus sodales tortor viverra eleifend.

Donec facilisis, diam efficitur maximus ultrices, enim lectus rutrum elit, eget malesuada mi justo dapibus enim. Maecenas finibus euismod nulla quis dignissim. Sed dictum ante rutrum turpis euismod laoreet. Sed placerat tellus leo. In ut lobortis lorem. Nullam vitae lectus egestas urna tincidunt aliquet. Ut sagittis vel enim eget malesuada. Cras in congue tortor. Interdum et malesuada fames ac ante ipsum primis in faucibus. Nunc tempus consequat neque, et eleifend nulla aliquam eu.",Author 280,15,o-la-my-va-quyen-luc-thong-tri-toan-cau-tu-qua-khu-en-tuong-lai,NXB 280,2006,170
https://cdn1.fahasa.com/media/catalog/product/n/x/nxbtre_full_20152024_111546_1.jpg,Doanh Nghiệp Của Thế Kỷ 21 (Tái Bản 2024),85000,20,9780085479916,"Lorem ipsum dolor sit amet, consectetur adipiscing elit. Nam congue vel tellus non luctus. Vestibulum vitae nunc lorem. Sed lacinia lectus vel augue imperdiet ultricies. Donec id venenatis ex, vitae pretium ligula. Sed nulla eros, dignissim at feugiat non, posuere sit amet urna. Ut eu porttitor tellus. Cras eu massa nulla. Morbi porta fermentum elit eu iaculis. Pellentesque hendrerit venenatis purus at feugiat. Pellentesque vitae feugiat purus. Donec mattis rhoncus lacinia. Sed quam diam, molestie id laoreet eu, lacinia ac turpis. Cras tincidunt lobortis elit quis aliquam. Proin et massa libero.

Aliquam id pharetra arcu. Vivamus vitae mattis ligula. Sed efficitur urna vitae scelerisque tempor. Proin purus magna, vulputate eu ligula a, vehicula malesuada enim. Curabitur aliquet rutrum enim et tincidunt. Vestibulum ante ipsum primis in faucibus orci luctus et ultrices posuere cubilia curae; Vivamus pharetra enim leo, nec molestie nibh consectetur quis. Class aptent taciti sociosqu ad litora torquent per conubia nostra, per inceptos himenaeos. Nunc quis maximus elit, vitae pulvinar urna. Integer at mi elit. Phasellus vitae rutrum sem. Vivamus et mauris ac nisl congue congue eu eget elit. Nullam at quam velit. Pellentesque dictum, diam nec tempor aliquet, tortor justo fermentum sapien, at condimentum turpis elit vel sapien. Aenean rutrum tellus sodales tortor viverra eleifend.

Donec facilisis, diam efficitur maximus ultrices, enim lectus rutrum elit, eget malesuada mi justo dapibus enim. Maecenas finibus euismod nulla quis dignissim. Sed dictum ante rutrum turpis euismod laoreet. Sed placerat tellus leo. In ut lobortis lorem. Nullam vitae lectus egestas urna tincidunt aliquet. Ut sagittis vel enim eget malesuada. Cras in congue tortor. Interdum et malesuada fames ac ante ipsum primis in faucibus. Nunc tempus consequat neque, et eleifend nulla aliquam eu.",Author 281,16,doanh-nghiep-cua-the-ky-21-tai-ban-2024,NXB 281,2010,221
https://cdn1.fahasa.com/media/catalog/product/9/7/9786326218206.jpg,Kinh Tế Miền Nam Việt Nam Thời Kỳ 1955-1975,300000,20,9780085479917,"Lorem ipsum dolor sit amet, consectetur adipiscing elit. Nam congue vel tellus non luctus. Vestibulum vitae nunc lorem. Sed lacinia lectus vel augue imperdiet ultricies. Donec id venenatis ex, vitae pretium ligula. Sed nulla eros, dignissim at feugiat non, posuere sit amet urna. Ut eu porttitor tellus. Cras eu massa nulla. Morbi porta fermentum elit eu iaculis. Pellentesque hendrerit venenatis purus at feugiat. Pellentesque vitae feugiat purus. Donec mattis rhoncus lacinia. Sed quam diam, molestie id laoreet eu, lacinia ac turpis. Cras tincidunt lobortis elit quis aliquam. Proin et massa libero.

Aliquam id pharetra arcu. Vivamus vitae mattis ligula. Sed efficitur urna vitae scelerisque tempor. Proin purus magna, vulputate eu ligula a, vehicula malesuada enim. Curabitur aliquet rutrum enim et tincidunt. Vestibulum ante ipsum primis in faucibus orci luctus et ultrices posuere cubilia curae; Vivamus pharetra enim leo, nec molestie nibh consectetur quis. Class aptent taciti sociosqu ad litora torquent per conubia nostra, per inceptos himenaeos. Nunc quis maximus elit, vitae pulvinar urna. Integer at mi elit. Phasellus vitae rutrum sem. Vivamus et mauris ac nisl congue congue eu eget elit. Nullam at quam velit. Pellentesque dictum, diam nec tempor aliquet, tortor justo fermentum sapien, at condimentum turpis elit vel sapien. Aenean rutrum tellus sodales tortor viverra eleifend.

Donec facilisis, diam efficitur maximus ultrices, enim lectus rutrum elit, eget malesuada mi justo dapibus enim. Maecenas finibus euismod nulla quis dignissim. Sed dictum ante rutrum turpis euismod laoreet. Sed placerat tellus leo. In ut lobortis lorem. Nullam vitae lectus egestas urna tincidunt aliquet. Ut sagittis vel enim eget malesuada. Cras in congue tortor. Interdum et malesuada fames ac ante ipsum primis in faucibus. Nunc tempus consequat neque, et eleifend nulla aliquam eu.",Author 282,16,kinh-te-mien-nam-viet-nam-thoi-ky-1955-1975,NXB 282,2013,200
https://cdn1.fahasa.com/media/catalog/product/n/x/nxbtre_full_06222021_032231.jpg,Cách Nhìn Mới Về Vàng - The New Case For Gold,80500,20,9780085479918,"Lorem ipsum dolor sit amet, consectetur adipiscing elit. Nam congue vel tellus non luctus. Vestibulum vitae nunc lorem. Sed lacinia lectus vel augue imperdiet ultricies. Donec id venenatis ex, vitae pretium ligula. Sed nulla eros, dignissim at feugiat non, posuere sit amet urna. Ut eu porttitor tellus. Cras eu massa nulla. Morbi porta fermentum elit eu iaculis. Pellentesque hendrerit venenatis purus at feugiat. Pellentesque vitae feugiat purus. Donec mattis rhoncus lacinia. Sed quam diam, molestie id laoreet eu, lacinia ac turpis. Cras tincidunt lobortis elit quis aliquam. Proin et massa libero.

Aliquam id pharetra arcu. Vivamus vitae mattis ligula. Sed efficitur urna vitae scelerisque tempor. Proin purus magna, vulputate eu ligula a, vehicula malesuada enim. Curabitur aliquet rutrum enim et tincidunt. Vestibulum ante ipsum primis in faucibus orci luctus et ultrices posuere cubilia curae; Vivamus pharetra enim leo, nec molestie nibh consectetur quis. Class aptent taciti sociosqu ad litora torquent per conubia nostra, per inceptos himenaeos. Nunc quis maximus elit, vitae pulvinar urna. Integer at mi elit. Phasellus vitae rutrum sem. Vivamus et mauris ac nisl congue congue eu eget elit. Nullam at quam velit. Pellentesque dictum, diam nec tempor aliquet, tortor justo fermentum sapien, at condimentum turpis elit vel sapien. Aenean rutrum tellus sodales tortor viverra eleifend.

Donec facilisis, diam efficitur maximus ultrices, enim lectus rutrum elit, eget malesuada mi justo dapibus enim. Maecenas finibus euismod nulla quis dignissim. Sed dictum ante rutrum turpis euismod laoreet. Sed placerat tellus leo. In ut lobortis lorem. Nullam vitae lectus egestas urna tincidunt aliquet. Ut sagittis vel enim eget malesuada. Cras in congue tortor. Interdum et malesuada fames ac ante ipsum primis in faucibus. Nunc tempus consequat neque, et eleifend nulla aliquam eu.",Author 283,18,cach-nhin-moi-ve-vang-the-new-case-for-gold,NXB 283,2019,107
https://cdn1.fahasa.com/media/catalog/product/9/7/9786048483227.jpg,Trung Quốc Quản Lý Big Tech Và Nền Kinh Tế Như Thế Nào,227500,20,9780085479919,"Lorem ipsum dolor sit amet, consectetur adipiscing elit. Nam congue vel tellus non luctus. Vestibulum vitae nunc lorem. Sed lacinia lectus vel augue imperdiet ultricies. Donec id venenatis ex, vitae pretium ligula. Sed nulla eros, dignissim at feugiat non, posuere sit amet urna. Ut eu porttitor tellus. Cras eu massa nulla. Morbi porta fermentum elit eu iaculis. Pellentesque hendrerit venenatis purus at feugiat. Pellentesque vitae feugiat purus. Donec mattis rhoncus lacinia. Sed quam diam, molestie id laoreet eu, lacinia ac turpis. Cras tincidunt lobortis elit quis aliquam. Proin et massa libero.

Aliquam id pharetra arcu. Vivamus vitae mattis ligula. Sed efficitur urna vitae scelerisque tempor. Proin purus magna, vulputate eu ligula a, vehicula malesuada enim. Curabitur aliquet rutrum enim et tincidunt. Vestibulum ante ipsum primis in faucibus orci luctus et ultrices posuere cubilia curae; Vivamus pharetra enim leo, nec molestie nibh consectetur quis. Class aptent taciti sociosqu ad litora torquent per conubia nostra, per inceptos himenaeos. Nunc quis maximus elit, vitae pulvinar urna. Integer at mi elit. Phasellus vitae rutrum sem. Vivamus et mauris ac nisl congue congue eu eget elit. Nullam at quam velit. Pellentesque dictum, diam nec tempor aliquet, tortor justo fermentum sapien, at condimentum turpis elit vel sapien. Aenean rutrum tellus sodales tortor viverra eleifend.

Donec facilisis, diam efficitur maximus ultrices, enim lectus rutrum elit, eget malesuada mi justo dapibus enim. Maecenas finibus euismod nulla quis dignissim. Sed dictum ante rutrum turpis euismod laoreet. Sed placerat tellus leo. In ut lobortis lorem. Nullam vitae lectus egestas urna tincidunt aliquet. Ut sagittis vel enim eget malesuada. Cras in congue tortor. Interdum et malesuada fames ac ante ipsum primis in faucibus. Nunc tempus consequat neque, et eleifend nulla aliquam eu.",Author 284,15,trung-quoc-quan-ly-big-tech-va-nen-kinh-te-nhu-the-nao,NXB 284,2000,295
https://cdn1.fahasa.com/media/catalog/product/9/7/9786043774580.jpg,Phân Tích Dữ Liệu Với R - Hỏi Và Đáp (Tái Bản 2022),153000,20,9780085479920,"Lorem ipsum dolor sit amet, consectetur adipiscing elit. Nam congue vel tellus non luctus. Vestibulum vitae nunc lorem. Sed lacinia lectus vel augue imperdiet ultricies. Donec id venenatis ex, vitae pretium ligula. Sed nulla eros, dignissim at feugiat non, posuere sit amet urna. Ut eu porttitor tellus. Cras eu massa nulla. Morbi porta fermentum elit eu iaculis. Pellentesque hendrerit venenatis purus at feugiat. Pellentesque vitae feugiat purus. Donec mattis rhoncus lacinia. Sed quam diam, molestie id laoreet eu, lacinia ac turpis. Cras tincidunt lobortis elit quis aliquam. Proin et massa libero.

Aliquam id pharetra arcu. Vivamus vitae mattis ligula. Sed efficitur urna vitae scelerisque tempor. Proin purus magna, vulputate eu ligula a, vehicula malesuada enim. Curabitur aliquet rutrum enim et tincidunt. Vestibulum ante ipsum primis in faucibus orci luctus et ultrices posuere cubilia curae; Vivamus pharetra enim leo, nec molestie nibh consectetur quis. Class aptent taciti sociosqu ad litora torquent per conubia nostra, per inceptos himenaeos. Nunc quis maximus elit, vitae pulvinar urna. Integer at mi elit. Phasellus vitae rutrum sem. Vivamus et mauris ac nisl congue congue eu eget elit. Nullam at quam velit. Pellentesque dictum, diam nec tempor aliquet, tortor justo fermentum sapien, at condimentum turpis elit vel sapien. Aenean rutrum tellus sodales tortor viverra eleifend.

Donec facilisis, diam efficitur maximus ultrices, enim lectus rutrum elit, eget malesuada mi justo dapibus enim. Maecenas finibus euismod nulla quis dignissim. Sed dictum ante rutrum turpis euismod laoreet. Sed placerat tellus leo. In ut lobortis lorem. Nullam vitae lectus egestas urna tincidunt aliquet. Ut sagittis vel enim eget malesuada. Cras in congue tortor. Interdum et malesuada fames ac ante ipsum primis in faucibus. Nunc tempus consequat neque, et eleifend nulla aliquam eu.",Author 285,7,phan-tich-du-lieu-voi-r-hoi-va-ap-tai-ban-2022,NXB 285,2023,51
https://cdn1.fahasa.com/media/catalog/product/8/9/8936066696982.jpg,Phân Tích Dòng Tiền Trong Đầu Tư Bất Động Sản,156000,20,9780085479921,"Lorem ipsum dolor sit amet, consectetur adipiscing elit. Nam congue vel tellus non luctus. Vestibulum vitae nunc lorem. Sed lacinia lectus vel augue imperdiet ultricies. Donec id venenatis ex, vitae pretium ligula. Sed nulla eros, dignissim at feugiat non, posuere sit amet urna. Ut eu porttitor tellus. Cras eu massa nulla. Morbi porta fermentum elit eu iaculis. Pellentesque hendrerit venenatis purus at feugiat. Pellentesque vitae feugiat purus. Donec mattis rhoncus lacinia. Sed quam diam, molestie id laoreet eu, lacinia ac turpis. Cras tincidunt lobortis elit quis aliquam. Proin et massa libero.

Aliquam id pharetra arcu. Vivamus vitae mattis ligula. Sed efficitur urna vitae scelerisque tempor. Proin purus magna, vulputate eu ligula a, vehicula malesuada enim. Curabitur aliquet rutrum enim et tincidunt. Vestibulum ante ipsum primis in faucibus orci luctus et ultrices posuere cubilia curae; Vivamus pharetra enim leo, nec molestie nibh consectetur quis. Class aptent taciti sociosqu ad litora torquent per conubia nostra, per inceptos himenaeos. Nunc quis maximus elit, vitae pulvinar urna. Integer at mi elit. Phasellus vitae rutrum sem. Vivamus et mauris ac nisl congue congue eu eget elit. Nullam at quam velit. Pellentesque dictum, diam nec tempor aliquet, tortor justo fermentum sapien, at condimentum turpis elit vel sapien. Aenean rutrum tellus sodales tortor viverra eleifend.

Donec facilisis, diam efficitur maximus ultrices, enim lectus rutrum elit, eget malesuada mi justo dapibus enim. Maecenas finibus euismod nulla quis dignissim. Sed dictum ante rutrum turpis euismod laoreet. Sed placerat tellus leo. In ut lobortis lorem. Nullam vitae lectus egestas urna tincidunt aliquet. Ut sagittis vel enim eget malesuada. Cras in congue tortor. Interdum et malesuada fames ac ante ipsum primis in faucibus. Nunc tempus consequat neque, et eleifend nulla aliquam eu.",Author 286,15,phan-tich-dong-tien-trong-au-tu-bat-ong-san,NXB 286,2014,78
https://cdn1.fahasa.com/media/catalog/product/8/9/8935235243682.jpg,How Money Works - Hiểu Hết Về Tiền - Bìa Cứng,280500,20,9780085479922,"Lorem ipsum dolor sit amet, consectetur adipiscing elit. Nam congue vel tellus non luctus. Vestibulum vitae nunc lorem. Sed lacinia lectus vel augue imperdiet ultricies. Donec id venenatis ex, vitae pretium ligula. Sed nulla eros, dignissim at feugiat non, posuere sit amet urna. Ut eu porttitor tellus. Cras eu massa nulla. Morbi porta fermentum elit eu iaculis. Pellentesque hendrerit venenatis purus at feugiat. Pellentesque vitae feugiat purus. Donec mattis rhoncus lacinia. Sed quam diam, molestie id laoreet eu, lacinia ac turpis. Cras tincidunt lobortis elit quis aliquam. Proin et massa libero.

Aliquam id pharetra arcu. Vivamus vitae mattis ligula. Sed efficitur urna vitae scelerisque tempor. Proin purus magna, vulputate eu ligula a, vehicula malesuada enim. Curabitur aliquet rutrum enim et tincidunt. Vestibulum ante ipsum primis in faucibus orci luctus et ultrices posuere cubilia curae; Vivamus pharetra enim leo, nec molestie nibh consectetur quis. Class aptent taciti sociosqu ad litora torquent per conubia nostra, per inceptos himenaeos. Nunc quis maximus elit, vitae pulvinar urna. Integer at mi elit. Phasellus vitae rutrum sem. Vivamus et mauris ac nisl congue congue eu eget elit. Nullam at quam velit. Pellentesque dictum, diam nec tempor aliquet, tortor justo fermentum sapien, at condimentum turpis elit vel sapien. Aenean rutrum tellus sodales tortor viverra eleifend.

Donec facilisis, diam efficitur maximus ultrices, enim lectus rutrum elit, eget malesuada mi justo dapibus enim. Maecenas finibus euismod nulla quis dignissim. Sed dictum ante rutrum turpis euismod laoreet. Sed placerat tellus leo. In ut lobortis lorem. Nullam vitae lectus egestas urna tincidunt aliquet. Ut sagittis vel enim eget malesuada. Cras in congue tortor. Interdum et malesuada fames ac ante ipsum primis in faucibus. Nunc tempus consequat neque, et eleifend nulla aliquam eu.",Author 287,12,how-money-works-hieu-het-ve-tien-bia-cung,NXB 287,2001,117
https://cdn1.fahasa.com/media/catalog/product/b/i/bia-ban-co-moi.jpg,Bàn Cờ Mới - Tương Lai Quan Hệ Quốc Tế Trong Kỷ Nguyên AI,135000,20,9780085479923,"Lorem ipsum dolor sit amet, consectetur adipiscing elit. Nam congue vel tellus non luctus. Vestibulum vitae nunc lorem. Sed lacinia lectus vel augue imperdiet ultricies. Donec id venenatis ex, vitae pretium ligula. Sed nulla eros, dignissim at feugiat non, posuere sit amet urna. Ut eu porttitor tellus. Cras eu massa nulla. Morbi porta fermentum elit eu iaculis. Pellentesque hendrerit venenatis purus at feugiat. Pellentesque vitae feugiat purus. Donec mattis rhoncus lacinia. Sed quam diam, molestie id laoreet eu, lacinia ac turpis. Cras tincidunt lobortis elit quis aliquam. Proin et massa libero.

Aliquam id pharetra arcu. Vivamus vitae mattis ligula. Sed efficitur urna vitae scelerisque tempor. Proin purus magna, vulputate eu ligula a, vehicula malesuada enim. Curabitur aliquet rutrum enim et tincidunt. Vestibulum ante ipsum primis in faucibus orci luctus et ultrices posuere cubilia curae; Vivamus pharetra enim leo, nec molestie nibh consectetur quis. Class aptent taciti sociosqu ad litora torquent per conubia nostra, per inceptos himenaeos. Nunc quis maximus elit, vitae pulvinar urna. Integer at mi elit. Phasellus vitae rutrum sem. Vivamus et mauris ac nisl congue congue eu eget elit. Nullam at quam velit. Pellentesque dictum, diam nec tempor aliquet, tortor justo fermentum sapien, at condimentum turpis elit vel sapien. Aenean rutrum tellus sodales tortor viverra eleifend.

Donec facilisis, diam efficitur maximus ultrices, enim lectus rutrum elit, eget malesuada mi justo dapibus enim. Maecenas finibus euismod nulla quis dignissim. Sed dictum ante rutrum turpis euismod laoreet. Sed placerat tellus leo. In ut lobortis lorem. Nullam vitae lectus egestas urna tincidunt aliquet. Ut sagittis vel enim eget malesuada. Cras in congue tortor. Interdum et malesuada fames ac ante ipsum primis in faucibus. Nunc tempus consequat neque, et eleifend nulla aliquam eu.",Author 288,4,ban-co-moi-tuong-lai-quan-he-quoc-te-trong-ky-nguyen-ai,NXB 288,2015,100
https://cdn1.fahasa.com/media/catalog/product/e/c/economix-01.jpg,Economix - Các Nền Kinh Tế Vận Hành (Và Không Vận Hành) Thế Nào Và Tại Sao?,129000,20,9780085479924,"Lorem ipsum dolor sit amet, consectetur adipiscing elit. Nam congue vel tellus non luctus. Vestibulum vitae nunc lorem. Sed lacinia lectus vel augue imperdiet ultricies. Donec id venenatis ex, vitae pretium ligula. Sed nulla eros, dignissim at feugiat non, posuere sit amet urna. Ut eu porttitor tellus. Cras eu massa nulla. Morbi porta fermentum elit eu iaculis. Pellentesque hendrerit venenatis purus at feugiat. Pellentesque vitae feugiat purus. Donec mattis rhoncus lacinia. Sed quam diam, molestie id laoreet eu, lacinia ac turpis. Cras tincidunt lobortis elit quis aliquam. Proin et massa libero.

Aliquam id pharetra arcu. Vivamus vitae mattis ligula. Sed efficitur urna vitae scelerisque tempor. Proin purus magna, vulputate eu ligula a, vehicula malesuada enim. Curabitur aliquet rutrum enim et tincidunt. Vestibulum ante ipsum primis in faucibus orci luctus et ultrices posuere cubilia curae; Vivamus pharetra enim leo, nec molestie nibh consectetur quis. Class aptent taciti sociosqu ad litora torquent per conubia nostra, per inceptos himenaeos. Nunc quis maximus elit, vitae pulvinar urna. Integer at mi elit. Phasellus vitae rutrum sem. Vivamus et mauris ac nisl congue congue eu eget elit. Nullam at quam velit. Pellentesque dictum, diam nec tempor aliquet, tortor justo fermentum sapien, at condimentum turpis elit vel sapien. Aenean rutrum tellus sodales tortor viverra eleifend.

Donec facilisis, diam efficitur maximus ultrices, enim lectus rutrum elit, eget malesuada mi justo dapibus enim. Maecenas finibus euismod nulla quis dignissim. Sed dictum ante rutrum turpis euismod laoreet. Sed placerat tellus leo. In ut lobortis lorem. Nullam vitae lectus egestas urna tincidunt aliquet. Ut sagittis vel enim eget malesuada. Cras in congue tortor. Interdum et malesuada fames ac ante ipsum primis in faucibus. Nunc tempus consequat neque, et eleifend nulla aliquam eu.",Author 289,20,economix-cac-nen-kinh-te-van-hanh-va-khong-van-hanh-the-nao-va-tai-sao,NXB 289,2005,156
https://cdn1.fahasa.com/media/catalog/product/8/9/8934974179221_1.jpg,Công Dân Toàn Cầu - Công Dân Vũ Trụ,76500,20,9780085479925,"Lorem ipsum dolor sit amet, consectetur adipiscing elit. Nam congue vel tellus non luctus. Vestibulum vitae nunc lorem. Sed lacinia lectus vel augue imperdiet ultricies. Donec id venenatis ex, vitae pretium ligula. Sed nulla eros, dignissim at feugiat non, posuere sit amet urna. Ut eu porttitor tellus. Cras eu massa nulla. Morbi porta fermentum elit eu iaculis. Pellentesque hendrerit venenatis purus at feugiat. Pellentesque vitae feugiat purus. Donec mattis rhoncus lacinia. Sed quam diam, molestie id laoreet eu, lacinia ac turpis. Cras tincidunt lobortis elit quis aliquam. Proin et massa libero.

Aliquam id pharetra arcu. Vivamus vitae mattis ligula. Sed efficitur urna vitae scelerisque tempor. Proin purus magna, vulputate eu ligula a, vehicula malesuada enim. Curabitur aliquet rutrum enim et tincidunt. Vestibulum ante ipsum primis in faucibus orci luctus et ultrices posuere cubilia curae; Vivamus pharetra enim leo, nec molestie nibh consectetur quis. Class aptent taciti sociosqu ad litora torquent per conubia nostra, per inceptos himenaeos. Nunc quis maximus elit, vitae pulvinar urna. Integer at mi elit. Phasellus vitae rutrum sem. Vivamus et mauris ac nisl congue congue eu eget elit. Nullam at quam velit. Pellentesque dictum, diam nec tempor aliquet, tortor justo fermentum sapien, at condimentum turpis elit vel sapien. Aenean rutrum tellus sodales tortor viverra eleifend.

Donec facilisis, diam efficitur maximus ultrices, enim lectus rutrum elit, eget malesuada mi justo dapibus enim. Maecenas finibus euismod nulla quis dignissim. Sed dictum ante rutrum turpis euismod laoreet. Sed placerat tellus leo. In ut lobortis lorem. Nullam vitae lectus egestas urna tincidunt aliquet. Ut sagittis vel enim eget malesuada. Cras in congue tortor. Interdum et malesuada fames ac ante ipsum primis in faucibus. Nunc tempus consequat neque, et eleifend nulla aliquam eu.",Author 290,19,cong-dan-toan-cau-cong-dan-vu-tru,NXB 290,2006,72
https://cdn1.fahasa.com/media/catalog/product/9/7/9786048484927.jpg,Tỉnh Thành Trung Quốc Đi Ra Thế Giới - Quốc Tế Hóa Dưới Sự Tự Chủ Có Định Hướng,143000,20,9780085479926,"Lorem ipsum dolor sit amet, consectetur adipiscing elit. Nam congue vel tellus non luctus. Vestibulum vitae nunc lorem. Sed lacinia lectus vel augue imperdiet ultricies. Donec id venenatis ex, vitae pretium ligula. Sed nulla eros, dignissim at feugiat non, posuere sit amet urna. Ut eu porttitor tellus. Cras eu massa nulla. Morbi porta fermentum elit eu iaculis. Pellentesque hendrerit venenatis purus at feugiat. Pellentesque vitae feugiat purus. Donec mattis rhoncus lacinia. Sed quam diam, molestie id laoreet eu, lacinia ac turpis. Cras tincidunt lobortis elit quis aliquam. Proin et massa libero.

Aliquam id pharetra arcu. Vivamus vitae mattis ligula. Sed efficitur urna vitae scelerisque tempor. Proin purus magna, vulputate eu ligula a, vehicula malesuada enim. Curabitur aliquet rutrum enim et tincidunt. Vestibulum ante ipsum primis in faucibus orci luctus et ultrices posuere cubilia curae; Vivamus pharetra enim leo, nec molestie nibh consectetur quis. Class aptent taciti sociosqu ad litora torquent per conubia nostra, per inceptos himenaeos. Nunc quis maximus elit, vitae pulvinar urna. Integer at mi elit. Phasellus vitae rutrum sem. Vivamus et mauris ac nisl congue congue eu eget elit. Nullam at quam velit. Pellentesque dictum, diam nec tempor aliquet, tortor justo fermentum sapien, at condimentum turpis elit vel sapien. Aenean rutrum tellus sodales tortor viverra eleifend.

Donec facilisis, diam efficitur maximus ultrices, enim lectus rutrum elit, eget malesuada mi justo dapibus enim. Maecenas finibus euismod nulla quis dignissim. Sed dictum ante rutrum turpis euismod laoreet. Sed placerat tellus leo. In ut lobortis lorem. Nullam vitae lectus egestas urna tincidunt aliquet. Ut sagittis vel enim eget malesuada. Cras in congue tortor. Interdum et malesuada fames ac ante ipsum primis in faucibus. Nunc tempus consequat neque, et eleifend nulla aliquam eu.",Author 291,17,tinh-thanh-trung-quoc-i-ra-the-gioi-quoc-te-hoa-duoi-su-tu-chu-co-inh-huong,NXB 291,2015,176
https://cdn1.fahasa.com/media/catalog/product/9/7/9786048468118.jpg,Trung Quốc Thoát Khỏi Bẫy Nghèo Như Thế Nào,227500,20,9780085479927,"Lorem ipsum dolor sit amet, consectetur adipiscing elit. Nam congue vel tellus non luctus. Vestibulum vitae nunc lorem. Sed lacinia lectus vel augue imperdiet ultricies. Donec id venenatis ex, vitae pretium ligula. Sed nulla eros, dignissim at feugiat non, posuere sit amet urna. Ut eu porttitor tellus. Cras eu massa nulla. Morbi porta fermentum elit eu iaculis. Pellentesque hendrerit venenatis purus at feugiat. Pellentesque vitae feugiat purus. Donec mattis rhoncus lacinia. Sed quam diam, molestie id laoreet eu, lacinia ac turpis. Cras tincidunt lobortis elit quis aliquam. Proin et massa libero.

Aliquam id pharetra arcu. Vivamus vitae mattis ligula. Sed efficitur urna vitae scelerisque tempor. Proin purus magna, vulputate eu ligula a, vehicula malesuada enim. Curabitur aliquet rutrum enim et tincidunt. Vestibulum ante ipsum primis in faucibus orci luctus et ultrices posuere cubilia curae; Vivamus pharetra enim leo, nec molestie nibh consectetur quis. Class aptent taciti sociosqu ad litora torquent per conubia nostra, per inceptos himenaeos. Nunc quis maximus elit, vitae pulvinar urna. Integer at mi elit. Phasellus vitae rutrum sem. Vivamus et mauris ac nisl congue congue eu eget elit. Nullam at quam velit. Pellentesque dictum, diam nec tempor aliquet, tortor justo fermentum sapien, at condimentum turpis elit vel sapien. Aenean rutrum tellus sodales tortor viverra eleifend.

Donec facilisis, diam efficitur maximus ultrices, enim lectus rutrum elit, eget malesuada mi justo dapibus enim. Maecenas finibus euismod nulla quis dignissim. Sed dictum ante rutrum turpis euismod laoreet. Sed placerat tellus leo. In ut lobortis lorem. Nullam vitae lectus egestas urna tincidunt aliquet. Ut sagittis vel enim eget malesuada. Cras in congue tortor. Interdum et malesuada fames ac ante ipsum primis in faucibus. Nunc tempus consequat neque, et eleifend nulla aliquam eu.",Author 292,20,trung-quoc-thoat-khoi-bay-ngheo-nhu-the-nao,NXB 292,2000,152
https://cdn1.fahasa.com/media/catalog/product/s/u/su-thinh-vuong-cua-cac-quoc-gia_artboard-1-03.jpg,Sự Thịnh Vượng Của Các Quốc Gia - The Wealth Of Nation - Bìa Cứng,467500,20,9780085479928,"Lorem ipsum dolor sit amet, consectetur adipiscing elit. Nam congue vel tellus non luctus. Vestibulum vitae nunc lorem. Sed lacinia lectus vel augue imperdiet ultricies. Donec id venenatis ex, vitae pretium ligula. Sed nulla eros, dignissim at feugiat non, posuere sit amet urna. Ut eu porttitor tellus. Cras eu massa nulla. Morbi porta fermentum elit eu iaculis. Pellentesque hendrerit venenatis purus at feugiat. Pellentesque vitae feugiat purus. Donec mattis rhoncus lacinia. Sed quam diam, molestie id laoreet eu, lacinia ac turpis. Cras tincidunt lobortis elit quis aliquam. Proin et massa libero.

Aliquam id pharetra arcu. Vivamus vitae mattis ligula. Sed efficitur urna vitae scelerisque tempor. Proin purus magna, vulputate eu ligula a, vehicula malesuada enim. Curabitur aliquet rutrum enim et tincidunt. Vestibulum ante ipsum primis in faucibus orci luctus et ultrices posuere cubilia curae; Vivamus pharetra enim leo, nec molestie nibh consectetur quis. Class aptent taciti sociosqu ad litora torquent per conubia nostra, per inceptos himenaeos. Nunc quis maximus elit, vitae pulvinar urna. Integer at mi elit. Phasellus vitae rutrum sem. Vivamus et mauris ac nisl congue congue eu eget elit. Nullam at quam velit. Pellentesque dictum, diam nec tempor aliquet, tortor justo fermentum sapien, at condimentum turpis elit vel sapien. Aenean rutrum tellus sodales tortor viverra eleifend.

Donec facilisis, diam efficitur maximus ultrices, enim lectus rutrum elit, eget malesuada mi justo dapibus enim. Maecenas finibus euismod nulla quis dignissim. Sed dictum ante rutrum turpis euismod laoreet. Sed placerat tellus leo. In ut lobortis lorem. Nullam vitae lectus egestas urna tincidunt aliquet. Ut sagittis vel enim eget malesuada. Cras in congue tortor. Interdum et malesuada fames ac ante ipsum primis in faucibus. Nunc tempus consequat neque, et eleifend nulla aliquam eu.",Author 293,12,su-thinh-vuong-cua-cac-quoc-gia-the-wealth-of-nation-bia-cung,NXB 293,2018,124
https://cdn1.fahasa.com/media/catalog/product/e/b/ebaa7d64f3714863ab0e87bd2672b4a3.jpg,Combo Sách Chiến Tranh Tiền Tệ (Bộ 5 Tập),611000,20,9780085479929,"Lorem ipsum dolor sit amet, consectetur adipiscing elit. Nam congue vel tellus non luctus. Vestibulum vitae nunc lorem. Sed lacinia lectus vel augue imperdiet ultricies. Donec id venenatis ex, vitae pretium ligula. Sed nulla eros, dignissim at feugiat non, posuere sit amet urna. Ut eu porttitor tellus. Cras eu massa nulla. Morbi porta fermentum elit eu iaculis. Pellentesque hendrerit venenatis purus at feugiat. Pellentesque vitae feugiat purus. Donec mattis rhoncus lacinia. Sed quam diam, molestie id laoreet eu, lacinia ac turpis. Cras tincidunt lobortis elit quis aliquam. Proin et massa libero.

Aliquam id pharetra arcu. Vivamus vitae mattis ligula. Sed efficitur urna vitae scelerisque tempor. Proin purus magna, vulputate eu ligula a, vehicula malesuada enim. Curabitur aliquet rutrum enim et tincidunt. Vestibulum ante ipsum primis in faucibus orci luctus et ultrices posuere cubilia curae; Vivamus pharetra enim leo, nec molestie nibh consectetur quis. Class aptent taciti sociosqu ad litora torquent per conubia nostra, per inceptos himenaeos. Nunc quis maximus elit, vitae pulvinar urna. Integer at mi elit. Phasellus vitae rutrum sem. Vivamus et mauris ac nisl congue congue eu eget elit. Nullam at quam velit. Pellentesque dictum, diam nec tempor aliquet, tortor justo fermentum sapien, at condimentum turpis elit vel sapien. Aenean rutrum tellus sodales tortor viverra eleifend.

Donec facilisis, diam efficitur maximus ultrices, enim lectus rutrum elit, eget malesuada mi justo dapibus enim. Maecenas finibus euismod nulla quis dignissim. Sed dictum ante rutrum turpis euismod laoreet. Sed placerat tellus leo. In ut lobortis lorem. Nullam vitae lectus egestas urna tincidunt aliquet. Ut sagittis vel enim eget malesuada. Cras in congue tortor. Interdum et malesuada fames ac ante ipsum primis in faucibus. Nunc tempus consequat neque, et eleifend nulla aliquam eu.",Author 294,12,combo-sach-chien-tranh-tien-te-bo-5-tap,NXB 294,2011,269
https://cdn1.fahasa.com/media/catalog/product/b/_/b_a--giao-d_ch-b_ng-ptltt.jpg,Giao Dịch Bằng Phương Pháp Liên Thị Trường,313500,20,9780085479930,"Lorem ipsum dolor sit amet, consectetur adipiscing elit. Nam congue vel tellus non luctus. Vestibulum vitae nunc lorem. Sed lacinia lectus vel augue imperdiet ultricies. Donec id venenatis ex, vitae pretium ligula. Sed nulla eros, dignissim at feugiat non, posuere sit amet urna. Ut eu porttitor tellus. Cras eu massa nulla. Morbi porta fermentum elit eu iaculis. Pellentesque hendrerit venenatis purus at feugiat. Pellentesque vitae feugiat purus. Donec mattis rhoncus lacinia. Sed quam diam, molestie id laoreet eu, lacinia ac turpis. Cras tincidunt lobortis elit quis aliquam. Proin et massa libero.

Aliquam id pharetra arcu. Vivamus vitae mattis ligula. Sed efficitur urna vitae scelerisque tempor. Proin purus magna, vulputate eu ligula a, vehicula malesuada enim. Curabitur aliquet rutrum enim et tincidunt. Vestibulum ante ipsum primis in faucibus orci luctus et ultrices posuere cubilia curae; Vivamus pharetra enim leo, nec molestie nibh consectetur quis. Class aptent taciti sociosqu ad litora torquent per conubia nostra, per inceptos himenaeos. Nunc quis maximus elit, vitae pulvinar urna. Integer at mi elit. Phasellus vitae rutrum sem. Vivamus et mauris ac nisl congue congue eu eget elit. Nullam at quam velit. Pellentesque dictum, diam nec tempor aliquet, tortor justo fermentum sapien, at condimentum turpis elit vel sapien. Aenean rutrum tellus sodales tortor viverra eleifend.

Donec facilisis, diam efficitur maximus ultrices, enim lectus rutrum elit, eget malesuada mi justo dapibus enim. Maecenas finibus euismod nulla quis dignissim. Sed dictum ante rutrum turpis euismod laoreet. Sed placerat tellus leo. In ut lobortis lorem. Nullam vitae lectus egestas urna tincidunt aliquet. Ut sagittis vel enim eget malesuada. Cras in congue tortor. Interdum et malesuada fames ac ante ipsum primis in faucibus. Nunc tempus consequat neque, et eleifend nulla aliquam eu.",Author 295,17,giao-dich-bang-phuong-phap-lien-thi-truong,NXB 295,2016,219
https://cdn1.fahasa.com/media/catalog/product/8/9/8934974151685_1_1.jpg,Nhà Tự Nhiên Kinh Tế - Tại Sao Kinh Tế Học Có Thể Lý Giải Mọi Điều (Tái Bản 2025),93500,20,9780085479931,"Lorem ipsum dolor sit amet, consectetur adipiscing elit. Nam congue vel tellus non luctus. Vestibulum vitae nunc lorem. Sed lacinia lectus vel augue imperdiet ultricies. Donec id venenatis ex, vitae pretium ligula. Sed nulla eros, dignissim at feugiat non, posuere sit amet urna. Ut eu porttitor tellus. Cras eu massa nulla. Morbi porta fermentum elit eu iaculis. Pellentesque hendrerit venenatis purus at feugiat. Pellentesque vitae feugiat purus. Donec mattis rhoncus lacinia. Sed quam diam, molestie id laoreet eu, lacinia ac turpis. Cras tincidunt lobortis elit quis aliquam. Proin et massa libero.

Aliquam id pharetra arcu. Vivamus vitae mattis ligula. Sed efficitur urna vitae scelerisque tempor. Proin purus magna, vulputate eu ligula a, vehicula malesuada enim. Curabitur aliquet rutrum enim et tincidunt. Vestibulum ante ipsum primis in faucibus orci luctus et ultrices posuere cubilia curae; Vivamus pharetra enim leo, nec molestie nibh consectetur quis. Class aptent taciti sociosqu ad litora torquent per conubia nostra, per inceptos himenaeos. Nunc quis maximus elit, vitae pulvinar urna. Integer at mi elit. Phasellus vitae rutrum sem. Vivamus et mauris ac nisl congue congue eu eget elit. Nullam at quam velit. Pellentesque dictum, diam nec tempor aliquet, tortor justo fermentum sapien, at condimentum turpis elit vel sapien. Aenean rutrum tellus sodales tortor viverra eleifend.

Donec facilisis, diam efficitur maximus ultrices, enim lectus rutrum elit, eget malesuada mi justo dapibus enim. Maecenas finibus euismod nulla quis dignissim. Sed dictum ante rutrum turpis euismod laoreet. Sed placerat tellus leo. In ut lobortis lorem. Nullam vitae lectus egestas urna tincidunt aliquet. Ut sagittis vel enim eget malesuada. Cras in congue tortor. Interdum et malesuada fames ac ante ipsum primis in faucibus. Nunc tempus consequat neque, et eleifend nulla aliquam eu.",Author 296,11,nha-tu-nhien-kinh-te-tai-sao-kinh-te-hoc-co-the-ly-giai-moi-ieu-tai-ban-2025,NXB 296,2014,235
https://cdn1.fahasa.com/media/catalog/product/i/m/image_180734.jpg,Châu Á Chuyển Minh - Xu Hướng Và Sự Phát Triển Của Các Động Lực Tăng Trưởng Kinh Tế,143500,20,9780085479932,"Lorem ipsum dolor sit amet, consectetur adipiscing elit. Nam congue vel tellus non luctus. Vestibulum vitae nunc lorem. Sed lacinia lectus vel augue imperdiet ultricies. Donec id venenatis ex, vitae pretium ligula. Sed nulla eros, dignissim at feugiat non, posuere sit amet urna. Ut eu porttitor tellus. Cras eu massa nulla. Morbi porta fermentum elit eu iaculis. Pellentesque hendrerit venenatis purus at feugiat. Pellentesque vitae feugiat purus. Donec mattis rhoncus lacinia. Sed quam diam, molestie id laoreet eu, lacinia ac turpis. Cras tincidunt lobortis elit quis aliquam. Proin et massa libero.

Aliquam id pharetra arcu. Vivamus vitae mattis ligula. Sed efficitur urna vitae scelerisque tempor. Proin purus magna, vulputate eu ligula a, vehicula malesuada enim. Curabitur aliquet rutrum enim et tincidunt. Vestibulum ante ipsum primis in faucibus orci luctus et ultrices posuere cubilia curae; Vivamus pharetra enim leo, nec molestie nibh consectetur quis. Class aptent taciti sociosqu ad litora torquent per conubia nostra, per inceptos himenaeos. Nunc quis maximus elit, vitae pulvinar urna. Integer at mi elit. Phasellus vitae rutrum sem. Vivamus et mauris ac nisl congue congue eu eget elit. Nullam at quam velit. Pellentesque dictum, diam nec tempor aliquet, tortor justo fermentum sapien, at condimentum turpis elit vel sapien. Aenean rutrum tellus sodales tortor viverra eleifend.

Donec facilisis, diam efficitur maximus ultrices, enim lectus rutrum elit, eget malesuada mi justo dapibus enim. Maecenas finibus euismod nulla quis dignissim. Sed dictum ante rutrum turpis euismod laoreet. Sed placerat tellus leo. In ut lobortis lorem. Nullam vitae lectus egestas urna tincidunt aliquet. Ut sagittis vel enim eget malesuada. Cras in congue tortor. Interdum et malesuada fames ac ante ipsum primis in faucibus. Nunc tempus consequat neque, et eleifend nulla aliquam eu.",Author 297,19,chau-a-chuyen-minh-xu-huong-va-su-phat-trien-cua-cac-ong-luc-tang-truong-kinh-te,NXB 297,2018,185
https://cdn1.fahasa.com/media/catalog/product/8/9/8934974189916.jpg,Kinh Tế Học Thời Khó Nhọc,195500,20,9780085479933,"Lorem ipsum dolor sit amet, consectetur adipiscing elit. Nam congue vel tellus non luctus. Vestibulum vitae nunc lorem. Sed lacinia lectus vel augue imperdiet ultricies. Donec id venenatis ex, vitae pretium ligula. Sed nulla eros, dignissim at feugiat non, posuere sit amet urna. Ut eu porttitor tellus. Cras eu massa nulla. Morbi porta fermentum elit eu iaculis. Pellentesque hendrerit venenatis purus at feugiat. Pellentesque vitae feugiat purus. Donec mattis rhoncus lacinia. Sed quam diam, molestie id laoreet eu, lacinia ac turpis. Cras tincidunt lobortis elit quis aliquam. Proin et massa libero.

Aliquam id pharetra arcu. Vivamus vitae mattis ligula. Sed efficitur urna vitae scelerisque tempor. Proin purus magna, vulputate eu ligula a, vehicula malesuada enim. Curabitur aliquet rutrum enim et tincidunt. Vestibulum ante ipsum primis in faucibus orci luctus et ultrices posuere cubilia curae; Vivamus pharetra enim leo, nec molestie nibh consectetur quis. Class aptent taciti sociosqu ad litora torquent per conubia nostra, per inceptos himenaeos. Nunc quis maximus elit, vitae pulvinar urna. Integer at mi elit. Phasellus vitae rutrum sem. Vivamus et mauris ac nisl congue congue eu eget elit. Nullam at quam velit. Pellentesque dictum, diam nec tempor aliquet, tortor justo fermentum sapien, at condimentum turpis elit vel sapien. Aenean rutrum tellus sodales tortor viverra eleifend.

Donec facilisis, diam efficitur maximus ultrices, enim lectus rutrum elit, eget malesuada mi justo dapibus enim. Maecenas finibus euismod nulla quis dignissim. Sed dictum ante rutrum turpis euismod laoreet. Sed placerat tellus leo. In ut lobortis lorem. Nullam vitae lectus egestas urna tincidunt aliquet. Ut sagittis vel enim eget malesuada. Cras in congue tortor. Interdum et malesuada fames ac ante ipsum primis in faucibus. Nunc tempus consequat neque, et eleifend nulla aliquam eu.",Author 298,5,kinh-te-hoc-thoi-kho-nhoc,NXB 298,2006,99
https://cdn1.fahasa.com/media/catalog/product/i/m/image_180524.jpg,Quyền Lực Mới - Tương Lai Thế Giới Sẽ Được Định Hình Như Thế Nào?,137240,20,9780085479934,"Lorem ipsum dolor sit amet, consectetur adipiscing elit. Nam congue vel tellus non luctus. Vestibulum vitae nunc lorem. Sed lacinia lectus vel augue imperdiet ultricies. Donec id venenatis ex, vitae pretium ligula. Sed nulla eros, dignissim at feugiat non, posuere sit amet urna. Ut eu porttitor tellus. Cras eu massa nulla. Morbi porta fermentum elit eu iaculis. Pellentesque hendrerit venenatis purus at feugiat. Pellentesque vitae feugiat purus. Donec mattis rhoncus lacinia. Sed quam diam, molestie id laoreet eu, lacinia ac turpis. Cras tincidunt lobortis elit quis aliquam. Proin et massa libero.

Aliquam id pharetra arcu. Vivamus vitae mattis ligula. Sed efficitur urna vitae scelerisque tempor. Proin purus magna, vulputate eu ligula a, vehicula malesuada enim. Curabitur aliquet rutrum enim et tincidunt. Vestibulum ante ipsum primis in faucibus orci luctus et ultrices posuere cubilia curae; Vivamus pharetra enim leo, nec molestie nibh consectetur quis. Class aptent taciti sociosqu ad litora torquent per conubia nostra, per inceptos himenaeos. Nunc quis maximus elit, vitae pulvinar urna. Integer at mi elit. Phasellus vitae rutrum sem. Vivamus et mauris ac nisl congue congue eu eget elit. Nullam at quam velit. Pellentesque dictum, diam nec tempor aliquet, tortor justo fermentum sapien, at condimentum turpis elit vel sapien. Aenean rutrum tellus sodales tortor viverra eleifend.

Donec facilisis, diam efficitur maximus ultrices, enim lectus rutrum elit, eget malesuada mi justo dapibus enim. Maecenas finibus euismod nulla quis dignissim. Sed dictum ante rutrum turpis euismod laoreet. Sed placerat tellus leo. In ut lobortis lorem. Nullam vitae lectus egestas urna tincidunt aliquet. Ut sagittis vel enim eget malesuada. Cras in congue tortor. Interdum et malesuada fames ac ante ipsum primis in faucibus. Nunc tempus consequat neque, et eleifend nulla aliquam eu.",Author 299,6,quyen-luc-moi-tuong-lai-the-gioi-se-uoc-inh-hinh-nhu-the-nao,NXB 299,2001,250
https://cdn1.fahasa.com/media/catalog/product/9/7/9786326218190.jpg,Kinh Tế Việt Nam Thời Nguyên Thủy,220000,20,9780085479935,"Lorem ipsum dolor sit amet, consectetur adipiscing elit. Nam congue vel tellus non luctus. Vestibulum vitae nunc lorem. Sed lacinia lectus vel augue imperdiet ultricies. Donec id venenatis ex, vitae pretium ligula. Sed nulla eros, dignissim at feugiat non, posuere sit amet urna. Ut eu porttitor tellus. Cras eu massa nulla. Morbi porta fermentum elit eu iaculis. Pellentesque hendrerit venenatis purus at feugiat. Pellentesque vitae feugiat purus. Donec mattis rhoncus lacinia. Sed quam diam, molestie id laoreet eu, lacinia ac turpis. Cras tincidunt lobortis elit quis aliquam. Proin et massa libero.

Aliquam id pharetra arcu. Vivamus vitae mattis ligula. Sed efficitur urna vitae scelerisque tempor. Proin purus magna, vulputate eu ligula a, vehicula malesuada enim. Curabitur aliquet rutrum enim et tincidunt. Vestibulum ante ipsum primis in faucibus orci luctus et ultrices posuere cubilia curae; Vivamus pharetra enim leo, nec molestie nibh consectetur quis. Class aptent taciti sociosqu ad litora torquent per conubia nostra, per inceptos himenaeos. Nunc quis maximus elit, vitae pulvinar urna. Integer at mi elit. Phasellus vitae rutrum sem. Vivamus et mauris ac nisl congue congue eu eget elit. Nullam at quam velit. Pellentesque dictum, diam nec tempor aliquet, tortor justo fermentum sapien, at condimentum turpis elit vel sapien. Aenean rutrum tellus sodales tortor viverra eleifend.

Donec facilisis, diam efficitur maximus ultrices, enim lectus rutrum elit, eget malesuada mi justo dapibus enim. Maecenas finibus euismod nulla quis dignissim. Sed dictum ante rutrum turpis euismod laoreet. Sed placerat tellus leo. In ut lobortis lorem. Nullam vitae lectus egestas urna tincidunt aliquet. Ut sagittis vel enim eget malesuada. Cras in congue tortor. Interdum et malesuada fames ac ante ipsum primis in faucibus. Nunc tempus consequat neque, et eleifend nulla aliquam eu.",Author 300,6,kinh-te-viet-nam-thoi-nguyen-thuy,NXB 300,2008,103
https://cdn1.fahasa.com/media/catalog/product/i/m/image_244718_1_3284.jpg,33 Chiến Lược Của Chiến Tranh (Tái Bản 2021),182500,20,9780085479936,"Lorem ipsum dolor sit amet, consectetur adipiscing elit. Nam congue vel tellus non luctus. Vestibulum vitae nunc lorem. Sed lacinia lectus vel augue imperdiet ultricies. Donec id venenatis ex, vitae pretium ligula. Sed nulla eros, dignissim at feugiat non, posuere sit amet urna. Ut eu porttitor tellus. Cras eu massa nulla. Morbi porta fermentum elit eu iaculis. Pellentesque hendrerit venenatis purus at feugiat. Pellentesque vitae feugiat purus. Donec mattis rhoncus lacinia. Sed quam diam, molestie id laoreet eu, lacinia ac turpis. Cras tincidunt lobortis elit quis aliquam. Proin et massa libero.

Aliquam id pharetra arcu. Vivamus vitae mattis ligula. Sed efficitur urna vitae scelerisque tempor. Proin purus magna, vulputate eu ligula a, vehicula malesuada enim. Curabitur aliquet rutrum enim et tincidunt. Vestibulum ante ipsum primis in faucibus orci luctus et ultrices posuere cubilia curae; Vivamus pharetra enim leo, nec molestie nibh consectetur quis. Class aptent taciti sociosqu ad litora torquent per conubia nostra, per inceptos himenaeos. Nunc quis maximus elit, vitae pulvinar urna. Integer at mi elit. Phasellus vitae rutrum sem. Vivamus et mauris ac nisl congue congue eu eget elit. Nullam at quam velit. Pellentesque dictum, diam nec tempor aliquet, tortor justo fermentum sapien, at condimentum turpis elit vel sapien. Aenean rutrum tellus sodales tortor viverra eleifend.

Donec facilisis, diam efficitur maximus ultrices, enim lectus rutrum elit, eget malesuada mi justo dapibus enim. Maecenas finibus euismod nulla quis dignissim. Sed dictum ante rutrum turpis euismod laoreet. Sed placerat tellus leo. In ut lobortis lorem. Nullam vitae lectus egestas urna tincidunt aliquet. Ut sagittis vel enim eget malesuada. Cras in congue tortor. Interdum et malesuada fames ac ante ipsum primis in faucibus. Nunc tempus consequat neque, et eleifend nulla aliquam eu.",Author 301,19,33-chien-luoc-cua-chien-tranh-tai-ban-2021,NXB 301,2022,126
https://cdn1.fahasa.com/media/catalog/product/8/9/8934974189985.jpg,Thời Đại AI Và Tương Lai Loài Người Chúng Ta,102000,20,9780085479937,"Lorem ipsum dolor sit amet, consectetur adipiscing elit. Nam congue vel tellus non luctus. Vestibulum vitae nunc lorem. Sed lacinia lectus vel augue imperdiet ultricies. Donec id venenatis ex, vitae pretium ligula. Sed nulla eros, dignissim at feugiat non, posuere sit amet urna. Ut eu porttitor tellus. Cras eu massa nulla. Morbi porta fermentum elit eu iaculis. Pellentesque hendrerit venenatis purus at feugiat. Pellentesque vitae feugiat purus. Donec mattis rhoncus lacinia. Sed quam diam, molestie id laoreet eu, lacinia ac turpis. Cras tincidunt lobortis elit quis aliquam. Proin et massa libero.

Aliquam id pharetra arcu. Vivamus vitae mattis ligula. Sed efficitur urna vitae scelerisque tempor. Proin purus magna, vulputate eu ligula a, vehicula malesuada enim. Curabitur aliquet rutrum enim et tincidunt. Vestibulum ante ipsum primis in faucibus orci luctus et ultrices posuere cubilia curae; Vivamus pharetra enim leo, nec molestie nibh consectetur quis. Class aptent taciti sociosqu ad litora torquent per conubia nostra, per inceptos himenaeos. Nunc quis maximus elit, vitae pulvinar urna. Integer at mi elit. Phasellus vitae rutrum sem. Vivamus et mauris ac nisl congue congue eu eget elit. Nullam at quam velit. Pellentesque dictum, diam nec tempor aliquet, tortor justo fermentum sapien, at condimentum turpis elit vel sapien. Aenean rutrum tellus sodales tortor viverra eleifend.

Donec facilisis, diam efficitur maximus ultrices, enim lectus rutrum elit, eget malesuada mi justo dapibus enim. Maecenas finibus euismod nulla quis dignissim. Sed dictum ante rutrum turpis euismod laoreet. Sed placerat tellus leo. In ut lobortis lorem. Nullam vitae lectus egestas urna tincidunt aliquet. Ut sagittis vel enim eget malesuada. Cras in congue tortor. Interdum et malesuada fames ac ante ipsum primis in faucibus. Nunc tempus consequat neque, et eleifend nulla aliquam eu.",Author 302,7,thoi-ai-ai-va-tuong-lai-loai-nguoi-chung-ta,NXB 302,2021,147
https://cdn1.fahasa.com/media/catalog/product/d/a/danbac.jpg,Đạn Bạc - Vũ Khí Tối Thượng Trong Cuộc Chiến Tiền Tệ Toàn Cầu,187000,20,9780085479938,"Lorem ipsum dolor sit amet, consectetur adipiscing elit. Nam congue vel tellus non luctus. Vestibulum vitae nunc lorem. Sed lacinia lectus vel augue imperdiet ultricies. Donec id venenatis ex, vitae pretium ligula. Sed nulla eros, dignissim at feugiat non, posuere sit amet urna. Ut eu porttitor tellus. Cras eu massa nulla. Morbi porta fermentum elit eu iaculis. Pellentesque hendrerit venenatis purus at feugiat. Pellentesque vitae feugiat purus. Donec mattis rhoncus lacinia. Sed quam diam, molestie id laoreet eu, lacinia ac turpis. Cras tincidunt lobortis elit quis aliquam. Proin et massa libero.

Aliquam id pharetra arcu. Vivamus vitae mattis ligula. Sed efficitur urna vitae scelerisque tempor. Proin purus magna, vulputate eu ligula a, vehicula malesuada enim. Curabitur aliquet rutrum enim et tincidunt. Vestibulum ante ipsum primis in faucibus orci luctus et ultrices posuere cubilia curae; Vivamus pharetra enim leo, nec molestie nibh consectetur quis. Class aptent taciti sociosqu ad litora torquent per conubia nostra, per inceptos himenaeos. Nunc quis maximus elit, vitae pulvinar urna. Integer at mi elit. Phasellus vitae rutrum sem. Vivamus et mauris ac nisl congue congue eu eget elit. Nullam at quam velit. Pellentesque dictum, diam nec tempor aliquet, tortor justo fermentum sapien, at condimentum turpis elit vel sapien. Aenean rutrum tellus sodales tortor viverra eleifend.

Donec facilisis, diam efficitur maximus ultrices, enim lectus rutrum elit, eget malesuada mi justo dapibus enim. Maecenas finibus euismod nulla quis dignissim. Sed dictum ante rutrum turpis euismod laoreet. Sed placerat tellus leo. In ut lobortis lorem. Nullam vitae lectus egestas urna tincidunt aliquet. Ut sagittis vel enim eget malesuada. Cras in congue tortor. Interdum et malesuada fames ac ante ipsum primis in faucibus. Nunc tempus consequat neque, et eleifend nulla aliquam eu.",Author 303,7,an-bac-vu-khi-toi-thuong-trong-cuoc-chien-tien-te-toan-cau,NXB 303,2020,275
https://cdn1.fahasa.com/media/catalog/product/n/x/nxbtre_full_15142021_031408.jpg,Hậu Khủng Hoảng: Bảy Bí Quyết Bảo Toàn Của Cải Trong Thời Gian Tới,174000,20,9780085479939,"Lorem ipsum dolor sit amet, consectetur adipiscing elit. Nam congue vel tellus non luctus. Vestibulum vitae nunc lorem. Sed lacinia lectus vel augue imperdiet ultricies. Donec id venenatis ex, vitae pretium ligula. Sed nulla eros, dignissim at feugiat non, posuere sit amet urna. Ut eu porttitor tellus. Cras eu massa nulla. Morbi porta fermentum elit eu iaculis. Pellentesque hendrerit venenatis purus at feugiat. Pellentesque vitae feugiat purus. Donec mattis rhoncus lacinia. Sed quam diam, molestie id laoreet eu, lacinia ac turpis. Cras tincidunt lobortis elit quis aliquam. Proin et massa libero.

Aliquam id pharetra arcu. Vivamus vitae mattis ligula. Sed efficitur urna vitae scelerisque tempor. Proin purus magna, vulputate eu ligula a, vehicula malesuada enim. Curabitur aliquet rutrum enim et tincidunt. Vestibulum ante ipsum primis in faucibus orci luctus et ultrices posuere cubilia curae; Vivamus pharetra enim leo, nec molestie nibh consectetur quis. Class aptent taciti sociosqu ad litora torquent per conubia nostra, per inceptos himenaeos. Nunc quis maximus elit, vitae pulvinar urna. Integer at mi elit. Phasellus vitae rutrum sem. Vivamus et mauris ac nisl congue congue eu eget elit. Nullam at quam velit. Pellentesque dictum, diam nec tempor aliquet, tortor justo fermentum sapien, at condimentum turpis elit vel sapien. Aenean rutrum tellus sodales tortor viverra eleifend.

Donec facilisis, diam efficitur maximus ultrices, enim lectus rutrum elit, eget malesuada mi justo dapibus enim. Maecenas finibus euismod nulla quis dignissim. Sed dictum ante rutrum turpis euismod laoreet. Sed placerat tellus leo. In ut lobortis lorem. Nullam vitae lectus egestas urna tincidunt aliquet. Ut sagittis vel enim eget malesuada. Cras in congue tortor. Interdum et malesuada fames ac ante ipsum primis in faucibus. Nunc tempus consequat neque, et eleifend nulla aliquam eu.",Author 304,7,hau-khung-hoang-bay-bi-quyet-bao-toan-cua-cai-trong-thoi-gian-toi,NXB 304,2015,242
https://cdn1.fahasa.com/media/catalog/product/8/9/8935235246621.jpg,Lược Sử Kinh Tế,90000,20,9780085479940,"Lorem ipsum dolor sit amet, consectetur adipiscing elit. Nam congue vel tellus non luctus. Vestibulum vitae nunc lorem. Sed lacinia lectus vel augue imperdiet ultricies. Donec id venenatis ex, vitae pretium ligula. Sed nulla eros, dignissim at feugiat non, posuere sit amet urna. Ut eu porttitor tellus. Cras eu massa nulla. Morbi porta fermentum elit eu iaculis. Pellentesque hendrerit venenatis purus at feugiat. Pellentesque vitae feugiat purus. Donec mattis rhoncus lacinia. Sed quam diam, molestie id laoreet eu, lacinia ac turpis. Cras tincidunt lobortis elit quis aliquam. Proin et massa libero.

Aliquam id pharetra arcu. Vivamus vitae mattis ligula. Sed efficitur urna vitae scelerisque tempor. Proin purus magna, vulputate eu ligula a, vehicula malesuada enim. Curabitur aliquet rutrum enim et tincidunt. Vestibulum ante ipsum primis in faucibus orci luctus et ultrices posuere cubilia curae; Vivamus pharetra enim leo, nec molestie nibh consectetur quis. Class aptent taciti sociosqu ad litora torquent per conubia nostra, per inceptos himenaeos. Nunc quis maximus elit, vitae pulvinar urna. Integer at mi elit. Phasellus vitae rutrum sem. Vivamus et mauris ac nisl congue congue eu eget elit. Nullam at quam velit. Pellentesque dictum, diam nec tempor aliquet, tortor justo fermentum sapien, at condimentum turpis elit vel sapien. Aenean rutrum tellus sodales tortor viverra eleifend.

Donec facilisis, diam efficitur maximus ultrices, enim lectus rutrum elit, eget malesuada mi justo dapibus enim. Maecenas finibus euismod nulla quis dignissim. Sed dictum ante rutrum turpis euismod laoreet. Sed placerat tellus leo. In ut lobortis lorem. Nullam vitae lectus egestas urna tincidunt aliquet. Ut sagittis vel enim eget malesuada. Cras in congue tortor. Interdum et malesuada fames ac ante ipsum primis in faucibus. Nunc tempus consequat neque, et eleifend nulla aliquam eu.",Author 305,15,luoc-su-kinh-te,NXB 305,2020,99
https://cdn1.fahasa.com/media/catalog/product/u/n/unnamed-_2_.jpg,Sự Trỗi Dậy Của Chủ Nghĩa Xã Hội Công Nghệ,190000,20,9780085479941,"Lorem ipsum dolor sit amet, consectetur adipiscing elit. Nam congue vel tellus non luctus. Vestibulum vitae nunc lorem. Sed lacinia lectus vel augue imperdiet ultricies. Donec id venenatis ex, vitae pretium ligula. Sed nulla eros, dignissim at feugiat non, posuere sit amet urna. Ut eu porttitor tellus. Cras eu massa nulla. Morbi porta fermentum elit eu iaculis. Pellentesque hendrerit venenatis purus at feugiat. Pellentesque vitae feugiat purus. Donec mattis rhoncus lacinia. Sed quam diam, molestie id laoreet eu, lacinia ac turpis. Cras tincidunt lobortis elit quis aliquam. Proin et massa libero.

Aliquam id pharetra arcu. Vivamus vitae mattis ligula. Sed efficitur urna vitae scelerisque tempor. Proin purus magna, vulputate eu ligula a, vehicula malesuada enim. Curabitur aliquet rutrum enim et tincidunt. Vestibulum ante ipsum primis in faucibus orci luctus et ultrices posuere cubilia curae; Vivamus pharetra enim leo, nec molestie nibh consectetur quis. Class aptent taciti sociosqu ad litora torquent per conubia nostra, per inceptos himenaeos. Nunc quis maximus elit, vitae pulvinar urna. Integer at mi elit. Phasellus vitae rutrum sem. Vivamus et mauris ac nisl congue congue eu eget elit. Nullam at quam velit. Pellentesque dictum, diam nec tempor aliquet, tortor justo fermentum sapien, at condimentum turpis elit vel sapien. Aenean rutrum tellus sodales tortor viverra eleifend.

Donec facilisis, diam efficitur maximus ultrices, enim lectus rutrum elit, eget malesuada mi justo dapibus enim. Maecenas finibus euismod nulla quis dignissim. Sed dictum ante rutrum turpis euismod laoreet. Sed placerat tellus leo. In ut lobortis lorem. Nullam vitae lectus egestas urna tincidunt aliquet. Ut sagittis vel enim eget malesuada. Cras in congue tortor. Interdum et malesuada fames ac ante ipsum primis in faucibus. Nunc tempus consequat neque, et eleifend nulla aliquam eu.",Author 306,13,su-troi-day-cua-chu-nghia-xa-hoi-cong-nghe,NXB 306,2022,284
https://cdn1.fahasa.com/media/catalog/product/a/i/ai-trong-kinh-te-va-tai-chinh_file-in.jpg,AI Trong Lĩnh Vực Kinh Tế Và Tài Chính,396000,20,9780085479942,"Lorem ipsum dolor sit amet, consectetur adipiscing elit. Nam congue vel tellus non luctus. Vestibulum vitae nunc lorem. Sed lacinia lectus vel augue imperdiet ultricies. Donec id venenatis ex, vitae pretium ligula. Sed nulla eros, dignissim at feugiat non, posuere sit amet urna. Ut eu porttitor tellus. Cras eu massa nulla. Morbi porta fermentum elit eu iaculis. Pellentesque hendrerit venenatis purus at feugiat. Pellentesque vitae feugiat purus. Donec mattis rhoncus lacinia. Sed quam diam, molestie id laoreet eu, lacinia ac turpis. Cras tincidunt lobortis elit quis aliquam. Proin et massa libero.

Aliquam id pharetra arcu. Vivamus vitae mattis ligula. Sed efficitur urna vitae scelerisque tempor. Proin purus magna, vulputate eu ligula a, vehicula malesuada enim. Curabitur aliquet rutrum enim et tincidunt. Vestibulum ante ipsum primis in faucibus orci luctus et ultrices posuere cubilia curae; Vivamus pharetra enim leo, nec molestie nibh consectetur quis. Class aptent taciti sociosqu ad litora torquent per conubia nostra, per inceptos himenaeos. Nunc quis maximus elit, vitae pulvinar urna. Integer at mi elit. Phasellus vitae rutrum sem. Vivamus et mauris ac nisl congue congue eu eget elit. Nullam at quam velit. Pellentesque dictum, diam nec tempor aliquet, tortor justo fermentum sapien, at condimentum turpis elit vel sapien. Aenean rutrum tellus sodales tortor viverra eleifend.

Donec facilisis, diam efficitur maximus ultrices, enim lectus rutrum elit, eget malesuada mi justo dapibus enim. Maecenas finibus euismod nulla quis dignissim. Sed dictum ante rutrum turpis euismod laoreet. Sed placerat tellus leo. In ut lobortis lorem. Nullam vitae lectus egestas urna tincidunt aliquet. Ut sagittis vel enim eget malesuada. Cras in congue tortor. Interdum et malesuada fames ac ante ipsum primis in faucibus. Nunc tempus consequat neque, et eleifend nulla aliquam eu.",Author 307,18,ai-trong-linh-vuc-kinh-te-va-tai-chinh,NXB 307,2016,161
https://cdn1.fahasa.com/media/catalog/product/9/7/9786044761213.jpg,"The General Theory Of Employment, Interest And Money - Lý Thuyết Tổng Quát Về Việc Làm, Tiền Lãi Và Tiền Tệ",190400,20,9780085479943,"Lorem ipsum dolor sit amet, consectetur adipiscing elit. Nam congue vel tellus non luctus. Vestibulum vitae nunc lorem. Sed lacinia lectus vel augue imperdiet ultricies. Donec id venenatis ex, vitae pretium ligula. Sed nulla eros, dignissim at feugiat non, posuere sit amet urna. Ut eu porttitor tellus. Cras eu massa nulla. Morbi porta fermentum elit eu iaculis. Pellentesque hendrerit venenatis purus at feugiat. Pellentesque vitae feugiat purus. Donec mattis rhoncus lacinia. Sed quam diam, molestie id laoreet eu, lacinia ac turpis. Cras tincidunt lobortis elit quis aliquam. Proin et massa libero.

Aliquam id pharetra arcu. Vivamus vitae mattis ligula. Sed efficitur urna vitae scelerisque tempor. Proin purus magna, vulputate eu ligula a, vehicula malesuada enim. Curabitur aliquet rutrum enim et tincidunt. Vestibulum ante ipsum primis in faucibus orci luctus et ultrices posuere cubilia curae; Vivamus pharetra enim leo, nec molestie nibh consectetur quis. Class aptent taciti sociosqu ad litora torquent per conubia nostra, per inceptos himenaeos. Nunc quis maximus elit, vitae pulvinar urna. Integer at mi elit. Phasellus vitae rutrum sem. Vivamus et mauris ac nisl congue congue eu eget elit. Nullam at quam velit. Pellentesque dictum, diam nec tempor aliquet, tortor justo fermentum sapien, at condimentum turpis elit vel sapien. Aenean rutrum tellus sodales tortor viverra eleifend.

Donec facilisis, diam efficitur maximus ultrices, enim lectus rutrum elit, eget malesuada mi justo dapibus enim. Maecenas finibus euismod nulla quis dignissim. Sed dictum ante rutrum turpis euismod laoreet. Sed placerat tellus leo. In ut lobortis lorem. Nullam vitae lectus egestas urna tincidunt aliquet. Ut sagittis vel enim eget malesuada. Cras in congue tortor. Interdum et malesuada fames ac ante ipsum primis in faucibus. Nunc tempus consequat neque, et eleifend nulla aliquam eu.",Author 308,4,the-general-theory-of-employment-interest-and-money-ly-thuyet-tong-quat-ve-viec-lam-tien-lai-va-tien-te,NXB 308,2016,161
https://cdn1.fahasa.com/media/catalog/product/8/9/8935235241374.jpg,Chip War - Cuộc Chiến Vi Mạch - Bìa Cứng,240000,20,9780085479944,"Lorem ipsum dolor sit amet, consectetur adipiscing elit. Nam congue vel tellus non luctus. Vestibulum vitae nunc lorem. Sed lacinia lectus vel augue imperdiet ultricies. Donec id venenatis ex, vitae pretium ligula. Sed nulla eros, dignissim at feugiat non, posuere sit amet urna. Ut eu porttitor tellus. Cras eu massa nulla. Morbi porta fermentum elit eu iaculis. Pellentesque hendrerit venenatis purus at feugiat. Pellentesque vitae feugiat purus. Donec mattis rhoncus lacinia. Sed quam diam, molestie id laoreet eu, lacinia ac turpis. Cras tincidunt lobortis elit quis aliquam. Proin et massa libero.

Aliquam id pharetra arcu. Vivamus vitae mattis ligula. Sed efficitur urna vitae scelerisque tempor. Proin purus magna, vulputate eu ligula a, vehicula malesuada enim. Curabitur aliquet rutrum enim et tincidunt. Vestibulum ante ipsum primis in faucibus orci luctus et ultrices posuere cubilia curae; Vivamus pharetra enim leo, nec molestie nibh consectetur quis. Class aptent taciti sociosqu ad litora torquent per conubia nostra, per inceptos himenaeos. Nunc quis maximus elit, vitae pulvinar urna. Integer at mi elit. Phasellus vitae rutrum sem. Vivamus et mauris ac nisl congue congue eu eget elit. Nullam at quam velit. Pellentesque dictum, diam nec tempor aliquet, tortor justo fermentum sapien, at condimentum turpis elit vel sapien. Aenean rutrum tellus sodales tortor viverra eleifend.

Donec facilisis, diam efficitur maximus ultrices, enim lectus rutrum elit, eget malesuada mi justo dapibus enim. Maecenas finibus euismod nulla quis dignissim. Sed dictum ante rutrum turpis euismod laoreet. Sed placerat tellus leo. In ut lobortis lorem. Nullam vitae lectus egestas urna tincidunt aliquet. Ut sagittis vel enim eget malesuada. Cras in congue tortor. Interdum et malesuada fames ac ante ipsum primis in faucibus. Nunc tempus consequat neque, et eleifend nulla aliquam eu.",Author 309,8,chip-war-cuoc-chien-vi-mach-bia-cung,NXB 309,2015,168
https://cdn1.fahasa.com/media/catalog/product/9/7/9786326043105.jpg,Bí Quyết Kinh Doanh Khách Sạn Đột Phá Qua OTA - OTA Thực Chiến,279000,20,9780085479945,"Lorem ipsum dolor sit amet, consectetur adipiscing elit. Nam congue vel tellus non luctus. Vestibulum vitae nunc lorem. Sed lacinia lectus vel augue imperdiet ultricies. Donec id venenatis ex, vitae pretium ligula. Sed nulla eros, dignissim at feugiat non, posuere sit amet urna. Ut eu porttitor tellus. Cras eu massa nulla. Morbi porta fermentum elit eu iaculis. Pellentesque hendrerit venenatis purus at feugiat. Pellentesque vitae feugiat purus. Donec mattis rhoncus lacinia. Sed quam diam, molestie id laoreet eu, lacinia ac turpis. Cras tincidunt lobortis elit quis aliquam. Proin et massa libero.

Aliquam id pharetra arcu. Vivamus vitae mattis ligula. Sed efficitur urna vitae scelerisque tempor. Proin purus magna, vulputate eu ligula a, vehicula malesuada enim. Curabitur aliquet rutrum enim et tincidunt. Vestibulum ante ipsum primis in faucibus orci luctus et ultrices posuere cubilia curae; Vivamus pharetra enim leo, nec molestie nibh consectetur quis. Class aptent taciti sociosqu ad litora torquent per conubia nostra, per inceptos himenaeos. Nunc quis maximus elit, vitae pulvinar urna. Integer at mi elit. Phasellus vitae rutrum sem. Vivamus et mauris ac nisl congue congue eu eget elit. Nullam at quam velit. Pellentesque dictum, diam nec tempor aliquet, tortor justo fermentum sapien, at condimentum turpis elit vel sapien. Aenean rutrum tellus sodales tortor viverra eleifend.

Donec facilisis, diam efficitur maximus ultrices, enim lectus rutrum elit, eget malesuada mi justo dapibus enim. Maecenas finibus euismod nulla quis dignissim. Sed dictum ante rutrum turpis euismod laoreet. Sed placerat tellus leo. In ut lobortis lorem. Nullam vitae lectus egestas urna tincidunt aliquet. Ut sagittis vel enim eget malesuada. Cras in congue tortor. Interdum et malesuada fames ac ante ipsum primis in faucibus. Nunc tempus consequat neque, et eleifend nulla aliquam eu.",Author 310,4,bi-quyet-kinh-doanh-khach-san-ot-pha-qua-ota-ota-thuc-chien,NXB 310,2018,191
https://cdn1.fahasa.com/media/catalog/product/b/_/b_a-tr_c-s_-l_i-t_n-c_a-_ng-ti_n-file-in-1.jpg,Sự Lụi Tàn Của Đồng Tiền,131600,20,9780085479946,"Lorem ipsum dolor sit amet, consectetur adipiscing elit. Nam congue vel tellus non luctus. Vestibulum vitae nunc lorem. Sed lacinia lectus vel augue imperdiet ultricies. Donec id venenatis ex, vitae pretium ligula. Sed nulla eros, dignissim at feugiat non, posuere sit amet urna. Ut eu porttitor tellus. Cras eu massa nulla. Morbi porta fermentum elit eu iaculis. Pellentesque hendrerit venenatis purus at feugiat. Pellentesque vitae feugiat purus. Donec mattis rhoncus lacinia. Sed quam diam, molestie id laoreet eu, lacinia ac turpis. Cras tincidunt lobortis elit quis aliquam. Proin et massa libero.

Aliquam id pharetra arcu. Vivamus vitae mattis ligula. Sed efficitur urna vitae scelerisque tempor. Proin purus magna, vulputate eu ligula a, vehicula malesuada enim. Curabitur aliquet rutrum enim et tincidunt. Vestibulum ante ipsum primis in faucibus orci luctus et ultrices posuere cubilia curae; Vivamus pharetra enim leo, nec molestie nibh consectetur quis. Class aptent taciti sociosqu ad litora torquent per conubia nostra, per inceptos himenaeos. Nunc quis maximus elit, vitae pulvinar urna. Integer at mi elit. Phasellus vitae rutrum sem. Vivamus et mauris ac nisl congue congue eu eget elit. Nullam at quam velit. Pellentesque dictum, diam nec tempor aliquet, tortor justo fermentum sapien, at condimentum turpis elit vel sapien. Aenean rutrum tellus sodales tortor viverra eleifend.

Donec facilisis, diam efficitur maximus ultrices, enim lectus rutrum elit, eget malesuada mi justo dapibus enim. Maecenas finibus euismod nulla quis dignissim. Sed dictum ante rutrum turpis euismod laoreet. Sed placerat tellus leo. In ut lobortis lorem. Nullam vitae lectus egestas urna tincidunt aliquet. Ut sagittis vel enim eget malesuada. Cras in congue tortor. Interdum et malesuada fames ac ante ipsum primis in faucibus. Nunc tempus consequat neque, et eleifend nulla aliquam eu.",Author 311,14,su-lui-tan-cua-ong-tien,NXB 311,2003,279
https://cdn1.fahasa.com/media/catalog/product/d/a/daidiachankinhte-bia01.jpg,Cách Dự Báo Và Vượt Qua Khủng Hoảng Kinh Tế Trong Tương Lai - Đại Địa Chấn Kinh Tế - The Great Crashes,137240,20,9780085479947,"Lorem ipsum dolor sit amet, consectetur adipiscing elit. Nam congue vel tellus non luctus. Vestibulum vitae nunc lorem. Sed lacinia lectus vel augue imperdiet ultricies. Donec id venenatis ex, vitae pretium ligula. Sed nulla eros, dignissim at feugiat non, posuere sit amet urna. Ut eu porttitor tellus. Cras eu massa nulla. Morbi porta fermentum elit eu iaculis. Pellentesque hendrerit venenatis purus at feugiat. Pellentesque vitae feugiat purus. Donec mattis rhoncus lacinia. Sed quam diam, molestie id laoreet eu, lacinia ac turpis. Cras tincidunt lobortis elit quis aliquam. Proin et massa libero.

Aliquam id pharetra arcu. Vivamus vitae mattis ligula. Sed efficitur urna vitae scelerisque tempor. Proin purus magna, vulputate eu ligula a, vehicula malesuada enim. Curabitur aliquet rutrum enim et tincidunt. Vestibulum ante ipsum primis in faucibus orci luctus et ultrices posuere cubilia curae; Vivamus pharetra enim leo, nec molestie nibh consectetur quis. Class aptent taciti sociosqu ad litora torquent per conubia nostra, per inceptos himenaeos. Nunc quis maximus elit, vitae pulvinar urna. Integer at mi elit. Phasellus vitae rutrum sem. Vivamus et mauris ac nisl congue congue eu eget elit. Nullam at quam velit. Pellentesque dictum, diam nec tempor aliquet, tortor justo fermentum sapien, at condimentum turpis elit vel sapien. Aenean rutrum tellus sodales tortor viverra eleifend.

Donec facilisis, diam efficitur maximus ultrices, enim lectus rutrum elit, eget malesuada mi justo dapibus enim. Maecenas finibus euismod nulla quis dignissim. Sed dictum ante rutrum turpis euismod laoreet. Sed placerat tellus leo. In ut lobortis lorem. Nullam vitae lectus egestas urna tincidunt aliquet. Ut sagittis vel enim eget malesuada. Cras in congue tortor. Interdum et malesuada fames ac ante ipsum primis in faucibus. Nunc tempus consequat neque, et eleifend nulla aliquam eu.",Author 312,7,cach-du-bao-va-vuot-qua-khung-hoang-kinh-te-trong-tuong-lai-ai-ia-chan-kinh-te-the-great-crashes,NXB 312,2018,186
https://cdn1.fahasa.com/media/catalog/product/8/9/8935251421415_1.jpg,Kinh Tế Học Trần Trụi (Tái Bản 2025),194500,20,9780085479948,"Lorem ipsum dolor sit amet, consectetur adipiscing elit. Nam congue vel tellus non luctus. Vestibulum vitae nunc lorem. Sed lacinia lectus vel augue imperdiet ultricies. Donec id venenatis ex, vitae pretium ligula. Sed nulla eros, dignissim at feugiat non, posuere sit amet urna. Ut eu porttitor tellus. Cras eu massa nulla. Morbi porta fermentum elit eu iaculis. Pellentesque hendrerit venenatis purus at feugiat. Pellentesque vitae feugiat purus. Donec mattis rhoncus lacinia. Sed quam diam, molestie id laoreet eu, lacinia ac turpis. Cras tincidunt lobortis elit quis aliquam. Proin et massa libero.

Aliquam id pharetra arcu. Vivamus vitae mattis ligula. Sed efficitur urna vitae scelerisque tempor. Proin purus magna, vulputate eu ligula a, vehicula malesuada enim. Curabitur aliquet rutrum enim et tincidunt. Vestibulum ante ipsum primis in faucibus orci luctus et ultrices posuere cubilia curae; Vivamus pharetra enim leo, nec molestie nibh consectetur quis. Class aptent taciti sociosqu ad litora torquent per conubia nostra, per inceptos himenaeos. Nunc quis maximus elit, vitae pulvinar urna. Integer at mi elit. Phasellus vitae rutrum sem. Vivamus et mauris ac nisl congue congue eu eget elit. Nullam at quam velit. Pellentesque dictum, diam nec tempor aliquet, tortor justo fermentum sapien, at condimentum turpis elit vel sapien. Aenean rutrum tellus sodales tortor viverra eleifend.

Donec facilisis, diam efficitur maximus ultrices, enim lectus rutrum elit, eget malesuada mi justo dapibus enim. Maecenas finibus euismod nulla quis dignissim. Sed dictum ante rutrum turpis euismod laoreet. Sed placerat tellus leo. In ut lobortis lorem. Nullam vitae lectus egestas urna tincidunt aliquet. Ut sagittis vel enim eget malesuada. Cras in congue tortor. Interdum et malesuada fames ac ante ipsum primis in faucibus. Nunc tempus consequat neque, et eleifend nulla aliquam eu.",Author 313,14,kinh-te-hoc-tran-trui-tai-ban-2025,NXB 313,2008,154
https://cdn1.fahasa.com/media/catalog/product/8/9/8935278607342.jpg,Kỹ Năng Bán Hàng Tuyệt Đỉnh (Tái Bản 2022),84000,18,9780085479949,"Lorem ipsum dolor sit amet, consectetur adipiscing elit. Nam congue vel tellus non luctus. Vestibulum vitae nunc lorem. Sed lacinia lectus vel augue imperdiet ultricies. Donec id venenatis ex, vitae pretium ligula. Sed nulla eros, dignissim at feugiat non, posuere sit amet urna. Ut eu porttitor tellus. Cras eu massa nulla. Morbi porta fermentum elit eu iaculis. Pellentesque hendrerit venenatis purus at feugiat. Pellentesque vitae feugiat purus. Donec mattis rhoncus lacinia. Sed quam diam, molestie id laoreet eu, lacinia ac turpis. Cras tincidunt lobortis elit quis aliquam. Proin et massa libero.

Aliquam id pharetra arcu. Vivamus vitae mattis ligula. Sed efficitur urna vitae scelerisque tempor. Proin purus magna, vulputate eu ligula a, vehicula malesuada enim. Curabitur aliquet rutrum enim et tincidunt. Vestibulum ante ipsum primis in faucibus orci luctus et ultrices posuere cubilia curae; Vivamus pharetra enim leo, nec molestie nibh consectetur quis. Class aptent taciti sociosqu ad litora torquent per conubia nostra, per inceptos himenaeos. Nunc quis maximus elit, vitae pulvinar urna. Integer at mi elit. Phasellus vitae rutrum sem. Vivamus et mauris ac nisl congue congue eu eget elit. Nullam at quam velit. Pellentesque dictum, diam nec tempor aliquet, tortor justo fermentum sapien, at condimentum turpis elit vel sapien. Aenean rutrum tellus sodales tortor viverra eleifend.

Donec facilisis, diam efficitur maximus ultrices, enim lectus rutrum elit, eget malesuada mi justo dapibus enim. Maecenas finibus euismod nulla quis dignissim. Sed dictum ante rutrum turpis euismod laoreet. Sed placerat tellus leo. In ut lobortis lorem. Nullam vitae lectus egestas urna tincidunt aliquet. Ut sagittis vel enim eget malesuada. Cras in congue tortor. Interdum et malesuada fames ac ante ipsum primis in faucibus. Nunc tempus consequat neque, et eleifend nulla aliquam eu.",Author 314,8,ky-nang-ban-hang-tuyet-inh-tai-ban-2022,NXB 314,2003,200
https://cdn1.fahasa.com/media/catalog/product/8/9/8936170870698.jpg,Kế Hoạch Cho Sự Nghiệp Tự Chủ Và Bền Vững - Kinh Doanh Chuyên Môn Của Chính Mình,208000,18,9780085479950,"Lorem ipsum dolor sit amet, consectetur adipiscing elit. Nam congue vel tellus non luctus. Vestibulum vitae nunc lorem. Sed lacinia lectus vel augue imperdiet ultricies. Donec id venenatis ex, vitae pretium ligula. Sed nulla eros, dignissim at feugiat non, posuere sit amet urna. Ut eu porttitor tellus. Cras eu massa nulla. Morbi porta fermentum elit eu iaculis. Pellentesque hendrerit venenatis purus at feugiat. Pellentesque vitae feugiat purus. Donec mattis rhoncus lacinia. Sed quam diam, molestie id laoreet eu, lacinia ac turpis. Cras tincidunt lobortis elit quis aliquam. Proin et massa libero.

Aliquam id pharetra arcu. Vivamus vitae mattis ligula. Sed efficitur urna vitae scelerisque tempor. Proin purus magna, vulputate eu ligula a, vehicula malesuada enim. Curabitur aliquet rutrum enim et tincidunt. Vestibulum ante ipsum primis in faucibus orci luctus et ultrices posuere cubilia curae; Vivamus pharetra enim leo, nec molestie nibh consectetur quis. Class aptent taciti sociosqu ad litora torquent per conubia nostra, per inceptos himenaeos. Nunc quis maximus elit, vitae pulvinar urna. Integer at mi elit. Phasellus vitae rutrum sem. Vivamus et mauris ac nisl congue congue eu eget elit. Nullam at quam velit. Pellentesque dictum, diam nec tempor aliquet, tortor justo fermentum sapien, at condimentum turpis elit vel sapien. Aenean rutrum tellus sodales tortor viverra eleifend.

Donec facilisis, diam efficitur maximus ultrices, enim lectus rutrum elit, eget malesuada mi justo dapibus enim. Maecenas finibus euismod nulla quis dignissim. Sed dictum ante rutrum turpis euismod laoreet. Sed placerat tellus leo. In ut lobortis lorem. Nullam vitae lectus egestas urna tincidunt aliquet. Ut sagittis vel enim eget malesuada. Cras in congue tortor. Interdum et malesuada fames ac ante ipsum primis in faucibus. Nunc tempus consequat neque, et eleifend nulla aliquam eu.",Author 315,12,ke-hoach-cho-su-nghiep-tu-chu-va-ben-vung-kinh-doanh-chuyen-mon-cua-chinh-minh,NXB 315,2004,158
https://cdn1.fahasa.com/media/catalog/product/l/o/logistic-v_-qu_n-tr_-chu_i-cung-_ng---b_a-1.jpg,Logistics Và Quản Trị Chuỗi Cung Ứng,346500,18,9780085479951,"Lorem ipsum dolor sit amet, consectetur adipiscing elit. Nam congue vel tellus non luctus. Vestibulum vitae nunc lorem. Sed lacinia lectus vel augue imperdiet ultricies. Donec id venenatis ex, vitae pretium ligula. Sed nulla eros, dignissim at feugiat non, posuere sit amet urna. Ut eu porttitor tellus. Cras eu massa nulla. Morbi porta fermentum elit eu iaculis. Pellentesque hendrerit venenatis purus at feugiat. Pellentesque vitae feugiat purus. Donec mattis rhoncus lacinia. Sed quam diam, molestie id laoreet eu, lacinia ac turpis. Cras tincidunt lobortis elit quis aliquam. Proin et massa libero.

Aliquam id pharetra arcu. Vivamus vitae mattis ligula. Sed efficitur urna vitae scelerisque tempor. Proin purus magna, vulputate eu ligula a, vehicula malesuada enim. Curabitur aliquet rutrum enim et tincidunt. Vestibulum ante ipsum primis in faucibus orci luctus et ultrices posuere cubilia curae; Vivamus pharetra enim leo, nec molestie nibh consectetur quis. Class aptent taciti sociosqu ad litora torquent per conubia nostra, per inceptos himenaeos. Nunc quis maximus elit, vitae pulvinar urna. Integer at mi elit. Phasellus vitae rutrum sem. Vivamus et mauris ac nisl congue congue eu eget elit. Nullam at quam velit. Pellentesque dictum, diam nec tempor aliquet, tortor justo fermentum sapien, at condimentum turpis elit vel sapien. Aenean rutrum tellus sodales tortor viverra eleifend.

Donec facilisis, diam efficitur maximus ultrices, enim lectus rutrum elit, eget malesuada mi justo dapibus enim. Maecenas finibus euismod nulla quis dignissim. Sed dictum ante rutrum turpis euismod laoreet. Sed placerat tellus leo. In ut lobortis lorem. Nullam vitae lectus egestas urna tincidunt aliquet. Ut sagittis vel enim eget malesuada. Cras in congue tortor. Interdum et malesuada fames ac ante ipsum primis in faucibus. Nunc tempus consequat neque, et eleifend nulla aliquam eu.",Author 316,5,logistics-va-quan-tri-chuoi-cung-ung,NXB 316,2024,54
https://cdn1.fahasa.com/media/catalog/product/8/9/8934974205432.jpg,Tiếp Thị 6.0 - Tương Lai Là Toàn Nhập - Marketing 6.0 - The Future Is Immersive,119000,18,9780085479952,"Lorem ipsum dolor sit amet, consectetur adipiscing elit. Nam congue vel tellus non luctus. Vestibulum vitae nunc lorem. Sed lacinia lectus vel augue imperdiet ultricies. Donec id venenatis ex, vitae pretium ligula. Sed nulla eros, dignissim at feugiat non, posuere sit amet urna. Ut eu porttitor tellus. Cras eu massa nulla. Morbi porta fermentum elit eu iaculis. Pellentesque hendrerit venenatis purus at feugiat. Pellentesque vitae feugiat purus. Donec mattis rhoncus lacinia. Sed quam diam, molestie id laoreet eu, lacinia ac turpis. Cras tincidunt lobortis elit quis aliquam. Proin et massa libero.

Aliquam id pharetra arcu. Vivamus vitae mattis ligula. Sed efficitur urna vitae scelerisque tempor. Proin purus magna, vulputate eu ligula a, vehicula malesuada enim. Curabitur aliquet rutrum enim et tincidunt. Vestibulum ante ipsum primis in faucibus orci luctus et ultrices posuere cubilia curae; Vivamus pharetra enim leo, nec molestie nibh consectetur quis. Class aptent taciti sociosqu ad litora torquent per conubia nostra, per inceptos himenaeos. Nunc quis maximus elit, vitae pulvinar urna. Integer at mi elit. Phasellus vitae rutrum sem. Vivamus et mauris ac nisl congue congue eu eget elit. Nullam at quam velit. Pellentesque dictum, diam nec tempor aliquet, tortor justo fermentum sapien, at condimentum turpis elit vel sapien. Aenean rutrum tellus sodales tortor viverra eleifend.

Donec facilisis, diam efficitur maximus ultrices, enim lectus rutrum elit, eget malesuada mi justo dapibus enim. Maecenas finibus euismod nulla quis dignissim. Sed dictum ante rutrum turpis euismod laoreet. Sed placerat tellus leo. In ut lobortis lorem. Nullam vitae lectus egestas urna tincidunt aliquet. Ut sagittis vel enim eget malesuada. Cras in congue tortor. Interdum et malesuada fames ac ante ipsum primis in faucibus. Nunc tempus consequat neque, et eleifend nulla aliquam eu.",Author 317,7,tiep-thi-6-0-tuong-lai-la-toan-nhap-marketing-6-0-the-future-is-immersive,NXB 317,2004,161
https://cdn1.fahasa.com/media/catalog/product/i/m/image_188907_2.jpg,90 - 20 - 30 - 90 Bài Học Vỡ Lòng Về Ý Tưởng Và Câu Chữ (Tái Bản 2021) (Bản Đen Trắng),165500,18,9780085479953,"Lorem ipsum dolor sit amet, consectetur adipiscing elit. Nam congue vel tellus non luctus. Vestibulum vitae nunc lorem. Sed lacinia lectus vel augue imperdiet ultricies. Donec id venenatis ex, vitae pretium ligula. Sed nulla eros, dignissim at feugiat non, posuere sit amet urna. Ut eu porttitor tellus. Cras eu massa nulla. Morbi porta fermentum elit eu iaculis. Pellentesque hendrerit venenatis purus at feugiat. Pellentesque vitae feugiat purus. Donec mattis rhoncus lacinia. Sed quam diam, molestie id laoreet eu, lacinia ac turpis. Cras tincidunt lobortis elit quis aliquam. Proin et massa libero.

Aliquam id pharetra arcu. Vivamus vitae mattis ligula. Sed efficitur urna vitae scelerisque tempor. Proin purus magna, vulputate eu ligula a, vehicula malesuada enim. Curabitur aliquet rutrum enim et tincidunt. Vestibulum ante ipsum primis in faucibus orci luctus et ultrices posuere cubilia curae; Vivamus pharetra enim leo, nec molestie nibh consectetur quis. Class aptent taciti sociosqu ad litora torquent per conubia nostra, per inceptos himenaeos. Nunc quis maximus elit, vitae pulvinar urna. Integer at mi elit. Phasellus vitae rutrum sem. Vivamus et mauris ac nisl congue congue eu eget elit. Nullam at quam velit. Pellentesque dictum, diam nec tempor aliquet, tortor justo fermentum sapien, at condimentum turpis elit vel sapien. Aenean rutrum tellus sodales tortor viverra eleifend.

Donec facilisis, diam efficitur maximus ultrices, enim lectus rutrum elit, eget malesuada mi justo dapibus enim. Maecenas finibus euismod nulla quis dignissim. Sed dictum ante rutrum turpis euismod laoreet. Sed placerat tellus leo. In ut lobortis lorem. Nullam vitae lectus egestas urna tincidunt aliquet. Ut sagittis vel enim eget malesuada. Cras in congue tortor. Interdum et malesuada fames ac ante ipsum primis in faucibus. Nunc tempus consequat neque, et eleifend nulla aliquam eu.",Author 318,14,90-20-30-90-bai-hoc-vo-long-ve-y-tuong-va-cau-chu-tai-ban-2021-ban-en-trang,NXB 318,2022,143
https://cdn1.fahasa.com/media/catalog/product/i/m/image_195509_1_1012_1.jpg,"Rio Book No.2 - Nhận Diện Thương Hiệu, Những Điểm Chạm Thị Giác (Tái Bản 2021)",144500,18,9780085479954,"Lorem ipsum dolor sit amet, consectetur adipiscing elit. Nam congue vel tellus non luctus. Vestibulum vitae nunc lorem. Sed lacinia lectus vel augue imperdiet ultricies. Donec id venenatis ex, vitae pretium ligula. Sed nulla eros, dignissim at feugiat non, posuere sit amet urna. Ut eu porttitor tellus. Cras eu massa nulla. Morbi porta fermentum elit eu iaculis. Pellentesque hendrerit venenatis purus at feugiat. Pellentesque vitae feugiat purus. Donec mattis rhoncus lacinia. Sed quam diam, molestie id laoreet eu, lacinia ac turpis. Cras tincidunt lobortis elit quis aliquam. Proin et massa libero.

Aliquam id pharetra arcu. Vivamus vitae mattis ligula. Sed efficitur urna vitae scelerisque tempor. Proin purus magna, vulputate eu ligula a, vehicula malesuada enim. Curabitur aliquet rutrum enim et tincidunt. Vestibulum ante ipsum primis in faucibus orci luctus et ultrices posuere cubilia curae; Vivamus pharetra enim leo, nec molestie nibh consectetur quis. Class aptent taciti sociosqu ad litora torquent per conubia nostra, per inceptos himenaeos. Nunc quis maximus elit, vitae pulvinar urna. Integer at mi elit. Phasellus vitae rutrum sem. Vivamus et mauris ac nisl congue congue eu eget elit. Nullam at quam velit. Pellentesque dictum, diam nec tempor aliquet, tortor justo fermentum sapien, at condimentum turpis elit vel sapien. Aenean rutrum tellus sodales tortor viverra eleifend.

Donec facilisis, diam efficitur maximus ultrices, enim lectus rutrum elit, eget malesuada mi justo dapibus enim. Maecenas finibus euismod nulla quis dignissim. Sed dictum ante rutrum turpis euismod laoreet. Sed placerat tellus leo. In ut lobortis lorem. Nullam vitae lectus egestas urna tincidunt aliquet. Ut sagittis vel enim eget malesuada. Cras in congue tortor. Interdum et malesuada fames ac ante ipsum primis in faucibus. Nunc tempus consequat neque, et eleifend nulla aliquam eu.",Author 319,5,rio-book-no-2-nhan-dien-thuong-hieu-nhung-iem-cham-thi-giac-tai-ban-2021,NXB 319,2000,196
https://cdn1.fahasa.com/media/catalog/product/i/m/image_181919.jpg,Thách Thức Sáng Tạo - The Innovator'S Dilemma,124000,18,9780085479955,"Lorem ipsum dolor sit amet, consectetur adipiscing elit. Nam congue vel tellus non luctus. Vestibulum vitae nunc lorem. Sed lacinia lectus vel augue imperdiet ultricies. Donec id venenatis ex, vitae pretium ligula. Sed nulla eros, dignissim at feugiat non, posuere sit amet urna. Ut eu porttitor tellus. Cras eu massa nulla. Morbi porta fermentum elit eu iaculis. Pellentesque hendrerit venenatis purus at feugiat. Pellentesque vitae feugiat purus. Donec mattis rhoncus lacinia. Sed quam diam, molestie id laoreet eu, lacinia ac turpis. Cras tincidunt lobortis elit quis aliquam. Proin et massa libero.

Aliquam id pharetra arcu. Vivamus vitae mattis ligula. Sed efficitur urna vitae scelerisque tempor. Proin purus magna, vulputate eu ligula a, vehicula malesuada enim. Curabitur aliquet rutrum enim et tincidunt. Vestibulum ante ipsum primis in faucibus orci luctus et ultrices posuere cubilia curae; Vivamus pharetra enim leo, nec molestie nibh consectetur quis. Class aptent taciti sociosqu ad litora torquent per conubia nostra, per inceptos himenaeos. Nunc quis maximus elit, vitae pulvinar urna. Integer at mi elit. Phasellus vitae rutrum sem. Vivamus et mauris ac nisl congue congue eu eget elit. Nullam at quam velit. Pellentesque dictum, diam nec tempor aliquet, tortor justo fermentum sapien, at condimentum turpis elit vel sapien. Aenean rutrum tellus sodales tortor viverra eleifend.

Donec facilisis, diam efficitur maximus ultrices, enim lectus rutrum elit, eget malesuada mi justo dapibus enim. Maecenas finibus euismod nulla quis dignissim. Sed dictum ante rutrum turpis euismod laoreet. Sed placerat tellus leo. In ut lobortis lorem. Nullam vitae lectus egestas urna tincidunt aliquet. Ut sagittis vel enim eget malesuada. Cras in congue tortor. Interdum et malesuada fames ac ante ipsum primis in faucibus. Nunc tempus consequat neque, et eleifend nulla aliquam eu.",Author 320,12,thach-thuc-sang-tao-the-innovator-s-dilemma,NXB 320,2007,175
https://cdn1.fahasa.com/media/catalog/product/t/h/the-ai-edge---bia-1.jpg,The AI Edge - Khai Thác Thế Mạnh AI Trong Sales Và Marketing,175000,18,9780085479956,"Lorem ipsum dolor sit amet, consectetur adipiscing elit. Nam congue vel tellus non luctus. Vestibulum vitae nunc lorem. Sed lacinia lectus vel augue imperdiet ultricies. Donec id venenatis ex, vitae pretium ligula. Sed nulla eros, dignissim at feugiat non, posuere sit amet urna. Ut eu porttitor tellus. Cras eu massa nulla. Morbi porta fermentum elit eu iaculis. Pellentesque hendrerit venenatis purus at feugiat. Pellentesque vitae feugiat purus. Donec mattis rhoncus lacinia. Sed quam diam, molestie id laoreet eu, lacinia ac turpis. Cras tincidunt lobortis elit quis aliquam. Proin et massa libero.

Aliquam id pharetra arcu. Vivamus vitae mattis ligula. Sed efficitur urna vitae scelerisque tempor. Proin purus magna, vulputate eu ligula a, vehicula malesuada enim. Curabitur aliquet rutrum enim et tincidunt. Vestibulum ante ipsum primis in faucibus orci luctus et ultrices posuere cubilia curae; Vivamus pharetra enim leo, nec molestie nibh consectetur quis. Class aptent taciti sociosqu ad litora torquent per conubia nostra, per inceptos himenaeos. Nunc quis maximus elit, vitae pulvinar urna. Integer at mi elit. Phasellus vitae rutrum sem. Vivamus et mauris ac nisl congue congue eu eget elit. Nullam at quam velit. Pellentesque dictum, diam nec tempor aliquet, tortor justo fermentum sapien, at condimentum turpis elit vel sapien. Aenean rutrum tellus sodales tortor viverra eleifend.

Donec facilisis, diam efficitur maximus ultrices, enim lectus rutrum elit, eget malesuada mi justo dapibus enim. Maecenas finibus euismod nulla quis dignissim. Sed dictum ante rutrum turpis euismod laoreet. Sed placerat tellus leo. In ut lobortis lorem. Nullam vitae lectus egestas urna tincidunt aliquet. Ut sagittis vel enim eget malesuada. Cras in congue tortor. Interdum et malesuada fames ac ante ipsum primis in faucibus. Nunc tempus consequat neque, et eleifend nulla aliquam eu.",Author 321,6,the-ai-edge-khai-thac-the-manh-ai-trong-sales-va-marketing,NXB 321,2000,265
https://cdn1.fahasa.com/media/catalog/product/8/9/8935278608417.jpg,Trải Nghiệm Khách Hàng Xuất Sắc (Tái Bản 2024),212500,18,9780085479957,"Lorem ipsum dolor sit amet, consectetur adipiscing elit. Nam congue vel tellus non luctus. Vestibulum vitae nunc lorem. Sed lacinia lectus vel augue imperdiet ultricies. Donec id venenatis ex, vitae pretium ligula. Sed nulla eros, dignissim at feugiat non, posuere sit amet urna. Ut eu porttitor tellus. Cras eu massa nulla. Morbi porta fermentum elit eu iaculis. Pellentesque hendrerit venenatis purus at feugiat. Pellentesque vitae feugiat purus. Donec mattis rhoncus lacinia. Sed quam diam, molestie id laoreet eu, lacinia ac turpis. Cras tincidunt lobortis elit quis aliquam. Proin et massa libero.

Aliquam id pharetra arcu. Vivamus vitae mattis ligula. Sed efficitur urna vitae scelerisque tempor. Proin purus magna, vulputate eu ligula a, vehicula malesuada enim. Curabitur aliquet rutrum enim et tincidunt. Vestibulum ante ipsum primis in faucibus orci luctus et ultrices posuere cubilia curae; Vivamus pharetra enim leo, nec molestie nibh consectetur quis. Class aptent taciti sociosqu ad litora torquent per conubia nostra, per inceptos himenaeos. Nunc quis maximus elit, vitae pulvinar urna. Integer at mi elit. Phasellus vitae rutrum sem. Vivamus et mauris ac nisl congue congue eu eget elit. Nullam at quam velit. Pellentesque dictum, diam nec tempor aliquet, tortor justo fermentum sapien, at condimentum turpis elit vel sapien. Aenean rutrum tellus sodales tortor viverra eleifend.

Donec facilisis, diam efficitur maximus ultrices, enim lectus rutrum elit, eget malesuada mi justo dapibus enim. Maecenas finibus euismod nulla quis dignissim. Sed dictum ante rutrum turpis euismod laoreet. Sed placerat tellus leo. In ut lobortis lorem. Nullam vitae lectus egestas urna tincidunt aliquet. Ut sagittis vel enim eget malesuada. Cras in congue tortor. Interdum et malesuada fames ac ante ipsum primis in faucibus. Nunc tempus consequat neque, et eleifend nulla aliquam eu.",Author 322,13,trai-nghiem-khach-hang-xuat-sac-tai-ban-2024,NXB 322,2008,115
https://cdn1.fahasa.com/media/catalog/product/i/m/image_188769_1.jpg,Hiệu Ứng Chim Mồi,212500,18,9780085479958,"Lorem ipsum dolor sit amet, consectetur adipiscing elit. Nam congue vel tellus non luctus. Vestibulum vitae nunc lorem. Sed lacinia lectus vel augue imperdiet ultricies. Donec id venenatis ex, vitae pretium ligula. Sed nulla eros, dignissim at feugiat non, posuere sit amet urna. Ut eu porttitor tellus. Cras eu massa nulla. Morbi porta fermentum elit eu iaculis. Pellentesque hendrerit venenatis purus at feugiat. Pellentesque vitae feugiat purus. Donec mattis rhoncus lacinia. Sed quam diam, molestie id laoreet eu, lacinia ac turpis. Cras tincidunt lobortis elit quis aliquam. Proin et massa libero.

Aliquam id pharetra arcu. Vivamus vitae mattis ligula. Sed efficitur urna vitae scelerisque tempor. Proin purus magna, vulputate eu ligula a, vehicula malesuada enim. Curabitur aliquet rutrum enim et tincidunt. Vestibulum ante ipsum primis in faucibus orci luctus et ultrices posuere cubilia curae; Vivamus pharetra enim leo, nec molestie nibh consectetur quis. Class aptent taciti sociosqu ad litora torquent per conubia nostra, per inceptos himenaeos. Nunc quis maximus elit, vitae pulvinar urna. Integer at mi elit. Phasellus vitae rutrum sem. Vivamus et mauris ac nisl congue congue eu eget elit. Nullam at quam velit. Pellentesque dictum, diam nec tempor aliquet, tortor justo fermentum sapien, at condimentum turpis elit vel sapien. Aenean rutrum tellus sodales tortor viverra eleifend.

Donec facilisis, diam efficitur maximus ultrices, enim lectus rutrum elit, eget malesuada mi justo dapibus enim. Maecenas finibus euismod nulla quis dignissim. Sed dictum ante rutrum turpis euismod laoreet. Sed placerat tellus leo. In ut lobortis lorem. Nullam vitae lectus egestas urna tincidunt aliquet. Ut sagittis vel enim eget malesuada. Cras in congue tortor. Interdum et malesuada fames ac ante ipsum primis in faucibus. Nunc tempus consequat neque, et eleifend nulla aliquam eu.",Author 323,6,hieu-ung-chim-moi,NXB 323,2003,271
https://cdn1.fahasa.com/media/catalog/product/i/m/image_188445_thanh_ly.jpg,Người Bán Hàng Vĩ Đại Nhất Thế Giới,212500,18,9780085479959,"Lorem ipsum dolor sit amet, consectetur adipiscing elit. Nam congue vel tellus non luctus. Vestibulum vitae nunc lorem. Sed lacinia lectus vel augue imperdiet ultricies. Donec id venenatis ex, vitae pretium ligula. Sed nulla eros, dignissim at feugiat non, posuere sit amet urna. Ut eu porttitor tellus. Cras eu massa nulla. Morbi porta fermentum elit eu iaculis. Pellentesque hendrerit venenatis purus at feugiat. Pellentesque vitae feugiat purus. Donec mattis rhoncus lacinia. Sed quam diam, molestie id laoreet eu, lacinia ac turpis. Cras tincidunt lobortis elit quis aliquam. Proin et massa libero.

Aliquam id pharetra arcu. Vivamus vitae mattis ligula. Sed efficitur urna vitae scelerisque tempor. Proin purus magna, vulputate eu ligula a, vehicula malesuada enim. Curabitur aliquet rutrum enim et tincidunt. Vestibulum ante ipsum primis in faucibus orci luctus et ultrices posuere cubilia curae; Vivamus pharetra enim leo, nec molestie nibh consectetur quis. Class aptent taciti sociosqu ad litora torquent per conubia nostra, per inceptos himenaeos. Nunc quis maximus elit, vitae pulvinar urna. Integer at mi elit. Phasellus vitae rutrum sem. Vivamus et mauris ac nisl congue congue eu eget elit. Nullam at quam velit. Pellentesque dictum, diam nec tempor aliquet, tortor justo fermentum sapien, at condimentum turpis elit vel sapien. Aenean rutrum tellus sodales tortor viverra eleifend.

Donec facilisis, diam efficitur maximus ultrices, enim lectus rutrum elit, eget malesuada mi justo dapibus enim. Maecenas finibus euismod nulla quis dignissim. Sed dictum ante rutrum turpis euismod laoreet. Sed placerat tellus leo. In ut lobortis lorem. Nullam vitae lectus egestas urna tincidunt aliquet. Ut sagittis vel enim eget malesuada. Cras in congue tortor. Interdum et malesuada fames ac ante ipsum primis in faucibus. Nunc tempus consequat neque, et eleifend nulla aliquam eu.",Author 324,5,nguoi-ban-hang-vi-ai-nhat-the-gioi,NXB 324,2007,104
https://cdn1.fahasa.com/media/catalog/product/i/m/image_195509_1_1012_1_thanh_ly.jpg,Rio Book,212500,18,9780085479960,"Lorem ipsum dolor sit amet, consectetur adipiscing elit. Nam congue vel tellus non luctus. Vestibulum vitae nunc lorem. Sed lacinia lectus vel augue imperdiet ultricies. Donec id venenatis ex, vitae pretium ligula. Sed nulla eros, dignissim at feugiat non, posuere sit amet urna. Ut eu porttitor tellus. Cras eu massa nulla. Morbi porta fermentum elit eu iaculis. Pellentesque hendrerit venenatis purus at feugiat. Pellentesque vitae feugiat purus. Donec mattis rhoncus lacinia. Sed quam diam, molestie id laoreet eu, lacinia ac turpis. Cras tincidunt lobortis elit quis aliquam. Proin et massa libero.

Aliquam id pharetra arcu. Vivamus vitae mattis ligula. Sed efficitur urna vitae scelerisque tempor. Proin purus magna, vulputate eu ligula a, vehicula malesuada enim. Curabitur aliquet rutrum enim et tincidunt. Vestibulum ante ipsum primis in faucibus orci luctus et ultrices posuere cubilia curae; Vivamus pharetra enim leo, nec molestie nibh consectetur quis. Class aptent taciti sociosqu ad litora torquent per conubia nostra, per inceptos himenaeos. Nunc quis maximus elit, vitae pulvinar urna. Integer at mi elit. Phasellus vitae rutrum sem. Vivamus et mauris ac nisl congue congue eu eget elit. Nullam at quam velit. Pellentesque dictum, diam nec tempor aliquet, tortor justo fermentum sapien, at condimentum turpis elit vel sapien. Aenean rutrum tellus sodales tortor viverra eleifend.

Donec facilisis, diam efficitur maximus ultrices, enim lectus rutrum elit, eget malesuada mi justo dapibus enim. Maecenas finibus euismod nulla quis dignissim. Sed dictum ante rutrum turpis euismod laoreet. Sed placerat tellus leo. In ut lobortis lorem. Nullam vitae lectus egestas urna tincidunt aliquet. Ut sagittis vel enim eget malesuada. Cras in congue tortor. Interdum et malesuada fames ac ante ipsum primis in faucibus. Nunc tempus consequat neque, et eleifend nulla aliquam eu.",Author 325,11,rio-book,NXB 325,2020,50
https://cdn1.fahasa.com/media/catalog/product/i/m/image_195509_1_40339_1.jpg,Con Đường Trở Thành Freelancer Writer - Tôi Đã Kiếm 800.000.000 Một Năm Từ Viết Lách Như Thế Nào? (Tái Bản),187000,18,9780085479961,"Lorem ipsum dolor sit amet, consectetur adipiscing elit. Nam congue vel tellus non luctus. Vestibulum vitae nunc lorem. Sed lacinia lectus vel augue imperdiet ultricies. Donec id venenatis ex, vitae pretium ligula. Sed nulla eros, dignissim at feugiat non, posuere sit amet urna. Ut eu porttitor tellus. Cras eu massa nulla. Morbi porta fermentum elit eu iaculis. Pellentesque hendrerit venenatis purus at feugiat. Pellentesque vitae feugiat purus. Donec mattis rhoncus lacinia. Sed quam diam, molestie id laoreet eu, lacinia ac turpis. Cras tincidunt lobortis elit quis aliquam. Proin et massa libero.

Aliquam id pharetra arcu. Vivamus vitae mattis ligula. Sed efficitur urna vitae scelerisque tempor. Proin purus magna, vulputate eu ligula a, vehicula malesuada enim. Curabitur aliquet rutrum enim et tincidunt. Vestibulum ante ipsum primis in faucibus orci luctus et ultrices posuere cubilia curae; Vivamus pharetra enim leo, nec molestie nibh consectetur quis. Class aptent taciti sociosqu ad litora torquent per conubia nostra, per inceptos himenaeos. Nunc quis maximus elit, vitae pulvinar urna. Integer at mi elit. Phasellus vitae rutrum sem. Vivamus et mauris ac nisl congue congue eu eget elit. Nullam at quam velit. Pellentesque dictum, diam nec tempor aliquet, tortor justo fermentum sapien, at condimentum turpis elit vel sapien. Aenean rutrum tellus sodales tortor viverra eleifend.

Donec facilisis, diam efficitur maximus ultrices, enim lectus rutrum elit, eget malesuada mi justo dapibus enim. Maecenas finibus euismod nulla quis dignissim. Sed dictum ante rutrum turpis euismod laoreet. Sed placerat tellus leo. In ut lobortis lorem. Nullam vitae lectus egestas urna tincidunt aliquet. Ut sagittis vel enim eget malesuada. Cras in congue tortor. Interdum et malesuada fames ac ante ipsum primis in faucibus. Nunc tempus consequat neque, et eleifend nulla aliquam eu.",Author 326,3,con-uong-tro-thanh-freelancer-writer-toi-a-kiem-800-000-000-mot-nam-tu-viet-lach-nhu-the-nao-tai-ban,NXB 326,2003,224
https://cdn1.fahasa.com/media/catalog/product/i/m/image_195509_1_47973.jpg,Người Bán Hàng Vĩ Đại Nhất Thế Giới,108040,18,9780085479962,"Lorem ipsum dolor sit amet, consectetur adipiscing elit. Nam congue vel tellus non luctus. Vestibulum vitae nunc lorem. Sed lacinia lectus vel augue imperdiet ultricies. Donec id venenatis ex, vitae pretium ligula. Sed nulla eros, dignissim at feugiat non, posuere sit amet urna. Ut eu porttitor tellus. Cras eu massa nulla. Morbi porta fermentum elit eu iaculis. Pellentesque hendrerit venenatis purus at feugiat. Pellentesque vitae feugiat purus. Donec mattis rhoncus lacinia. Sed quam diam, molestie id laoreet eu, lacinia ac turpis. Cras tincidunt lobortis elit quis aliquam. Proin et massa libero.

Aliquam id pharetra arcu. Vivamus vitae mattis ligula. Sed efficitur urna vitae scelerisque tempor. Proin purus magna, vulputate eu ligula a, vehicula malesuada enim. Curabitur aliquet rutrum enim et tincidunt. Vestibulum ante ipsum primis in faucibus orci luctus et ultrices posuere cubilia curae; Vivamus pharetra enim leo, nec molestie nibh consectetur quis. Class aptent taciti sociosqu ad litora torquent per conubia nostra, per inceptos himenaeos. Nunc quis maximus elit, vitae pulvinar urna. Integer at mi elit. Phasellus vitae rutrum sem. Vivamus et mauris ac nisl congue congue eu eget elit. Nullam at quam velit. Pellentesque dictum, diam nec tempor aliquet, tortor justo fermentum sapien, at condimentum turpis elit vel sapien. Aenean rutrum tellus sodales tortor viverra eleifend.

Donec facilisis, diam efficitur maximus ultrices, enim lectus rutrum elit, eget malesuada mi justo dapibus enim. Maecenas finibus euismod nulla quis dignissim. Sed dictum ante rutrum turpis euismod laoreet. Sed placerat tellus leo. In ut lobortis lorem. Nullam vitae lectus egestas urna tincidunt aliquet. Ut sagittis vel enim eget malesuada. Cras in congue tortor. Interdum et malesuada fames ac ante ipsum primis in faucibus. Nunc tempus consequat neque, et eleifend nulla aliquam eu.",Author 327,7,nguoi-ban-hang-vi-ai-nhat-the-gioi,NXB 327,2025,251
https://cdn1.fahasa.com/media/catalog/product/8/9/8935251420425.jpg,Con Bò Tía (Tái Bản 2023),143500,18,9780085479963,"Lorem ipsum dolor sit amet, consectetur adipiscing elit. Nam congue vel tellus non luctus. Vestibulum vitae nunc lorem. Sed lacinia lectus vel augue imperdiet ultricies. Donec id venenatis ex, vitae pretium ligula. Sed nulla eros, dignissim at feugiat non, posuere sit amet urna. Ut eu porttitor tellus. Cras eu massa nulla. Morbi porta fermentum elit eu iaculis. Pellentesque hendrerit venenatis purus at feugiat. Pellentesque vitae feugiat purus. Donec mattis rhoncus lacinia. Sed quam diam, molestie id laoreet eu, lacinia ac turpis. Cras tincidunt lobortis elit quis aliquam. Proin et massa libero.

Aliquam id pharetra arcu. Vivamus vitae mattis ligula. Sed efficitur urna vitae scelerisque tempor. Proin purus magna, vulputate eu ligula a, vehicula malesuada enim. Curabitur aliquet rutrum enim et tincidunt. Vestibulum ante ipsum primis in faucibus orci luctus et ultrices posuere cubilia curae; Vivamus pharetra enim leo, nec molestie nibh consectetur quis. Class aptent taciti sociosqu ad litora torquent per conubia nostra, per inceptos himenaeos. Nunc quis maximus elit, vitae pulvinar urna. Integer at mi elit. Phasellus vitae rutrum sem. Vivamus et mauris ac nisl congue congue eu eget elit. Nullam at quam velit. Pellentesque dictum, diam nec tempor aliquet, tortor justo fermentum sapien, at condimentum turpis elit vel sapien. Aenean rutrum tellus sodales tortor viverra eleifend.

Donec facilisis, diam efficitur maximus ultrices, enim lectus rutrum elit, eget malesuada mi justo dapibus enim. Maecenas finibus euismod nulla quis dignissim. Sed dictum ante rutrum turpis euismod laoreet. Sed placerat tellus leo. In ut lobortis lorem. Nullam vitae lectus egestas urna tincidunt aliquet. Ut sagittis vel enim eget malesuada. Cras in congue tortor. Interdum et malesuada fames ac ante ipsum primis in faucibus. Nunc tempus consequat neque, et eleifend nulla aliquam eu.",Author 328,18,con-bo-tia-tai-ban-2023,NXB 328,2004,159
https://cdn1.fahasa.com/media/catalog/product/8/9/8936066695169.jpg,Branding 4.0 ( Tái Bản),200000,18,9780085479964,"Lorem ipsum dolor sit amet, consectetur adipiscing elit. Nam congue vel tellus non luctus. Vestibulum vitae nunc lorem. Sed lacinia lectus vel augue imperdiet ultricies. Donec id venenatis ex, vitae pretium ligula. Sed nulla eros, dignissim at feugiat non, posuere sit amet urna. Ut eu porttitor tellus. Cras eu massa nulla. Morbi porta fermentum elit eu iaculis. Pellentesque hendrerit venenatis purus at feugiat. Pellentesque vitae feugiat purus. Donec mattis rhoncus lacinia. Sed quam diam, molestie id laoreet eu, lacinia ac turpis. Cras tincidunt lobortis elit quis aliquam. Proin et massa libero.

Aliquam id pharetra arcu. Vivamus vitae mattis ligula. Sed efficitur urna vitae scelerisque tempor. Proin purus magna, vulputate eu ligula a, vehicula malesuada enim. Curabitur aliquet rutrum enim et tincidunt. Vestibulum ante ipsum primis in faucibus orci luctus et ultrices posuere cubilia curae; Vivamus pharetra enim leo, nec molestie nibh consectetur quis. Class aptent taciti sociosqu ad litora torquent per conubia nostra, per inceptos himenaeos. Nunc quis maximus elit, vitae pulvinar urna. Integer at mi elit. Phasellus vitae rutrum sem. Vivamus et mauris ac nisl congue congue eu eget elit. Nullam at quam velit. Pellentesque dictum, diam nec tempor aliquet, tortor justo fermentum sapien, at condimentum turpis elit vel sapien. Aenean rutrum tellus sodales tortor viverra eleifend.

Donec facilisis, diam efficitur maximus ultrices, enim lectus rutrum elit, eget malesuada mi justo dapibus enim. Maecenas finibus euismod nulla quis dignissim. Sed dictum ante rutrum turpis euismod laoreet. Sed placerat tellus leo. In ut lobortis lorem. Nullam vitae lectus egestas urna tincidunt aliquet. Ut sagittis vel enim eget malesuada. Cras in congue tortor. Interdum et malesuada fames ac ante ipsum primis in faucibus. Nunc tempus consequat neque, et eleifend nulla aliquam eu.",Author 329,8,branding-4-0-tai-ban,NXB 329,2005,184
https://cdn1.fahasa.com/media/catalog/product/i/m/image_195509_1_30545_1.jpg,Nuốt Cá Lớn - Eating The Big Fish (Tái Bản),299000,18,9780085479965,"Lorem ipsum dolor sit amet, consectetur adipiscing elit. Nam congue vel tellus non luctus. Vestibulum vitae nunc lorem. Sed lacinia lectus vel augue imperdiet ultricies. Donec id venenatis ex, vitae pretium ligula. Sed nulla eros, dignissim at feugiat non, posuere sit amet urna. Ut eu porttitor tellus. Cras eu massa nulla. Morbi porta fermentum elit eu iaculis. Pellentesque hendrerit venenatis purus at feugiat. Pellentesque vitae feugiat purus. Donec mattis rhoncus lacinia. Sed quam diam, molestie id laoreet eu, lacinia ac turpis. Cras tincidunt lobortis elit quis aliquam. Proin et massa libero.

Aliquam id pharetra arcu. Vivamus vitae mattis ligula. Sed efficitur urna vitae scelerisque tempor. Proin purus magna, vulputate eu ligula a, vehicula malesuada enim. Curabitur aliquet rutrum enim et tincidunt. Vestibulum ante ipsum primis in faucibus orci luctus et ultrices posuere cubilia curae; Vivamus pharetra enim leo, nec molestie nibh consectetur quis. Class aptent taciti sociosqu ad litora torquent per conubia nostra, per inceptos himenaeos. Nunc quis maximus elit, vitae pulvinar urna. Integer at mi elit. Phasellus vitae rutrum sem. Vivamus et mauris ac nisl congue congue eu eget elit. Nullam at quam velit. Pellentesque dictum, diam nec tempor aliquet, tortor justo fermentum sapien, at condimentum turpis elit vel sapien. Aenean rutrum tellus sodales tortor viverra eleifend.

Donec facilisis, diam efficitur maximus ultrices, enim lectus rutrum elit, eget malesuada mi justo dapibus enim. Maecenas finibus euismod nulla quis dignissim. Sed dictum ante rutrum turpis euismod laoreet. Sed placerat tellus leo. In ut lobortis lorem. Nullam vitae lectus egestas urna tincidunt aliquet. Ut sagittis vel enim eget malesuada. Cras in congue tortor. Interdum et malesuada fames ac ante ipsum primis in faucibus. Nunc tempus consequat neque, et eleifend nulla aliquam eu.",Author 330,4,nuot-ca-lon-eating-the-big-fish-tai-ban,NXB 330,2008,229
https://cdn1.fahasa.com/media/catalog/product/8/9/8936066695107.jpg,Giải Trí Đến Chết,143000,18,9780085479966,"Lorem ipsum dolor sit amet, consectetur adipiscing elit. Nam congue vel tellus non luctus. Vestibulum vitae nunc lorem. Sed lacinia lectus vel augue imperdiet ultricies. Donec id venenatis ex, vitae pretium ligula. Sed nulla eros, dignissim at feugiat non, posuere sit amet urna. Ut eu porttitor tellus. Cras eu massa nulla. Morbi porta fermentum elit eu iaculis. Pellentesque hendrerit venenatis purus at feugiat. Pellentesque vitae feugiat purus. Donec mattis rhoncus lacinia. Sed quam diam, molestie id laoreet eu, lacinia ac turpis. Cras tincidunt lobortis elit quis aliquam. Proin et massa libero.

Aliquam id pharetra arcu. Vivamus vitae mattis ligula. Sed efficitur urna vitae scelerisque tempor. Proin purus magna, vulputate eu ligula a, vehicula malesuada enim. Curabitur aliquet rutrum enim et tincidunt. Vestibulum ante ipsum primis in faucibus orci luctus et ultrices posuere cubilia curae; Vivamus pharetra enim leo, nec molestie nibh consectetur quis. Class aptent taciti sociosqu ad litora torquent per conubia nostra, per inceptos himenaeos. Nunc quis maximus elit, vitae pulvinar urna. Integer at mi elit. Phasellus vitae rutrum sem. Vivamus et mauris ac nisl congue congue eu eget elit. Nullam at quam velit. Pellentesque dictum, diam nec tempor aliquet, tortor justo fermentum sapien, at condimentum turpis elit vel sapien. Aenean rutrum tellus sodales tortor viverra eleifend.

Donec facilisis, diam efficitur maximus ultrices, enim lectus rutrum elit, eget malesuada mi justo dapibus enim. Maecenas finibus euismod nulla quis dignissim. Sed dictum ante rutrum turpis euismod laoreet. Sed placerat tellus leo. In ut lobortis lorem. Nullam vitae lectus egestas urna tincidunt aliquet. Ut sagittis vel enim eget malesuada. Cras in congue tortor. Interdum et malesuada fames ac ante ipsum primis in faucibus. Nunc tempus consequat neque, et eleifend nulla aliquam eu.",Author 331,3,giai-tri-en-chet,NXB 331,2011,292
https://cdn1.fahasa.com/media/catalog/product/8/9/8935086855317.jpg,Nghệ Thuật Bán Hàng Bậc Cao - Bí Quyết Chốt Deal Mọi Thời Đại (Khổ Lớn) (Tái Bản 2021),144540,18,9780085479967,"Lorem ipsum dolor sit amet, consectetur adipiscing elit. Nam congue vel tellus non luctus. Vestibulum vitae nunc lorem. Sed lacinia lectus vel augue imperdiet ultricies. Donec id venenatis ex, vitae pretium ligula. Sed nulla eros, dignissim at feugiat non, posuere sit amet urna. Ut eu porttitor tellus. Cras eu massa nulla. Morbi porta fermentum elit eu iaculis. Pellentesque hendrerit venenatis purus at feugiat. Pellentesque vitae feugiat purus. Donec mattis rhoncus lacinia. Sed quam diam, molestie id laoreet eu, lacinia ac turpis. Cras tincidunt lobortis elit quis aliquam. Proin et massa libero.

Aliquam id pharetra arcu. Vivamus vitae mattis ligula. Sed efficitur urna vitae scelerisque tempor. Proin purus magna, vulputate eu ligula a, vehicula malesuada enim. Curabitur aliquet rutrum enim et tincidunt. Vestibulum ante ipsum primis in faucibus orci luctus et ultrices posuere cubilia curae; Vivamus pharetra enim leo, nec molestie nibh consectetur quis. Class aptent taciti sociosqu ad litora torquent per conubia nostra, per inceptos himenaeos. Nunc quis maximus elit, vitae pulvinar urna. Integer at mi elit. Phasellus vitae rutrum sem. Vivamus et mauris ac nisl congue congue eu eget elit. Nullam at quam velit. Pellentesque dictum, diam nec tempor aliquet, tortor justo fermentum sapien, at condimentum turpis elit vel sapien. Aenean rutrum tellus sodales tortor viverra eleifend.

Donec facilisis, diam efficitur maximus ultrices, enim lectus rutrum elit, eget malesuada mi justo dapibus enim. Maecenas finibus euismod nulla quis dignissim. Sed dictum ante rutrum turpis euismod laoreet. Sed placerat tellus leo. In ut lobortis lorem. Nullam vitae lectus egestas urna tincidunt aliquet. Ut sagittis vel enim eget malesuada. Cras in congue tortor. Interdum et malesuada fames ac ante ipsum primis in faucibus. Nunc tempus consequat neque, et eleifend nulla aliquam eu.",Author 332,17,nghe-thuat-ban-hang-bac-cao-bi-quyet-chot-deal-moi-thoi-ai-kho-lon-tai-ban-2021,NXB 332,2017,273
https://cdn1.fahasa.com/media/catalog/product/8/9/8934974184300.jpg,Đam Mê Tìm Kiếm Khách Hàng Tiềm Năng: Mở Ra Đối Thoại Và Giành Được Thương Vụ,131500,18,9780085479968,"Lorem ipsum dolor sit amet, consectetur adipiscing elit. Nam congue vel tellus non luctus. Vestibulum vitae nunc lorem. Sed lacinia lectus vel augue imperdiet ultricies. Donec id venenatis ex, vitae pretium ligula. Sed nulla eros, dignissim at feugiat non, posuere sit amet urna. Ut eu porttitor tellus. Cras eu massa nulla. Morbi porta fermentum elit eu iaculis. Pellentesque hendrerit venenatis purus at feugiat. Pellentesque vitae feugiat purus. Donec mattis rhoncus lacinia. Sed quam diam, molestie id laoreet eu, lacinia ac turpis. Cras tincidunt lobortis elit quis aliquam. Proin et massa libero.

Aliquam id pharetra arcu. Vivamus vitae mattis ligula. Sed efficitur urna vitae scelerisque tempor. Proin purus magna, vulputate eu ligula a, vehicula malesuada enim. Curabitur aliquet rutrum enim et tincidunt. Vestibulum ante ipsum primis in faucibus orci luctus et ultrices posuere cubilia curae; Vivamus pharetra enim leo, nec molestie nibh consectetur quis. Class aptent taciti sociosqu ad litora torquent per conubia nostra, per inceptos himenaeos. Nunc quis maximus elit, vitae pulvinar urna. Integer at mi elit. Phasellus vitae rutrum sem. Vivamus et mauris ac nisl congue congue eu eget elit. Nullam at quam velit. Pellentesque dictum, diam nec tempor aliquet, tortor justo fermentum sapien, at condimentum turpis elit vel sapien. Aenean rutrum tellus sodales tortor viverra eleifend.

Donec facilisis, diam efficitur maximus ultrices, enim lectus rutrum elit, eget malesuada mi justo dapibus enim. Maecenas finibus euismod nulla quis dignissim. Sed dictum ante rutrum turpis euismod laoreet. Sed placerat tellus leo. In ut lobortis lorem. Nullam vitae lectus egestas urna tincidunt aliquet. Ut sagittis vel enim eget malesuada. Cras in congue tortor. Interdum et malesuada fames ac ante ipsum primis in faucibus. Nunc tempus consequat neque, et eleifend nulla aliquam eu.",Author 333,11,am-me-tim-kiem-khach-hang-tiem-nang-mo-ra-oi-thoai-va-gianh-uoc-thuong-vu,NXB 333,2025,131
https://cdn1.fahasa.com/media/catalog/product/9/7/9786043460278_1_1.jpg,Hiệu Ứng Chim Mồi - Tập 3 (Tái Bản 2024),93500,18,9780085479969,"Lorem ipsum dolor sit amet, consectetur adipiscing elit. Nam congue vel tellus non luctus. Vestibulum vitae nunc lorem. Sed lacinia lectus vel augue imperdiet ultricies. Donec id venenatis ex, vitae pretium ligula. Sed nulla eros, dignissim at feugiat non, posuere sit amet urna. Ut eu porttitor tellus. Cras eu massa nulla. Morbi porta fermentum elit eu iaculis. Pellentesque hendrerit venenatis purus at feugiat. Pellentesque vitae feugiat purus. Donec mattis rhoncus lacinia. Sed quam diam, molestie id laoreet eu, lacinia ac turpis. Cras tincidunt lobortis elit quis aliquam. Proin et massa libero.

Aliquam id pharetra arcu. Vivamus vitae mattis ligula. Sed efficitur urna vitae scelerisque tempor. Proin purus magna, vulputate eu ligula a, vehicula malesuada enim. Curabitur aliquet rutrum enim et tincidunt. Vestibulum ante ipsum primis in faucibus orci luctus et ultrices posuere cubilia curae; Vivamus pharetra enim leo, nec molestie nibh consectetur quis. Class aptent taciti sociosqu ad litora torquent per conubia nostra, per inceptos himenaeos. Nunc quis maximus elit, vitae pulvinar urna. Integer at mi elit. Phasellus vitae rutrum sem. Vivamus et mauris ac nisl congue congue eu eget elit. Nullam at quam velit. Pellentesque dictum, diam nec tempor aliquet, tortor justo fermentum sapien, at condimentum turpis elit vel sapien. Aenean rutrum tellus sodales tortor viverra eleifend.

Donec facilisis, diam efficitur maximus ultrices, enim lectus rutrum elit, eget malesuada mi justo dapibus enim. Maecenas finibus euismod nulla quis dignissim. Sed dictum ante rutrum turpis euismod laoreet. Sed placerat tellus leo. In ut lobortis lorem. Nullam vitae lectus egestas urna tincidunt aliquet. Ut sagittis vel enim eget malesuada. Cras in congue tortor. Interdum et malesuada fames ac ante ipsum primis in faucibus. Nunc tempus consequat neque, et eleifend nulla aliquam eu.",Author 334,18,hieu-ung-chim-moi-tap-3-tai-ban-2024,NXB 334,2008,239
https://cdn1.fahasa.com/media/catalog/product/9/7/9786048459772.jpg,Khởi Nghiệp Kinh Doanh Online - Bán Hàng Hiệu Quả Trên Facebook,149000,18,9780085479970,"Lorem ipsum dolor sit amet, consectetur adipiscing elit. Nam congue vel tellus non luctus. Vestibulum vitae nunc lorem. Sed lacinia lectus vel augue imperdiet ultricies. Donec id venenatis ex, vitae pretium ligula. Sed nulla eros, dignissim at feugiat non, posuere sit amet urna. Ut eu porttitor tellus. Cras eu massa nulla. Morbi porta fermentum elit eu iaculis. Pellentesque hendrerit venenatis purus at feugiat. Pellentesque vitae feugiat purus. Donec mattis rhoncus lacinia. Sed quam diam, molestie id laoreet eu, lacinia ac turpis. Cras tincidunt lobortis elit quis aliquam. Proin et massa libero.

Aliquam id pharetra arcu. Vivamus vitae mattis ligula. Sed efficitur urna vitae scelerisque tempor. Proin purus magna, vulputate eu ligula a, vehicula malesuada enim. Curabitur aliquet rutrum enim et tincidunt. Vestibulum ante ipsum primis in faucibus orci luctus et ultrices posuere cubilia curae; Vivamus pharetra enim leo, nec molestie nibh consectetur quis. Class aptent taciti sociosqu ad litora torquent per conubia nostra, per inceptos himenaeos. Nunc quis maximus elit, vitae pulvinar urna. Integer at mi elit. Phasellus vitae rutrum sem. Vivamus et mauris ac nisl congue congue eu eget elit. Nullam at quam velit. Pellentesque dictum, diam nec tempor aliquet, tortor justo fermentum sapien, at condimentum turpis elit vel sapien. Aenean rutrum tellus sodales tortor viverra eleifend.

Donec facilisis, diam efficitur maximus ultrices, enim lectus rutrum elit, eget malesuada mi justo dapibus enim. Maecenas finibus euismod nulla quis dignissim. Sed dictum ante rutrum turpis euismod laoreet. Sed placerat tellus leo. In ut lobortis lorem. Nullam vitae lectus egestas urna tincidunt aliquet. Ut sagittis vel enim eget malesuada. Cras in congue tortor. Interdum et malesuada fames ac ante ipsum primis in faucibus. Nunc tempus consequat neque, et eleifend nulla aliquam eu.",Author 335,11,khoi-nghiep-kinh-doanh-online-ban-hang-hieu-qua-tren-facebook,NXB 335,2023,245
https://cdn1.fahasa.com/media/catalog/product/t/u/tuduy_phuongphapbanhangdotpha_bia1.jpg,Tư Duy Và Phương Pháp Bán Hàng Đột Phá - Strikingly Different Selling,160000,18,9780085479971,"Lorem ipsum dolor sit amet, consectetur adipiscing elit. Nam congue vel tellus non luctus. Vestibulum vitae nunc lorem. Sed lacinia lectus vel augue imperdiet ultricies. Donec id venenatis ex, vitae pretium ligula. Sed nulla eros, dignissim at feugiat non, posuere sit amet urna. Ut eu porttitor tellus. Cras eu massa nulla. Morbi porta fermentum elit eu iaculis. Pellentesque hendrerit venenatis purus at feugiat. Pellentesque vitae feugiat purus. Donec mattis rhoncus lacinia. Sed quam diam, molestie id laoreet eu, lacinia ac turpis. Cras tincidunt lobortis elit quis aliquam. Proin et massa libero.

Aliquam id pharetra arcu. Vivamus vitae mattis ligula. Sed efficitur urna vitae scelerisque tempor. Proin purus magna, vulputate eu ligula a, vehicula malesuada enim. Curabitur aliquet rutrum enim et tincidunt. Vestibulum ante ipsum primis in faucibus orci luctus et ultrices posuere cubilia curae; Vivamus pharetra enim leo, nec molestie nibh consectetur quis. Class aptent taciti sociosqu ad litora torquent per conubia nostra, per inceptos himenaeos. Nunc quis maximus elit, vitae pulvinar urna. Integer at mi elit. Phasellus vitae rutrum sem. Vivamus et mauris ac nisl congue congue eu eget elit. Nullam at quam velit. Pellentesque dictum, diam nec tempor aliquet, tortor justo fermentum sapien, at condimentum turpis elit vel sapien. Aenean rutrum tellus sodales tortor viverra eleifend.

Donec facilisis, diam efficitur maximus ultrices, enim lectus rutrum elit, eget malesuada mi justo dapibus enim. Maecenas finibus euismod nulla quis dignissim. Sed dictum ante rutrum turpis euismod laoreet. Sed placerat tellus leo. In ut lobortis lorem. Nullam vitae lectus egestas urna tincidunt aliquet. Ut sagittis vel enim eget malesuada. Cras in congue tortor. Interdum et malesuada fames ac ante ipsum primis in faucibus. Nunc tempus consequat neque, et eleifend nulla aliquam eu.",Author 336,9,tu-duy-va-phuong-phap-ban-hang-ot-pha-strikingly-different-selling,NXB 336,2008,117
https://cdn1.fahasa.com/media/catalog/product/9/7/9786043926958.jpg,Nhân Chuỗi Cửa Hàng - 9 Bước Đóng Gói Và Xây Dựng Hệ Thống Chuỗi Tinh Gọn Theo Công Thức Cộng Trừ Nhân Chia,149000,18,9780085479972,"Lorem ipsum dolor sit amet, consectetur adipiscing elit. Nam congue vel tellus non luctus. Vestibulum vitae nunc lorem. Sed lacinia lectus vel augue imperdiet ultricies. Donec id venenatis ex, vitae pretium ligula. Sed nulla eros, dignissim at feugiat non, posuere sit amet urna. Ut eu porttitor tellus. Cras eu massa nulla. Morbi porta fermentum elit eu iaculis. Pellentesque hendrerit venenatis purus at feugiat. Pellentesque vitae feugiat purus. Donec mattis rhoncus lacinia. Sed quam diam, molestie id laoreet eu, lacinia ac turpis. Cras tincidunt lobortis elit quis aliquam. Proin et massa libero.

Aliquam id pharetra arcu. Vivamus vitae mattis ligula. Sed efficitur urna vitae scelerisque tempor. Proin purus magna, vulputate eu ligula a, vehicula malesuada enim. Curabitur aliquet rutrum enim et tincidunt. Vestibulum ante ipsum primis in faucibus orci luctus et ultrices posuere cubilia curae; Vivamus pharetra enim leo, nec molestie nibh consectetur quis. Class aptent taciti sociosqu ad litora torquent per conubia nostra, per inceptos himenaeos. Nunc quis maximus elit, vitae pulvinar urna. Integer at mi elit. Phasellus vitae rutrum sem. Vivamus et mauris ac nisl congue congue eu eget elit. Nullam at quam velit. Pellentesque dictum, diam nec tempor aliquet, tortor justo fermentum sapien, at condimentum turpis elit vel sapien. Aenean rutrum tellus sodales tortor viverra eleifend.

Donec facilisis, diam efficitur maximus ultrices, enim lectus rutrum elit, eget malesuada mi justo dapibus enim. Maecenas finibus euismod nulla quis dignissim. Sed dictum ante rutrum turpis euismod laoreet. Sed placerat tellus leo. In ut lobortis lorem. Nullam vitae lectus egestas urna tincidunt aliquet. Ut sagittis vel enim eget malesuada. Cras in congue tortor. Interdum et malesuada fames ac ante ipsum primis in faucibus. Nunc tempus consequat neque, et eleifend nulla aliquam eu.",Author 337,13,nhan-chuoi-cua-hang-9-buoc-ong-goi-va-xay-dung-he-thong-chuoi-tinh-gon-theo-cong-thuc-cong-tru-nhan-chia,NXB 337,2020,78
https://cdn1.fahasa.com/media/catalog/product/i/m/image_222251.jpg,22 Quy Luật Bất Biến Trong Marketing - The 22 Immutable Laws Of Marketing (Tái Bản 2021),56940,18,9780085479973,"Lorem ipsum dolor sit amet, consectetur adipiscing elit. Nam congue vel tellus non luctus. Vestibulum vitae nunc lorem. Sed lacinia lectus vel augue imperdiet ultricies. Donec id venenatis ex, vitae pretium ligula. Sed nulla eros, dignissim at feugiat non, posuere sit amet urna. Ut eu porttitor tellus. Cras eu massa nulla. Morbi porta fermentum elit eu iaculis. Pellentesque hendrerit venenatis purus at feugiat. Pellentesque vitae feugiat purus. Donec mattis rhoncus lacinia. Sed quam diam, molestie id laoreet eu, lacinia ac turpis. Cras tincidunt lobortis elit quis aliquam. Proin et massa libero.

Aliquam id pharetra arcu. Vivamus vitae mattis ligula. Sed efficitur urna vitae scelerisque tempor. Proin purus magna, vulputate eu ligula a, vehicula malesuada enim. Curabitur aliquet rutrum enim et tincidunt. Vestibulum ante ipsum primis in faucibus orci luctus et ultrices posuere cubilia curae; Vivamus pharetra enim leo, nec molestie nibh consectetur quis. Class aptent taciti sociosqu ad litora torquent per conubia nostra, per inceptos himenaeos. Nunc quis maximus elit, vitae pulvinar urna. Integer at mi elit. Phasellus vitae rutrum sem. Vivamus et mauris ac nisl congue congue eu eget elit. Nullam at quam velit. Pellentesque dictum, diam nec tempor aliquet, tortor justo fermentum sapien, at condimentum turpis elit vel sapien. Aenean rutrum tellus sodales tortor viverra eleifend.

Donec facilisis, diam efficitur maximus ultrices, enim lectus rutrum elit, eget malesuada mi justo dapibus enim. Maecenas finibus euismod nulla quis dignissim. Sed dictum ante rutrum turpis euismod laoreet. Sed placerat tellus leo. In ut lobortis lorem. Nullam vitae lectus egestas urna tincidunt aliquet. Ut sagittis vel enim eget malesuada. Cras in congue tortor. Interdum et malesuada fames ac ante ipsum primis in faucibus. Nunc tempus consequat neque, et eleifend nulla aliquam eu.",Author 338,9,22-quy-luat-bat-bien-trong-marketing-the-22-immutable-laws-of-marketing-tai-ban-2021,NXB 338,2018,195
https://cdn1.fahasa.com/media/catalog/product/2/0/2021_04_05_11_47_14_1.jpg,"Rio Book No.1 - Xấu Thế Nào, Đẹp Ra Sao (Tái Bản 2021)",148500,18,9780085479974,"Lorem ipsum dolor sit amet, consectetur adipiscing elit. Nam congue vel tellus non luctus. Vestibulum vitae nunc lorem. Sed lacinia lectus vel augue imperdiet ultricies. Donec id venenatis ex, vitae pretium ligula. Sed nulla eros, dignissim at feugiat non, posuere sit amet urna. Ut eu porttitor tellus. Cras eu massa nulla. Morbi porta fermentum elit eu iaculis. Pellentesque hendrerit venenatis purus at feugiat. Pellentesque vitae feugiat purus. Donec mattis rhoncus lacinia. Sed quam diam, molestie id laoreet eu, lacinia ac turpis. Cras tincidunt lobortis elit quis aliquam. Proin et massa libero.

Aliquam id pharetra arcu. Vivamus vitae mattis ligula. Sed efficitur urna vitae scelerisque tempor. Proin purus magna, vulputate eu ligula a, vehicula malesuada enim. Curabitur aliquet rutrum enim et tincidunt. Vestibulum ante ipsum primis in faucibus orci luctus et ultrices posuere cubilia curae; Vivamus pharetra enim leo, nec molestie nibh consectetur quis. Class aptent taciti sociosqu ad litora torquent per conubia nostra, per inceptos himenaeos. Nunc quis maximus elit, vitae pulvinar urna. Integer at mi elit. Phasellus vitae rutrum sem. Vivamus et mauris ac nisl congue congue eu eget elit. Nullam at quam velit. Pellentesque dictum, diam nec tempor aliquet, tortor justo fermentum sapien, at condimentum turpis elit vel sapien. Aenean rutrum tellus sodales tortor viverra eleifend.

Donec facilisis, diam efficitur maximus ultrices, enim lectus rutrum elit, eget malesuada mi justo dapibus enim. Maecenas finibus euismod nulla quis dignissim. Sed dictum ante rutrum turpis euismod laoreet. Sed placerat tellus leo. In ut lobortis lorem. Nullam vitae lectus egestas urna tincidunt aliquet. Ut sagittis vel enim eget malesuada. Cras in congue tortor. Interdum et malesuada fames ac ante ipsum primis in faucibus. Nunc tempus consequat neque, et eleifend nulla aliquam eu.",Author 339,5,rio-book-no-1-xau-the-nao-ep-ra-sao-tai-ban-2021,NXB 339,2000,241
https://cdn1.fahasa.com/media/catalog/product/8/9/8935235247314.jpg,Cách Tạo Video Triệu View,227500,18,9780085479975,"Lorem ipsum dolor sit amet, consectetur adipiscing elit. Nam congue vel tellus non luctus. Vestibulum vitae nunc lorem. Sed lacinia lectus vel augue imperdiet ultricies. Donec id venenatis ex, vitae pretium ligula. Sed nulla eros, dignissim at feugiat non, posuere sit amet urna. Ut eu porttitor tellus. Cras eu massa nulla. Morbi porta fermentum elit eu iaculis. Pellentesque hendrerit venenatis purus at feugiat. Pellentesque vitae feugiat purus. Donec mattis rhoncus lacinia. Sed quam diam, molestie id laoreet eu, lacinia ac turpis. Cras tincidunt lobortis elit quis aliquam. Proin et massa libero.

Aliquam id pharetra arcu. Vivamus vitae mattis ligula. Sed efficitur urna vitae scelerisque tempor. Proin purus magna, vulputate eu ligula a, vehicula malesuada enim. Curabitur aliquet rutrum enim et tincidunt. Vestibulum ante ipsum primis in faucibus orci luctus et ultrices posuere cubilia curae; Vivamus pharetra enim leo, nec molestie nibh consectetur quis. Class aptent taciti sociosqu ad litora torquent per conubia nostra, per inceptos himenaeos. Nunc quis maximus elit, vitae pulvinar urna. Integer at mi elit. Phasellus vitae rutrum sem. Vivamus et mauris ac nisl congue congue eu eget elit. Nullam at quam velit. Pellentesque dictum, diam nec tempor aliquet, tortor justo fermentum sapien, at condimentum turpis elit vel sapien. Aenean rutrum tellus sodales tortor viverra eleifend.

Donec facilisis, diam efficitur maximus ultrices, enim lectus rutrum elit, eget malesuada mi justo dapibus enim. Maecenas finibus euismod nulla quis dignissim. Sed dictum ante rutrum turpis euismod laoreet. Sed placerat tellus leo. In ut lobortis lorem. Nullam vitae lectus egestas urna tincidunt aliquet. Ut sagittis vel enim eget malesuada. Cras in congue tortor. Interdum et malesuada fames ac ante ipsum primis in faucibus. Nunc tempus consequat neque, et eleifend nulla aliquam eu.",Author 340,5,cach-tao-video-trieu-view,NXB 340,2003,163
https://cdn1.fahasa.com/media/catalog/product/t/h/thao-tung-tam-ly-trong-mkt-bia-1.jpg,Thao Túng Tâm Lý Trong Marketing,156000,18,9780085479976,"Lorem ipsum dolor sit amet, consectetur adipiscing elit. Nam congue vel tellus non luctus. Vestibulum vitae nunc lorem. Sed lacinia lectus vel augue imperdiet ultricies. Donec id venenatis ex, vitae pretium ligula. Sed nulla eros, dignissim at feugiat non, posuere sit amet urna. Ut eu porttitor tellus. Cras eu massa nulla. Morbi porta fermentum elit eu iaculis. Pellentesque hendrerit venenatis purus at feugiat. Pellentesque vitae feugiat purus. Donec mattis rhoncus lacinia. Sed quam diam, molestie id laoreet eu, lacinia ac turpis. Cras tincidunt lobortis elit quis aliquam. Proin et massa libero.

Aliquam id pharetra arcu. Vivamus vitae mattis ligula. Sed efficitur urna vitae scelerisque tempor. Proin purus magna, vulputate eu ligula a, vehicula malesuada enim. Curabitur aliquet rutrum enim et tincidunt. Vestibulum ante ipsum primis in faucibus orci luctus et ultrices posuere cubilia curae; Vivamus pharetra enim leo, nec molestie nibh consectetur quis. Class aptent taciti sociosqu ad litora torquent per conubia nostra, per inceptos himenaeos. Nunc quis maximus elit, vitae pulvinar urna. Integer at mi elit. Phasellus vitae rutrum sem. Vivamus et mauris ac nisl congue congue eu eget elit. Nullam at quam velit. Pellentesque dictum, diam nec tempor aliquet, tortor justo fermentum sapien, at condimentum turpis elit vel sapien. Aenean rutrum tellus sodales tortor viverra eleifend.

Donec facilisis, diam efficitur maximus ultrices, enim lectus rutrum elit, eget malesuada mi justo dapibus enim. Maecenas finibus euismod nulla quis dignissim. Sed dictum ante rutrum turpis euismod laoreet. Sed placerat tellus leo. In ut lobortis lorem. Nullam vitae lectus egestas urna tincidunt aliquet. Ut sagittis vel enim eget malesuada. Cras in congue tortor. Interdum et malesuada fames ac ante ipsum primis in faucibus. Nunc tempus consequat neque, et eleifend nulla aliquam eu.",Author 341,11,thao-tung-tam-ly-trong-marketing,NXB 341,2013,293
https://cdn1.fahasa.com/media/catalog/product/b/_/b_a-1_5_34.jpg,Chiến Lược Marketing Thực Chiến,135000,18,9780085479977,"Lorem ipsum dolor sit amet, consectetur adipiscing elit. Nam congue vel tellus non luctus. Vestibulum vitae nunc lorem. Sed lacinia lectus vel augue imperdiet ultricies. Donec id venenatis ex, vitae pretium ligula. Sed nulla eros, dignissim at feugiat non, posuere sit amet urna. Ut eu porttitor tellus. Cras eu massa nulla. Morbi porta fermentum elit eu iaculis. Pellentesque hendrerit venenatis purus at feugiat. Pellentesque vitae feugiat purus. Donec mattis rhoncus lacinia. Sed quam diam, molestie id laoreet eu, lacinia ac turpis. Cras tincidunt lobortis elit quis aliquam. Proin et massa libero.

Aliquam id pharetra arcu. Vivamus vitae mattis ligula. Sed efficitur urna vitae scelerisque tempor. Proin purus magna, vulputate eu ligula a, vehicula malesuada enim. Curabitur aliquet rutrum enim et tincidunt. Vestibulum ante ipsum primis in faucibus orci luctus et ultrices posuere cubilia curae; Vivamus pharetra enim leo, nec molestie nibh consectetur quis. Class aptent taciti sociosqu ad litora torquent per conubia nostra, per inceptos himenaeos. Nunc quis maximus elit, vitae pulvinar urna. Integer at mi elit. Phasellus vitae rutrum sem. Vivamus et mauris ac nisl congue congue eu eget elit. Nullam at quam velit. Pellentesque dictum, diam nec tempor aliquet, tortor justo fermentum sapien, at condimentum turpis elit vel sapien. Aenean rutrum tellus sodales tortor viverra eleifend.

Donec facilisis, diam efficitur maximus ultrices, enim lectus rutrum elit, eget malesuada mi justo dapibus enim. Maecenas finibus euismod nulla quis dignissim. Sed dictum ante rutrum turpis euismod laoreet. Sed placerat tellus leo. In ut lobortis lorem. Nullam vitae lectus egestas urna tincidunt aliquet. Ut sagittis vel enim eget malesuada. Cras in congue tortor. Interdum et malesuada fames ac ante ipsum primis in faucibus. Nunc tempus consequat neque, et eleifend nulla aliquam eu.",Author 342,3,chien-luoc-marketing-thuc-chien,NXB 342,2014,97
https://cdn1.fahasa.com/media/catalog/product/t/h/thao-t_ng-h_nh-vi-trong-b_n-h_ng-b_a-1.jpg,Thao Túng Hành Vi Trong Bán Hàng,143000,18,9780085479978,"Lorem ipsum dolor sit amet, consectetur adipiscing elit. Nam congue vel tellus non luctus. Vestibulum vitae nunc lorem. Sed lacinia lectus vel augue imperdiet ultricies. Donec id venenatis ex, vitae pretium ligula. Sed nulla eros, dignissim at feugiat non, posuere sit amet urna. Ut eu porttitor tellus. Cras eu massa nulla. Morbi porta fermentum elit eu iaculis. Pellentesque hendrerit venenatis purus at feugiat. Pellentesque vitae feugiat purus. Donec mattis rhoncus lacinia. Sed quam diam, molestie id laoreet eu, lacinia ac turpis. Cras tincidunt lobortis elit quis aliquam. Proin et massa libero.

Aliquam id pharetra arcu. Vivamus vitae mattis ligula. Sed efficitur urna vitae scelerisque tempor. Proin purus magna, vulputate eu ligula a, vehicula malesuada enim. Curabitur aliquet rutrum enim et tincidunt. Vestibulum ante ipsum primis in faucibus orci luctus et ultrices posuere cubilia curae; Vivamus pharetra enim leo, nec molestie nibh consectetur quis. Class aptent taciti sociosqu ad litora torquent per conubia nostra, per inceptos himenaeos. Nunc quis maximus elit, vitae pulvinar urna. Integer at mi elit. Phasellus vitae rutrum sem. Vivamus et mauris ac nisl congue congue eu eget elit. Nullam at quam velit. Pellentesque dictum, diam nec tempor aliquet, tortor justo fermentum sapien, at condimentum turpis elit vel sapien. Aenean rutrum tellus sodales tortor viverra eleifend.

Donec facilisis, diam efficitur maximus ultrices, enim lectus rutrum elit, eget malesuada mi justo dapibus enim. Maecenas finibus euismod nulla quis dignissim. Sed dictum ante rutrum turpis euismod laoreet. Sed placerat tellus leo. In ut lobortis lorem. Nullam vitae lectus egestas urna tincidunt aliquet. Ut sagittis vel enim eget malesuada. Cras in congue tortor. Interdum et malesuada fames ac ante ipsum primis in faucibus. Nunc tempus consequat neque, et eleifend nulla aliquam eu.",Author 343,13,thao-tung-hanh-vi-trong-ban-hang,NXB 343,2005,168
https://cdn1.fahasa.com/media/catalog/product/8/9/8934974203445.jpg,10 Chiến Lược Định Vị Thương Hiệu Cá Nhân Trong Thời Đại Số,119000,18,9780085479979,"Lorem ipsum dolor sit amet, consectetur adipiscing elit. Nam congue vel tellus non luctus. Vestibulum vitae nunc lorem. Sed lacinia lectus vel augue imperdiet ultricies. Donec id venenatis ex, vitae pretium ligula. Sed nulla eros, dignissim at feugiat non, posuere sit amet urna. Ut eu porttitor tellus. Cras eu massa nulla. Morbi porta fermentum elit eu iaculis. Pellentesque hendrerit venenatis purus at feugiat. Pellentesque vitae feugiat purus. Donec mattis rhoncus lacinia. Sed quam diam, molestie id laoreet eu, lacinia ac turpis. Cras tincidunt lobortis elit quis aliquam. Proin et massa libero.

Aliquam id pharetra arcu. Vivamus vitae mattis ligula. Sed efficitur urna vitae scelerisque tempor. Proin purus magna, vulputate eu ligula a, vehicula malesuada enim. Curabitur aliquet rutrum enim et tincidunt. Vestibulum ante ipsum primis in faucibus orci luctus et ultrices posuere cubilia curae; Vivamus pharetra enim leo, nec molestie nibh consectetur quis. Class aptent taciti sociosqu ad litora torquent per conubia nostra, per inceptos himenaeos. Nunc quis maximus elit, vitae pulvinar urna. Integer at mi elit. Phasellus vitae rutrum sem. Vivamus et mauris ac nisl congue congue eu eget elit. Nullam at quam velit. Pellentesque dictum, diam nec tempor aliquet, tortor justo fermentum sapien, at condimentum turpis elit vel sapien. Aenean rutrum tellus sodales tortor viverra eleifend.

Donec facilisis, diam efficitur maximus ultrices, enim lectus rutrum elit, eget malesuada mi justo dapibus enim. Maecenas finibus euismod nulla quis dignissim. Sed dictum ante rutrum turpis euismod laoreet. Sed placerat tellus leo. In ut lobortis lorem. Nullam vitae lectus egestas urna tincidunt aliquet. Ut sagittis vel enim eget malesuada. Cras in congue tortor. Interdum et malesuada fames ac ante ipsum primis in faucibus. Nunc tempus consequat neque, et eleifend nulla aliquam eu.",Author 344,13,10-chien-luoc-inh-vi-thuong-hieu-ca-nhan-trong-thoi-ai-so,NXB 344,2021,238
https://cdn1.fahasa.com/media/catalog/product/e/v/event-planning-b_a-1.jpg,Event Planning - Tổ Chức Sự Kiện Nâng Tầm Thương Hiệu,135000,18,9780085479980,"Lorem ipsum dolor sit amet, consectetur adipiscing elit. Nam congue vel tellus non luctus. Vestibulum vitae nunc lorem. Sed lacinia lectus vel augue imperdiet ultricies. Donec id venenatis ex, vitae pretium ligula. Sed nulla eros, dignissim at feugiat non, posuere sit amet urna. Ut eu porttitor tellus. Cras eu massa nulla. Morbi porta fermentum elit eu iaculis. Pellentesque hendrerit venenatis purus at feugiat. Pellentesque vitae feugiat purus. Donec mattis rhoncus lacinia. Sed quam diam, molestie id laoreet eu, lacinia ac turpis. Cras tincidunt lobortis elit quis aliquam. Proin et massa libero.

Aliquam id pharetra arcu. Vivamus vitae mattis ligula. Sed efficitur urna vitae scelerisque tempor. Proin purus magna, vulputate eu ligula a, vehicula malesuada enim. Curabitur aliquet rutrum enim et tincidunt. Vestibulum ante ipsum primis in faucibus orci luctus et ultrices posuere cubilia curae; Vivamus pharetra enim leo, nec molestie nibh consectetur quis. Class aptent taciti sociosqu ad litora torquent per conubia nostra, per inceptos himenaeos. Nunc quis maximus elit, vitae pulvinar urna. Integer at mi elit. Phasellus vitae rutrum sem. Vivamus et mauris ac nisl congue congue eu eget elit. Nullam at quam velit. Pellentesque dictum, diam nec tempor aliquet, tortor justo fermentum sapien, at condimentum turpis elit vel sapien. Aenean rutrum tellus sodales tortor viverra eleifend.

Donec facilisis, diam efficitur maximus ultrices, enim lectus rutrum elit, eget malesuada mi justo dapibus enim. Maecenas finibus euismod nulla quis dignissim. Sed dictum ante rutrum turpis euismod laoreet. Sed placerat tellus leo. In ut lobortis lorem. Nullam vitae lectus egestas urna tincidunt aliquet. Ut sagittis vel enim eget malesuada. Cras in congue tortor. Interdum et malesuada fames ac ante ipsum primis in faucibus. Nunc tempus consequat neque, et eleifend nulla aliquam eu.",Author 345,5,event-planning-to-chuc-su-kien-nang-tam-thuong-hieu,NXB 345,2015,161
https://cdn1.fahasa.com/media/catalog/product/k/i/kichhoattainangbanhang1.u2469.d20161117.t155504.616435.jpg,Kích Hoạt Tài Năng Bán Hàng (Tái Bản 2019),71540,18,9780085479981,"Lorem ipsum dolor sit amet, consectetur adipiscing elit. Nam congue vel tellus non luctus. Vestibulum vitae nunc lorem. Sed lacinia lectus vel augue imperdiet ultricies. Donec id venenatis ex, vitae pretium ligula. Sed nulla eros, dignissim at feugiat non, posuere sit amet urna. Ut eu porttitor tellus. Cras eu massa nulla. Morbi porta fermentum elit eu iaculis. Pellentesque hendrerit venenatis purus at feugiat. Pellentesque vitae feugiat purus. Donec mattis rhoncus lacinia. Sed quam diam, molestie id laoreet eu, lacinia ac turpis. Cras tincidunt lobortis elit quis aliquam. Proin et massa libero.

Aliquam id pharetra arcu. Vivamus vitae mattis ligula. Sed efficitur urna vitae scelerisque tempor. Proin purus magna, vulputate eu ligula a, vehicula malesuada enim. Curabitur aliquet rutrum enim et tincidunt. Vestibulum ante ipsum primis in faucibus orci luctus et ultrices posuere cubilia curae; Vivamus pharetra enim leo, nec molestie nibh consectetur quis. Class aptent taciti sociosqu ad litora torquent per conubia nostra, per inceptos himenaeos. Nunc quis maximus elit, vitae pulvinar urna. Integer at mi elit. Phasellus vitae rutrum sem. Vivamus et mauris ac nisl congue congue eu eget elit. Nullam at quam velit. Pellentesque dictum, diam nec tempor aliquet, tortor justo fermentum sapien, at condimentum turpis elit vel sapien. Aenean rutrum tellus sodales tortor viverra eleifend.

Donec facilisis, diam efficitur maximus ultrices, enim lectus rutrum elit, eget malesuada mi justo dapibus enim. Maecenas finibus euismod nulla quis dignissim. Sed dictum ante rutrum turpis euismod laoreet. Sed placerat tellus leo. In ut lobortis lorem. Nullam vitae lectus egestas urna tincidunt aliquet. Ut sagittis vel enim eget malesuada. Cras in congue tortor. Interdum et malesuada fames ac ante ipsum primis in faucibus. Nunc tempus consequat neque, et eleifend nulla aliquam eu.",Author 346,8,kich-hoat-tai-nang-ban-hang-tai-ban-2019,NXB 346,2015,187
https://cdn1.fahasa.com/media/catalog/product/i/m/image_232602.jpg,Contact Marketing - Nghệ Thuật Chinh Phục Khách Hàng,90000,18,9780085479982,"Lorem ipsum dolor sit amet, consectetur adipiscing elit. Nam congue vel tellus non luctus. Vestibulum vitae nunc lorem. Sed lacinia lectus vel augue imperdiet ultricies. Donec id venenatis ex, vitae pretium ligula. Sed nulla eros, dignissim at feugiat non, posuere sit amet urna. Ut eu porttitor tellus. Cras eu massa nulla. Morbi porta fermentum elit eu iaculis. Pellentesque hendrerit venenatis purus at feugiat. Pellentesque vitae feugiat purus. Donec mattis rhoncus lacinia. Sed quam diam, molestie id laoreet eu, lacinia ac turpis. Cras tincidunt lobortis elit quis aliquam. Proin et massa libero.

Aliquam id pharetra arcu. Vivamus vitae mattis ligula. Sed efficitur urna vitae scelerisque tempor. Proin purus magna, vulputate eu ligula a, vehicula malesuada enim. Curabitur aliquet rutrum enim et tincidunt. Vestibulum ante ipsum primis in faucibus orci luctus et ultrices posuere cubilia curae; Vivamus pharetra enim leo, nec molestie nibh consectetur quis. Class aptent taciti sociosqu ad litora torquent per conubia nostra, per inceptos himenaeos. Nunc quis maximus elit, vitae pulvinar urna. Integer at mi elit. Phasellus vitae rutrum sem. Vivamus et mauris ac nisl congue congue eu eget elit. Nullam at quam velit. Pellentesque dictum, diam nec tempor aliquet, tortor justo fermentum sapien, at condimentum turpis elit vel sapien. Aenean rutrum tellus sodales tortor viverra eleifend.

Donec facilisis, diam efficitur maximus ultrices, enim lectus rutrum elit, eget malesuada mi justo dapibus enim. Maecenas finibus euismod nulla quis dignissim. Sed dictum ante rutrum turpis euismod laoreet. Sed placerat tellus leo. In ut lobortis lorem. Nullam vitae lectus egestas urna tincidunt aliquet. Ut sagittis vel enim eget malesuada. Cras in congue tortor. Interdum et malesuada fames ac ante ipsum primis in faucibus. Nunc tempus consequat neque, et eleifend nulla aliquam eu.",Author 347,20,contact-marketing-nghe-thuat-chinh-phuc-khach-hang,NXB 347,2024,174
https://cdn1.fahasa.com/media/catalog/product/9/7/9786326042788.jpg,Công Thức Bán Hàng Bất Bại,70000,18,9780085479983,"Lorem ipsum dolor sit amet, consectetur adipiscing elit. Nam congue vel tellus non luctus. Vestibulum vitae nunc lorem. Sed lacinia lectus vel augue imperdiet ultricies. Donec id venenatis ex, vitae pretium ligula. Sed nulla eros, dignissim at feugiat non, posuere sit amet urna. Ut eu porttitor tellus. Cras eu massa nulla. Morbi porta fermentum elit eu iaculis. Pellentesque hendrerit venenatis purus at feugiat. Pellentesque vitae feugiat purus. Donec mattis rhoncus lacinia. Sed quam diam, molestie id laoreet eu, lacinia ac turpis. Cras tincidunt lobortis elit quis aliquam. Proin et massa libero.

Aliquam id pharetra arcu. Vivamus vitae mattis ligula. Sed efficitur urna vitae scelerisque tempor. Proin purus magna, vulputate eu ligula a, vehicula malesuada enim. Curabitur aliquet rutrum enim et tincidunt. Vestibulum ante ipsum primis in faucibus orci luctus et ultrices posuere cubilia curae; Vivamus pharetra enim leo, nec molestie nibh consectetur quis. Class aptent taciti sociosqu ad litora torquent per conubia nostra, per inceptos himenaeos. Nunc quis maximus elit, vitae pulvinar urna. Integer at mi elit. Phasellus vitae rutrum sem. Vivamus et mauris ac nisl congue congue eu eget elit. Nullam at quam velit. Pellentesque dictum, diam nec tempor aliquet, tortor justo fermentum sapien, at condimentum turpis elit vel sapien. Aenean rutrum tellus sodales tortor viverra eleifend.

Donec facilisis, diam efficitur maximus ultrices, enim lectus rutrum elit, eget malesuada mi justo dapibus enim. Maecenas finibus euismod nulla quis dignissim. Sed dictum ante rutrum turpis euismod laoreet. Sed placerat tellus leo. In ut lobortis lorem. Nullam vitae lectus egestas urna tincidunt aliquet. Ut sagittis vel enim eget malesuada. Cras in congue tortor. Interdum et malesuada fames ac ante ipsum primis in faucibus. Nunc tempus consequat neque, et eleifend nulla aliquam eu.",Author 348,19,cong-thuc-ban-hang-bat-bai,NXB 348,2005,75
https://cdn1.fahasa.com/media/catalog/product/8/9/8936170870537_1.jpg,Chân Dung Thật - Thấu Hiểu Khách Hàng Chỉ Bằng Những Cuộc Trò Chuyện,208000,18,9780085479984,"Lorem ipsum dolor sit amet, consectetur adipiscing elit. Nam congue vel tellus non luctus. Vestibulum vitae nunc lorem. Sed lacinia lectus vel augue imperdiet ultricies. Donec id venenatis ex, vitae pretium ligula. Sed nulla eros, dignissim at feugiat non, posuere sit amet urna. Ut eu porttitor tellus. Cras eu massa nulla. Morbi porta fermentum elit eu iaculis. Pellentesque hendrerit venenatis purus at feugiat. Pellentesque vitae feugiat purus. Donec mattis rhoncus lacinia. Sed quam diam, molestie id laoreet eu, lacinia ac turpis. Cras tincidunt lobortis elit quis aliquam. Proin et massa libero.

Aliquam id pharetra arcu. Vivamus vitae mattis ligula. Sed efficitur urna vitae scelerisque tempor. Proin purus magna, vulputate eu ligula a, vehicula malesuada enim. Curabitur aliquet rutrum enim et tincidunt. Vestibulum ante ipsum primis in faucibus orci luctus et ultrices posuere cubilia curae; Vivamus pharetra enim leo, nec molestie nibh consectetur quis. Class aptent taciti sociosqu ad litora torquent per conubia nostra, per inceptos himenaeos. Nunc quis maximus elit, vitae pulvinar urna. Integer at mi elit. Phasellus vitae rutrum sem. Vivamus et mauris ac nisl congue congue eu eget elit. Nullam at quam velit. Pellentesque dictum, diam nec tempor aliquet, tortor justo fermentum sapien, at condimentum turpis elit vel sapien. Aenean rutrum tellus sodales tortor viverra eleifend.

Donec facilisis, diam efficitur maximus ultrices, enim lectus rutrum elit, eget malesuada mi justo dapibus enim. Maecenas finibus euismod nulla quis dignissim. Sed dictum ante rutrum turpis euismod laoreet. Sed placerat tellus leo. In ut lobortis lorem. Nullam vitae lectus egestas urna tincidunt aliquet. Ut sagittis vel enim eget malesuada. Cras in congue tortor. Interdum et malesuada fames ac ante ipsum primis in faucibus. Nunc tempus consequat neque, et eleifend nulla aliquam eu.",Author 349,14,chan-dung-that-thau-hieu-khach-hang-chi-bang-nhung-cuoc-tro-chuyen,NXB 349,2006,64
https://cdn1.fahasa.com/media/catalog/product/c/o/combo-120520223.jpg,Combo Sách Nghệ Thuật Bán Hàng Bậc Cao + Nghệ Thuật Bán Hàng Của Người Do Thái + Người Bán Hàng Vĩ Đại Nhất Thế Giới (Bộ 3 Cuốn),316820,18,9780085479985,"Lorem ipsum dolor sit amet, consectetur adipiscing elit. Nam congue vel tellus non luctus. Vestibulum vitae nunc lorem. Sed lacinia lectus vel augue imperdiet ultricies. Donec id venenatis ex, vitae pretium ligula. Sed nulla eros, dignissim at feugiat non, posuere sit amet urna. Ut eu porttitor tellus. Cras eu massa nulla. Morbi porta fermentum elit eu iaculis. Pellentesque hendrerit venenatis purus at feugiat. Pellentesque vitae feugiat purus. Donec mattis rhoncus lacinia. Sed quam diam, molestie id laoreet eu, lacinia ac turpis. Cras tincidunt lobortis elit quis aliquam. Proin et massa libero.

Aliquam id pharetra arcu. Vivamus vitae mattis ligula. Sed efficitur urna vitae scelerisque tempor. Proin purus magna, vulputate eu ligula a, vehicula malesuada enim. Curabitur aliquet rutrum enim et tincidunt. Vestibulum ante ipsum primis in faucibus orci luctus et ultrices posuere cubilia curae; Vivamus pharetra enim leo, nec molestie nibh consectetur quis. Class aptent taciti sociosqu ad litora torquent per conubia nostra, per inceptos himenaeos. Nunc quis maximus elit, vitae pulvinar urna. Integer at mi elit. Phasellus vitae rutrum sem. Vivamus et mauris ac nisl congue congue eu eget elit. Nullam at quam velit. Pellentesque dictum, diam nec tempor aliquet, tortor justo fermentum sapien, at condimentum turpis elit vel sapien. Aenean rutrum tellus sodales tortor viverra eleifend.

Donec facilisis, diam efficitur maximus ultrices, enim lectus rutrum elit, eget malesuada mi justo dapibus enim. Maecenas finibus euismod nulla quis dignissim. Sed dictum ante rutrum turpis euismod laoreet. Sed placerat tellus leo. In ut lobortis lorem. Nullam vitae lectus egestas urna tincidunt aliquet. Ut sagittis vel enim eget malesuada. Cras in congue tortor. Interdum et malesuada fames ac ante ipsum primis in faucibus. Nunc tempus consequat neque, et eleifend nulla aliquam eu.",Author 350,17,combo-sach-nghe-thuat-ban-hang-bac-cao-nghe-thuat-ban-hang-cua-nguoi-do-thai-nguoi-ban-hang-vi-ai-nhat-the-gioi-bo-3-cuon,NXB 350,2025,213
https://cdn1.fahasa.com/media/catalog/product/i/m/image_195509_1_47025.jpg,Nghệ Thuật Bán Hàng Của Người Do Thái (Tái Bản 2020),64240,18,9780085479986,"Lorem ipsum dolor sit amet, consectetur adipiscing elit. Nam congue vel tellus non luctus. Vestibulum vitae nunc lorem. Sed lacinia lectus vel augue imperdiet ultricies. Donec id venenatis ex, vitae pretium ligula. Sed nulla eros, dignissim at feugiat non, posuere sit amet urna. Ut eu porttitor tellus. Cras eu massa nulla. Morbi porta fermentum elit eu iaculis. Pellentesque hendrerit venenatis purus at feugiat. Pellentesque vitae feugiat purus. Donec mattis rhoncus lacinia. Sed quam diam, molestie id laoreet eu, lacinia ac turpis. Cras tincidunt lobortis elit quis aliquam. Proin et massa libero.

Aliquam id pharetra arcu. Vivamus vitae mattis ligula. Sed efficitur urna vitae scelerisque tempor. Proin purus magna, vulputate eu ligula a, vehicula malesuada enim. Curabitur aliquet rutrum enim et tincidunt. Vestibulum ante ipsum primis in faucibus orci luctus et ultrices posuere cubilia curae; Vivamus pharetra enim leo, nec molestie nibh consectetur quis. Class aptent taciti sociosqu ad litora torquent per conubia nostra, per inceptos himenaeos. Nunc quis maximus elit, vitae pulvinar urna. Integer at mi elit. Phasellus vitae rutrum sem. Vivamus et mauris ac nisl congue congue eu eget elit. Nullam at quam velit. Pellentesque dictum, diam nec tempor aliquet, tortor justo fermentum sapien, at condimentum turpis elit vel sapien. Aenean rutrum tellus sodales tortor viverra eleifend.

Donec facilisis, diam efficitur maximus ultrices, enim lectus rutrum elit, eget malesuada mi justo dapibus enim. Maecenas finibus euismod nulla quis dignissim. Sed dictum ante rutrum turpis euismod laoreet. Sed placerat tellus leo. In ut lobortis lorem. Nullam vitae lectus egestas urna tincidunt aliquet. Ut sagittis vel enim eget malesuada. Cras in congue tortor. Interdum et malesuada fames ac ante ipsum primis in faucibus. Nunc tempus consequat neque, et eleifend nulla aliquam eu.",Author 351,3,nghe-thuat-ban-hang-cua-nguoi-do-thai-tai-ban-2020,NXB 351,2002,107
https://cdn1.fahasa.com/media/catalog/product/8/9/8935251419788.jpg,Điều Gì Khiến Khách Hàng Chi Tiền (Tái Bản 2023),143500,18,9780085479987,"Lorem ipsum dolor sit amet, consectetur adipiscing elit. Nam congue vel tellus non luctus. Vestibulum vitae nunc lorem. Sed lacinia lectus vel augue imperdiet ultricies. Donec id venenatis ex, vitae pretium ligula. Sed nulla eros, dignissim at feugiat non, posuere sit amet urna. Ut eu porttitor tellus. Cras eu massa nulla. Morbi porta fermentum elit eu iaculis. Pellentesque hendrerit venenatis purus at feugiat. Pellentesque vitae feugiat purus. Donec mattis rhoncus lacinia. Sed quam diam, molestie id laoreet eu, lacinia ac turpis. Cras tincidunt lobortis elit quis aliquam. Proin et massa libero.

Aliquam id pharetra arcu. Vivamus vitae mattis ligula. Sed efficitur urna vitae scelerisque tempor. Proin purus magna, vulputate eu ligula a, vehicula malesuada enim. Curabitur aliquet rutrum enim et tincidunt. Vestibulum ante ipsum primis in faucibus orci luctus et ultrices posuere cubilia curae; Vivamus pharetra enim leo, nec molestie nibh consectetur quis. Class aptent taciti sociosqu ad litora torquent per conubia nostra, per inceptos himenaeos. Nunc quis maximus elit, vitae pulvinar urna. Integer at mi elit. Phasellus vitae rutrum sem. Vivamus et mauris ac nisl congue congue eu eget elit. Nullam at quam velit. Pellentesque dictum, diam nec tempor aliquet, tortor justo fermentum sapien, at condimentum turpis elit vel sapien. Aenean rutrum tellus sodales tortor viverra eleifend.

Donec facilisis, diam efficitur maximus ultrices, enim lectus rutrum elit, eget malesuada mi justo dapibus enim. Maecenas finibus euismod nulla quis dignissim. Sed dictum ante rutrum turpis euismod laoreet. Sed placerat tellus leo. In ut lobortis lorem. Nullam vitae lectus egestas urna tincidunt aliquet. Ut sagittis vel enim eget malesuada. Cras in congue tortor. Interdum et malesuada fames ac ante ipsum primis in faucibus. Nunc tempus consequat neque, et eleifend nulla aliquam eu.",Author 352,19,ieu-gi-khien-khach-hang-chi-tien-tai-ban-2023,NXB 352,2023,161
https://cdn1.fahasa.com/media/catalog/product/8/9/8935235243231.jpg,Nghệ Thuật Bán Hàng Của Người Hướng Nội - Trở Thành Số 1 Bán Hàng Khi Là Người Nhút Nhát,110500,18,9780085479988,"Lorem ipsum dolor sit amet, consectetur adipiscing elit. Nam congue vel tellus non luctus. Vestibulum vitae nunc lorem. Sed lacinia lectus vel augue imperdiet ultricies. Donec id venenatis ex, vitae pretium ligula. Sed nulla eros, dignissim at feugiat non, posuere sit amet urna. Ut eu porttitor tellus. Cras eu massa nulla. Morbi porta fermentum elit eu iaculis. Pellentesque hendrerit venenatis purus at feugiat. Pellentesque vitae feugiat purus. Donec mattis rhoncus lacinia. Sed quam diam, molestie id laoreet eu, lacinia ac turpis. Cras tincidunt lobortis elit quis aliquam. Proin et massa libero.

Aliquam id pharetra arcu. Vivamus vitae mattis ligula. Sed efficitur urna vitae scelerisque tempor. Proin purus magna, vulputate eu ligula a, vehicula malesuada enim. Curabitur aliquet rutrum enim et tincidunt. Vestibulum ante ipsum primis in faucibus orci luctus et ultrices posuere cubilia curae; Vivamus pharetra enim leo, nec molestie nibh consectetur quis. Class aptent taciti sociosqu ad litora torquent per conubia nostra, per inceptos himenaeos. Nunc quis maximus elit, vitae pulvinar urna. Integer at mi elit. Phasellus vitae rutrum sem. Vivamus et mauris ac nisl congue congue eu eget elit. Nullam at quam velit. Pellentesque dictum, diam nec tempor aliquet, tortor justo fermentum sapien, at condimentum turpis elit vel sapien. Aenean rutrum tellus sodales tortor viverra eleifend.

Donec facilisis, diam efficitur maximus ultrices, enim lectus rutrum elit, eget malesuada mi justo dapibus enim. Maecenas finibus euismod nulla quis dignissim. Sed dictum ante rutrum turpis euismod laoreet. Sed placerat tellus leo. In ut lobortis lorem. Nullam vitae lectus egestas urna tincidunt aliquet. Ut sagittis vel enim eget malesuada. Cras in congue tortor. Interdum et malesuada fames ac ante ipsum primis in faucibus. Nunc tempus consequat neque, et eleifend nulla aliquam eu.",Author 353,13,nghe-thuat-ban-hang-cua-nguoi-huong-noi-tro-thanh-so-1-ban-hang-khi-la-nguoi-nhut-nhat,NXB 353,2017,263
https://cdn1.fahasa.com/media/catalog/product/i/m/image_188919.jpg,Rio Book No.3 - Hình Ảnh Điều Khiển Tâm Trí,131500,18,9780085479989,"Lorem ipsum dolor sit amet, consectetur adipiscing elit. Nam congue vel tellus non luctus. Vestibulum vitae nunc lorem. Sed lacinia lectus vel augue imperdiet ultricies. Donec id venenatis ex, vitae pretium ligula. Sed nulla eros, dignissim at feugiat non, posuere sit amet urna. Ut eu porttitor tellus. Cras eu massa nulla. Morbi porta fermentum elit eu iaculis. Pellentesque hendrerit venenatis purus at feugiat. Pellentesque vitae feugiat purus. Donec mattis rhoncus lacinia. Sed quam diam, molestie id laoreet eu, lacinia ac turpis. Cras tincidunt lobortis elit quis aliquam. Proin et massa libero.

Aliquam id pharetra arcu. Vivamus vitae mattis ligula. Sed efficitur urna vitae scelerisque tempor. Proin purus magna, vulputate eu ligula a, vehicula malesuada enim. Curabitur aliquet rutrum enim et tincidunt. Vestibulum ante ipsum primis in faucibus orci luctus et ultrices posuere cubilia curae; Vivamus pharetra enim leo, nec molestie nibh consectetur quis. Class aptent taciti sociosqu ad litora torquent per conubia nostra, per inceptos himenaeos. Nunc quis maximus elit, vitae pulvinar urna. Integer at mi elit. Phasellus vitae rutrum sem. Vivamus et mauris ac nisl congue congue eu eget elit. Nullam at quam velit. Pellentesque dictum, diam nec tempor aliquet, tortor justo fermentum sapien, at condimentum turpis elit vel sapien. Aenean rutrum tellus sodales tortor viverra eleifend.

Donec facilisis, diam efficitur maximus ultrices, enim lectus rutrum elit, eget malesuada mi justo dapibus enim. Maecenas finibus euismod nulla quis dignissim. Sed dictum ante rutrum turpis euismod laoreet. Sed placerat tellus leo. In ut lobortis lorem. Nullam vitae lectus egestas urna tincidunt aliquet. Ut sagittis vel enim eget malesuada. Cras in congue tortor. Interdum et malesuada fames ac ante ipsum primis in faucibus. Nunc tempus consequat neque, et eleifend nulla aliquam eu.",Author 354,17,rio-book-no-3-hinh-anh-ieu-khien-tam-tri,NXB 354,2005,135
https://cdn1.fahasa.com/media/catalog/product/i/m/image_195509_1_49929.jpg,Nâng Tầm Dịch Vụ (Tái Bản 2020),127500,18,9780085479990,"Lorem ipsum dolor sit amet, consectetur adipiscing elit. Nam congue vel tellus non luctus. Vestibulum vitae nunc lorem. Sed lacinia lectus vel augue imperdiet ultricies. Donec id venenatis ex, vitae pretium ligula. Sed nulla eros, dignissim at feugiat non, posuere sit amet urna. Ut eu porttitor tellus. Cras eu massa nulla. Morbi porta fermentum elit eu iaculis. Pellentesque hendrerit venenatis purus at feugiat. Pellentesque vitae feugiat purus. Donec mattis rhoncus lacinia. Sed quam diam, molestie id laoreet eu, lacinia ac turpis. Cras tincidunt lobortis elit quis aliquam. Proin et massa libero.

Aliquam id pharetra arcu. Vivamus vitae mattis ligula. Sed efficitur urna vitae scelerisque tempor. Proin purus magna, vulputate eu ligula a, vehicula malesuada enim. Curabitur aliquet rutrum enim et tincidunt. Vestibulum ante ipsum primis in faucibus orci luctus et ultrices posuere cubilia curae; Vivamus pharetra enim leo, nec molestie nibh consectetur quis. Class aptent taciti sociosqu ad litora torquent per conubia nostra, per inceptos himenaeos. Nunc quis maximus elit, vitae pulvinar urna. Integer at mi elit. Phasellus vitae rutrum sem. Vivamus et mauris ac nisl congue congue eu eget elit. Nullam at quam velit. Pellentesque dictum, diam nec tempor aliquet, tortor justo fermentum sapien, at condimentum turpis elit vel sapien. Aenean rutrum tellus sodales tortor viverra eleifend.

Donec facilisis, diam efficitur maximus ultrices, enim lectus rutrum elit, eget malesuada mi justo dapibus enim. Maecenas finibus euismod nulla quis dignissim. Sed dictum ante rutrum turpis euismod laoreet. Sed placerat tellus leo. In ut lobortis lorem. Nullam vitae lectus egestas urna tincidunt aliquet. Ut sagittis vel enim eget malesuada. Cras in congue tortor. Interdum et malesuada fames ac ante ipsum primis in faucibus. Nunc tempus consequat neque, et eleifend nulla aliquam eu.",Author 355,7,nang-tam-dich-vu-tai-ban-2020,NXB 355,2023,277
https://cdn1.fahasa.com/media/catalog/product/8/9/8935246939444.jpg,Thao Túng Tâm Lý Khách Hàng Bằng Tâm Lý Học,134000,18,9780085479991,"Lorem ipsum dolor sit amet, consectetur adipiscing elit. Nam congue vel tellus non luctus. Vestibulum vitae nunc lorem. Sed lacinia lectus vel augue imperdiet ultricies. Donec id venenatis ex, vitae pretium ligula. Sed nulla eros, dignissim at feugiat non, posuere sit amet urna. Ut eu porttitor tellus. Cras eu massa nulla. Morbi porta fermentum elit eu iaculis. Pellentesque hendrerit venenatis purus at feugiat. Pellentesque vitae feugiat purus. Donec mattis rhoncus lacinia. Sed quam diam, molestie id laoreet eu, lacinia ac turpis. Cras tincidunt lobortis elit quis aliquam. Proin et massa libero.

Aliquam id pharetra arcu. Vivamus vitae mattis ligula. Sed efficitur urna vitae scelerisque tempor. Proin purus magna, vulputate eu ligula a, vehicula malesuada enim. Curabitur aliquet rutrum enim et tincidunt. Vestibulum ante ipsum primis in faucibus orci luctus et ultrices posuere cubilia curae; Vivamus pharetra enim leo, nec molestie nibh consectetur quis. Class aptent taciti sociosqu ad litora torquent per conubia nostra, per inceptos himenaeos. Nunc quis maximus elit, vitae pulvinar urna. Integer at mi elit. Phasellus vitae rutrum sem. Vivamus et mauris ac nisl congue congue eu eget elit. Nullam at quam velit. Pellentesque dictum, diam nec tempor aliquet, tortor justo fermentum sapien, at condimentum turpis elit vel sapien. Aenean rutrum tellus sodales tortor viverra eleifend.

Donec facilisis, diam efficitur maximus ultrices, enim lectus rutrum elit, eget malesuada mi justo dapibus enim. Maecenas finibus euismod nulla quis dignissim. Sed dictum ante rutrum turpis euismod laoreet. Sed placerat tellus leo. In ut lobortis lorem. Nullam vitae lectus egestas urna tincidunt aliquet. Ut sagittis vel enim eget malesuada. Cras in congue tortor. Interdum et malesuada fames ac ante ipsum primis in faucibus. Nunc tempus consequat neque, et eleifend nulla aliquam eu.",Author 356,6,thao-tung-tam-ly-khach-hang-bang-tam-ly-hoc,NXB 356,2021,115
https://cdn1.fahasa.com/media/catalog/product/8/9/8936170870049.jpg,Digital Marketing - Từ Chiến Lược Đến Thực Thi (Tái Bản 2019),187000,18,9780085479992,"Lorem ipsum dolor sit amet, consectetur adipiscing elit. Nam congue vel tellus non luctus. Vestibulum vitae nunc lorem. Sed lacinia lectus vel augue imperdiet ultricies. Donec id venenatis ex, vitae pretium ligula. Sed nulla eros, dignissim at feugiat non, posuere sit amet urna. Ut eu porttitor tellus. Cras eu massa nulla. Morbi porta fermentum elit eu iaculis. Pellentesque hendrerit venenatis purus at feugiat. Pellentesque vitae feugiat purus. Donec mattis rhoncus lacinia. Sed quam diam, molestie id laoreet eu, lacinia ac turpis. Cras tincidunt lobortis elit quis aliquam. Proin et massa libero.

Aliquam id pharetra arcu. Vivamus vitae mattis ligula. Sed efficitur urna vitae scelerisque tempor. Proin purus magna, vulputate eu ligula a, vehicula malesuada enim. Curabitur aliquet rutrum enim et tincidunt. Vestibulum ante ipsum primis in faucibus orci luctus et ultrices posuere cubilia curae; Vivamus pharetra enim leo, nec molestie nibh consectetur quis. Class aptent taciti sociosqu ad litora torquent per conubia nostra, per inceptos himenaeos. Nunc quis maximus elit, vitae pulvinar urna. Integer at mi elit. Phasellus vitae rutrum sem. Vivamus et mauris ac nisl congue congue eu eget elit. Nullam at quam velit. Pellentesque dictum, diam nec tempor aliquet, tortor justo fermentum sapien, at condimentum turpis elit vel sapien. Aenean rutrum tellus sodales tortor viverra eleifend.

Donec facilisis, diam efficitur maximus ultrices, enim lectus rutrum elit, eget malesuada mi justo dapibus enim. Maecenas finibus euismod nulla quis dignissim. Sed dictum ante rutrum turpis euismod laoreet. Sed placerat tellus leo. In ut lobortis lorem. Nullam vitae lectus egestas urna tincidunt aliquet. Ut sagittis vel enim eget malesuada. Cras in congue tortor. Interdum et malesuada fames ac ante ipsum primis in faucibus. Nunc tempus consequat neque, et eleifend nulla aliquam eu.",Author 357,5,digital-marketing-tu-chien-luoc-en-thuc-thi-tai-ban-2019,NXB 357,2021,205
https://cdn1.fahasa.com/media/catalog/product/i/m/image_195509_1_50090.jpg,100 Phương Pháp Thực Tiễn Để Cải Thiện Trải Nghiệm Khách Hàng,127500,18,9780085479993,"Lorem ipsum dolor sit amet, consectetur adipiscing elit. Nam congue vel tellus non luctus. Vestibulum vitae nunc lorem. Sed lacinia lectus vel augue imperdiet ultricies. Donec id venenatis ex, vitae pretium ligula. Sed nulla eros, dignissim at feugiat non, posuere sit amet urna. Ut eu porttitor tellus. Cras eu massa nulla. Morbi porta fermentum elit eu iaculis. Pellentesque hendrerit venenatis purus at feugiat. Pellentesque vitae feugiat purus. Donec mattis rhoncus lacinia. Sed quam diam, molestie id laoreet eu, lacinia ac turpis. Cras tincidunt lobortis elit quis aliquam. Proin et massa libero.

Aliquam id pharetra arcu. Vivamus vitae mattis ligula. Sed efficitur urna vitae scelerisque tempor. Proin purus magna, vulputate eu ligula a, vehicula malesuada enim. Curabitur aliquet rutrum enim et tincidunt. Vestibulum ante ipsum primis in faucibus orci luctus et ultrices posuere cubilia curae; Vivamus pharetra enim leo, nec molestie nibh consectetur quis. Class aptent taciti sociosqu ad litora torquent per conubia nostra, per inceptos himenaeos. Nunc quis maximus elit, vitae pulvinar urna. Integer at mi elit. Phasellus vitae rutrum sem. Vivamus et mauris ac nisl congue congue eu eget elit. Nullam at quam velit. Pellentesque dictum, diam nec tempor aliquet, tortor justo fermentum sapien, at condimentum turpis elit vel sapien. Aenean rutrum tellus sodales tortor viverra eleifend.

Donec facilisis, diam efficitur maximus ultrices, enim lectus rutrum elit, eget malesuada mi justo dapibus enim. Maecenas finibus euismod nulla quis dignissim. Sed dictum ante rutrum turpis euismod laoreet. Sed placerat tellus leo. In ut lobortis lorem. Nullam vitae lectus egestas urna tincidunt aliquet. Ut sagittis vel enim eget malesuada. Cras in congue tortor. Interdum et malesuada fames ac ante ipsum primis in faucibus. Nunc tempus consequat neque, et eleifend nulla aliquam eu.",Author 358,11,100-phuong-phap-thuc-tien-e-cai-thien-trai-nghiem-khach-hang,NXB 358,2017,76
https://cdn1.fahasa.com/media/catalog/product/8/9/8935251420326_1.jpg,Quảng Cáo Theo Phong Cách Ogilvy (Tái Bản 2023),169000,18,9780085479994,"Lorem ipsum dolor sit amet, consectetur adipiscing elit. Nam congue vel tellus non luctus. Vestibulum vitae nunc lorem. Sed lacinia lectus vel augue imperdiet ultricies. Donec id venenatis ex, vitae pretium ligula. Sed nulla eros, dignissim at feugiat non, posuere sit amet urna. Ut eu porttitor tellus. Cras eu massa nulla. Morbi porta fermentum elit eu iaculis. Pellentesque hendrerit venenatis purus at feugiat. Pellentesque vitae feugiat purus. Donec mattis rhoncus lacinia. Sed quam diam, molestie id laoreet eu, lacinia ac turpis. Cras tincidunt lobortis elit quis aliquam. Proin et massa libero.

Aliquam id pharetra arcu. Vivamus vitae mattis ligula. Sed efficitur urna vitae scelerisque tempor. Proin purus magna, vulputate eu ligula a, vehicula malesuada enim. Curabitur aliquet rutrum enim et tincidunt. Vestibulum ante ipsum primis in faucibus orci luctus et ultrices posuere cubilia curae; Vivamus pharetra enim leo, nec molestie nibh consectetur quis. Class aptent taciti sociosqu ad litora torquent per conubia nostra, per inceptos himenaeos. Nunc quis maximus elit, vitae pulvinar urna. Integer at mi elit. Phasellus vitae rutrum sem. Vivamus et mauris ac nisl congue congue eu eget elit. Nullam at quam velit. Pellentesque dictum, diam nec tempor aliquet, tortor justo fermentum sapien, at condimentum turpis elit vel sapien. Aenean rutrum tellus sodales tortor viverra eleifend.

Donec facilisis, diam efficitur maximus ultrices, enim lectus rutrum elit, eget malesuada mi justo dapibus enim. Maecenas finibus euismod nulla quis dignissim. Sed dictum ante rutrum turpis euismod laoreet. Sed placerat tellus leo. In ut lobortis lorem. Nullam vitae lectus egestas urna tincidunt aliquet. Ut sagittis vel enim eget malesuada. Cras in congue tortor. Interdum et malesuada fames ac ante ipsum primis in faucibus. Nunc tempus consequat neque, et eleifend nulla aliquam eu.",Author 359,6,quang-cao-theo-phong-cach-ogilvy-tai-ban-2023,NXB 359,2012,99
https://cdn1.fahasa.com/media/catalog/product/9/7/9786326048032.jpg,Giải Mã Marketing Hiện Đại - Những Khám Phá Mới Nhất Về Khoa Học Marketing - Bài Học Từ Các Thương Hiệu Thành Công Nhất Thế Giới,186500,18,9780085479995,"Lorem ipsum dolor sit amet, consectetur adipiscing elit. Nam congue vel tellus non luctus. Vestibulum vitae nunc lorem. Sed lacinia lectus vel augue imperdiet ultricies. Donec id venenatis ex, vitae pretium ligula. Sed nulla eros, dignissim at feugiat non, posuere sit amet urna. Ut eu porttitor tellus. Cras eu massa nulla. Morbi porta fermentum elit eu iaculis. Pellentesque hendrerit venenatis purus at feugiat. Pellentesque vitae feugiat purus. Donec mattis rhoncus lacinia. Sed quam diam, molestie id laoreet eu, lacinia ac turpis. Cras tincidunt lobortis elit quis aliquam. Proin et massa libero.

Aliquam id pharetra arcu. Vivamus vitae mattis ligula. Sed efficitur urna vitae scelerisque tempor. Proin purus magna, vulputate eu ligula a, vehicula malesuada enim. Curabitur aliquet rutrum enim et tincidunt. Vestibulum ante ipsum primis in faucibus orci luctus et ultrices posuere cubilia curae; Vivamus pharetra enim leo, nec molestie nibh consectetur quis. Class aptent taciti sociosqu ad litora torquent per conubia nostra, per inceptos himenaeos. Nunc quis maximus elit, vitae pulvinar urna. Integer at mi elit. Phasellus vitae rutrum sem. Vivamus et mauris ac nisl congue congue eu eget elit. Nullam at quam velit. Pellentesque dictum, diam nec tempor aliquet, tortor justo fermentum sapien, at condimentum turpis elit vel sapien. Aenean rutrum tellus sodales tortor viverra eleifend.

Donec facilisis, diam efficitur maximus ultrices, enim lectus rutrum elit, eget malesuada mi justo dapibus enim. Maecenas finibus euismod nulla quis dignissim. Sed dictum ante rutrum turpis euismod laoreet. Sed placerat tellus leo. In ut lobortis lorem. Nullam vitae lectus egestas urna tincidunt aliquet. Ut sagittis vel enim eget malesuada. Cras in congue tortor. Interdum et malesuada fames ac ante ipsum primis in faucibus. Nunc tempus consequat neque, et eleifend nulla aliquam eu.",Author 360,20,giai-ma-marketing-hien-ai-nhung-kham-pha-moi-nhat-ve-khoa-hoc-marketing-bai-hoc-tu-cac-thuong-hieu-thanh-cong-nhat-the-gioi,NXB 360,2011,198
https://cdn1.fahasa.com/media/catalog/product/i/m/image_195509_1_56266.jpg,Người Bán Hàng Một Phút (Tái Bản 2020),46720,18,9780085479996,"Lorem ipsum dolor sit amet, consectetur adipiscing elit. Nam congue vel tellus non luctus. Vestibulum vitae nunc lorem. Sed lacinia lectus vel augue imperdiet ultricies. Donec id venenatis ex, vitae pretium ligula. Sed nulla eros, dignissim at feugiat non, posuere sit amet urna. Ut eu porttitor tellus. Cras eu massa nulla. Morbi porta fermentum elit eu iaculis. Pellentesque hendrerit venenatis purus at feugiat. Pellentesque vitae feugiat purus. Donec mattis rhoncus lacinia. Sed quam diam, molestie id laoreet eu, lacinia ac turpis. Cras tincidunt lobortis elit quis aliquam. Proin et massa libero.

Aliquam id pharetra arcu. Vivamus vitae mattis ligula. Sed efficitur urna vitae scelerisque tempor. Proin purus magna, vulputate eu ligula a, vehicula malesuada enim. Curabitur aliquet rutrum enim et tincidunt. Vestibulum ante ipsum primis in faucibus orci luctus et ultrices posuere cubilia curae; Vivamus pharetra enim leo, nec molestie nibh consectetur quis. Class aptent taciti sociosqu ad litora torquent per conubia nostra, per inceptos himenaeos. Nunc quis maximus elit, vitae pulvinar urna. Integer at mi elit. Phasellus vitae rutrum sem. Vivamus et mauris ac nisl congue congue eu eget elit. Nullam at quam velit. Pellentesque dictum, diam nec tempor aliquet, tortor justo fermentum sapien, at condimentum turpis elit vel sapien. Aenean rutrum tellus sodales tortor viverra eleifend.

Donec facilisis, diam efficitur maximus ultrices, enim lectus rutrum elit, eget malesuada mi justo dapibus enim. Maecenas finibus euismod nulla quis dignissim. Sed dictum ante rutrum turpis euismod laoreet. Sed placerat tellus leo. In ut lobortis lorem. Nullam vitae lectus egestas urna tincidunt aliquet. Ut sagittis vel enim eget malesuada. Cras in congue tortor. Interdum et malesuada fames ac ante ipsum primis in faucibus. Nunc tempus consequat neque, et eleifend nulla aliquam eu.",Author 361,19,nguoi-ban-hang-mot-phut-tai-ban-2020,NXB 361,2020,206
