image_url,title,price,category_id,isbn,description,author,in_stock,url_slug,publisher,publish_year,page_count
https://cdn1.fahasa.com/media/catalog/product/8/9/8935086855928.jpg,Tự Học Viết Tiếng Nhật - 200 Chữ Kanji Căn Bản - Tập 1,52560,51,9780085479397,"Lorem ipsum dolor sit amet, consectetur adipiscing elit. Nam congue vel tellus non luctus. Vestibulum vitae nunc lorem. Sed lacinia lectus vel augue imperdiet ultricies. Donec id venenatis ex, vitae pretium ligula. Sed nulla eros, dignissim at feugiat non, posuere sit amet urna. Ut eu porttitor tellus. Cras eu massa nulla. Morbi porta fermentum elit eu iaculis. Pellentesque hendrerit venenatis purus at feugiat. Pellentesque vitae feugiat purus. Donec mattis rhoncus lacinia. Sed quam diam, molestie id laoreet eu, lacinia ac turpis. Cras tincidunt lobortis elit quis aliquam. Proin et massa libero.

Aliquam id pharetra arcu. Vivamus vitae mattis ligula. Sed efficitur urna vitae scelerisque tempor. Proin purus magna, vulputate eu ligula a, vehicula malesuada enim. Curabitur aliquet rutrum enim et tincidunt. Vestibulum ante ipsum primis in faucibus orci luctus et ultrices posuere cubilia curae; Vivamus pharetra enim leo, nec molestie nibh consectetur quis. Class aptent taciti sociosqu ad litora torquent per conubia nostra, per inceptos himenaeos. Nunc quis maximus elit, vitae pulvinar urna. Integer at mi elit. Phasellus vitae rutrum sem. Vivamus et mauris ac nisl congue congue eu eget elit. Nullam at quam velit. Pellentesque dictum, diam nec tempor aliquet, tortor justo fermentum sapien, at condimentum turpis elit vel sapien. Aenean rutrum tellus sodales tortor viverra eleifend.

Donec facilisis, diam efficitur maximus ultrices, enim lectus rutrum elit, eget malesuada mi justo dapibus enim. Maecenas finibus euismod nulla quis dignissim. Sed dictum ante rutrum turpis euismod laoreet. Sed placerat tellus leo. In ut lobortis lorem. Nullam vitae lectus egestas urna tincidunt aliquet. Ut sagittis vel enim eget malesuada. Cras in congue tortor. Interdum et malesuada fames ac ante ipsum primis in faucibus. Nunc tempus consequat neque, et eleifend nulla aliquam eu.",Author 1,9,tu-hoc-viet-tieng-nhat-200-chu-kanji-can-ban-tap-1,NXB 1,2004,290
https://cdn1.fahasa.com/media/catalog/product/8/9/8935086855928.jpg,Tự Học Viết Tiếng Nhật 200 Chữ Kanji Căn Bản,43800,51,9780085479398,"Lorem ipsum dolor sit amet, consectetur adipiscing elit. Nam congue vel tellus non luctus. Vestibulum vitae nunc lorem. Sed lacinia lectus vel augue imperdiet ultricies. Donec id venenatis ex, vitae pretium ligula. Sed nulla eros, dignissim at feugiat non, posuere sit amet urna. Ut eu porttitor tellus. Cras eu massa nulla. Morbi porta fermentum elit eu iaculis. Pellentesque hendrerit venenatis purus at feugiat. Pellentesque vitae feugiat purus. Donec mattis rhoncus lacinia. Sed quam diam, molestie id laoreet eu, lacinia ac turpis. Cras tincidunt lobortis elit quis aliquam. Proin et massa libero.

Aliquam id pharetra arcu. Vivamus vitae mattis ligula. Sed efficitur urna vitae scelerisque tempor. Proin purus magna, vulputate eu ligula a, vehicula malesuada enim. Curabitur aliquet rutrum enim et tincidunt. Vestibulum ante ipsum primis in faucibus orci luctus et ultrices posuere cubilia curae; Vivamus pharetra enim leo, nec molestie nibh consectetur quis. Class aptent taciti sociosqu ad litora torquent per conubia nostra, per inceptos himenaeos. Nunc quis maximus elit, vitae pulvinar urna. Integer at mi elit. Phasellus vitae rutrum sem. Vivamus et mauris ac nisl congue congue eu eget elit. Nullam at quam velit. Pellentesque dictum, diam nec tempor aliquet, tortor justo fermentum sapien, at condimentum turpis elit vel sapien. Aenean rutrum tellus sodales tortor viverra eleifend.

Donec facilisis, diam efficitur maximus ultrices, enim lectus rutrum elit, eget malesuada mi justo dapibus enim. Maecenas finibus euismod nulla quis dignissim. Sed dictum ante rutrum turpis euismod laoreet. Sed placerat tellus leo. In ut lobortis lorem. Nullam vitae lectus egestas urna tincidunt aliquet. Ut sagittis vel enim eget malesuada. Cras in congue tortor. Interdum et malesuada fames ac ante ipsum primis in faucibus. Nunc tempus consequat neque, et eleifend nulla aliquam eu.",Author 2,6,tu-hoc-viet-tieng-nhat-200-chu-kanji-can-ban,NXB 2,2017,158
https://cdn1.fahasa.com/media/catalog/product/8/9/8935086836934.jpg,Tự Học Viết Tiếng Nhật - 200 Chữ Kanji Căn Bản (Tập 2),43800,51,9780085479399,"Lorem ipsum dolor sit amet, consectetur adipiscing elit. Nam congue vel tellus non luctus. Vestibulum vitae nunc lorem. Sed lacinia lectus vel augue imperdiet ultricies. Donec id venenatis ex, vitae pretium ligula. Sed nulla eros, dignissim at feugiat non, posuere sit amet urna. Ut eu porttitor tellus. Cras eu massa nulla. Morbi porta fermentum elit eu iaculis. Pellentesque hendrerit venenatis purus at feugiat. Pellentesque vitae feugiat purus. Donec mattis rhoncus lacinia. Sed quam diam, molestie id laoreet eu, lacinia ac turpis. Cras tincidunt lobortis elit quis aliquam. Proin et massa libero.

Aliquam id pharetra arcu. Vivamus vitae mattis ligula. Sed efficitur urna vitae scelerisque tempor. Proin purus magna, vulputate eu ligula a, vehicula malesuada enim. Curabitur aliquet rutrum enim et tincidunt. Vestibulum ante ipsum primis in faucibus orci luctus et ultrices posuere cubilia curae; Vivamus pharetra enim leo, nec molestie nibh consectetur quis. Class aptent taciti sociosqu ad litora torquent per conubia nostra, per inceptos himenaeos. Nunc quis maximus elit, vitae pulvinar urna. Integer at mi elit. Phasellus vitae rutrum sem. Vivamus et mauris ac nisl congue congue eu eget elit. Nullam at quam velit. Pellentesque dictum, diam nec tempor aliquet, tortor justo fermentum sapien, at condimentum turpis elit vel sapien. Aenean rutrum tellus sodales tortor viverra eleifend.

Donec facilisis, diam efficitur maximus ultrices, enim lectus rutrum elit, eget malesuada mi justo dapibus enim. Maecenas finibus euismod nulla quis dignissim. Sed dictum ante rutrum turpis euismod laoreet. Sed placerat tellus leo. In ut lobortis lorem. Nullam vitae lectus egestas urna tincidunt aliquet. Ut sagittis vel enim eget malesuada. Cras in congue tortor. Interdum et malesuada fames ac ante ipsum primis in faucibus. Nunc tempus consequat neque, et eleifend nulla aliquam eu.",Author 3,4,tu-hoc-viet-tieng-nhat-200-chu-kanji-can-ban-tap-2,NXB 3,2008,442
https://cdn1.fahasa.com/media/catalog/product/8/9/8935280914506.jpg,Tiếng Nhật Công Nghệ Thông Tin Trong Ngành Phần Mềm - Hội Thoại Trong Dự Án Phần Mềm,246500,51,9780085479400,"Lorem ipsum dolor sit amet, consectetur adipiscing elit. Nam congue vel tellus non luctus. Vestibulum vitae nunc lorem. Sed lacinia lectus vel augue imperdiet ultricies. Donec id venenatis ex, vitae pretium ligula. Sed nulla eros, dignissim at feugiat non, posuere sit amet urna. Ut eu porttitor tellus. Cras eu massa nulla. Morbi porta fermentum elit eu iaculis. Pellentesque hendrerit venenatis purus at feugiat. Pellentesque vitae feugiat purus. Donec mattis rhoncus lacinia. Sed quam diam, molestie id laoreet eu, lacinia ac turpis. Cras tincidunt lobortis elit quis aliquam. Proin et massa libero.

Aliquam id pharetra arcu. Vivamus vitae mattis ligula. Sed efficitur urna vitae scelerisque tempor. Proin purus magna, vulputate eu ligula a, vehicula malesuada enim. Curabitur aliquet rutrum enim et tincidunt. Vestibulum ante ipsum primis in faucibus orci luctus et ultrices posuere cubilia curae; Vivamus pharetra enim leo, nec molestie nibh consectetur quis. Class aptent taciti sociosqu ad litora torquent per conubia nostra, per inceptos himenaeos. Nunc quis maximus elit, vitae pulvinar urna. Integer at mi elit. Phasellus vitae rutrum sem. Vivamus et mauris ac nisl congue congue eu eget elit. Nullam at quam velit. Pellentesque dictum, diam nec tempor aliquet, tortor justo fermentum sapien, at condimentum turpis elit vel sapien. Aenean rutrum tellus sodales tortor viverra eleifend.

Donec facilisis, diam efficitur maximus ultrices, enim lectus rutrum elit, eget malesuada mi justo dapibus enim. Maecenas finibus euismod nulla quis dignissim. Sed dictum ante rutrum turpis euismod laoreet. Sed placerat tellus leo. In ut lobortis lorem. Nullam vitae lectus egestas urna tincidunt aliquet. Ut sagittis vel enim eget malesuada. Cras in congue tortor. Interdum et malesuada fames ac ante ipsum primis in faucibus. Nunc tempus consequat neque, et eleifend nulla aliquam eu.",Author 4,5,tieng-nhat-cong-nghe-thong-tin-trong-nganh-phan-mem-hoi-thoai-trong-du-an-phan-mem,NXB 4,2017,468
https://cdn1.fahasa.com/media/catalog/product/i/m/image_195509_1_12630.jpg,Ngôn Ngữ Và Văn Hóa Nhật Bản - Hiểu Biết Ngôn Ngữ A2 - Sơ Cấp 2,116800,51,9780085479401,"Lorem ipsum dolor sit amet, consectetur adipiscing elit. Nam congue vel tellus non luctus. Vestibulum vitae nunc lorem. Sed lacinia lectus vel augue imperdiet ultricies. Donec id venenatis ex, vitae pretium ligula. Sed nulla eros, dignissim at feugiat non, posuere sit amet urna. Ut eu porttitor tellus. Cras eu massa nulla. Morbi porta fermentum elit eu iaculis. Pellentesque hendrerit venenatis purus at feugiat. Pellentesque vitae feugiat purus. Donec mattis rhoncus lacinia. Sed quam diam, molestie id laoreet eu, lacinia ac turpis. Cras tincidunt lobortis elit quis aliquam. Proin et massa libero.

Aliquam id pharetra arcu. Vivamus vitae mattis ligula. Sed efficitur urna vitae scelerisque tempor. Proin purus magna, vulputate eu ligula a, vehicula malesuada enim. Curabitur aliquet rutrum enim et tincidunt. Vestibulum ante ipsum primis in faucibus orci luctus et ultrices posuere cubilia curae; Vivamus pharetra enim leo, nec molestie nibh consectetur quis. Class aptent taciti sociosqu ad litora torquent per conubia nostra, per inceptos himenaeos. Nunc quis maximus elit, vitae pulvinar urna. Integer at mi elit. Phasellus vitae rutrum sem. Vivamus et mauris ac nisl congue congue eu eget elit. Nullam at quam velit. Pellentesque dictum, diam nec tempor aliquet, tortor justo fermentum sapien, at condimentum turpis elit vel sapien. Aenean rutrum tellus sodales tortor viverra eleifend.

Donec facilisis, diam efficitur maximus ultrices, enim lectus rutrum elit, eget malesuada mi justo dapibus enim. Maecenas finibus euismod nulla quis dignissim. Sed dictum ante rutrum turpis euismod laoreet. Sed placerat tellus leo. In ut lobortis lorem. Nullam vitae lectus egestas urna tincidunt aliquet. Ut sagittis vel enim eget malesuada. Cras in congue tortor. Interdum et malesuada fames ac ante ipsum primis in faucibus. Nunc tempus consequat neque, et eleifend nulla aliquam eu.",Author 5,5,ngon-ngu-va-van-hoa-nhat-ban-hieu-biet-ngon-ngu-a2-so-cap-2,NXB 5,2007,343
https://cdn1.fahasa.com/media/catalog/product/i/m/image_195509_1_12631.jpg,Ngôn Ngữ Và Văn Hóa Nhật Bản - Hoạt Động Giao Tiếp A2 -  Sơ Cấp 2,116800,51,9780085479402,"Lorem ipsum dolor sit amet, consectetur adipiscing elit. Nam congue vel tellus non luctus. Vestibulum vitae nunc lorem. Sed lacinia lectus vel augue imperdiet ultricies. Donec id venenatis ex, vitae pretium ligula. Sed nulla eros, dignissim at feugiat non, posuere sit amet urna. Ut eu porttitor tellus. Cras eu massa nulla. Morbi porta fermentum elit eu iaculis. Pellentesque hendrerit venenatis purus at feugiat. Pellentesque vitae feugiat purus. Donec mattis rhoncus lacinia. Sed quam diam, molestie id laoreet eu, lacinia ac turpis. Cras tincidunt lobortis elit quis aliquam. Proin et massa libero.

Aliquam id pharetra arcu. Vivamus vitae mattis ligula. Sed efficitur urna vitae scelerisque tempor. Proin purus magna, vulputate eu ligula a, vehicula malesuada enim. Curabitur aliquet rutrum enim et tincidunt. Vestibulum ante ipsum primis in faucibus orci luctus et ultrices posuere cubilia curae; Vivamus pharetra enim leo, nec molestie nibh consectetur quis. Class aptent taciti sociosqu ad litora torquent per conubia nostra, per inceptos himenaeos. Nunc quis maximus elit, vitae pulvinar urna. Integer at mi elit. Phasellus vitae rutrum sem. Vivamus et mauris ac nisl congue congue eu eget elit. Nullam at quam velit. Pellentesque dictum, diam nec tempor aliquet, tortor justo fermentum sapien, at condimentum turpis elit vel sapien. Aenean rutrum tellus sodales tortor viverra eleifend.

Donec facilisis, diam efficitur maximus ultrices, enim lectus rutrum elit, eget malesuada mi justo dapibus enim. Maecenas finibus euismod nulla quis dignissim. Sed dictum ante rutrum turpis euismod laoreet. Sed placerat tellus leo. In ut lobortis lorem. Nullam vitae lectus egestas urna tincidunt aliquet. Ut sagittis vel enim eget malesuada. Cras in congue tortor. Interdum et malesuada fames ac ante ipsum primis in faucibus. Nunc tempus consequat neque, et eleifend nulla aliquam eu.",Author 6,2,ngon-ngu-va-van-hoa-nhat-ban-hoat-dong-giao-tiep-a2-so-cap-2,NXB 6,2014,297
https://cdn1.fahasa.com/media/catalog/product/8/9/8935236428101.jpg,Tập Viết Tiếng Nhật Thông Dụng (Tái bản 2022),44000,51,9780085479403,"Lorem ipsum dolor sit amet, consectetur adipiscing elit. Nam congue vel tellus non luctus. Vestibulum vitae nunc lorem. Sed lacinia lectus vel augue imperdiet ultricies. Donec id venenatis ex, vitae pretium ligula. Sed nulla eros, dignissim at feugiat non, posuere sit amet urna. Ut eu porttitor tellus. Cras eu massa nulla. Morbi porta fermentum elit eu iaculis. Pellentesque hendrerit venenatis purus at feugiat. Pellentesque vitae feugiat purus. Donec mattis rhoncus lacinia. Sed quam diam, molestie id laoreet eu, lacinia ac turpis. Cras tincidunt lobortis elit quis aliquam. Proin et massa libero.

Aliquam id pharetra arcu. Vivamus vitae mattis ligula. Sed efficitur urna vitae scelerisque tempor. Proin purus magna, vulputate eu ligula a, vehicula malesuada enim. Curabitur aliquet rutrum enim et tincidunt. Vestibulum ante ipsum primis in faucibus orci luctus et ultrices posuere cubilia curae; Vivamus pharetra enim leo, nec molestie nibh consectetur quis. Class aptent taciti sociosqu ad litora torquent per conubia nostra, per inceptos himenaeos. Nunc quis maximus elit, vitae pulvinar urna. Integer at mi elit. Phasellus vitae rutrum sem. Vivamus et mauris ac nisl congue congue eu eget elit. Nullam at quam velit. Pellentesque dictum, diam nec tempor aliquet, tortor justo fermentum sapien, at condimentum turpis elit vel sapien. Aenean rutrum tellus sodales tortor viverra eleifend.

Donec facilisis, diam efficitur maximus ultrices, enim lectus rutrum elit, eget malesuada mi justo dapibus enim. Maecenas finibus euismod nulla quis dignissim. Sed dictum ante rutrum turpis euismod laoreet. Sed placerat tellus leo. In ut lobortis lorem. Nullam vitae lectus egestas urna tincidunt aliquet. Ut sagittis vel enim eget malesuada. Cras in congue tortor. Interdum et malesuada fames ac ante ipsum primis in faucibus. Nunc tempus consequat neque, et eleifend nulla aliquam eu.",Author 7,4,tap-viet-tieng-nhat-thong-dung-tai-ban-2022,NXB 7,2002,482
https://cdn1.fahasa.com/media/catalog/product/8/9/8935086858103_1.jpg,Marugoto - Ngôn Ngữ Và Văn Hóa Nhật Bản - Nhập Môn - A1 - Hoạt Động Giao Tiếp (Tái Bản 2024),138700,51,9780085479404,"Lorem ipsum dolor sit amet, consectetur adipiscing elit. Nam congue vel tellus non luctus. Vestibulum vitae nunc lorem. Sed lacinia lectus vel augue imperdiet ultricies. Donec id venenatis ex, vitae pretium ligula. Sed nulla eros, dignissim at feugiat non, posuere sit amet urna. Ut eu porttitor tellus. Cras eu massa nulla. Morbi porta fermentum elit eu iaculis. Pellentesque hendrerit venenatis purus at feugiat. Pellentesque vitae feugiat purus. Donec mattis rhoncus lacinia. Sed quam diam, molestie id laoreet eu, lacinia ac turpis. Cras tincidunt lobortis elit quis aliquam. Proin et massa libero.

Aliquam id pharetra arcu. Vivamus vitae mattis ligula. Sed efficitur urna vitae scelerisque tempor. Proin purus magna, vulputate eu ligula a, vehicula malesuada enim. Curabitur aliquet rutrum enim et tincidunt. Vestibulum ante ipsum primis in faucibus orci luctus et ultrices posuere cubilia curae; Vivamus pharetra enim leo, nec molestie nibh consectetur quis. Class aptent taciti sociosqu ad litora torquent per conubia nostra, per inceptos himenaeos. Nunc quis maximus elit, vitae pulvinar urna. Integer at mi elit. Phasellus vitae rutrum sem. Vivamus et mauris ac nisl congue congue eu eget elit. Nullam at quam velit. Pellentesque dictum, diam nec tempor aliquet, tortor justo fermentum sapien, at condimentum turpis elit vel sapien. Aenean rutrum tellus sodales tortor viverra eleifend.

Donec facilisis, diam efficitur maximus ultrices, enim lectus rutrum elit, eget malesuada mi justo dapibus enim. Maecenas finibus euismod nulla quis dignissim. Sed dictum ante rutrum turpis euismod laoreet. Sed placerat tellus leo. In ut lobortis lorem. Nullam vitae lectus egestas urna tincidunt aliquet. Ut sagittis vel enim eget malesuada. Cras in congue tortor. Interdum et malesuada fames ac ante ipsum primis in faucibus. Nunc tempus consequat neque, et eleifend nulla aliquam eu.",Author 8,8,marugoto-ngon-ngu-va-van-hoa-nhat-ban-nhap-mon-a1-hoat-dong-giao-tiep-tai-ban-2024,NXB 8,2010,279
https://cdn1.fahasa.com/media/catalog/product/n/x/nxbtre_full_31532023_025343.jpg,Tiếng Nhật Cho Mọi Người - Sơ Cấp 1 - Bản Tiếng Nhật (Bản Mới) (Tái Bản 2023),148500,51,9780085479405,"Lorem ipsum dolor sit amet, consectetur adipiscing elit. Nam congue vel tellus non luctus. Vestibulum vitae nunc lorem. Sed lacinia lectus vel augue imperdiet ultricies. Donec id venenatis ex, vitae pretium ligula. Sed nulla eros, dignissim at feugiat non, posuere sit amet urna. Ut eu porttitor tellus. Cras eu massa nulla. Morbi porta fermentum elit eu iaculis. Pellentesque hendrerit venenatis purus at feugiat. Pellentesque vitae feugiat purus. Donec mattis rhoncus lacinia. Sed quam diam, molestie id laoreet eu, lacinia ac turpis. Cras tincidunt lobortis elit quis aliquam. Proin et massa libero.

Aliquam id pharetra arcu. Vivamus vitae mattis ligula. Sed efficitur urna vitae scelerisque tempor. Proin purus magna, vulputate eu ligula a, vehicula malesuada enim. Curabitur aliquet rutrum enim et tincidunt. Vestibulum ante ipsum primis in faucibus orci luctus et ultrices posuere cubilia curae; Vivamus pharetra enim leo, nec molestie nibh consectetur quis. Class aptent taciti sociosqu ad litora torquent per conubia nostra, per inceptos himenaeos. Nunc quis maximus elit, vitae pulvinar urna. Integer at mi elit. Phasellus vitae rutrum sem. Vivamus et mauris ac nisl congue congue eu eget elit. Nullam at quam velit. Pellentesque dictum, diam nec tempor aliquet, tortor justo fermentum sapien, at condimentum turpis elit vel sapien. Aenean rutrum tellus sodales tortor viverra eleifend.

Donec facilisis, diam efficitur maximus ultrices, enim lectus rutrum elit, eget malesuada mi justo dapibus enim. Maecenas finibus euismod nulla quis dignissim. Sed dictum ante rutrum turpis euismod laoreet. Sed placerat tellus leo. In ut lobortis lorem. Nullam vitae lectus egestas urna tincidunt aliquet. Ut sagittis vel enim eget malesuada. Cras in congue tortor. Interdum et malesuada fames ac ante ipsum primis in faucibus. Nunc tempus consequat neque, et eleifend nulla aliquam eu.",Author 9,10,tieng-nhat-cho-moi-nguoi-so-cap-1-ban-tieng-nhat-ban-moi-tai-ban-2023,NXB 9,2006,354
https://cdn1.fahasa.com/media/catalog/product/i/m/image_195509_1_26608_1.jpg,2500 Từ Vựng Cần Thiết Cho Kỳ Thi Năng Lực Nhật Ngữ N2 (Tái Bản 2023),114500,51,9780085479406,"Lorem ipsum dolor sit amet, consectetur adipiscing elit. Nam congue vel tellus non luctus. Vestibulum vitae nunc lorem. Sed lacinia lectus vel augue imperdiet ultricies. Donec id venenatis ex, vitae pretium ligula. Sed nulla eros, dignissim at feugiat non, posuere sit amet urna. Ut eu porttitor tellus. Cras eu massa nulla. Morbi porta fermentum elit eu iaculis. Pellentesque hendrerit venenatis purus at feugiat. Pellentesque vitae feugiat purus. Donec mattis rhoncus lacinia. Sed quam diam, molestie id laoreet eu, lacinia ac turpis. Cras tincidunt lobortis elit quis aliquam. Proin et massa libero.

Aliquam id pharetra arcu. Vivamus vitae mattis ligula. Sed efficitur urna vitae scelerisque tempor. Proin purus magna, vulputate eu ligula a, vehicula malesuada enim. Curabitur aliquet rutrum enim et tincidunt. Vestibulum ante ipsum primis in faucibus orci luctus et ultrices posuere cubilia curae; Vivamus pharetra enim leo, nec molestie nibh consectetur quis. Class aptent taciti sociosqu ad litora torquent per conubia nostra, per inceptos himenaeos. Nunc quis maximus elit, vitae pulvinar urna. Integer at mi elit. Phasellus vitae rutrum sem. Vivamus et mauris ac nisl congue congue eu eget elit. Nullam at quam velit. Pellentesque dictum, diam nec tempor aliquet, tortor justo fermentum sapien, at condimentum turpis elit vel sapien. Aenean rutrum tellus sodales tortor viverra eleifend.

Donec facilisis, diam efficitur maximus ultrices, enim lectus rutrum elit, eget malesuada mi justo dapibus enim. Maecenas finibus euismod nulla quis dignissim. Sed dictum ante rutrum turpis euismod laoreet. Sed placerat tellus leo. In ut lobortis lorem. Nullam vitae lectus egestas urna tincidunt aliquet. Ut sagittis vel enim eget malesuada. Cras in congue tortor. Interdum et malesuada fames ac ante ipsum primis in faucibus. Nunc tempus consequat neque, et eleifend nulla aliquam eu.",Author 10,3,2500-tu-vung-can-thiet-cho-ky-thi-nang-luc-nhat-ngu-n2-tai-ban-2023,NXB 10,2022,153
https://cdn1.fahasa.com/media/catalog/product/i/m/image_225251_1.jpg,Marugoto - Ngôn Ngữ Và Văn Hóa Nhật Bản - Trung Cấp 1 - B1 (Tái Bản 2025),167900,51,9780085479407,"Lorem ipsum dolor sit amet, consectetur adipiscing elit. Nam congue vel tellus non luctus. Vestibulum vitae nunc lorem. Sed lacinia lectus vel augue imperdiet ultricies. Donec id venenatis ex, vitae pretium ligula. Sed nulla eros, dignissim at feugiat non, posuere sit amet urna. Ut eu porttitor tellus. Cras eu massa nulla. Morbi porta fermentum elit eu iaculis. Pellentesque hendrerit venenatis purus at feugiat. Pellentesque vitae feugiat purus. Donec mattis rhoncus lacinia. Sed quam diam, molestie id laoreet eu, lacinia ac turpis. Cras tincidunt lobortis elit quis aliquam. Proin et massa libero.

Aliquam id pharetra arcu. Vivamus vitae mattis ligula. Sed efficitur urna vitae scelerisque tempor. Proin purus magna, vulputate eu ligula a, vehicula malesuada enim. Curabitur aliquet rutrum enim et tincidunt. Vestibulum ante ipsum primis in faucibus orci luctus et ultrices posuere cubilia curae; Vivamus pharetra enim leo, nec molestie nibh consectetur quis. Class aptent taciti sociosqu ad litora torquent per conubia nostra, per inceptos himenaeos. Nunc quis maximus elit, vitae pulvinar urna. Integer at mi elit. Phasellus vitae rutrum sem. Vivamus et mauris ac nisl congue congue eu eget elit. Nullam at quam velit. Pellentesque dictum, diam nec tempor aliquet, tortor justo fermentum sapien, at condimentum turpis elit vel sapien. Aenean rutrum tellus sodales tortor viverra eleifend.

Donec facilisis, diam efficitur maximus ultrices, enim lectus rutrum elit, eget malesuada mi justo dapibus enim. Maecenas finibus euismod nulla quis dignissim. Sed dictum ante rutrum turpis euismod laoreet. Sed placerat tellus leo. In ut lobortis lorem. Nullam vitae lectus egestas urna tincidunt aliquet. Ut sagittis vel enim eget malesuada. Cras in congue tortor. Interdum et malesuada fames ac ante ipsum primis in faucibus. Nunc tempus consequat neque, et eleifend nulla aliquam eu.",Author 11,9,marugoto-ngon-ngu-va-van-hoa-nhat-ban-trung-cap-1-b1-tai-ban-2025,NXB 11,2005,211
https://cdn1.fahasa.com/media/catalog/product/m/a/marugoto---rikai---hieu-biet-ngo.jpg,Marugoto - Ngôn Ngữ Và Văn Hóa Nhật Bản - Nhập Môn A1 - Hiểu Biết Ngôn Ngữ (Tái Bản 2024),138700,51,9780085479408,"Lorem ipsum dolor sit amet, consectetur adipiscing elit. Nam congue vel tellus non luctus. Vestibulum vitae nunc lorem. Sed lacinia lectus vel augue imperdiet ultricies. Donec id venenatis ex, vitae pretium ligula. Sed nulla eros, dignissim at feugiat non, posuere sit amet urna. Ut eu porttitor tellus. Cras eu massa nulla. Morbi porta fermentum elit eu iaculis. Pellentesque hendrerit venenatis purus at feugiat. Pellentesque vitae feugiat purus. Donec mattis rhoncus lacinia. Sed quam diam, molestie id laoreet eu, lacinia ac turpis. Cras tincidunt lobortis elit quis aliquam. Proin et massa libero.

Aliquam id pharetra arcu. Vivamus vitae mattis ligula. Sed efficitur urna vitae scelerisque tempor. Proin purus magna, vulputate eu ligula a, vehicula malesuada enim. Curabitur aliquet rutrum enim et tincidunt. Vestibulum ante ipsum primis in faucibus orci luctus et ultrices posuere cubilia curae; Vivamus pharetra enim leo, nec molestie nibh consectetur quis. Class aptent taciti sociosqu ad litora torquent per conubia nostra, per inceptos himenaeos. Nunc quis maximus elit, vitae pulvinar urna. Integer at mi elit. Phasellus vitae rutrum sem. Vivamus et mauris ac nisl congue congue eu eget elit. Nullam at quam velit. Pellentesque dictum, diam nec tempor aliquet, tortor justo fermentum sapien, at condimentum turpis elit vel sapien. Aenean rutrum tellus sodales tortor viverra eleifend.

Donec facilisis, diam efficitur maximus ultrices, enim lectus rutrum elit, eget malesuada mi justo dapibus enim. Maecenas finibus euismod nulla quis dignissim. Sed dictum ante rutrum turpis euismod laoreet. Sed placerat tellus leo. In ut lobortis lorem. Nullam vitae lectus egestas urna tincidunt aliquet. Ut sagittis vel enim eget malesuada. Cras in congue tortor. Interdum et malesuada fames ac ante ipsum primis in faucibus. Nunc tempus consequat neque, et eleifend nulla aliquam eu.",Author 12,9,marugoto-ngon-ngu-va-van-hoa-nhat-ban-nhap-mon-a1-hieu-biet-ngon-ngu-tai-ban-2024,NXB 12,2005,362
https://cdn1.fahasa.com/media/catalog/product/i/m/image_195509_1_26610.jpg,N4 - 1500 Từ Vựng Cần Thiết Cho Kỳ Thi Năng Lực Nhật Ngữ,66000,51,9780085479409,"Lorem ipsum dolor sit amet, consectetur adipiscing elit. Nam congue vel tellus non luctus. Vestibulum vitae nunc lorem. Sed lacinia lectus vel augue imperdiet ultricies. Donec id venenatis ex, vitae pretium ligula. Sed nulla eros, dignissim at feugiat non, posuere sit amet urna. Ut eu porttitor tellus. Cras eu massa nulla. Morbi porta fermentum elit eu iaculis. Pellentesque hendrerit venenatis purus at feugiat. Pellentesque vitae feugiat purus. Donec mattis rhoncus lacinia. Sed quam diam, molestie id laoreet eu, lacinia ac turpis. Cras tincidunt lobortis elit quis aliquam. Proin et massa libero.

Aliquam id pharetra arcu. Vivamus vitae mattis ligula. Sed efficitur urna vitae scelerisque tempor. Proin purus magna, vulputate eu ligula a, vehicula malesuada enim. Curabitur aliquet rutrum enim et tincidunt. Vestibulum ante ipsum primis in faucibus orci luctus et ultrices posuere cubilia curae; Vivamus pharetra enim leo, nec molestie nibh consectetur quis. Class aptent taciti sociosqu ad litora torquent per conubia nostra, per inceptos himenaeos. Nunc quis maximus elit, vitae pulvinar urna. Integer at mi elit. Phasellus vitae rutrum sem. Vivamus et mauris ac nisl congue congue eu eget elit. Nullam at quam velit. Pellentesque dictum, diam nec tempor aliquet, tortor justo fermentum sapien, at condimentum turpis elit vel sapien. Aenean rutrum tellus sodales tortor viverra eleifend.

Donec facilisis, diam efficitur maximus ultrices, enim lectus rutrum elit, eget malesuada mi justo dapibus enim. Maecenas finibus euismod nulla quis dignissim. Sed dictum ante rutrum turpis euismod laoreet. Sed placerat tellus leo. In ut lobortis lorem. Nullam vitae lectus egestas urna tincidunt aliquet. Ut sagittis vel enim eget malesuada. Cras in congue tortor. Interdum et malesuada fames ac ante ipsum primis in faucibus. Nunc tempus consequat neque, et eleifend nulla aliquam eu.",Author 13,6,n4-1500-tu-vung-can-thiet-cho-ky-thi-nang-luc-nhat-ngu,NXB 13,2022,184
https://cdn1.fahasa.com/media/catalog/product/i/m/image_225277.jpg,Try! Thi Năng Lực Nhật Ngữ N5 - Phát Triển Các Kỹ Năng Tiếng Nhật Từ Ngữ Pháp (Phiên Bản Tiếng Việt),76500,51,9780085479410,"Lorem ipsum dolor sit amet, consectetur adipiscing elit. Nam congue vel tellus non luctus. Vestibulum vitae nunc lorem. Sed lacinia lectus vel augue imperdiet ultricies. Donec id venenatis ex, vitae pretium ligula. Sed nulla eros, dignissim at feugiat non, posuere sit amet urna. Ut eu porttitor tellus. Cras eu massa nulla. Morbi porta fermentum elit eu iaculis. Pellentesque hendrerit venenatis purus at feugiat. Pellentesque vitae feugiat purus. Donec mattis rhoncus lacinia. Sed quam diam, molestie id laoreet eu, lacinia ac turpis. Cras tincidunt lobortis elit quis aliquam. Proin et massa libero.

Aliquam id pharetra arcu. Vivamus vitae mattis ligula. Sed efficitur urna vitae scelerisque tempor. Proin purus magna, vulputate eu ligula a, vehicula malesuada enim. Curabitur aliquet rutrum enim et tincidunt. Vestibulum ante ipsum primis in faucibus orci luctus et ultrices posuere cubilia curae; Vivamus pharetra enim leo, nec molestie nibh consectetur quis. Class aptent taciti sociosqu ad litora torquent per conubia nostra, per inceptos himenaeos. Nunc quis maximus elit, vitae pulvinar urna. Integer at mi elit. Phasellus vitae rutrum sem. Vivamus et mauris ac nisl congue congue eu eget elit. Nullam at quam velit. Pellentesque dictum, diam nec tempor aliquet, tortor justo fermentum sapien, at condimentum turpis elit vel sapien. Aenean rutrum tellus sodales tortor viverra eleifend.

Donec facilisis, diam efficitur maximus ultrices, enim lectus rutrum elit, eget malesuada mi justo dapibus enim. Maecenas finibus euismod nulla quis dignissim. Sed dictum ante rutrum turpis euismod laoreet. Sed placerat tellus leo. In ut lobortis lorem. Nullam vitae lectus egestas urna tincidunt aliquet. Ut sagittis vel enim eget malesuada. Cras in congue tortor. Interdum et malesuada fames ac ante ipsum primis in faucibus. Nunc tempus consequat neque, et eleifend nulla aliquam eu.",Author 14,7,try-thi-nang-luc-nhat-ngu-n5-phat-trien-cac-ky-nang-tieng-nhat-tu-ngu-phap-phien-ban-tieng-viet,NXB 14,2017,489
https://cdn1.fahasa.com/media/catalog/product/i/m/image_195509_1_26611.jpg,N5 - 1000 Từ Vựng Cần Thiết Cho Kỳ Thi Năng Lực Nhật Ngữ,61000,51,9780085479411,"Lorem ipsum dolor sit amet, consectetur adipiscing elit. Nam congue vel tellus non luctus. Vestibulum vitae nunc lorem. Sed lacinia lectus vel augue imperdiet ultricies. Donec id venenatis ex, vitae pretium ligula. Sed nulla eros, dignissim at feugiat non, posuere sit amet urna. Ut eu porttitor tellus. Cras eu massa nulla. Morbi porta fermentum elit eu iaculis. Pellentesque hendrerit venenatis purus at feugiat. Pellentesque vitae feugiat purus. Donec mattis rhoncus lacinia. Sed quam diam, molestie id laoreet eu, lacinia ac turpis. Cras tincidunt lobortis elit quis aliquam. Proin et massa libero.

Aliquam id pharetra arcu. Vivamus vitae mattis ligula. Sed efficitur urna vitae scelerisque tempor. Proin purus magna, vulputate eu ligula a, vehicula malesuada enim. Curabitur aliquet rutrum enim et tincidunt. Vestibulum ante ipsum primis in faucibus orci luctus et ultrices posuere cubilia curae; Vivamus pharetra enim leo, nec molestie nibh consectetur quis. Class aptent taciti sociosqu ad litora torquent per conubia nostra, per inceptos himenaeos. Nunc quis maximus elit, vitae pulvinar urna. Integer at mi elit. Phasellus vitae rutrum sem. Vivamus et mauris ac nisl congue congue eu eget elit. Nullam at quam velit. Pellentesque dictum, diam nec tempor aliquet, tortor justo fermentum sapien, at condimentum turpis elit vel sapien. Aenean rutrum tellus sodales tortor viverra eleifend.

Donec facilisis, diam efficitur maximus ultrices, enim lectus rutrum elit, eget malesuada mi justo dapibus enim. Maecenas finibus euismod nulla quis dignissim. Sed dictum ante rutrum turpis euismod laoreet. Sed placerat tellus leo. In ut lobortis lorem. Nullam vitae lectus egestas urna tincidunt aliquet. Ut sagittis vel enim eget malesuada. Cras in congue tortor. Interdum et malesuada fames ac ante ipsum primis in faucibus. Nunc tempus consequat neque, et eleifend nulla aliquam eu.",Author 15,8,n5-1000-tu-vung-can-thiet-cho-ky-thi-nang-luc-nhat-ngu,NXB 15,2020,496
https://cdn1.fahasa.com/media/catalog/product/k/e/keep-it-up-t_p-vi_t-ti_ng-nh_t.jpg,Keep It Up - Tập Viết Tiếng Nhật Theo Bảng Chữ Cái Hiragana,50000,51,9780085479412,"Lorem ipsum dolor sit amet, consectetur adipiscing elit. Nam congue vel tellus non luctus. Vestibulum vitae nunc lorem. Sed lacinia lectus vel augue imperdiet ultricies. Donec id venenatis ex, vitae pretium ligula. Sed nulla eros, dignissim at feugiat non, posuere sit amet urna. Ut eu porttitor tellus. Cras eu massa nulla. Morbi porta fermentum elit eu iaculis. Pellentesque hendrerit venenatis purus at feugiat. Pellentesque vitae feugiat purus. Donec mattis rhoncus lacinia. Sed quam diam, molestie id laoreet eu, lacinia ac turpis. Cras tincidunt lobortis elit quis aliquam. Proin et massa libero.

Aliquam id pharetra arcu. Vivamus vitae mattis ligula. Sed efficitur urna vitae scelerisque tempor. Proin purus magna, vulputate eu ligula a, vehicula malesuada enim. Curabitur aliquet rutrum enim et tincidunt. Vestibulum ante ipsum primis in faucibus orci luctus et ultrices posuere cubilia curae; Vivamus pharetra enim leo, nec molestie nibh consectetur quis. Class aptent taciti sociosqu ad litora torquent per conubia nostra, per inceptos himenaeos. Nunc quis maximus elit, vitae pulvinar urna. Integer at mi elit. Phasellus vitae rutrum sem. Vivamus et mauris ac nisl congue congue eu eget elit. Nullam at quam velit. Pellentesque dictum, diam nec tempor aliquet, tortor justo fermentum sapien, at condimentum turpis elit vel sapien. Aenean rutrum tellus sodales tortor viverra eleifend.

Donec facilisis, diam efficitur maximus ultrices, enim lectus rutrum elit, eget malesuada mi justo dapibus enim. Maecenas finibus euismod nulla quis dignissim. Sed dictum ante rutrum turpis euismod laoreet. Sed placerat tellus leo. In ut lobortis lorem. Nullam vitae lectus egestas urna tincidunt aliquet. Ut sagittis vel enim eget malesuada. Cras in congue tortor. Interdum et malesuada fames ac ante ipsum primis in faucibus. Nunc tempus consequat neque, et eleifend nulla aliquam eu.",Author 16,4,keep-it-up-tap-viet-tieng-nhat-theo-bang-chu-cai-hiragana,NXB 16,2022,406
https://cdn1.fahasa.com/media/catalog/product/8/9/8935086856680.jpg,Marugoto - Ngôn Ngữ Và Văn Hóa Nhật Bản - Sơ Cấp 1 - A2 - Hoạt Động Giao Tiếp (Tái Bản 2023),138700,51,9780085479413,"Lorem ipsum dolor sit amet, consectetur adipiscing elit. Nam congue vel tellus non luctus. Vestibulum vitae nunc lorem. Sed lacinia lectus vel augue imperdiet ultricies. Donec id venenatis ex, vitae pretium ligula. Sed nulla eros, dignissim at feugiat non, posuere sit amet urna. Ut eu porttitor tellus. Cras eu massa nulla. Morbi porta fermentum elit eu iaculis. Pellentesque hendrerit venenatis purus at feugiat. Pellentesque vitae feugiat purus. Donec mattis rhoncus lacinia. Sed quam diam, molestie id laoreet eu, lacinia ac turpis. Cras tincidunt lobortis elit quis aliquam. Proin et massa libero.

Aliquam id pharetra arcu. Vivamus vitae mattis ligula. Sed efficitur urna vitae scelerisque tempor. Proin purus magna, vulputate eu ligula a, vehicula malesuada enim. Curabitur aliquet rutrum enim et tincidunt. Vestibulum ante ipsum primis in faucibus orci luctus et ultrices posuere cubilia curae; Vivamus pharetra enim leo, nec molestie nibh consectetur quis. Class aptent taciti sociosqu ad litora torquent per conubia nostra, per inceptos himenaeos. Nunc quis maximus elit, vitae pulvinar urna. Integer at mi elit. Phasellus vitae rutrum sem. Vivamus et mauris ac nisl congue congue eu eget elit. Nullam at quam velit. Pellentesque dictum, diam nec tempor aliquet, tortor justo fermentum sapien, at condimentum turpis elit vel sapien. Aenean rutrum tellus sodales tortor viverra eleifend.

Donec facilisis, diam efficitur maximus ultrices, enim lectus rutrum elit, eget malesuada mi justo dapibus enim. Maecenas finibus euismod nulla quis dignissim. Sed dictum ante rutrum turpis euismod laoreet. Sed placerat tellus leo. In ut lobortis lorem. Nullam vitae lectus egestas urna tincidunt aliquet. Ut sagittis vel enim eget malesuada. Cras in congue tortor. Interdum et malesuada fames ac ante ipsum primis in faucibus. Nunc tempus consequat neque, et eleifend nulla aliquam eu.",Author 17,8,marugoto-ngon-ngu-va-van-hoa-nhat-ban-so-cap-1-a2-hoat-dong-giao-tiep-tai-ban-2023,NXB 17,2006,149
https://cdn1.fahasa.com/media/catalog/product/u/n/untitled-2_68_2.jpg,Tập Viết Tiếng Nhật Bảng Chữ Cái Katakana,53000,51,9780085479414,"Lorem ipsum dolor sit amet, consectetur adipiscing elit. Nam congue vel tellus non luctus. Vestibulum vitae nunc lorem. Sed lacinia lectus vel augue imperdiet ultricies. Donec id venenatis ex, vitae pretium ligula. Sed nulla eros, dignissim at feugiat non, posuere sit amet urna. Ut eu porttitor tellus. Cras eu massa nulla. Morbi porta fermentum elit eu iaculis. Pellentesque hendrerit venenatis purus at feugiat. Pellentesque vitae feugiat purus. Donec mattis rhoncus lacinia. Sed quam diam, molestie id laoreet eu, lacinia ac turpis. Cras tincidunt lobortis elit quis aliquam. Proin et massa libero.

Aliquam id pharetra arcu. Vivamus vitae mattis ligula. Sed efficitur urna vitae scelerisque tempor. Proin purus magna, vulputate eu ligula a, vehicula malesuada enim. Curabitur aliquet rutrum enim et tincidunt. Vestibulum ante ipsum primis in faucibus orci luctus et ultrices posuere cubilia curae; Vivamus pharetra enim leo, nec molestie nibh consectetur quis. Class aptent taciti sociosqu ad litora torquent per conubia nostra, per inceptos himenaeos. Nunc quis maximus elit, vitae pulvinar urna. Integer at mi elit. Phasellus vitae rutrum sem. Vivamus et mauris ac nisl congue congue eu eget elit. Nullam at quam velit. Pellentesque dictum, diam nec tempor aliquet, tortor justo fermentum sapien, at condimentum turpis elit vel sapien. Aenean rutrum tellus sodales tortor viverra eleifend.

Donec facilisis, diam efficitur maximus ultrices, enim lectus rutrum elit, eget malesuada mi justo dapibus enim. Maecenas finibus euismod nulla quis dignissim. Sed dictum ante rutrum turpis euismod laoreet. Sed placerat tellus leo. In ut lobortis lorem. Nullam vitae lectus egestas urna tincidunt aliquet. Ut sagittis vel enim eget malesuada. Cras in congue tortor. Interdum et malesuada fames ac ante ipsum primis in faucibus. Nunc tempus consequat neque, et eleifend nulla aliquam eu.",Author 18,2,tap-viet-tieng-nhat-bang-chu-cai-katakana,NXB 18,2001,271
https://cdn1.fahasa.com/media/catalog/product/i/m/image_195509_1_26609_1.jpg,2000 Từ Vựng Cần Thiết Cho Kỳ Thi Năng Lực Nhật Ngữ N3 (Tái Bản 2025),110500,51,9780085479415,"Lorem ipsum dolor sit amet, consectetur adipiscing elit. Nam congue vel tellus non luctus. Vestibulum vitae nunc lorem. Sed lacinia lectus vel augue imperdiet ultricies. Donec id venenatis ex, vitae pretium ligula. Sed nulla eros, dignissim at feugiat non, posuere sit amet urna. Ut eu porttitor tellus. Cras eu massa nulla. Morbi porta fermentum elit eu iaculis. Pellentesque hendrerit venenatis purus at feugiat. Pellentesque vitae feugiat purus. Donec mattis rhoncus lacinia. Sed quam diam, molestie id laoreet eu, lacinia ac turpis. Cras tincidunt lobortis elit quis aliquam. Proin et massa libero.

Aliquam id pharetra arcu. Vivamus vitae mattis ligula. Sed efficitur urna vitae scelerisque tempor. Proin purus magna, vulputate eu ligula a, vehicula malesuada enim. Curabitur aliquet rutrum enim et tincidunt. Vestibulum ante ipsum primis in faucibus orci luctus et ultrices posuere cubilia curae; Vivamus pharetra enim leo, nec molestie nibh consectetur quis. Class aptent taciti sociosqu ad litora torquent per conubia nostra, per inceptos himenaeos. Nunc quis maximus elit, vitae pulvinar urna. Integer at mi elit. Phasellus vitae rutrum sem. Vivamus et mauris ac nisl congue congue eu eget elit. Nullam at quam velit. Pellentesque dictum, diam nec tempor aliquet, tortor justo fermentum sapien, at condimentum turpis elit vel sapien. Aenean rutrum tellus sodales tortor viverra eleifend.

Donec facilisis, diam efficitur maximus ultrices, enim lectus rutrum elit, eget malesuada mi justo dapibus enim. Maecenas finibus euismod nulla quis dignissim. Sed dictum ante rutrum turpis euismod laoreet. Sed placerat tellus leo. In ut lobortis lorem. Nullam vitae lectus egestas urna tincidunt aliquet. Ut sagittis vel enim eget malesuada. Cras in congue tortor. Interdum et malesuada fames ac ante ipsum primis in faucibus. Nunc tempus consequat neque, et eleifend nulla aliquam eu.",Author 19,4,2000-tu-vung-can-thiet-cho-ky-thi-nang-luc-nhat-ngu-n3-tai-ban-2025,NXB 19,2023,147
https://cdn1.fahasa.com/media/catalog/product/r/i/rikai_2.jpg,Marugoto - Ngôn Ngữ Và Văn Hoá Nhật Bản - Hiểu Biết Ngôn Ngữ - Sơ Cấp 1 - A2 (Tái Bản 2024),138700,51,9780085479416,"Lorem ipsum dolor sit amet, consectetur adipiscing elit. Nam congue vel tellus non luctus. Vestibulum vitae nunc lorem. Sed lacinia lectus vel augue imperdiet ultricies. Donec id venenatis ex, vitae pretium ligula. Sed nulla eros, dignissim at feugiat non, posuere sit amet urna. Ut eu porttitor tellus. Cras eu massa nulla. Morbi porta fermentum elit eu iaculis. Pellentesque hendrerit venenatis purus at feugiat. Pellentesque vitae feugiat purus. Donec mattis rhoncus lacinia. Sed quam diam, molestie id laoreet eu, lacinia ac turpis. Cras tincidunt lobortis elit quis aliquam. Proin et massa libero.

Aliquam id pharetra arcu. Vivamus vitae mattis ligula. Sed efficitur urna vitae scelerisque tempor. Proin purus magna, vulputate eu ligula a, vehicula malesuada enim. Curabitur aliquet rutrum enim et tincidunt. Vestibulum ante ipsum primis in faucibus orci luctus et ultrices posuere cubilia curae; Vivamus pharetra enim leo, nec molestie nibh consectetur quis. Class aptent taciti sociosqu ad litora torquent per conubia nostra, per inceptos himenaeos. Nunc quis maximus elit, vitae pulvinar urna. Integer at mi elit. Phasellus vitae rutrum sem. Vivamus et mauris ac nisl congue congue eu eget elit. Nullam at quam velit. Pellentesque dictum, diam nec tempor aliquet, tortor justo fermentum sapien, at condimentum turpis elit vel sapien. Aenean rutrum tellus sodales tortor viverra eleifend.

Donec facilisis, diam efficitur maximus ultrices, enim lectus rutrum elit, eget malesuada mi justo dapibus enim. Maecenas finibus euismod nulla quis dignissim. Sed dictum ante rutrum turpis euismod laoreet. Sed placerat tellus leo. In ut lobortis lorem. Nullam vitae lectus egestas urna tincidunt aliquet. Ut sagittis vel enim eget malesuada. Cras in congue tortor. Interdum et malesuada fames ac ante ipsum primis in faucibus. Nunc tempus consequat neque, et eleifend nulla aliquam eu.",Author 20,6,marugoto-ngon-ngu-va-van-hoa-nhat-ban-hieu-biet-ngon-ngu-so-cap-1-a2-tai-ban-2024,NXB 20,2001,110
https://cdn1.fahasa.com/media/catalog/product/i/m/image_195509_1_29720.jpg,Luyện Thi Năng Lực Nhật Ngữ N2 - Hán Tự (Tái Bản 2020),72000,51,9780085479417,"Lorem ipsum dolor sit amet, consectetur adipiscing elit. Nam congue vel tellus non luctus. Vestibulum vitae nunc lorem. Sed lacinia lectus vel augue imperdiet ultricies. Donec id venenatis ex, vitae pretium ligula. Sed nulla eros, dignissim at feugiat non, posuere sit amet urna. Ut eu porttitor tellus. Cras eu massa nulla. Morbi porta fermentum elit eu iaculis. Pellentesque hendrerit venenatis purus at feugiat. Pellentesque vitae feugiat purus. Donec mattis rhoncus lacinia. Sed quam diam, molestie id laoreet eu, lacinia ac turpis. Cras tincidunt lobortis elit quis aliquam. Proin et massa libero.

Aliquam id pharetra arcu. Vivamus vitae mattis ligula. Sed efficitur urna vitae scelerisque tempor. Proin purus magna, vulputate eu ligula a, vehicula malesuada enim. Curabitur aliquet rutrum enim et tincidunt. Vestibulum ante ipsum primis in faucibus orci luctus et ultrices posuere cubilia curae; Vivamus pharetra enim leo, nec molestie nibh consectetur quis. Class aptent taciti sociosqu ad litora torquent per conubia nostra, per inceptos himenaeos. Nunc quis maximus elit, vitae pulvinar urna. Integer at mi elit. Phasellus vitae rutrum sem. Vivamus et mauris ac nisl congue congue eu eget elit. Nullam at quam velit. Pellentesque dictum, diam nec tempor aliquet, tortor justo fermentum sapien, at condimentum turpis elit vel sapien. Aenean rutrum tellus sodales tortor viverra eleifend.

Donec facilisis, diam efficitur maximus ultrices, enim lectus rutrum elit, eget malesuada mi justo dapibus enim. Maecenas finibus euismod nulla quis dignissim. Sed dictum ante rutrum turpis euismod laoreet. Sed placerat tellus leo. In ut lobortis lorem. Nullam vitae lectus egestas urna tincidunt aliquet. Ut sagittis vel enim eget malesuada. Cras in congue tortor. Interdum et malesuada fames ac ante ipsum primis in faucibus. Nunc tempus consequat neque, et eleifend nulla aliquam eu.",Author 21,2,luyen-thi-nang-luc-nhat-ngu-n2-han-tu-tai-ban-2020,NXB 21,2002,371
https://cdn1.fahasa.com/media/catalog/product/8/9/8935246946022.jpg,2000 Từ Vựng Tiếng Nhật Thông Dụng - Sơ Cấp,56500,51,9780085479418,"Lorem ipsum dolor sit amet, consectetur adipiscing elit. Nam congue vel tellus non luctus. Vestibulum vitae nunc lorem. Sed lacinia lectus vel augue imperdiet ultricies. Donec id venenatis ex, vitae pretium ligula. Sed nulla eros, dignissim at feugiat non, posuere sit amet urna. Ut eu porttitor tellus. Cras eu massa nulla. Morbi porta fermentum elit eu iaculis. Pellentesque hendrerit venenatis purus at feugiat. Pellentesque vitae feugiat purus. Donec mattis rhoncus lacinia. Sed quam diam, molestie id laoreet eu, lacinia ac turpis. Cras tincidunt lobortis elit quis aliquam. Proin et massa libero.

Aliquam id pharetra arcu. Vivamus vitae mattis ligula. Sed efficitur urna vitae scelerisque tempor. Proin purus magna, vulputate eu ligula a, vehicula malesuada enim. Curabitur aliquet rutrum enim et tincidunt. Vestibulum ante ipsum primis in faucibus orci luctus et ultrices posuere cubilia curae; Vivamus pharetra enim leo, nec molestie nibh consectetur quis. Class aptent taciti sociosqu ad litora torquent per conubia nostra, per inceptos himenaeos. Nunc quis maximus elit, vitae pulvinar urna. Integer at mi elit. Phasellus vitae rutrum sem. Vivamus et mauris ac nisl congue congue eu eget elit. Nullam at quam velit. Pellentesque dictum, diam nec tempor aliquet, tortor justo fermentum sapien, at condimentum turpis elit vel sapien. Aenean rutrum tellus sodales tortor viverra eleifend.

Donec facilisis, diam efficitur maximus ultrices, enim lectus rutrum elit, eget malesuada mi justo dapibus enim. Maecenas finibus euismod nulla quis dignissim. Sed dictum ante rutrum turpis euismod laoreet. Sed placerat tellus leo. In ut lobortis lorem. Nullam vitae lectus egestas urna tincidunt aliquet. Ut sagittis vel enim eget malesuada. Cras in congue tortor. Interdum et malesuada fames ac ante ipsum primis in faucibus. Nunc tempus consequat neque, et eleifend nulla aliquam eu.",Author 22,5,2000-tu-vung-tieng-nhat-thong-dung-so-cap,NXB 22,2010,413
https://cdn1.fahasa.com/media/catalog/product/i/m/image_192205.jpg,Tiếng Nhật Sơ Cấp 1: 25 Bài Đọc Hiểu Trình Độ Sơ Cấp,46500,51,9780085479419,"Lorem ipsum dolor sit amet, consectetur adipiscing elit. Nam congue vel tellus non luctus. Vestibulum vitae nunc lorem. Sed lacinia lectus vel augue imperdiet ultricies. Donec id venenatis ex, vitae pretium ligula. Sed nulla eros, dignissim at feugiat non, posuere sit amet urna. Ut eu porttitor tellus. Cras eu massa nulla. Morbi porta fermentum elit eu iaculis. Pellentesque hendrerit venenatis purus at feugiat. Pellentesque vitae feugiat purus. Donec mattis rhoncus lacinia. Sed quam diam, molestie id laoreet eu, lacinia ac turpis. Cras tincidunt lobortis elit quis aliquam. Proin et massa libero.

Aliquam id pharetra arcu. Vivamus vitae mattis ligula. Sed efficitur urna vitae scelerisque tempor. Proin purus magna, vulputate eu ligula a, vehicula malesuada enim. Curabitur aliquet rutrum enim et tincidunt. Vestibulum ante ipsum primis in faucibus orci luctus et ultrices posuere cubilia curae; Vivamus pharetra enim leo, nec molestie nibh consectetur quis. Class aptent taciti sociosqu ad litora torquent per conubia nostra, per inceptos himenaeos. Nunc quis maximus elit, vitae pulvinar urna. Integer at mi elit. Phasellus vitae rutrum sem. Vivamus et mauris ac nisl congue congue eu eget elit. Nullam at quam velit. Pellentesque dictum, diam nec tempor aliquet, tortor justo fermentum sapien, at condimentum turpis elit vel sapien. Aenean rutrum tellus sodales tortor viverra eleifend.

Donec facilisis, diam efficitur maximus ultrices, enim lectus rutrum elit, eget malesuada mi justo dapibus enim. Maecenas finibus euismod nulla quis dignissim. Sed dictum ante rutrum turpis euismod laoreet. Sed placerat tellus leo. In ut lobortis lorem. Nullam vitae lectus egestas urna tincidunt aliquet. Ut sagittis vel enim eget malesuada. Cras in congue tortor. Interdum et malesuada fames ac ante ipsum primis in faucibus. Nunc tempus consequat neque, et eleifend nulla aliquam eu.",Author 23,10,tieng-nhat-so-cap-1-25-bai-doc-hieu-trinh-do-so-cap,NXB 23,2010,215
https://cdn1.fahasa.com/media/catalog/product/9/7/9786044022697-1.jpg,6000 Câu Giao Tiếp Tiếng Nhật,48000,51,9780085479420,"Lorem ipsum dolor sit amet, consectetur adipiscing elit. Nam congue vel tellus non luctus. Vestibulum vitae nunc lorem. Sed lacinia lectus vel augue imperdiet ultricies. Donec id venenatis ex, vitae pretium ligula. Sed nulla eros, dignissim at feugiat non, posuere sit amet urna. Ut eu porttitor tellus. Cras eu massa nulla. Morbi porta fermentum elit eu iaculis. Pellentesque hendrerit venenatis purus at feugiat. Pellentesque vitae feugiat purus. Donec mattis rhoncus lacinia. Sed quam diam, molestie id laoreet eu, lacinia ac turpis. Cras tincidunt lobortis elit quis aliquam. Proin et massa libero.

Aliquam id pharetra arcu. Vivamus vitae mattis ligula. Sed efficitur urna vitae scelerisque tempor. Proin purus magna, vulputate eu ligula a, vehicula malesuada enim. Curabitur aliquet rutrum enim et tincidunt. Vestibulum ante ipsum primis in faucibus orci luctus et ultrices posuere cubilia curae; Vivamus pharetra enim leo, nec molestie nibh consectetur quis. Class aptent taciti sociosqu ad litora torquent per conubia nostra, per inceptos himenaeos. Nunc quis maximus elit, vitae pulvinar urna. Integer at mi elit. Phasellus vitae rutrum sem. Vivamus et mauris ac nisl congue congue eu eget elit. Nullam at quam velit. Pellentesque dictum, diam nec tempor aliquet, tortor justo fermentum sapien, at condimentum turpis elit vel sapien. Aenean rutrum tellus sodales tortor viverra eleifend.

Donec facilisis, diam efficitur maximus ultrices, enim lectus rutrum elit, eget malesuada mi justo dapibus enim. Maecenas finibus euismod nulla quis dignissim. Sed dictum ante rutrum turpis euismod laoreet. Sed placerat tellus leo. In ut lobortis lorem. Nullam vitae lectus egestas urna tincidunt aliquet. Ut sagittis vel enim eget malesuada. Cras in congue tortor. Interdum et malesuada fames ac ante ipsum primis in faucibus. Nunc tempus consequat neque, et eleifend nulla aliquam eu.",Author 24,3,6000-cau-giao-tiep-tieng-nhat,NXB 24,2024,384
https://cdn1.fahasa.com/media/catalog/product/i/m/image_233212.jpg,Luyện Thi Năng Lực Tiếng Nhật N4 - Ngữ Pháp,113500,51,9780085479421,"Lorem ipsum dolor sit amet, consectetur adipiscing elit. Nam congue vel tellus non luctus. Vestibulum vitae nunc lorem. Sed lacinia lectus vel augue imperdiet ultricies. Donec id venenatis ex, vitae pretium ligula. Sed nulla eros, dignissim at feugiat non, posuere sit amet urna. Ut eu porttitor tellus. Cras eu massa nulla. Morbi porta fermentum elit eu iaculis. Pellentesque hendrerit venenatis purus at feugiat. Pellentesque vitae feugiat purus. Donec mattis rhoncus lacinia. Sed quam diam, molestie id laoreet eu, lacinia ac turpis. Cras tincidunt lobortis elit quis aliquam. Proin et massa libero.

Aliquam id pharetra arcu. Vivamus vitae mattis ligula. Sed efficitur urna vitae scelerisque tempor. Proin purus magna, vulputate eu ligula a, vehicula malesuada enim. Curabitur aliquet rutrum enim et tincidunt. Vestibulum ante ipsum primis in faucibus orci luctus et ultrices posuere cubilia curae; Vivamus pharetra enim leo, nec molestie nibh consectetur quis. Class aptent taciti sociosqu ad litora torquent per conubia nostra, per inceptos himenaeos. Nunc quis maximus elit, vitae pulvinar urna. Integer at mi elit. Phasellus vitae rutrum sem. Vivamus et mauris ac nisl congue congue eu eget elit. Nullam at quam velit. Pellentesque dictum, diam nec tempor aliquet, tortor justo fermentum sapien, at condimentum turpis elit vel sapien. Aenean rutrum tellus sodales tortor viverra eleifend.

Donec facilisis, diam efficitur maximus ultrices, enim lectus rutrum elit, eget malesuada mi justo dapibus enim. Maecenas finibus euismod nulla quis dignissim. Sed dictum ante rutrum turpis euismod laoreet. Sed placerat tellus leo. In ut lobortis lorem. Nullam vitae lectus egestas urna tincidunt aliquet. Ut sagittis vel enim eget malesuada. Cras in congue tortor. Interdum et malesuada fames ac ante ipsum primis in faucibus. Nunc tempus consequat neque, et eleifend nulla aliquam eu.",Author 25,10,luyen-thi-nang-luc-tieng-nhat-n4-ngu-phap,NXB 25,2012,454
https://cdn1.fahasa.com/media/catalog/product/9/7/9786048892869.jpg,Chinh Phục Tiếng Nhật - Tập Viết Chữ Kanji,57000,51,9780085479422,"Lorem ipsum dolor sit amet, consectetur adipiscing elit. Nam congue vel tellus non luctus. Vestibulum vitae nunc lorem. Sed lacinia lectus vel augue imperdiet ultricies. Donec id venenatis ex, vitae pretium ligula. Sed nulla eros, dignissim at feugiat non, posuere sit amet urna. Ut eu porttitor tellus. Cras eu massa nulla. Morbi porta fermentum elit eu iaculis. Pellentesque hendrerit venenatis purus at feugiat. Pellentesque vitae feugiat purus. Donec mattis rhoncus lacinia. Sed quam diam, molestie id laoreet eu, lacinia ac turpis. Cras tincidunt lobortis elit quis aliquam. Proin et massa libero.

Aliquam id pharetra arcu. Vivamus vitae mattis ligula. Sed efficitur urna vitae scelerisque tempor. Proin purus magna, vulputate eu ligula a, vehicula malesuada enim. Curabitur aliquet rutrum enim et tincidunt. Vestibulum ante ipsum primis in faucibus orci luctus et ultrices posuere cubilia curae; Vivamus pharetra enim leo, nec molestie nibh consectetur quis. Class aptent taciti sociosqu ad litora torquent per conubia nostra, per inceptos himenaeos. Nunc quis maximus elit, vitae pulvinar urna. Integer at mi elit. Phasellus vitae rutrum sem. Vivamus et mauris ac nisl congue congue eu eget elit. Nullam at quam velit. Pellentesque dictum, diam nec tempor aliquet, tortor justo fermentum sapien, at condimentum turpis elit vel sapien. Aenean rutrum tellus sodales tortor viverra eleifend.

Donec facilisis, diam efficitur maximus ultrices, enim lectus rutrum elit, eget malesuada mi justo dapibus enim. Maecenas finibus euismod nulla quis dignissim. Sed dictum ante rutrum turpis euismod laoreet. Sed placerat tellus leo. In ut lobortis lorem. Nullam vitae lectus egestas urna tincidunt aliquet. Ut sagittis vel enim eget malesuada. Cras in congue tortor. Interdum et malesuada fames ac ante ipsum primis in faucibus. Nunc tempus consequat neque, et eleifend nulla aliquam eu.",Author 26,4,chinh-phuc-tieng-nhat-tap-viet-chu-kanji,NXB 26,2009,299
https://cdn1.fahasa.com/media/catalog/product/s/g/sg-11134275-81zu1-mifg12nkmygyc2-dd.jpg,Tự Học 3000 Câu Giao Tiếp Tiếng Nhật Thông Dụng,102000,51,9780085479423,"Lorem ipsum dolor sit amet, consectetur adipiscing elit. Nam congue vel tellus non luctus. Vestibulum vitae nunc lorem. Sed lacinia lectus vel augue imperdiet ultricies. Donec id venenatis ex, vitae pretium ligula. Sed nulla eros, dignissim at feugiat non, posuere sit amet urna. Ut eu porttitor tellus. Cras eu massa nulla. Morbi porta fermentum elit eu iaculis. Pellentesque hendrerit venenatis purus at feugiat. Pellentesque vitae feugiat purus. Donec mattis rhoncus lacinia. Sed quam diam, molestie id laoreet eu, lacinia ac turpis. Cras tincidunt lobortis elit quis aliquam. Proin et massa libero.

Aliquam id pharetra arcu. Vivamus vitae mattis ligula. Sed efficitur urna vitae scelerisque tempor. Proin purus magna, vulputate eu ligula a, vehicula malesuada enim. Curabitur aliquet rutrum enim et tincidunt. Vestibulum ante ipsum primis in faucibus orci luctus et ultrices posuere cubilia curae; Vivamus pharetra enim leo, nec molestie nibh consectetur quis. Class aptent taciti sociosqu ad litora torquent per conubia nostra, per inceptos himenaeos. Nunc quis maximus elit, vitae pulvinar urna. Integer at mi elit. Phasellus vitae rutrum sem. Vivamus et mauris ac nisl congue congue eu eget elit. Nullam at quam velit. Pellentesque dictum, diam nec tempor aliquet, tortor justo fermentum sapien, at condimentum turpis elit vel sapien. Aenean rutrum tellus sodales tortor viverra eleifend.

Donec facilisis, diam efficitur maximus ultrices, enim lectus rutrum elit, eget malesuada mi justo dapibus enim. Maecenas finibus euismod nulla quis dignissim. Sed dictum ante rutrum turpis euismod laoreet. Sed placerat tellus leo. In ut lobortis lorem. Nullam vitae lectus egestas urna tincidunt aliquet. Ut sagittis vel enim eget malesuada. Cras in congue tortor. Interdum et malesuada fames ac ante ipsum primis in faucibus. Nunc tempus consequat neque, et eleifend nulla aliquam eu.",Author 27,7,tu-hoc-3000-cau-giao-tiep-tieng-nhat-thong-dung,NXB 27,2011,254
https://cdn1.fahasa.com/media/catalog/product/8/9/8934974165781.jpg,Luyện Thi Năng Lực Nhật Ngữ Trình Độ N2 - Ngữ Pháp,68000,51,9780085479424,"Lorem ipsum dolor sit amet, consectetur adipiscing elit. Nam congue vel tellus non luctus. Vestibulum vitae nunc lorem. Sed lacinia lectus vel augue imperdiet ultricies. Donec id venenatis ex, vitae pretium ligula. Sed nulla eros, dignissim at feugiat non, posuere sit amet urna. Ut eu porttitor tellus. Cras eu massa nulla. Morbi porta fermentum elit eu iaculis. Pellentesque hendrerit venenatis purus at feugiat. Pellentesque vitae feugiat purus. Donec mattis rhoncus lacinia. Sed quam diam, molestie id laoreet eu, lacinia ac turpis. Cras tincidunt lobortis elit quis aliquam. Proin et massa libero.

Aliquam id pharetra arcu. Vivamus vitae mattis ligula. Sed efficitur urna vitae scelerisque tempor. Proin purus magna, vulputate eu ligula a, vehicula malesuada enim. Curabitur aliquet rutrum enim et tincidunt. Vestibulum ante ipsum primis in faucibus orci luctus et ultrices posuere cubilia curae; Vivamus pharetra enim leo, nec molestie nibh consectetur quis. Class aptent taciti sociosqu ad litora torquent per conubia nostra, per inceptos himenaeos. Nunc quis maximus elit, vitae pulvinar urna. Integer at mi elit. Phasellus vitae rutrum sem. Vivamus et mauris ac nisl congue congue eu eget elit. Nullam at quam velit. Pellentesque dictum, diam nec tempor aliquet, tortor justo fermentum sapien, at condimentum turpis elit vel sapien. Aenean rutrum tellus sodales tortor viverra eleifend.

Donec facilisis, diam efficitur maximus ultrices, enim lectus rutrum elit, eget malesuada mi justo dapibus enim. Maecenas finibus euismod nulla quis dignissim. Sed dictum ante rutrum turpis euismod laoreet. Sed placerat tellus leo. In ut lobortis lorem. Nullam vitae lectus egestas urna tincidunt aliquet. Ut sagittis vel enim eget malesuada. Cras in congue tortor. Interdum et malesuada fames ac ante ipsum primis in faucibus. Nunc tempus consequat neque, et eleifend nulla aliquam eu.",Author 28,2,luyen-thi-nang-luc-nhat-ngu-trinh-do-n2-ngu-phap,NXB 28,2000,412
https://cdn1.fahasa.com/media/catalog/product/m/a/marugoto-trungcap2-b1_bia01-1.jpg,Marugoto - Ngôn Ngữ Và Văn Hóa Nhật Bản - Trung Cấp 2 - B1,160600,51,9780085479425,"Lorem ipsum dolor sit amet, consectetur adipiscing elit. Nam congue vel tellus non luctus. Vestibulum vitae nunc lorem. Sed lacinia lectus vel augue imperdiet ultricies. Donec id venenatis ex, vitae pretium ligula. Sed nulla eros, dignissim at feugiat non, posuere sit amet urna. Ut eu porttitor tellus. Cras eu massa nulla. Morbi porta fermentum elit eu iaculis. Pellentesque hendrerit venenatis purus at feugiat. Pellentesque vitae feugiat purus. Donec mattis rhoncus lacinia. Sed quam diam, molestie id laoreet eu, lacinia ac turpis. Cras tincidunt lobortis elit quis aliquam. Proin et massa libero.

Aliquam id pharetra arcu. Vivamus vitae mattis ligula. Sed efficitur urna vitae scelerisque tempor. Proin purus magna, vulputate eu ligula a, vehicula malesuada enim. Curabitur aliquet rutrum enim et tincidunt. Vestibulum ante ipsum primis in faucibus orci luctus et ultrices posuere cubilia curae; Vivamus pharetra enim leo, nec molestie nibh consectetur quis. Class aptent taciti sociosqu ad litora torquent per conubia nostra, per inceptos himenaeos. Nunc quis maximus elit, vitae pulvinar urna. Integer at mi elit. Phasellus vitae rutrum sem. Vivamus et mauris ac nisl congue congue eu eget elit. Nullam at quam velit. Pellentesque dictum, diam nec tempor aliquet, tortor justo fermentum sapien, at condimentum turpis elit vel sapien. Aenean rutrum tellus sodales tortor viverra eleifend.

Donec facilisis, diam efficitur maximus ultrices, enim lectus rutrum elit, eget malesuada mi justo dapibus enim. Maecenas finibus euismod nulla quis dignissim. Sed dictum ante rutrum turpis euismod laoreet. Sed placerat tellus leo. In ut lobortis lorem. Nullam vitae lectus egestas urna tincidunt aliquet. Ut sagittis vel enim eget malesuada. Cras in congue tortor. Interdum et malesuada fames ac ante ipsum primis in faucibus. Nunc tempus consequat neque, et eleifend nulla aliquam eu.",Author 29,8,marugoto-ngon-ngu-va-van-hoa-nhat-ban-trung-cap-2-b1,NXB 29,2012,233
https://cdn1.fahasa.com/media/catalog/product/8/9/8935072898991.jpg,Đàm Thoại Tiếng Nhật - Làm Việc Trong Doanh Nghiệp Nhật Bản  (Kèm CD MP3),78000,51,9780085479426,"Lorem ipsum dolor sit amet, consectetur adipiscing elit. Nam congue vel tellus non luctus. Vestibulum vitae nunc lorem. Sed lacinia lectus vel augue imperdiet ultricies. Donec id venenatis ex, vitae pretium ligula. Sed nulla eros, dignissim at feugiat non, posuere sit amet urna. Ut eu porttitor tellus. Cras eu massa nulla. Morbi porta fermentum elit eu iaculis. Pellentesque hendrerit venenatis purus at feugiat. Pellentesque vitae feugiat purus. Donec mattis rhoncus lacinia. Sed quam diam, molestie id laoreet eu, lacinia ac turpis. Cras tincidunt lobortis elit quis aliquam. Proin et massa libero.

Aliquam id pharetra arcu. Vivamus vitae mattis ligula. Sed efficitur urna vitae scelerisque tempor. Proin purus magna, vulputate eu ligula a, vehicula malesuada enim. Curabitur aliquet rutrum enim et tincidunt. Vestibulum ante ipsum primis in faucibus orci luctus et ultrices posuere cubilia curae; Vivamus pharetra enim leo, nec molestie nibh consectetur quis. Class aptent taciti sociosqu ad litora torquent per conubia nostra, per inceptos himenaeos. Nunc quis maximus elit, vitae pulvinar urna. Integer at mi elit. Phasellus vitae rutrum sem. Vivamus et mauris ac nisl congue congue eu eget elit. Nullam at quam velit. Pellentesque dictum, diam nec tempor aliquet, tortor justo fermentum sapien, at condimentum turpis elit vel sapien. Aenean rutrum tellus sodales tortor viverra eleifend.

Donec facilisis, diam efficitur maximus ultrices, enim lectus rutrum elit, eget malesuada mi justo dapibus enim. Maecenas finibus euismod nulla quis dignissim. Sed dictum ante rutrum turpis euismod laoreet. Sed placerat tellus leo. In ut lobortis lorem. Nullam vitae lectus egestas urna tincidunt aliquet. Ut sagittis vel enim eget malesuada. Cras in congue tortor. Interdum et malesuada fames ac ante ipsum primis in faucibus. Nunc tempus consequat neque, et eleifend nulla aliquam eu.",Author 30,4,dam-thoai-tieng-nhat-lam-viec-trong-doanh-nghiep-nhat-ban-kem-cd-mp3,NXB 30,2017,212
https://cdn1.fahasa.com/media/catalog/product/l/u/luyen_thi_nang_luc_nhat_ngu_n5_han_tu__tu_vung__ngu_phap__doc_hieu__nghe_hieu_1_2020_11_16_14_51_24.jpg,"Luyện Thi Năng Lực Nhật Ngữ N5: Hán Tự, Từ Vựng, Ngữ Pháp, Đọc Hiểu, Nghe Hiểu",55000,51,9780085479427,"Lorem ipsum dolor sit amet, consectetur adipiscing elit. Nam congue vel tellus non luctus. Vestibulum vitae nunc lorem. Sed lacinia lectus vel augue imperdiet ultricies. Donec id venenatis ex, vitae pretium ligula. Sed nulla eros, dignissim at feugiat non, posuere sit amet urna. Ut eu porttitor tellus. Cras eu massa nulla. Morbi porta fermentum elit eu iaculis. Pellentesque hendrerit venenatis purus at feugiat. Pellentesque vitae feugiat purus. Donec mattis rhoncus lacinia. Sed quam diam, molestie id laoreet eu, lacinia ac turpis. Cras tincidunt lobortis elit quis aliquam. Proin et massa libero.

Aliquam id pharetra arcu. Vivamus vitae mattis ligula. Sed efficitur urna vitae scelerisque tempor. Proin purus magna, vulputate eu ligula a, vehicula malesuada enim. Curabitur aliquet rutrum enim et tincidunt. Vestibulum ante ipsum primis in faucibus orci luctus et ultrices posuere cubilia curae; Vivamus pharetra enim leo, nec molestie nibh consectetur quis. Class aptent taciti sociosqu ad litora torquent per conubia nostra, per inceptos himenaeos. Nunc quis maximus elit, vitae pulvinar urna. Integer at mi elit. Phasellus vitae rutrum sem. Vivamus et mauris ac nisl congue congue eu eget elit. Nullam at quam velit. Pellentesque dictum, diam nec tempor aliquet, tortor justo fermentum sapien, at condimentum turpis elit vel sapien. Aenean rutrum tellus sodales tortor viverra eleifend.

Donec facilisis, diam efficitur maximus ultrices, enim lectus rutrum elit, eget malesuada mi justo dapibus enim. Maecenas finibus euismod nulla quis dignissim. Sed dictum ante rutrum turpis euismod laoreet. Sed placerat tellus leo. In ut lobortis lorem. Nullam vitae lectus egestas urna tincidunt aliquet. Ut sagittis vel enim eget malesuada. Cras in congue tortor. Interdum et malesuada fames ac ante ipsum primis in faucibus. Nunc tempus consequat neque, et eleifend nulla aliquam eu.",Author 31,6,luyen-thi-nang-luc-nhat-ngu-n5-han-tu-tu-vung-ngu-phap-doc-hieu-nghe-hieu,NXB 31,2009,277
https://cdn1.fahasa.com/media/catalog/product/i/m/image_195509_1_8562.jpg,Try Start - Các Loại Chữ Trong Tiếng Nhật Và Hội Thoại Đơn Giản,65500,51,9780085479428,"Lorem ipsum dolor sit amet, consectetur adipiscing elit. Nam congue vel tellus non luctus. Vestibulum vitae nunc lorem. Sed lacinia lectus vel augue imperdiet ultricies. Donec id venenatis ex, vitae pretium ligula. Sed nulla eros, dignissim at feugiat non, posuere sit amet urna. Ut eu porttitor tellus. Cras eu massa nulla. Morbi porta fermentum elit eu iaculis. Pellentesque hendrerit venenatis purus at feugiat. Pellentesque vitae feugiat purus. Donec mattis rhoncus lacinia. Sed quam diam, molestie id laoreet eu, lacinia ac turpis. Cras tincidunt lobortis elit quis aliquam. Proin et massa libero.

Aliquam id pharetra arcu. Vivamus vitae mattis ligula. Sed efficitur urna vitae scelerisque tempor. Proin purus magna, vulputate eu ligula a, vehicula malesuada enim. Curabitur aliquet rutrum enim et tincidunt. Vestibulum ante ipsum primis in faucibus orci luctus et ultrices posuere cubilia curae; Vivamus pharetra enim leo, nec molestie nibh consectetur quis. Class aptent taciti sociosqu ad litora torquent per conubia nostra, per inceptos himenaeos. Nunc quis maximus elit, vitae pulvinar urna. Integer at mi elit. Phasellus vitae rutrum sem. Vivamus et mauris ac nisl congue congue eu eget elit. Nullam at quam velit. Pellentesque dictum, diam nec tempor aliquet, tortor justo fermentum sapien, at condimentum turpis elit vel sapien. Aenean rutrum tellus sodales tortor viverra eleifend.

Donec facilisis, diam efficitur maximus ultrices, enim lectus rutrum elit, eget malesuada mi justo dapibus enim. Maecenas finibus euismod nulla quis dignissim. Sed dictum ante rutrum turpis euismod laoreet. Sed placerat tellus leo. In ut lobortis lorem. Nullam vitae lectus egestas urna tincidunt aliquet. Ut sagittis vel enim eget malesuada. Cras in congue tortor. Interdum et malesuada fames ac ante ipsum primis in faucibus. Nunc tempus consequat neque, et eleifend nulla aliquam eu.",Author 32,5,try-start-cac-loai-chu-trong-tieng-nhat-va-hoi-thoai-don-gian,NXB 32,2015,181
https://cdn1.fahasa.com/media/catalog/product/8/9/8934974204503.jpg,Kỳ Thi Năng Lực Nhật Ngữ JLPT - N4 Point & Practice - Ngữ Pháp,80500,51,9780085479429,"Lorem ipsum dolor sit amet, consectetur adipiscing elit. Nam congue vel tellus non luctus. Vestibulum vitae nunc lorem. Sed lacinia lectus vel augue imperdiet ultricies. Donec id venenatis ex, vitae pretium ligula. Sed nulla eros, dignissim at feugiat non, posuere sit amet urna. Ut eu porttitor tellus. Cras eu massa nulla. Morbi porta fermentum elit eu iaculis. Pellentesque hendrerit venenatis purus at feugiat. Pellentesque vitae feugiat purus. Donec mattis rhoncus lacinia. Sed quam diam, molestie id laoreet eu, lacinia ac turpis. Cras tincidunt lobortis elit quis aliquam. Proin et massa libero.

Aliquam id pharetra arcu. Vivamus vitae mattis ligula. Sed efficitur urna vitae scelerisque tempor. Proin purus magna, vulputate eu ligula a, vehicula malesuada enim. Curabitur aliquet rutrum enim et tincidunt. Vestibulum ante ipsum primis in faucibus orci luctus et ultrices posuere cubilia curae; Vivamus pharetra enim leo, nec molestie nibh consectetur quis. Class aptent taciti sociosqu ad litora torquent per conubia nostra, per inceptos himenaeos. Nunc quis maximus elit, vitae pulvinar urna. Integer at mi elit. Phasellus vitae rutrum sem. Vivamus et mauris ac nisl congue congue eu eget elit. Nullam at quam velit. Pellentesque dictum, diam nec tempor aliquet, tortor justo fermentum sapien, at condimentum turpis elit vel sapien. Aenean rutrum tellus sodales tortor viverra eleifend.

Donec facilisis, diam efficitur maximus ultrices, enim lectus rutrum elit, eget malesuada mi justo dapibus enim. Maecenas finibus euismod nulla quis dignissim. Sed dictum ante rutrum turpis euismod laoreet. Sed placerat tellus leo. In ut lobortis lorem. Nullam vitae lectus egestas urna tincidunt aliquet. Ut sagittis vel enim eget malesuada. Cras in congue tortor. Interdum et malesuada fames ac ante ipsum primis in faucibus. Nunc tempus consequat neque, et eleifend nulla aliquam eu.",Author 33,7,ky-thi-nang-luc-nhat-ngu-jlpt-n4-point-practice-ngu-phap,NXB 33,2011,362
https://cdn1.fahasa.com/media/catalog/product/i/m/image_195509_1_49926.jpg,500 Câu Hỏi Luyện Thi Năng Lực Nhật Ngữ - Trình Độ N3 (Tái Bản 2020),76500,51,9780085479430,"Lorem ipsum dolor sit amet, consectetur adipiscing elit. Nam congue vel tellus non luctus. Vestibulum vitae nunc lorem. Sed lacinia lectus vel augue imperdiet ultricies. Donec id venenatis ex, vitae pretium ligula. Sed nulla eros, dignissim at feugiat non, posuere sit amet urna. Ut eu porttitor tellus. Cras eu massa nulla. Morbi porta fermentum elit eu iaculis. Pellentesque hendrerit venenatis purus at feugiat. Pellentesque vitae feugiat purus. Donec mattis rhoncus lacinia. Sed quam diam, molestie id laoreet eu, lacinia ac turpis. Cras tincidunt lobortis elit quis aliquam. Proin et massa libero.

Aliquam id pharetra arcu. Vivamus vitae mattis ligula. Sed efficitur urna vitae scelerisque tempor. Proin purus magna, vulputate eu ligula a, vehicula malesuada enim. Curabitur aliquet rutrum enim et tincidunt. Vestibulum ante ipsum primis in faucibus orci luctus et ultrices posuere cubilia curae; Vivamus pharetra enim leo, nec molestie nibh consectetur quis. Class aptent taciti sociosqu ad litora torquent per conubia nostra, per inceptos himenaeos. Nunc quis maximus elit, vitae pulvinar urna. Integer at mi elit. Phasellus vitae rutrum sem. Vivamus et mauris ac nisl congue congue eu eget elit. Nullam at quam velit. Pellentesque dictum, diam nec tempor aliquet, tortor justo fermentum sapien, at condimentum turpis elit vel sapien. Aenean rutrum tellus sodales tortor viverra eleifend.

Donec facilisis, diam efficitur maximus ultrices, enim lectus rutrum elit, eget malesuada mi justo dapibus enim. Maecenas finibus euismod nulla quis dignissim. Sed dictum ante rutrum turpis euismod laoreet. Sed placerat tellus leo. In ut lobortis lorem. Nullam vitae lectus egestas urna tincidunt aliquet. Ut sagittis vel enim eget malesuada. Cras in congue tortor. Interdum et malesuada fames ac ante ipsum primis in faucibus. Nunc tempus consequat neque, et eleifend nulla aliquam eu.",Author 34,10,500-cau-hoi-luyen-thi-nang-luc-nhat-ngu-trinh-do-n3-tai-ban-2020,NXB 34,2022,228
https://cdn1.fahasa.com/media/catalog/product/9/7/9786045864302.jpg,Tiếng Nhật Không Khó - Tiếng Nhật Cho Người Mới Học 3,71540,51,9780085479431,"Lorem ipsum dolor sit amet, consectetur adipiscing elit. Nam congue vel tellus non luctus. Vestibulum vitae nunc lorem. Sed lacinia lectus vel augue imperdiet ultricies. Donec id venenatis ex, vitae pretium ligula. Sed nulla eros, dignissim at feugiat non, posuere sit amet urna. Ut eu porttitor tellus. Cras eu massa nulla. Morbi porta fermentum elit eu iaculis. Pellentesque hendrerit venenatis purus at feugiat. Pellentesque vitae feugiat purus. Donec mattis rhoncus lacinia. Sed quam diam, molestie id laoreet eu, lacinia ac turpis. Cras tincidunt lobortis elit quis aliquam. Proin et massa libero.

Aliquam id pharetra arcu. Vivamus vitae mattis ligula. Sed efficitur urna vitae scelerisque tempor. Proin purus magna, vulputate eu ligula a, vehicula malesuada enim. Curabitur aliquet rutrum enim et tincidunt. Vestibulum ante ipsum primis in faucibus orci luctus et ultrices posuere cubilia curae; Vivamus pharetra enim leo, nec molestie nibh consectetur quis. Class aptent taciti sociosqu ad litora torquent per conubia nostra, per inceptos himenaeos. Nunc quis maximus elit, vitae pulvinar urna. Integer at mi elit. Phasellus vitae rutrum sem. Vivamus et mauris ac nisl congue congue eu eget elit. Nullam at quam velit. Pellentesque dictum, diam nec tempor aliquet, tortor justo fermentum sapien, at condimentum turpis elit vel sapien. Aenean rutrum tellus sodales tortor viverra eleifend.

Donec facilisis, diam efficitur maximus ultrices, enim lectus rutrum elit, eget malesuada mi justo dapibus enim. Maecenas finibus euismod nulla quis dignissim. Sed dictum ante rutrum turpis euismod laoreet. Sed placerat tellus leo. In ut lobortis lorem. Nullam vitae lectus egestas urna tincidunt aliquet. Ut sagittis vel enim eget malesuada. Cras in congue tortor. Interdum et malesuada fames ac ante ipsum primis in faucibus. Nunc tempus consequat neque, et eleifend nulla aliquam eu.",Author 35,7,tieng-nhat-khong-kho-tieng-nhat-cho-nguoi-moi-hoc-3,NXB 35,2004,448
https://cdn1.fahasa.com/media/catalog/product/8/9/8935072893606_1.jpg,Giáo Trình Luyện Thi Năng Lực Tiếng Nhật Try! - N2 (Kèm 1 CD),76000,51,9780085479432,"Lorem ipsum dolor sit amet, consectetur adipiscing elit. Nam congue vel tellus non luctus. Vestibulum vitae nunc lorem. Sed lacinia lectus vel augue imperdiet ultricies. Donec id venenatis ex, vitae pretium ligula. Sed nulla eros, dignissim at feugiat non, posuere sit amet urna. Ut eu porttitor tellus. Cras eu massa nulla. Morbi porta fermentum elit eu iaculis. Pellentesque hendrerit venenatis purus at feugiat. Pellentesque vitae feugiat purus. Donec mattis rhoncus lacinia. Sed quam diam, molestie id laoreet eu, lacinia ac turpis. Cras tincidunt lobortis elit quis aliquam. Proin et massa libero.

Aliquam id pharetra arcu. Vivamus vitae mattis ligula. Sed efficitur urna vitae scelerisque tempor. Proin purus magna, vulputate eu ligula a, vehicula malesuada enim. Curabitur aliquet rutrum enim et tincidunt. Vestibulum ante ipsum primis in faucibus orci luctus et ultrices posuere cubilia curae; Vivamus pharetra enim leo, nec molestie nibh consectetur quis. Class aptent taciti sociosqu ad litora torquent per conubia nostra, per inceptos himenaeos. Nunc quis maximus elit, vitae pulvinar urna. Integer at mi elit. Phasellus vitae rutrum sem. Vivamus et mauris ac nisl congue congue eu eget elit. Nullam at quam velit. Pellentesque dictum, diam nec tempor aliquet, tortor justo fermentum sapien, at condimentum turpis elit vel sapien. Aenean rutrum tellus sodales tortor viverra eleifend.

Donec facilisis, diam efficitur maximus ultrices, enim lectus rutrum elit, eget malesuada mi justo dapibus enim. Maecenas finibus euismod nulla quis dignissim. Sed dictum ante rutrum turpis euismod laoreet. Sed placerat tellus leo. In ut lobortis lorem. Nullam vitae lectus egestas urna tincidunt aliquet. Ut sagittis vel enim eget malesuada. Cras in congue tortor. Interdum et malesuada fames ac ante ipsum primis in faucibus. Nunc tempus consequat neque, et eleifend nulla aliquam eu.",Author 36,3,giao-trinh-luyen-thi-nang-luc-tieng-nhat-try-n2-kem-1-cd,NXB 36,2017,268
https://cdn1.fahasa.com/media/catalog/product/8/9/8934974189442.jpg,Tiếng Nhật Cho Mọi Người - Sơ Cấp 1 - Tiếng Nhật Tại Hiện Trường Làm Việc - Phần Cơ Bản,59500,51,9780085479433,"Lorem ipsum dolor sit amet, consectetur adipiscing elit. Nam congue vel tellus non luctus. Vestibulum vitae nunc lorem. Sed lacinia lectus vel augue imperdiet ultricies. Donec id venenatis ex, vitae pretium ligula. Sed nulla eros, dignissim at feugiat non, posuere sit amet urna. Ut eu porttitor tellus. Cras eu massa nulla. Morbi porta fermentum elit eu iaculis. Pellentesque hendrerit venenatis purus at feugiat. Pellentesque vitae feugiat purus. Donec mattis rhoncus lacinia. Sed quam diam, molestie id laoreet eu, lacinia ac turpis. Cras tincidunt lobortis elit quis aliquam. Proin et massa libero.

Aliquam id pharetra arcu. Vivamus vitae mattis ligula. Sed efficitur urna vitae scelerisque tempor. Proin purus magna, vulputate eu ligula a, vehicula malesuada enim. Curabitur aliquet rutrum enim et tincidunt. Vestibulum ante ipsum primis in faucibus orci luctus et ultrices posuere cubilia curae; Vivamus pharetra enim leo, nec molestie nibh consectetur quis. Class aptent taciti sociosqu ad litora torquent per conubia nostra, per inceptos himenaeos. Nunc quis maximus elit, vitae pulvinar urna. Integer at mi elit. Phasellus vitae rutrum sem. Vivamus et mauris ac nisl congue congue eu eget elit. Nullam at quam velit. Pellentesque dictum, diam nec tempor aliquet, tortor justo fermentum sapien, at condimentum turpis elit vel sapien. Aenean rutrum tellus sodales tortor viverra eleifend.

Donec facilisis, diam efficitur maximus ultrices, enim lectus rutrum elit, eget malesuada mi justo dapibus enim. Maecenas finibus euismod nulla quis dignissim. Sed dictum ante rutrum turpis euismod laoreet. Sed placerat tellus leo. In ut lobortis lorem. Nullam vitae lectus egestas urna tincidunt aliquet. Ut sagittis vel enim eget malesuada. Cras in congue tortor. Interdum et malesuada fames ac ante ipsum primis in faucibus. Nunc tempus consequat neque, et eleifend nulla aliquam eu.",Author 37,2,tieng-nhat-cho-moi-nguoi-so-cap-1-tieng-nhat-tai-hien-truong-lam-viec-phan-co-ban,NXB 37,2004,202
https://cdn1.fahasa.com/media/catalog/product/i/m/image_195509_1_9041.jpg,Ngữ Pháp Tiếng Nhật Căn Bản N3,78500,51,9780085479434,"Lorem ipsum dolor sit amet, consectetur adipiscing elit. Nam congue vel tellus non luctus. Vestibulum vitae nunc lorem. Sed lacinia lectus vel augue imperdiet ultricies. Donec id venenatis ex, vitae pretium ligula. Sed nulla eros, dignissim at feugiat non, posuere sit amet urna. Ut eu porttitor tellus. Cras eu massa nulla. Morbi porta fermentum elit eu iaculis. Pellentesque hendrerit venenatis purus at feugiat. Pellentesque vitae feugiat purus. Donec mattis rhoncus lacinia. Sed quam diam, molestie id laoreet eu, lacinia ac turpis. Cras tincidunt lobortis elit quis aliquam. Proin et massa libero.

Aliquam id pharetra arcu. Vivamus vitae mattis ligula. Sed efficitur urna vitae scelerisque tempor. Proin purus magna, vulputate eu ligula a, vehicula malesuada enim. Curabitur aliquet rutrum enim et tincidunt. Vestibulum ante ipsum primis in faucibus orci luctus et ultrices posuere cubilia curae; Vivamus pharetra enim leo, nec molestie nibh consectetur quis. Class aptent taciti sociosqu ad litora torquent per conubia nostra, per inceptos himenaeos. Nunc quis maximus elit, vitae pulvinar urna. Integer at mi elit. Phasellus vitae rutrum sem. Vivamus et mauris ac nisl congue congue eu eget elit. Nullam at quam velit. Pellentesque dictum, diam nec tempor aliquet, tortor justo fermentum sapien, at condimentum turpis elit vel sapien. Aenean rutrum tellus sodales tortor viverra eleifend.

Donec facilisis, diam efficitur maximus ultrices, enim lectus rutrum elit, eget malesuada mi justo dapibus enim. Maecenas finibus euismod nulla quis dignissim. Sed dictum ante rutrum turpis euismod laoreet. Sed placerat tellus leo. In ut lobortis lorem. Nullam vitae lectus egestas urna tincidunt aliquet. Ut sagittis vel enim eget malesuada. Cras in congue tortor. Interdum et malesuada fames ac ante ipsum primis in faucibus. Nunc tempus consequat neque, et eleifend nulla aliquam eu.",Author 38,3,ngu-phap-tieng-nhat-can-ban-n3,NXB 38,2025,363
https://cdn1.fahasa.com/media/catalog/product/b/i/bia-truoc-mind-map-ngu-phap-tien.jpg,Mind Map Ngữ Pháp Tiếng Nhật - Học Ngữ Pháp Tiếng Nhật Qua Sơ Đồ Tư Duy - Dành Cho Trình Độ Trung Cấp,154500,51,9780085479435,"Lorem ipsum dolor sit amet, consectetur adipiscing elit. Nam congue vel tellus non luctus. Vestibulum vitae nunc lorem. Sed lacinia lectus vel augue imperdiet ultricies. Donec id venenatis ex, vitae pretium ligula. Sed nulla eros, dignissim at feugiat non, posuere sit amet urna. Ut eu porttitor tellus. Cras eu massa nulla. Morbi porta fermentum elit eu iaculis. Pellentesque hendrerit venenatis purus at feugiat. Pellentesque vitae feugiat purus. Donec mattis rhoncus lacinia. Sed quam diam, molestie id laoreet eu, lacinia ac turpis. Cras tincidunt lobortis elit quis aliquam. Proin et massa libero.

Aliquam id pharetra arcu. Vivamus vitae mattis ligula. Sed efficitur urna vitae scelerisque tempor. Proin purus magna, vulputate eu ligula a, vehicula malesuada enim. Curabitur aliquet rutrum enim et tincidunt. Vestibulum ante ipsum primis in faucibus orci luctus et ultrices posuere cubilia curae; Vivamus pharetra enim leo, nec molestie nibh consectetur quis. Class aptent taciti sociosqu ad litora torquent per conubia nostra, per inceptos himenaeos. Nunc quis maximus elit, vitae pulvinar urna. Integer at mi elit. Phasellus vitae rutrum sem. Vivamus et mauris ac nisl congue congue eu eget elit. Nullam at quam velit. Pellentesque dictum, diam nec tempor aliquet, tortor justo fermentum sapien, at condimentum turpis elit vel sapien. Aenean rutrum tellus sodales tortor viverra eleifend.

Donec facilisis, diam efficitur maximus ultrices, enim lectus rutrum elit, eget malesuada mi justo dapibus enim. Maecenas finibus euismod nulla quis dignissim. Sed dictum ante rutrum turpis euismod laoreet. Sed placerat tellus leo. In ut lobortis lorem. Nullam vitae lectus egestas urna tincidunt aliquet. Ut sagittis vel enim eget malesuada. Cras in congue tortor. Interdum et malesuada fames ac ante ipsum primis in faucibus. Nunc tempus consequat neque, et eleifend nulla aliquam eu.",Author 39,10,mind-map-ngu-phap-tieng-nhat-hoc-ngu-phap-tieng-nhat-qua-so-do-tu-duy-trinh-do-trung-cap,NXB 39,2015,406
https://cdn1.fahasa.com/media/catalog/product/i/m/image_195509_1_49930.jpg,Tiếng Nhật Cho Mọi Người Sơ Cấp 2 - 25 Bài Luyện Nghe,63500,51,9780085479436,"Lorem ipsum dolor sit amet, consectetur adipiscing elit. Nam congue vel tellus non luctus. Vestibulum vitae nunc lorem. Sed lacinia lectus vel augue imperdiet ultricies. Donec id venenatis ex, vitae pretium ligula. Sed nulla eros, dignissim at feugiat non, posuere sit amet urna. Ut eu porttitor tellus. Cras eu massa nulla. Morbi porta fermentum elit eu iaculis. Pellentesque hendrerit venenatis purus at feugiat. Pellentesque vitae feugiat purus. Donec mattis rhoncus lacinia. Sed quam diam, molestie id laoreet eu, lacinia ac turpis. Cras tincidunt lobortis elit quis aliquam. Proin et massa libero.

Aliquam id pharetra arcu. Vivamus vitae mattis ligula. Sed efficitur urna vitae scelerisque tempor. Proin purus magna, vulputate eu ligula a, vehicula malesuada enim. Curabitur aliquet rutrum enim et tincidunt. Vestibulum ante ipsum primis in faucibus orci luctus et ultrices posuere cubilia curae; Vivamus pharetra enim leo, nec molestie nibh consectetur quis. Class aptent taciti sociosqu ad litora torquent per conubia nostra, per inceptos himenaeos. Nunc quis maximus elit, vitae pulvinar urna. Integer at mi elit. Phasellus vitae rutrum sem. Vivamus et mauris ac nisl congue congue eu eget elit. Nullam at quam velit. Pellentesque dictum, diam nec tempor aliquet, tortor justo fermentum sapien, at condimentum turpis elit vel sapien. Aenean rutrum tellus sodales tortor viverra eleifend.

Donec facilisis, diam efficitur maximus ultrices, enim lectus rutrum elit, eget malesuada mi justo dapibus enim. Maecenas finibus euismod nulla quis dignissim. Sed dictum ante rutrum turpis euismod laoreet. Sed placerat tellus leo. In ut lobortis lorem. Nullam vitae lectus egestas urna tincidunt aliquet. Ut sagittis vel enim eget malesuada. Cras in congue tortor. Interdum et malesuada fames ac ante ipsum primis in faucibus. Nunc tempus consequat neque, et eleifend nulla aliquam eu.",Author 40,6,tieng-nhat-cho-moi-nguoi-so-cap-2-25-bai-luyen-nghe,NXB 40,2013,336
https://cdn1.fahasa.com/media/catalog/product/9/7/9786045864319.jpg,Tiếng Nhật Không Khó - Tiếng Nhật Cho Người Mới Học 4,71540,51,9780085479437,"Lorem ipsum dolor sit amet, consectetur adipiscing elit. Nam congue vel tellus non luctus. Vestibulum vitae nunc lorem. Sed lacinia lectus vel augue imperdiet ultricies. Donec id venenatis ex, vitae pretium ligula. Sed nulla eros, dignissim at feugiat non, posuere sit amet urna. Ut eu porttitor tellus. Cras eu massa nulla. Morbi porta fermentum elit eu iaculis. Pellentesque hendrerit venenatis purus at feugiat. Pellentesque vitae feugiat purus. Donec mattis rhoncus lacinia. Sed quam diam, molestie id laoreet eu, lacinia ac turpis. Cras tincidunt lobortis elit quis aliquam. Proin et massa libero.

Aliquam id pharetra arcu. Vivamus vitae mattis ligula. Sed efficitur urna vitae scelerisque tempor. Proin purus magna, vulputate eu ligula a, vehicula malesuada enim. Curabitur aliquet rutrum enim et tincidunt. Vestibulum ante ipsum primis in faucibus orci luctus et ultrices posuere cubilia curae; Vivamus pharetra enim leo, nec molestie nibh consectetur quis. Class aptent taciti sociosqu ad litora torquent per conubia nostra, per inceptos himenaeos. Nunc quis maximus elit, vitae pulvinar urna. Integer at mi elit. Phasellus vitae rutrum sem. Vivamus et mauris ac nisl congue congue eu eget elit. Nullam at quam velit. Pellentesque dictum, diam nec tempor aliquet, tortor justo fermentum sapien, at condimentum turpis elit vel sapien. Aenean rutrum tellus sodales tortor viverra eleifend.

Donec facilisis, diam efficitur maximus ultrices, enim lectus rutrum elit, eget malesuada mi justo dapibus enim. Maecenas finibus euismod nulla quis dignissim. Sed dictum ante rutrum turpis euismod laoreet. Sed placerat tellus leo. In ut lobortis lorem. Nullam vitae lectus egestas urna tincidunt aliquet. Ut sagittis vel enim eget malesuada. Cras in congue tortor. Interdum et malesuada fames ac ante ipsum primis in faucibus. Nunc tempus consequat neque, et eleifend nulla aliquam eu.",Author 41,10,tieng-nhat-khong-kho-tieng-nhat-cho-nguoi-moi-hoc-4,NXB 41,2025,227
https://cdn1.fahasa.com/media/catalog/product/8/9/8935072893569.jpg,Giáo Trình Luyện Thi Năng Lực Tiếng Nhật Try! - N1 (Kèm 1 CD),76000,51,9780085479438,"Lorem ipsum dolor sit amet, consectetur adipiscing elit. Nam congue vel tellus non luctus. Vestibulum vitae nunc lorem. Sed lacinia lectus vel augue imperdiet ultricies. Donec id venenatis ex, vitae pretium ligula. Sed nulla eros, dignissim at feugiat non, posuere sit amet urna. Ut eu porttitor tellus. Cras eu massa nulla. Morbi porta fermentum elit eu iaculis. Pellentesque hendrerit venenatis purus at feugiat. Pellentesque vitae feugiat purus. Donec mattis rhoncus lacinia. Sed quam diam, molestie id laoreet eu, lacinia ac turpis. Cras tincidunt lobortis elit quis aliquam. Proin et massa libero.

Aliquam id pharetra arcu. Vivamus vitae mattis ligula. Sed efficitur urna vitae scelerisque tempor. Proin purus magna, vulputate eu ligula a, vehicula malesuada enim. Curabitur aliquet rutrum enim et tincidunt. Vestibulum ante ipsum primis in faucibus orci luctus et ultrices posuere cubilia curae; Vivamus pharetra enim leo, nec molestie nibh consectetur quis. Class aptent taciti sociosqu ad litora torquent per conubia nostra, per inceptos himenaeos. Nunc quis maximus elit, vitae pulvinar urna. Integer at mi elit. Phasellus vitae rutrum sem. Vivamus et mauris ac nisl congue congue eu eget elit. Nullam at quam velit. Pellentesque dictum, diam nec tempor aliquet, tortor justo fermentum sapien, at condimentum turpis elit vel sapien. Aenean rutrum tellus sodales tortor viverra eleifend.

Donec facilisis, diam efficitur maximus ultrices, enim lectus rutrum elit, eget malesuada mi justo dapibus enim. Maecenas finibus euismod nulla quis dignissim. Sed dictum ante rutrum turpis euismod laoreet. Sed placerat tellus leo. In ut lobortis lorem. Nullam vitae lectus egestas urna tincidunt aliquet. Ut sagittis vel enim eget malesuada. Cras in congue tortor. Interdum et malesuada fames ac ante ipsum primis in faucibus. Nunc tempus consequat neque, et eleifend nulla aliquam eu.",Author 42,5,giao-trinh-luyen-thi-nang-luc-tieng-nhat-try-n1-kem-1-cd,NXB 42,2021,202
https://cdn1.fahasa.com/media/catalog/product/8/9/8934974189435.jpg,Tiếng Nhật Cho Mọi Người - Sơ Cấp 2 - Tiếng Nhật Tại Hiện Trường Làm Việc - Phần Ứng Dụng,59500,51,9780085479439,"Lorem ipsum dolor sit amet, consectetur adipiscing elit. Nam congue vel tellus non luctus. Vestibulum vitae nunc lorem. Sed lacinia lectus vel augue imperdiet ultricies. Donec id venenatis ex, vitae pretium ligula. Sed nulla eros, dignissim at feugiat non, posuere sit amet urna. Ut eu porttitor tellus. Cras eu massa nulla. Morbi porta fermentum elit eu iaculis. Pellentesque hendrerit venenatis purus at feugiat. Pellentesque vitae feugiat purus. Donec mattis rhoncus lacinia. Sed quam diam, molestie id laoreet eu, lacinia ac turpis. Cras tincidunt lobortis elit quis aliquam. Proin et massa libero.

Aliquam id pharetra arcu. Vivamus vitae mattis ligula. Sed efficitur urna vitae scelerisque tempor. Proin purus magna, vulputate eu ligula a, vehicula malesuada enim. Curabitur aliquet rutrum enim et tincidunt. Vestibulum ante ipsum primis in faucibus orci luctus et ultrices posuere cubilia curae; Vivamus pharetra enim leo, nec molestie nibh consectetur quis. Class aptent taciti sociosqu ad litora torquent per conubia nostra, per inceptos himenaeos. Nunc quis maximus elit, vitae pulvinar urna. Integer at mi elit. Phasellus vitae rutrum sem. Vivamus et mauris ac nisl congue congue eu eget elit. Nullam at quam velit. Pellentesque dictum, diam nec tempor aliquet, tortor justo fermentum sapien, at condimentum turpis elit vel sapien. Aenean rutrum tellus sodales tortor viverra eleifend.

Donec facilisis, diam efficitur maximus ultrices, enim lectus rutrum elit, eget malesuada mi justo dapibus enim. Maecenas finibus euismod nulla quis dignissim. Sed dictum ante rutrum turpis euismod laoreet. Sed placerat tellus leo. In ut lobortis lorem. Nullam vitae lectus egestas urna tincidunt aliquet. Ut sagittis vel enim eget malesuada. Cras in congue tortor. Interdum et malesuada fames ac ante ipsum primis in faucibus. Nunc tempus consequat neque, et eleifend nulla aliquam eu.",Author 43,10,tieng-nhat-cho-moi-nguoi-so-cap-2-tieng-nhat-tai-hien-truong-lam-viec-phan-ung-dung,NXB 43,2017,382
https://cdn1.fahasa.com/media/catalog/product/i/m/image_195509_1_11239.jpg,Tiếng Nhật Thật Đơn Giản Trong Giao Tiếp Hàng Ngày - Sơ Cấp 2,151500,51,9780085479440,"Lorem ipsum dolor sit amet, consectetur adipiscing elit. Nam congue vel tellus non luctus. Vestibulum vitae nunc lorem. Sed lacinia lectus vel augue imperdiet ultricies. Donec id venenatis ex, vitae pretium ligula. Sed nulla eros, dignissim at feugiat non, posuere sit amet urna. Ut eu porttitor tellus. Cras eu massa nulla. Morbi porta fermentum elit eu iaculis. Pellentesque hendrerit venenatis purus at feugiat. Pellentesque vitae feugiat purus. Donec mattis rhoncus lacinia. Sed quam diam, molestie id laoreet eu, lacinia ac turpis. Cras tincidunt lobortis elit quis aliquam. Proin et massa libero.

Aliquam id pharetra arcu. Vivamus vitae mattis ligula. Sed efficitur urna vitae scelerisque tempor. Proin purus magna, vulputate eu ligula a, vehicula malesuada enim. Curabitur aliquet rutrum enim et tincidunt. Vestibulum ante ipsum primis in faucibus orci luctus et ultrices posuere cubilia curae; Vivamus pharetra enim leo, nec molestie nibh consectetur quis. Class aptent taciti sociosqu ad litora torquent per conubia nostra, per inceptos himenaeos. Nunc quis maximus elit, vitae pulvinar urna. Integer at mi elit. Phasellus vitae rutrum sem. Vivamus et mauris ac nisl congue congue eu eget elit. Nullam at quam velit. Pellentesque dictum, diam nec tempor aliquet, tortor justo fermentum sapien, at condimentum turpis elit vel sapien. Aenean rutrum tellus sodales tortor viverra eleifend.

Donec facilisis, diam efficitur maximus ultrices, enim lectus rutrum elit, eget malesuada mi justo dapibus enim. Maecenas finibus euismod nulla quis dignissim. Sed dictum ante rutrum turpis euismod laoreet. Sed placerat tellus leo. In ut lobortis lorem. Nullam vitae lectus egestas urna tincidunt aliquet. Ut sagittis vel enim eget malesuada. Cras in congue tortor. Interdum et malesuada fames ac ante ipsum primis in faucibus. Nunc tempus consequat neque, et eleifend nulla aliquam eu.",Author 44,8,tieng-nhat-that-don-gian-trong-giao-tiep-hang-ngay-so-cap-2,NXB 44,2020,134
https://cdn1.fahasa.com/media/catalog/product/b/i/bia-truoc-tu-hoc-giao-tiep-tieng-nhat-tu-con-so-0-bang-phuong-phap-shadowing.jpg,Tự Học Tiếng Nhật Từ Con Số 0 Bằng Phương Pháp Shadowing,154500,51,9780085479441,"Lorem ipsum dolor sit amet, consectetur adipiscing elit. Nam congue vel tellus non luctus. Vestibulum vitae nunc lorem. Sed lacinia lectus vel augue imperdiet ultricies. Donec id venenatis ex, vitae pretium ligula. Sed nulla eros, dignissim at feugiat non, posuere sit amet urna. Ut eu porttitor tellus. Cras eu massa nulla. Morbi porta fermentum elit eu iaculis. Pellentesque hendrerit venenatis purus at feugiat. Pellentesque vitae feugiat purus. Donec mattis rhoncus lacinia. Sed quam diam, molestie id laoreet eu, lacinia ac turpis. Cras tincidunt lobortis elit quis aliquam. Proin et massa libero.

Aliquam id pharetra arcu. Vivamus vitae mattis ligula. Sed efficitur urna vitae scelerisque tempor. Proin purus magna, vulputate eu ligula a, vehicula malesuada enim. Curabitur aliquet rutrum enim et tincidunt. Vestibulum ante ipsum primis in faucibus orci luctus et ultrices posuere cubilia curae; Vivamus pharetra enim leo, nec molestie nibh consectetur quis. Class aptent taciti sociosqu ad litora torquent per conubia nostra, per inceptos himenaeos. Nunc quis maximus elit, vitae pulvinar urna. Integer at mi elit. Phasellus vitae rutrum sem. Vivamus et mauris ac nisl congue congue eu eget elit. Nullam at quam velit. Pellentesque dictum, diam nec tempor aliquet, tortor justo fermentum sapien, at condimentum turpis elit vel sapien. Aenean rutrum tellus sodales tortor viverra eleifend.

Donec facilisis, diam efficitur maximus ultrices, enim lectus rutrum elit, eget malesuada mi justo dapibus enim. Maecenas finibus euismod nulla quis dignissim. Sed dictum ante rutrum turpis euismod laoreet. Sed placerat tellus leo. In ut lobortis lorem. Nullam vitae lectus egestas urna tincidunt aliquet. Ut sagittis vel enim eget malesuada. Cras in congue tortor. Interdum et malesuada fames ac ante ipsum primis in faucibus. Nunc tempus consequat neque, et eleifend nulla aliquam eu.",Author 45,5,tu-hoc-tieng-nhat-tu-con-so-0-bang-phuong-phap-shadowing,NXB 45,2004,179
https://cdn1.fahasa.com/media/catalog/product/i/m/image_196899.jpg,Tiếng Nhật Cho Mọi Người Sơ Cấp Bản Mới: Tập Viết Theo Chủ Đề Với Các Bài Văn Mẫu,72000,51,9780085479442,"Lorem ipsum dolor sit amet, consectetur adipiscing elit. Nam congue vel tellus non luctus. Vestibulum vitae nunc lorem. Sed lacinia lectus vel augue imperdiet ultricies. Donec id venenatis ex, vitae pretium ligula. Sed nulla eros, dignissim at feugiat non, posuere sit amet urna. Ut eu porttitor tellus. Cras eu massa nulla. Morbi porta fermentum elit eu iaculis. Pellentesque hendrerit venenatis purus at feugiat. Pellentesque vitae feugiat purus. Donec mattis rhoncus lacinia. Sed quam diam, molestie id laoreet eu, lacinia ac turpis. Cras tincidunt lobortis elit quis aliquam. Proin et massa libero.

Aliquam id pharetra arcu. Vivamus vitae mattis ligula. Sed efficitur urna vitae scelerisque tempor. Proin purus magna, vulputate eu ligula a, vehicula malesuada enim. Curabitur aliquet rutrum enim et tincidunt. Vestibulum ante ipsum primis in faucibus orci luctus et ultrices posuere cubilia curae; Vivamus pharetra enim leo, nec molestie nibh consectetur quis. Class aptent taciti sociosqu ad litora torquent per conubia nostra, per inceptos himenaeos. Nunc quis maximus elit, vitae pulvinar urna. Integer at mi elit. Phasellus vitae rutrum sem. Vivamus et mauris ac nisl congue congue eu eget elit. Nullam at quam velit. Pellentesque dictum, diam nec tempor aliquet, tortor justo fermentum sapien, at condimentum turpis elit vel sapien. Aenean rutrum tellus sodales tortor viverra eleifend.

Donec facilisis, diam efficitur maximus ultrices, enim lectus rutrum elit, eget malesuada mi justo dapibus enim. Maecenas finibus euismod nulla quis dignissim. Sed dictum ante rutrum turpis euismod laoreet. Sed placerat tellus leo. In ut lobortis lorem. Nullam vitae lectus egestas urna tincidunt aliquet. Ut sagittis vel enim eget malesuada. Cras in congue tortor. Interdum et malesuada fames ac ante ipsum primis in faucibus. Nunc tempus consequat neque, et eleifend nulla aliquam eu.",Author 46,2,tieng-nhat-cho-moi-nguoi-so-cap-ban-moi-tap-viet-theo-chu-de-voi-cac-bai-van-mau,NXB 46,2008,365
https://cdn1.fahasa.com/media/catalog/product/8/9/8935086855843_1.jpg,Tự Học Viết Tiếng Nhật Căn Bản - KATAKANA (Tái Bản 2022),35040,51,9780085479443,"Lorem ipsum dolor sit amet, consectetur adipiscing elit. Nam congue vel tellus non luctus. Vestibulum vitae nunc lorem. Sed lacinia lectus vel augue imperdiet ultricies. Donec id venenatis ex, vitae pretium ligula. Sed nulla eros, dignissim at feugiat non, posuere sit amet urna. Ut eu porttitor tellus. Cras eu massa nulla. Morbi porta fermentum elit eu iaculis. Pellentesque hendrerit venenatis purus at feugiat. Pellentesque vitae feugiat purus. Donec mattis rhoncus lacinia. Sed quam diam, molestie id laoreet eu, lacinia ac turpis. Cras tincidunt lobortis elit quis aliquam. Proin et massa libero.

Aliquam id pharetra arcu. Vivamus vitae mattis ligula. Sed efficitur urna vitae scelerisque tempor. Proin purus magna, vulputate eu ligula a, vehicula malesuada enim. Curabitur aliquet rutrum enim et tincidunt. Vestibulum ante ipsum primis in faucibus orci luctus et ultrices posuere cubilia curae; Vivamus pharetra enim leo, nec molestie nibh consectetur quis. Class aptent taciti sociosqu ad litora torquent per conubia nostra, per inceptos himenaeos. Nunc quis maximus elit, vitae pulvinar urna. Integer at mi elit. Phasellus vitae rutrum sem. Vivamus et mauris ac nisl congue congue eu eget elit. Nullam at quam velit. Pellentesque dictum, diam nec tempor aliquet, tortor justo fermentum sapien, at condimentum turpis elit vel sapien. Aenean rutrum tellus sodales tortor viverra eleifend.

Donec facilisis, diam efficitur maximus ultrices, enim lectus rutrum elit, eget malesuada mi justo dapibus enim. Maecenas finibus euismod nulla quis dignissim. Sed dictum ante rutrum turpis euismod laoreet. Sed placerat tellus leo. In ut lobortis lorem. Nullam vitae lectus egestas urna tincidunt aliquet. Ut sagittis vel enim eget malesuada. Cras in congue tortor. Interdum et malesuada fames ac ante ipsum primis in faucibus. Nunc tempus consequat neque, et eleifend nulla aliquam eu.",Author 47,8,tu-hoc-viet-tieng-nhat-can-ban-katakana-tai-ban-2022,NXB 47,2017,283
https://cdn1.fahasa.com/media/catalog/product/i/m/image_120379.jpg,Hướng Dẫn Học Tiếng Nhật Từ Cơ Bản Đến Nâng Cao,44500,51,9780085479444,"Lorem ipsum dolor sit amet, consectetur adipiscing elit. Nam congue vel tellus non luctus. Vestibulum vitae nunc lorem. Sed lacinia lectus vel augue imperdiet ultricies. Donec id venenatis ex, vitae pretium ligula. Sed nulla eros, dignissim at feugiat non, posuere sit amet urna. Ut eu porttitor tellus. Cras eu massa nulla. Morbi porta fermentum elit eu iaculis. Pellentesque hendrerit venenatis purus at feugiat. Pellentesque vitae feugiat purus. Donec mattis rhoncus lacinia. Sed quam diam, molestie id laoreet eu, lacinia ac turpis. Cras tincidunt lobortis elit quis aliquam. Proin et massa libero.

Aliquam id pharetra arcu. Vivamus vitae mattis ligula. Sed efficitur urna vitae scelerisque tempor. Proin purus magna, vulputate eu ligula a, vehicula malesuada enim. Curabitur aliquet rutrum enim et tincidunt. Vestibulum ante ipsum primis in faucibus orci luctus et ultrices posuere cubilia curae; Vivamus pharetra enim leo, nec molestie nibh consectetur quis. Class aptent taciti sociosqu ad litora torquent per conubia nostra, per inceptos himenaeos. Nunc quis maximus elit, vitae pulvinar urna. Integer at mi elit. Phasellus vitae rutrum sem. Vivamus et mauris ac nisl congue congue eu eget elit. Nullam at quam velit. Pellentesque dictum, diam nec tempor aliquet, tortor justo fermentum sapien, at condimentum turpis elit vel sapien. Aenean rutrum tellus sodales tortor viverra eleifend.

Donec facilisis, diam efficitur maximus ultrices, enim lectus rutrum elit, eget malesuada mi justo dapibus enim. Maecenas finibus euismod nulla quis dignissim. Sed dictum ante rutrum turpis euismod laoreet. Sed placerat tellus leo. In ut lobortis lorem. Nullam vitae lectus egestas urna tincidunt aliquet. Ut sagittis vel enim eget malesuada. Cras in congue tortor. Interdum et malesuada fames ac ante ipsum primis in faucibus. Nunc tempus consequat neque, et eleifend nulla aliquam eu.",Author 48,9,huong-dan-hoc-tieng-nhat-tu-co-ban-den-nang-cao,NXB 48,2013,453
https://cdn1.fahasa.com/media/catalog/product/8/9/8935072956561_1.jpg,Ngữ Pháp Tiếng Pháp Căn Bản (Tái Bản 2025),119000,54,9780085479445,"Lorem ipsum dolor sit amet, consectetur adipiscing elit. Nam congue vel tellus non luctus. Vestibulum vitae nunc lorem. Sed lacinia lectus vel augue imperdiet ultricies. Donec id venenatis ex, vitae pretium ligula. Sed nulla eros, dignissim at feugiat non, posuere sit amet urna. Ut eu porttitor tellus. Cras eu massa nulla. Morbi porta fermentum elit eu iaculis. Pellentesque hendrerit venenatis purus at feugiat. Pellentesque vitae feugiat purus. Donec mattis rhoncus lacinia. Sed quam diam, molestie id laoreet eu, lacinia ac turpis. Cras tincidunt lobortis elit quis aliquam. Proin et massa libero.

Aliquam id pharetra arcu. Vivamus vitae mattis ligula. Sed efficitur urna vitae scelerisque tempor. Proin purus magna, vulputate eu ligula a, vehicula malesuada enim. Curabitur aliquet rutrum enim et tincidunt. Vestibulum ante ipsum primis in faucibus orci luctus et ultrices posuere cubilia curae; Vivamus pharetra enim leo, nec molestie nibh consectetur quis. Class aptent taciti sociosqu ad litora torquent per conubia nostra, per inceptos himenaeos. Nunc quis maximus elit, vitae pulvinar urna. Integer at mi elit. Phasellus vitae rutrum sem. Vivamus et mauris ac nisl congue congue eu eget elit. Nullam at quam velit. Pellentesque dictum, diam nec tempor aliquet, tortor justo fermentum sapien, at condimentum turpis elit vel sapien. Aenean rutrum tellus sodales tortor viverra eleifend.

Donec facilisis, diam efficitur maximus ultrices, enim lectus rutrum elit, eget malesuada mi justo dapibus enim. Maecenas finibus euismod nulla quis dignissim. Sed dictum ante rutrum turpis euismod laoreet. Sed placerat tellus leo. In ut lobortis lorem. Nullam vitae lectus egestas urna tincidunt aliquet. Ut sagittis vel enim eget malesuada. Cras in congue tortor. Interdum et malesuada fames ac ante ipsum primis in faucibus. Nunc tempus consequat neque, et eleifend nulla aliquam eu.",Author 49,7,ngu-phap-tieng-phap-can-ban-tai-ban-2025,NXB 49,2020,398
https://cdn1.fahasa.com/media/catalog/product/8/9/8935246945261.jpg,3000 Từ Vựng Tiếng Pháp Thông Dụng Nhất,113000,54,9780085479446,"Lorem ipsum dolor sit amet, consectetur adipiscing elit. Nam congue vel tellus non luctus. Vestibulum vitae nunc lorem. Sed lacinia lectus vel augue imperdiet ultricies. Donec id venenatis ex, vitae pretium ligula. Sed nulla eros, dignissim at feugiat non, posuere sit amet urna. Ut eu porttitor tellus. Cras eu massa nulla. Morbi porta fermentum elit eu iaculis. Pellentesque hendrerit venenatis purus at feugiat. Pellentesque vitae feugiat purus. Donec mattis rhoncus lacinia. Sed quam diam, molestie id laoreet eu, lacinia ac turpis. Cras tincidunt lobortis elit quis aliquam. Proin et massa libero.

Aliquam id pharetra arcu. Vivamus vitae mattis ligula. Sed efficitur urna vitae scelerisque tempor. Proin purus magna, vulputate eu ligula a, vehicula malesuada enim. Curabitur aliquet rutrum enim et tincidunt. Vestibulum ante ipsum primis in faucibus orci luctus et ultrices posuere cubilia curae; Vivamus pharetra enim leo, nec molestie nibh consectetur quis. Class aptent taciti sociosqu ad litora torquent per conubia nostra, per inceptos himenaeos. Nunc quis maximus elit, vitae pulvinar urna. Integer at mi elit. Phasellus vitae rutrum sem. Vivamus et mauris ac nisl congue congue eu eget elit. Nullam at quam velit. Pellentesque dictum, diam nec tempor aliquet, tortor justo fermentum sapien, at condimentum turpis elit vel sapien. Aenean rutrum tellus sodales tortor viverra eleifend.

Donec facilisis, diam efficitur maximus ultrices, enim lectus rutrum elit, eget malesuada mi justo dapibus enim. Maecenas finibus euismod nulla quis dignissim. Sed dictum ante rutrum turpis euismod laoreet. Sed placerat tellus leo. In ut lobortis lorem. Nullam vitae lectus egestas urna tincidunt aliquet. Ut sagittis vel enim eget malesuada. Cras in congue tortor. Interdum et malesuada fames ac ante ipsum primis in faucibus. Nunc tempus consequat neque, et eleifend nulla aliquam eu.",Author 50,9,3000-tu-vung-tieng-phap-thong-dung-nhat,NXB 50,2022,477
https://cdn1.fahasa.com/media/catalog/product/8/9/8935246945278.jpg,Ngữ Pháp Tiếng Pháp Cơ Bản,162000,54,9780085479447,"Lorem ipsum dolor sit amet, consectetur adipiscing elit. Nam congue vel tellus non luctus. Vestibulum vitae nunc lorem. Sed lacinia lectus vel augue imperdiet ultricies. Donec id venenatis ex, vitae pretium ligula. Sed nulla eros, dignissim at feugiat non, posuere sit amet urna. Ut eu porttitor tellus. Cras eu massa nulla. Morbi porta fermentum elit eu iaculis. Pellentesque hendrerit venenatis purus at feugiat. Pellentesque vitae feugiat purus. Donec mattis rhoncus lacinia. Sed quam diam, molestie id laoreet eu, lacinia ac turpis. Cras tincidunt lobortis elit quis aliquam. Proin et massa libero.

Aliquam id pharetra arcu. Vivamus vitae mattis ligula. Sed efficitur urna vitae scelerisque tempor. Proin purus magna, vulputate eu ligula a, vehicula malesuada enim. Curabitur aliquet rutrum enim et tincidunt. Vestibulum ante ipsum primis in faucibus orci luctus et ultrices posuere cubilia curae; Vivamus pharetra enim leo, nec molestie nibh consectetur quis. Class aptent taciti sociosqu ad litora torquent per conubia nostra, per inceptos himenaeos. Nunc quis maximus elit, vitae pulvinar urna. Integer at mi elit. Phasellus vitae rutrum sem. Vivamus et mauris ac nisl congue congue eu eget elit. Nullam at quam velit. Pellentesque dictum, diam nec tempor aliquet, tortor justo fermentum sapien, at condimentum turpis elit vel sapien. Aenean rutrum tellus sodales tortor viverra eleifend.

Donec facilisis, diam efficitur maximus ultrices, enim lectus rutrum elit, eget malesuada mi justo dapibus enim. Maecenas finibus euismod nulla quis dignissim. Sed dictum ante rutrum turpis euismod laoreet. Sed placerat tellus leo. In ut lobortis lorem. Nullam vitae lectus egestas urna tincidunt aliquet. Ut sagittis vel enim eget malesuada. Cras in congue tortor. Interdum et malesuada fames ac ante ipsum primis in faucibus. Nunc tempus consequat neque, et eleifend nulla aliquam eu.",Author 51,3,ngu-phap-tieng-phap-co-ban,NXB 51,2016,111
https://cdn1.fahasa.com/media/catalog/product/v/o/vocabulaire-450-noveaux-exercices-niveau-debutant.jpg,450 Nouveaux Exercices - Vocabulaire Niveau débutant,47500,54,9780085479448,"Lorem ipsum dolor sit amet, consectetur adipiscing elit. Nam congue vel tellus non luctus. Vestibulum vitae nunc lorem. Sed lacinia lectus vel augue imperdiet ultricies. Donec id venenatis ex, vitae pretium ligula. Sed nulla eros, dignissim at feugiat non, posuere sit amet urna. Ut eu porttitor tellus. Cras eu massa nulla. Morbi porta fermentum elit eu iaculis. Pellentesque hendrerit venenatis purus at feugiat. Pellentesque vitae feugiat purus. Donec mattis rhoncus lacinia. Sed quam diam, molestie id laoreet eu, lacinia ac turpis. Cras tincidunt lobortis elit quis aliquam. Proin et massa libero.

Aliquam id pharetra arcu. Vivamus vitae mattis ligula. Sed efficitur urna vitae scelerisque tempor. Proin purus magna, vulputate eu ligula a, vehicula malesuada enim. Curabitur aliquet rutrum enim et tincidunt. Vestibulum ante ipsum primis in faucibus orci luctus et ultrices posuere cubilia curae; Vivamus pharetra enim leo, nec molestie nibh consectetur quis. Class aptent taciti sociosqu ad litora torquent per conubia nostra, per inceptos himenaeos. Nunc quis maximus elit, vitae pulvinar urna. Integer at mi elit. Phasellus vitae rutrum sem. Vivamus et mauris ac nisl congue congue eu eget elit. Nullam at quam velit. Pellentesque dictum, diam nec tempor aliquet, tortor justo fermentum sapien, at condimentum turpis elit vel sapien. Aenean rutrum tellus sodales tortor viverra eleifend.

Donec facilisis, diam efficitur maximus ultrices, enim lectus rutrum elit, eget malesuada mi justo dapibus enim. Maecenas finibus euismod nulla quis dignissim. Sed dictum ante rutrum turpis euismod laoreet. Sed placerat tellus leo. In ut lobortis lorem. Nullam vitae lectus egestas urna tincidunt aliquet. Ut sagittis vel enim eget malesuada. Cras in congue tortor. Interdum et malesuada fames ac ante ipsum primis in faucibus. Nunc tempus consequat neque, et eleifend nulla aliquam eu.",Author 52,2,450-nouveaux-exercices-vocabulaire-niveau-debutant,NXB 52,2014,264
https://cdn1.fahasa.com/media/catalog/product/i/m/image_195509_1_21141.jpg,450 Nouveaux Exercices - Grammaire Niveau Intermediare,57500,54,9780085479449,"Lorem ipsum dolor sit amet, consectetur adipiscing elit. Nam congue vel tellus non luctus. Vestibulum vitae nunc lorem. Sed lacinia lectus vel augue imperdiet ultricies. Donec id venenatis ex, vitae pretium ligula. Sed nulla eros, dignissim at feugiat non, posuere sit amet urna. Ut eu porttitor tellus. Cras eu massa nulla. Morbi porta fermentum elit eu iaculis. Pellentesque hendrerit venenatis purus at feugiat. Pellentesque vitae feugiat purus. Donec mattis rhoncus lacinia. Sed quam diam, molestie id laoreet eu, lacinia ac turpis. Cras tincidunt lobortis elit quis aliquam. Proin et massa libero.

Aliquam id pharetra arcu. Vivamus vitae mattis ligula. Sed efficitur urna vitae scelerisque tempor. Proin purus magna, vulputate eu ligula a, vehicula malesuada enim. Curabitur aliquet rutrum enim et tincidunt. Vestibulum ante ipsum primis in faucibus orci luctus et ultrices posuere cubilia curae; Vivamus pharetra enim leo, nec molestie nibh consectetur quis. Class aptent taciti sociosqu ad litora torquent per conubia nostra, per inceptos himenaeos. Nunc quis maximus elit, vitae pulvinar urna. Integer at mi elit. Phasellus vitae rutrum sem. Vivamus et mauris ac nisl congue congue eu eget elit. Nullam at quam velit. Pellentesque dictum, diam nec tempor aliquet, tortor justo fermentum sapien, at condimentum turpis elit vel sapien. Aenean rutrum tellus sodales tortor viverra eleifend.

Donec facilisis, diam efficitur maximus ultrices, enim lectus rutrum elit, eget malesuada mi justo dapibus enim. Maecenas finibus euismod nulla quis dignissim. Sed dictum ante rutrum turpis euismod laoreet. Sed placerat tellus leo. In ut lobortis lorem. Nullam vitae lectus egestas urna tincidunt aliquet. Ut sagittis vel enim eget malesuada. Cras in congue tortor. Interdum et malesuada fames ac ante ipsum primis in faucibus. Nunc tempus consequat neque, et eleifend nulla aliquam eu.",Author 53,7,450-nouveaux-exercices-grammaire-niveau-intermediaire,NXB 53,2006,492
https://cdn1.fahasa.com/media/catalog/product/4/7/47-450-grammaire.u5465.d20170808.t161803.456664.jpg,450 Nouveaux Exercices - Grammaire (Niveau Débutant),47500,54,9780085479450,"Lorem ipsum dolor sit amet, consectetur adipiscing elit. Nam congue vel tellus non luctus. Vestibulum vitae nunc lorem. Sed lacinia lectus vel augue imperdiet ultricies. Donec id venenatis ex, vitae pretium ligula. Sed nulla eros, dignissim at feugiat non, posuere sit amet urna. Ut eu porttitor tellus. Cras eu massa nulla. Morbi porta fermentum elit eu iaculis. Pellentesque hendrerit venenatis purus at feugiat. Pellentesque vitae feugiat purus. Donec mattis rhoncus lacinia. Sed quam diam, molestie id laoreet eu, lacinia ac turpis. Cras tincidunt lobortis elit quis aliquam. Proin et massa libero.

Aliquam id pharetra arcu. Vivamus vitae mattis ligula. Sed efficitur urna vitae scelerisque tempor. Proin purus magna, vulputate eu ligula a, vehicula malesuada enim. Curabitur aliquet rutrum enim et tincidunt. Vestibulum ante ipsum primis in faucibus orci luctus et ultrices posuere cubilia curae; Vivamus pharetra enim leo, nec molestie nibh consectetur quis. Class aptent taciti sociosqu ad litora torquent per conubia nostra, per inceptos himenaeos. Nunc quis maximus elit, vitae pulvinar urna. Integer at mi elit. Phasellus vitae rutrum sem. Vivamus et mauris ac nisl congue congue eu eget elit. Nullam at quam velit. Pellentesque dictum, diam nec tempor aliquet, tortor justo fermentum sapien, at condimentum turpis elit vel sapien. Aenean rutrum tellus sodales tortor viverra eleifend.

Donec facilisis, diam efficitur maximus ultrices, enim lectus rutrum elit, eget malesuada mi justo dapibus enim. Maecenas finibus euismod nulla quis dignissim. Sed dictum ante rutrum turpis euismod laoreet. Sed placerat tellus leo. In ut lobortis lorem. Nullam vitae lectus egestas urna tincidunt aliquet. Ut sagittis vel enim eget malesuada. Cras in congue tortor. Interdum et malesuada fames ac ante ipsum primis in faucibus. Nunc tempus consequat neque, et eleifend nulla aliquam eu.",Author 54,3,450-nouveaux-exercices-grammaire-niveau-debutant,NXB 54,2025,477
https://cdn1.fahasa.com/media/catalog/product/1/1/1105020009459_7.jpg,450 Nouveaux Exercices - Orthographe (Niveau Débutant),49000,54,9780085479451,"Lorem ipsum dolor sit amet, consectetur adipiscing elit. Nam congue vel tellus non luctus. Vestibulum vitae nunc lorem. Sed lacinia lectus vel augue imperdiet ultricies. Donec id venenatis ex, vitae pretium ligula. Sed nulla eros, dignissim at feugiat non, posuere sit amet urna. Ut eu porttitor tellus. Cras eu massa nulla. Morbi porta fermentum elit eu iaculis. Pellentesque hendrerit venenatis purus at feugiat. Pellentesque vitae feugiat purus. Donec mattis rhoncus lacinia. Sed quam diam, molestie id laoreet eu, lacinia ac turpis. Cras tincidunt lobortis elit quis aliquam. Proin et massa libero.

Aliquam id pharetra arcu. Vivamus vitae mattis ligula. Sed efficitur urna vitae scelerisque tempor. Proin purus magna, vulputate eu ligula a, vehicula malesuada enim. Curabitur aliquet rutrum enim et tincidunt. Vestibulum ante ipsum primis in faucibus orci luctus et ultrices posuere cubilia curae; Vivamus pharetra enim leo, nec molestie nibh consectetur quis. Class aptent taciti sociosqu ad litora torquent per conubia nostra, per inceptos himenaeos. Nunc quis maximus elit, vitae pulvinar urna. Integer at mi elit. Phasellus vitae rutrum sem. Vivamus et mauris ac nisl congue congue eu eget elit. Nullam at quam velit. Pellentesque dictum, diam nec tempor aliquet, tortor justo fermentum sapien, at condimentum turpis elit vel sapien. Aenean rutrum tellus sodales tortor viverra eleifend.

Donec facilisis, diam efficitur maximus ultrices, enim lectus rutrum elit, eget malesuada mi justo dapibus enim. Maecenas finibus euismod nulla quis dignissim. Sed dictum ante rutrum turpis euismod laoreet. Sed placerat tellus leo. In ut lobortis lorem. Nullam vitae lectus egestas urna tincidunt aliquet. Ut sagittis vel enim eget malesuada. Cras in congue tortor. Interdum et malesuada fames ac ante ipsum primis in faucibus. Nunc tempus consequat neque, et eleifend nulla aliquam eu.",Author 55,4,450-nouveaux-exercices-orthographe-niveau-debutant,NXB 55,2006,184
https://cdn1.fahasa.com/media/catalog/product/9/7/9786326230703.jpg,Ngữ Pháp Tiếng Pháp Cho Người Mới Bắt Đầu - Từ Cơ Bản Đến Nâng Cao,102000,54,9780085479452,"Lorem ipsum dolor sit amet, consectetur adipiscing elit. Nam congue vel tellus non luctus. Vestibulum vitae nunc lorem. Sed lacinia lectus vel augue imperdiet ultricies. Donec id venenatis ex, vitae pretium ligula. Sed nulla eros, dignissim at feugiat non, posuere sit amet urna. Ut eu porttitor tellus. Cras eu massa nulla. Morbi porta fermentum elit eu iaculis. Pellentesque hendrerit venenatis purus at feugiat. Pellentesque vitae feugiat purus. Donec mattis rhoncus lacinia. Sed quam diam, molestie id laoreet eu, lacinia ac turpis. Cras tincidunt lobortis elit quis aliquam. Proin et massa libero.

Aliquam id pharetra arcu. Vivamus vitae mattis ligula. Sed efficitur urna vitae scelerisque tempor. Proin purus magna, vulputate eu ligula a, vehicula malesuada enim. Curabitur aliquet rutrum enim et tincidunt. Vestibulum ante ipsum primis in faucibus orci luctus et ultrices posuere cubilia curae; Vivamus pharetra enim leo, nec molestie nibh consectetur quis. Class aptent taciti sociosqu ad litora torquent per conubia nostra, per inceptos himenaeos. Nunc quis maximus elit, vitae pulvinar urna. Integer at mi elit. Phasellus vitae rutrum sem. Vivamus et mauris ac nisl congue congue eu eget elit. Nullam at quam velit. Pellentesque dictum, diam nec tempor aliquet, tortor justo fermentum sapien, at condimentum turpis elit vel sapien. Aenean rutrum tellus sodales tortor viverra eleifend.

Donec facilisis, diam efficitur maximus ultrices, enim lectus rutrum elit, eget malesuada mi justo dapibus enim. Maecenas finibus euismod nulla quis dignissim. Sed dictum ante rutrum turpis euismod laoreet. Sed placerat tellus leo. In ut lobortis lorem. Nullam vitae lectus egestas urna tincidunt aliquet. Ut sagittis vel enim eget malesuada. Cras in congue tortor. Interdum et malesuada fames ac ante ipsum primis in faucibus. Nunc tempus consequat neque, et eleifend nulla aliquam eu.",Author 56,5,ngu-phap-tieng-phap-cho-nguoi-moi-bat-dau-tu-co-ban-den-nang-cao,NXB 56,2002,405
https://cdn1.fahasa.com/media/catalog/product/9/7/9786326234190-dd.jpg,Luyện Thi Tiếng Pháp DELF B1,119000,54,9780085479453,"Lorem ipsum dolor sit amet, consectetur adipiscing elit. Nam congue vel tellus non luctus. Vestibulum vitae nunc lorem. Sed lacinia lectus vel augue imperdiet ultricies. Donec id venenatis ex, vitae pretium ligula. Sed nulla eros, dignissim at feugiat non, posuere sit amet urna. Ut eu porttitor tellus. Cras eu massa nulla. Morbi porta fermentum elit eu iaculis. Pellentesque hendrerit venenatis purus at feugiat. Pellentesque vitae feugiat purus. Donec mattis rhoncus lacinia. Sed quam diam, molestie id laoreet eu, lacinia ac turpis. Cras tincidunt lobortis elit quis aliquam. Proin et massa libero.

Aliquam id pharetra arcu. Vivamus vitae mattis ligula. Sed efficitur urna vitae scelerisque tempor. Proin purus magna, vulputate eu ligula a, vehicula malesuada enim. Curabitur aliquet rutrum enim et tincidunt. Vestibulum ante ipsum primis in faucibus orci luctus et ultrices posuere cubilia curae; Vivamus pharetra enim leo, nec molestie nibh consectetur quis. Class aptent taciti sociosqu ad litora torquent per conubia nostra, per inceptos himenaeos. Nunc quis maximus elit, vitae pulvinar urna. Integer at mi elit. Phasellus vitae rutrum sem. Vivamus et mauris ac nisl congue congue eu eget elit. Nullam at quam velit. Pellentesque dictum, diam nec tempor aliquet, tortor justo fermentum sapien, at condimentum turpis elit vel sapien. Aenean rutrum tellus sodales tortor viverra eleifend.

Donec facilisis, diam efficitur maximus ultrices, enim lectus rutrum elit, eget malesuada mi justo dapibus enim. Maecenas finibus euismod nulla quis dignissim. Sed dictum ante rutrum turpis euismod laoreet. Sed placerat tellus leo. In ut lobortis lorem. Nullam vitae lectus egestas urna tincidunt aliquet. Ut sagittis vel enim eget malesuada. Cras in congue tortor. Interdum et malesuada fames ac ante ipsum primis in faucibus. Nunc tempus consequat neque, et eleifend nulla aliquam eu.",Author 57,3,luyen-thi-tieng-phap-delf-b1,NXB 57,2004,398
https://cdn1.fahasa.com/media/catalog/product/8/9/8935246945810.jpg,Tự Học Tiếng Pháp Cho Người Mới Bắt Đầu,187500,54,9780085479454,"Lorem ipsum dolor sit amet, consectetur adipiscing elit. Nam congue vel tellus non luctus. Vestibulum vitae nunc lorem. Sed lacinia lectus vel augue imperdiet ultricies. Donec id venenatis ex, vitae pretium ligula. Sed nulla eros, dignissim at feugiat non, posuere sit amet urna. Ut eu porttitor tellus. Cras eu massa nulla. Morbi porta fermentum elit eu iaculis. Pellentesque hendrerit venenatis purus at feugiat. Pellentesque vitae feugiat purus. Donec mattis rhoncus lacinia. Sed quam diam, molestie id laoreet eu, lacinia ac turpis. Cras tincidunt lobortis elit quis aliquam. Proin et massa libero.

Aliquam id pharetra arcu. Vivamus vitae mattis ligula. Sed efficitur urna vitae scelerisque tempor. Proin purus magna, vulputate eu ligula a, vehicula malesuada enim. Curabitur aliquet rutrum enim et tincidunt. Vestibulum ante ipsum primis in faucibus orci luctus et ultrices posuere cubilia curae; Vivamus pharetra enim leo, nec molestie nibh consectetur quis. Class aptent taciti sociosqu ad litora torquent per conubia nostra, per inceptos himenaeos. Nunc quis maximus elit, vitae pulvinar urna. Integer at mi elit. Phasellus vitae rutrum sem. Vivamus et mauris ac nisl congue congue eu eget elit. Nullam at quam velit. Pellentesque dictum, diam nec tempor aliquet, tortor justo fermentum sapien, at condimentum turpis elit vel sapien. Aenean rutrum tellus sodales tortor viverra eleifend.

Donec facilisis, diam efficitur maximus ultrices, enim lectus rutrum elit, eget malesuada mi justo dapibus enim. Maecenas finibus euismod nulla quis dignissim. Sed dictum ante rutrum turpis euismod laoreet. Sed placerat tellus leo. In ut lobortis lorem. Nullam vitae lectus egestas urna tincidunt aliquet. Ut sagittis vel enim eget malesuada. Cras in congue tortor. Interdum et malesuada fames ac ante ipsum primis in faucibus. Nunc tempus consequat neque, et eleifend nulla aliquam eu.",Author 58,7,tu-hoc-tieng-phap-cho-nguoi-moi-bat-dau,NXB 58,2025,363
https://cdn1.fahasa.com/media/catalog/product/1/1/1105020009213_2.jpg,450 Nouveaux Exercices - Vocabulaire Niveau Intermediare,51000,54,9780085479455,"Lorem ipsum dolor sit amet, consectetur adipiscing elit. Nam congue vel tellus non luctus. Vestibulum vitae nunc lorem. Sed lacinia lectus vel augue imperdiet ultricies. Donec id venenatis ex, vitae pretium ligula. Sed nulla eros, dignissim at feugiat non, posuere sit amet urna. Ut eu porttitor tellus. Cras eu massa nulla. Morbi porta fermentum elit eu iaculis. Pellentesque hendrerit venenatis purus at feugiat. Pellentesque vitae feugiat purus. Donec mattis rhoncus lacinia. Sed quam diam, molestie id laoreet eu, lacinia ac turpis. Cras tincidunt lobortis elit quis aliquam. Proin et massa libero.

Aliquam id pharetra arcu. Vivamus vitae mattis ligula. Sed efficitur urna vitae scelerisque tempor. Proin purus magna, vulputate eu ligula a, vehicula malesuada enim. Curabitur aliquet rutrum enim et tincidunt. Vestibulum ante ipsum primis in faucibus orci luctus et ultrices posuere cubilia curae; Vivamus pharetra enim leo, nec molestie nibh consectetur quis. Class aptent taciti sociosqu ad litora torquent per conubia nostra, per inceptos himenaeos. Nunc quis maximus elit, vitae pulvinar urna. Integer at mi elit. Phasellus vitae rutrum sem. Vivamus et mauris ac nisl congue congue eu eget elit. Nullam at quam velit. Pellentesque dictum, diam nec tempor aliquet, tortor justo fermentum sapien, at condimentum turpis elit vel sapien. Aenean rutrum tellus sodales tortor viverra eleifend.

Donec facilisis, diam efficitur maximus ultrices, enim lectus rutrum elit, eget malesuada mi justo dapibus enim. Maecenas finibus euismod nulla quis dignissim. Sed dictum ante rutrum turpis euismod laoreet. Sed placerat tellus leo. In ut lobortis lorem. Nullam vitae lectus egestas urna tincidunt aliquet. Ut sagittis vel enim eget malesuada. Cras in congue tortor. Interdum et malesuada fames ac ante ipsum primis in faucibus. Nunc tempus consequat neque, et eleifend nulla aliquam eu.",Author 59,3,450-nouveaux-exercices-vocabulaire-niveau-intermediaire,NXB 59,2005,130
https://cdn1.fahasa.com/media/catalog/product/i/m/image_195509_1_21142.jpg,450 Nouveaux Exercices - Conjugaison Niveau Intermediare,49000,54,9780085479456,"Lorem ipsum dolor sit amet, consectetur adipiscing elit. Nam congue vel tellus non luctus. Vestibulum vitae nunc lorem. Sed lacinia lectus vel augue imperdiet ultricies. Donec id venenatis ex, vitae pretium ligula. Sed nulla eros, dignissim at feugiat non, posuere sit amet urna. Ut eu porttitor tellus. Cras eu massa nulla. Morbi porta fermentum elit eu iaculis. Pellentesque hendrerit venenatis purus at feugiat. Pellentesque vitae feugiat purus. Donec mattis rhoncus lacinia. Sed quam diam, molestie id laoreet eu, lacinia ac turpis. Cras tincidunt lobortis elit quis aliquam. Proin et massa libero.

Aliquam id pharetra arcu. Vivamus vitae mattis ligula. Sed efficitur urna vitae scelerisque tempor. Proin purus magna, vulputate eu ligula a, vehicula malesuada enim. Curabitur aliquet rutrum enim et tincidunt. Vestibulum ante ipsum primis in faucibus orci luctus et ultrices posuere cubilia curae; Vivamus pharetra enim leo, nec molestie nibh consectetur quis. Class aptent taciti sociosqu ad litora torquent per conubia nostra, per inceptos himenaeos. Nunc quis maximus elit, vitae pulvinar urna. Integer at mi elit. Phasellus vitae rutrum sem. Vivamus et mauris ac nisl congue congue eu eget elit. Nullam at quam velit. Pellentesque dictum, diam nec tempor aliquet, tortor justo fermentum sapien, at condimentum turpis elit vel sapien. Aenean rutrum tellus sodales tortor viverra eleifend.

Donec facilisis, diam efficitur maximus ultrices, enim lectus rutrum elit, eget malesuada mi justo dapibus enim. Maecenas finibus euismod nulla quis dignissim. Sed dictum ante rutrum turpis euismod laoreet. Sed placerat tellus leo. In ut lobortis lorem. Nullam vitae lectus egestas urna tincidunt aliquet. Ut sagittis vel enim eget malesuada. Cras in congue tortor. Interdum et malesuada fames ac ante ipsum primis in faucibus. Nunc tempus consequat neque, et eleifend nulla aliquam eu.",Author 60,3,450-nouveaux-exercices-conjugaison-niveau-intermediaire,NXB 60,2018,449
https://cdn1.fahasa.com/media/catalog/product/9/7/9786045837993.jpg,Le Nouveau Sans Frontieres 1,96000,54,9780085479457,"Lorem ipsum dolor sit amet, consectetur adipiscing elit. Nam congue vel tellus non luctus. Vestibulum vitae nunc lorem. Sed lacinia lectus vel augue imperdiet ultricies. Donec id venenatis ex, vitae pretium ligula. Sed nulla eros, dignissim at feugiat non, posuere sit amet urna. Ut eu porttitor tellus. Cras eu massa nulla. Morbi porta fermentum elit eu iaculis. Pellentesque hendrerit venenatis purus at feugiat. Pellentesque vitae feugiat purus. Donec mattis rhoncus lacinia. Sed quam diam, molestie id laoreet eu, lacinia ac turpis. Cras tincidunt lobortis elit quis aliquam. Proin et massa libero.

Aliquam id pharetra arcu. Vivamus vitae mattis ligula. Sed efficitur urna vitae scelerisque tempor. Proin purus magna, vulputate eu ligula a, vehicula malesuada enim. Curabitur aliquet rutrum enim et tincidunt. Vestibulum ante ipsum primis in faucibus orci luctus et ultrices posuere cubilia curae; Vivamus pharetra enim leo, nec molestie nibh consectetur quis. Class aptent taciti sociosqu ad litora torquent per conubia nostra, per inceptos himenaeos. Nunc quis maximus elit, vitae pulvinar urna. Integer at mi elit. Phasellus vitae rutrum sem. Vivamus et mauris ac nisl congue congue eu eget elit. Nullam at quam velit. Pellentesque dictum, diam nec tempor aliquet, tortor justo fermentum sapien, at condimentum turpis elit vel sapien. Aenean rutrum tellus sodales tortor viverra eleifend.

Donec facilisis, diam efficitur maximus ultrices, enim lectus rutrum elit, eget malesuada mi justo dapibus enim. Maecenas finibus euismod nulla quis dignissim. Sed dictum ante rutrum turpis euismod laoreet. Sed placerat tellus leo. In ut lobortis lorem. Nullam vitae lectus egestas urna tincidunt aliquet. Ut sagittis vel enim eget malesuada. Cras in congue tortor. Interdum et malesuada fames ac ante ipsum primis in faucibus. Nunc tempus consequat neque, et eleifend nulla aliquam eu.",Author 61,4,le-nouveau-sans-frontieres-1,NXB 61,2001,105
https://cdn1.fahasa.com/media/catalog/product/9/7/9786043343618.jpg,Luyện Thi Tiếng Pháp DELF B1,212500,54,9780085479458,"Lorem ipsum dolor sit amet, consectetur adipiscing elit. Nam congue vel tellus non luctus. Vestibulum vitae nunc lorem. Sed lacinia lectus vel augue imperdiet ultricies. Donec id venenatis ex, vitae pretium ligula. Sed nulla eros, dignissim at feugiat non, posuere sit amet urna. Ut eu porttitor tellus. Cras eu massa nulla. Morbi porta fermentum elit eu iaculis. Pellentesque hendrerit venenatis purus at feugiat. Pellentesque vitae feugiat purus. Donec mattis rhoncus lacinia. Sed quam diam, molestie id laoreet eu, lacinia ac turpis. Cras tincidunt lobortis elit quis aliquam. Proin et massa libero.

Aliquam id pharetra arcu. Vivamus vitae mattis ligula. Sed efficitur urna vitae scelerisque tempor. Proin purus magna, vulputate eu ligula a, vehicula malesuada enim. Curabitur aliquet rutrum enim et tincidunt. Vestibulum ante ipsum primis in faucibus orci luctus et ultrices posuere cubilia curae; Vivamus pharetra enim leo, nec molestie nibh consectetur quis. Class aptent taciti sociosqu ad litora torquent per conubia nostra, per inceptos himenaeos. Nunc quis maximus elit, vitae pulvinar urna. Integer at mi elit. Phasellus vitae rutrum sem. Vivamus et mauris ac nisl congue congue eu eget elit. Nullam at quam velit. Pellentesque dictum, diam nec tempor aliquet, tortor justo fermentum sapien, at condimentum turpis elit vel sapien. Aenean rutrum tellus sodales tortor viverra eleifend.

Donec facilisis, diam efficitur maximus ultrices, enim lectus rutrum elit, eget malesuada mi justo dapibus enim. Maecenas finibus euismod nulla quis dignissim. Sed dictum ante rutrum turpis euismod laoreet. Sed placerat tellus leo. In ut lobortis lorem. Nullam vitae lectus egestas urna tincidunt aliquet. Ut sagittis vel enim eget malesuada. Cras in congue tortor. Interdum et malesuada fames ac ante ipsum primis in faucibus. Nunc tempus consequat neque, et eleifend nulla aliquam eu.",Author 62,4,luyen-thi-tieng-phap-delf-b1,NXB 62,2002,100
https://cdn1.fahasa.com/media/catalog/product/8/9/8935072957773.jpg,Từ Ngữ Tiếng Pháp Thông Dụng Theo Chủ Đề (Tái Bản 2024),63000,54,9780085479459,"Lorem ipsum dolor sit amet, consectetur adipiscing elit. Nam congue vel tellus non luctus. Vestibulum vitae nunc lorem. Sed lacinia lectus vel augue imperdiet ultricies. Donec id venenatis ex, vitae pretium ligula. Sed nulla eros, dignissim at feugiat non, posuere sit amet urna. Ut eu porttitor tellus. Cras eu massa nulla. Morbi porta fermentum elit eu iaculis. Pellentesque hendrerit venenatis purus at feugiat. Pellentesque vitae feugiat purus. Donec mattis rhoncus lacinia. Sed quam diam, molestie id laoreet eu, lacinia ac turpis. Cras tincidunt lobortis elit quis aliquam. Proin et massa libero.

Aliquam id pharetra arcu. Vivamus vitae mattis ligula. Sed efficitur urna vitae scelerisque tempor. Proin purus magna, vulputate eu ligula a, vehicula malesuada enim. Curabitur aliquet rutrum enim et tincidunt. Vestibulum ante ipsum primis in faucibus orci luctus et ultrices posuere cubilia curae; Vivamus pharetra enim leo, nec molestie nibh consectetur quis. Class aptent taciti sociosqu ad litora torquent per conubia nostra, per inceptos himenaeos. Nunc quis maximus elit, vitae pulvinar urna. Integer at mi elit. Phasellus vitae rutrum sem. Vivamus et mauris ac nisl congue congue eu eget elit. Nullam at quam velit. Pellentesque dictum, diam nec tempor aliquet, tortor justo fermentum sapien, at condimentum turpis elit vel sapien. Aenean rutrum tellus sodales tortor viverra eleifend.

Donec facilisis, diam efficitur maximus ultrices, enim lectus rutrum elit, eget malesuada mi justo dapibus enim. Maecenas finibus euismod nulla quis dignissim. Sed dictum ante rutrum turpis euismod laoreet. Sed placerat tellus leo. In ut lobortis lorem. Nullam vitae lectus egestas urna tincidunt aliquet. Ut sagittis vel enim eget malesuada. Cras in congue tortor. Interdum et malesuada fames ac ante ipsum primis in faucibus. Nunc tempus consequat neque, et eleifend nulla aliquam eu.",Author 63,8,tu-ngu-tieng-phap-thong-dung-theo-chu-de-tai-ban-2024,NXB 63,2006,141
https://cdn1.fahasa.com/media/catalog/product/9/7/9786044121802.jpg,Tự Học 5000 Câu Giao Tiếp Tiếng Pháp,102000,54,9780085479460,"Lorem ipsum dolor sit amet, consectetur adipiscing elit. Nam congue vel tellus non luctus. Vestibulum vitae nunc lorem. Sed lacinia lectus vel augue imperdiet ultricies. Donec id venenatis ex, vitae pretium ligula. Sed nulla eros, dignissim at feugiat non, posuere sit amet urna. Ut eu porttitor tellus. Cras eu massa nulla. Morbi porta fermentum elit eu iaculis. Pellentesque hendrerit venenatis purus at feugiat. Pellentesque vitae feugiat purus. Donec mattis rhoncus lacinia. Sed quam diam, molestie id laoreet eu, lacinia ac turpis. Cras tincidunt lobortis elit quis aliquam. Proin et massa libero.

Aliquam id pharetra arcu. Vivamus vitae mattis ligula. Sed efficitur urna vitae scelerisque tempor. Proin purus magna, vulputate eu ligula a, vehicula malesuada enim. Curabitur aliquet rutrum enim et tincidunt. Vestibulum ante ipsum primis in faucibus orci luctus et ultrices posuere cubilia curae; Vivamus pharetra enim leo, nec molestie nibh consectetur quis. Class aptent taciti sociosqu ad litora torquent per conubia nostra, per inceptos himenaeos. Nunc quis maximus elit, vitae pulvinar urna. Integer at mi elit. Phasellus vitae rutrum sem. Vivamus et mauris ac nisl congue congue eu eget elit. Nullam at quam velit. Pellentesque dictum, diam nec tempor aliquet, tortor justo fermentum sapien, at condimentum turpis elit vel sapien. Aenean rutrum tellus sodales tortor viverra eleifend.

Donec facilisis, diam efficitur maximus ultrices, enim lectus rutrum elit, eget malesuada mi justo dapibus enim. Maecenas finibus euismod nulla quis dignissim. Sed dictum ante rutrum turpis euismod laoreet. Sed placerat tellus leo. In ut lobortis lorem. Nullam vitae lectus egestas urna tincidunt aliquet. Ut sagittis vel enim eget malesuada. Cras in congue tortor. Interdum et malesuada fames ac ante ipsum primis in faucibus. Nunc tempus consequat neque, et eleifend nulla aliquam eu.",Author 64,5,tu-hoc-5000-cau-giao-tiep-tieng-phap,NXB 64,2013,459
https://cdn1.fahasa.com/media/catalog/product/9/7/9786044131191.jpg,Hướng Dẫn Học Tiếng Pháp Cho Người Mới Bắt Đầu,102000,54,9780085479461,"Lorem ipsum dolor sit amet, consectetur adipiscing elit. Nam congue vel tellus non luctus. Vestibulum vitae nunc lorem. Sed lacinia lectus vel augue imperdiet ultricies. Donec id venenatis ex, vitae pretium ligula. Sed nulla eros, dignissim at feugiat non, posuere sit amet urna. Ut eu porttitor tellus. Cras eu massa nulla. Morbi porta fermentum elit eu iaculis. Pellentesque hendrerit venenatis purus at feugiat. Pellentesque vitae feugiat purus. Donec mattis rhoncus lacinia. Sed quam diam, molestie id laoreet eu, lacinia ac turpis. Cras tincidunt lobortis elit quis aliquam. Proin et massa libero.

Aliquam id pharetra arcu. Vivamus vitae mattis ligula. Sed efficitur urna vitae scelerisque tempor. Proin purus magna, vulputate eu ligula a, vehicula malesuada enim. Curabitur aliquet rutrum enim et tincidunt. Vestibulum ante ipsum primis in faucibus orci luctus et ultrices posuere cubilia curae; Vivamus pharetra enim leo, nec molestie nibh consectetur quis. Class aptent taciti sociosqu ad litora torquent per conubia nostra, per inceptos himenaeos. Nunc quis maximus elit, vitae pulvinar urna. Integer at mi elit. Phasellus vitae rutrum sem. Vivamus et mauris ac nisl congue congue eu eget elit. Nullam at quam velit. Pellentesque dictum, diam nec tempor aliquet, tortor justo fermentum sapien, at condimentum turpis elit vel sapien. Aenean rutrum tellus sodales tortor viverra eleifend.

Donec facilisis, diam efficitur maximus ultrices, enim lectus rutrum elit, eget malesuada mi justo dapibus enim. Maecenas finibus euismod nulla quis dignissim. Sed dictum ante rutrum turpis euismod laoreet. Sed placerat tellus leo. In ut lobortis lorem. Nullam vitae lectus egestas urna tincidunt aliquet. Ut sagittis vel enim eget malesuada. Cras in congue tortor. Interdum et malesuada fames ac ante ipsum primis in faucibus. Nunc tempus consequat neque, et eleifend nulla aliquam eu.",Author 65,9,huong-dan-hoc-tieng-phap-cho-nguoi-moi-bat-dau,NXB 65,2011,188
https://cdn1.fahasa.com/media/catalog/product/9/7/9786044140964.jpg,Cẩm Nang Hướng Dẫn Tự Học Tiếng Pháp - Trình Độ Sơ Cấp-Trung Cấp,127500,54,9780085479462,"Lorem ipsum dolor sit amet, consectetur adipiscing elit. Nam congue vel tellus non luctus. Vestibulum vitae nunc lorem. Sed lacinia lectus vel augue imperdiet ultricies. Donec id venenatis ex, vitae pretium ligula. Sed nulla eros, dignissim at feugiat non, posuere sit amet urna. Ut eu porttitor tellus. Cras eu massa nulla. Morbi porta fermentum elit eu iaculis. Pellentesque hendrerit venenatis purus at feugiat. Pellentesque vitae feugiat purus. Donec mattis rhoncus lacinia. Sed quam diam, molestie id laoreet eu, lacinia ac turpis. Cras tincidunt lobortis elit quis aliquam. Proin et massa libero.

Aliquam id pharetra arcu. Vivamus vitae mattis ligula. Sed efficitur urna vitae scelerisque tempor. Proin purus magna, vulputate eu ligula a, vehicula malesuada enim. Curabitur aliquet rutrum enim et tincidunt. Vestibulum ante ipsum primis in faucibus orci luctus et ultrices posuere cubilia curae; Vivamus pharetra enim leo, nec molestie nibh consectetur quis. Class aptent taciti sociosqu ad litora torquent per conubia nostra, per inceptos himenaeos. Nunc quis maximus elit, vitae pulvinar urna. Integer at mi elit. Phasellus vitae rutrum sem. Vivamus et mauris ac nisl congue congue eu eget elit. Nullam at quam velit. Pellentesque dictum, diam nec tempor aliquet, tortor justo fermentum sapien, at condimentum turpis elit vel sapien. Aenean rutrum tellus sodales tortor viverra eleifend.

Donec facilisis, diam efficitur maximus ultrices, enim lectus rutrum elit, eget malesuada mi justo dapibus enim. Maecenas finibus euismod nulla quis dignissim. Sed dictum ante rutrum turpis euismod laoreet. Sed placerat tellus leo. In ut lobortis lorem. Nullam vitae lectus egestas urna tincidunt aliquet. Ut sagittis vel enim eget malesuada. Cras in congue tortor. Interdum et malesuada fames ac ante ipsum primis in faucibus. Nunc tempus consequat neque, et eleifend nulla aliquam eu.",Author 66,4,cam-nang-huong-dan-tu-hoc-tieng-phap-trinh-do-so-cap-trung-cap,NXB 66,2022,145
https://cdn1.fahasa.com/media/catalog/product/9/7/9786044135809.jpg,Luyện Thi Tiếng Pháp Delf B2,119000,54,9780085479463,"Lorem ipsum dolor sit amet, consectetur adipiscing elit. Nam congue vel tellus non luctus. Vestibulum vitae nunc lorem. Sed lacinia lectus vel augue imperdiet ultricies. Donec id venenatis ex, vitae pretium ligula. Sed nulla eros, dignissim at feugiat non, posuere sit amet urna. Ut eu porttitor tellus. Cras eu massa nulla. Morbi porta fermentum elit eu iaculis. Pellentesque hendrerit venenatis purus at feugiat. Pellentesque vitae feugiat purus. Donec mattis rhoncus lacinia. Sed quam diam, molestie id laoreet eu, lacinia ac turpis. Cras tincidunt lobortis elit quis aliquam. Proin et massa libero.

Aliquam id pharetra arcu. Vivamus vitae mattis ligula. Sed efficitur urna vitae scelerisque tempor. Proin purus magna, vulputate eu ligula a, vehicula malesuada enim. Curabitur aliquet rutrum enim et tincidunt. Vestibulum ante ipsum primis in faucibus orci luctus et ultrices posuere cubilia curae; Vivamus pharetra enim leo, nec molestie nibh consectetur quis. Class aptent taciti sociosqu ad litora torquent per conubia nostra, per inceptos himenaeos. Nunc quis maximus elit, vitae pulvinar urna. Integer at mi elit. Phasellus vitae rutrum sem. Vivamus et mauris ac nisl congue congue eu eget elit. Nullam at quam velit. Pellentesque dictum, diam nec tempor aliquet, tortor justo fermentum sapien, at condimentum turpis elit vel sapien. Aenean rutrum tellus sodales tortor viverra eleifend.

Donec facilisis, diam efficitur maximus ultrices, enim lectus rutrum elit, eget malesuada mi justo dapibus enim. Maecenas finibus euismod nulla quis dignissim. Sed dictum ante rutrum turpis euismod laoreet. Sed placerat tellus leo. In ut lobortis lorem. Nullam vitae lectus egestas urna tincidunt aliquet. Ut sagittis vel enim eget malesuada. Cras in congue tortor. Interdum et malesuada fames ac ante ipsum primis in faucibus. Nunc tempus consequat neque, et eleifend nulla aliquam eu.",Author 67,2,luyen-thi-tieng-phap-delf-b2,NXB 67,2009,391
https://cdn1.fahasa.com/media/catalog/product/i/m/image_195509_1_27573.jpg,Tiếng Việt 123 - Tiếng Việt Dành Cho Người Hàn Quốc - Trình Độ A,283500,53,9780085479464,"Lorem ipsum dolor sit amet, consectetur adipiscing elit. Nam congue vel tellus non luctus. Vestibulum vitae nunc lorem. Sed lacinia lectus vel augue imperdiet ultricies. Donec id venenatis ex, vitae pretium ligula. Sed nulla eros, dignissim at feugiat non, posuere sit amet urna. Ut eu porttitor tellus. Cras eu massa nulla. Morbi porta fermentum elit eu iaculis. Pellentesque hendrerit venenatis purus at feugiat. Pellentesque vitae feugiat purus. Donec mattis rhoncus lacinia. Sed quam diam, molestie id laoreet eu, lacinia ac turpis. Cras tincidunt lobortis elit quis aliquam. Proin et massa libero.

Aliquam id pharetra arcu. Vivamus vitae mattis ligula. Sed efficitur urna vitae scelerisque tempor. Proin purus magna, vulputate eu ligula a, vehicula malesuada enim. Curabitur aliquet rutrum enim et tincidunt. Vestibulum ante ipsum primis in faucibus orci luctus et ultrices posuere cubilia curae; Vivamus pharetra enim leo, nec molestie nibh consectetur quis. Class aptent taciti sociosqu ad litora torquent per conubia nostra, per inceptos himenaeos. Nunc quis maximus elit, vitae pulvinar urna. Integer at mi elit. Phasellus vitae rutrum sem. Vivamus et mauris ac nisl congue congue eu eget elit. Nullam at quam velit. Pellentesque dictum, diam nec tempor aliquet, tortor justo fermentum sapien, at condimentum turpis elit vel sapien. Aenean rutrum tellus sodales tortor viverra eleifend.

Donec facilisis, diam efficitur maximus ultrices, enim lectus rutrum elit, eget malesuada mi justo dapibus enim. Maecenas finibus euismod nulla quis dignissim. Sed dictum ante rutrum turpis euismod laoreet. Sed placerat tellus leo. In ut lobortis lorem. Nullam vitae lectus egestas urna tincidunt aliquet. Ut sagittis vel enim eget malesuada. Cras in congue tortor. Interdum et malesuada fames ac ante ipsum primis in faucibus. Nunc tempus consequat neque, et eleifend nulla aliquam eu.",Author 68,9,tieng-viet-123-tieng-viet-danh-cho-nguoi-han-quoc-trinh-do-a,NXB 68,2016,277
https://cdn1.fahasa.com/media/catalog/product/8/9/8935246946176.jpg,Tự Học Giao Tiếp Tiếng Thái Cho Người Mới Bắt Đầu,162000,53,9780085479465,"Lorem ipsum dolor sit amet, consectetur adipiscing elit. Nam congue vel tellus non luctus. Vestibulum vitae nunc lorem. Sed lacinia lectus vel augue imperdiet ultricies. Donec id venenatis ex, vitae pretium ligula. Sed nulla eros, dignissim at feugiat non, posuere sit amet urna. Ut eu porttitor tellus. Cras eu massa nulla. Morbi porta fermentum elit eu iaculis. Pellentesque hendrerit venenatis purus at feugiat. Pellentesque vitae feugiat purus. Donec mattis rhoncus lacinia. Sed quam diam, molestie id laoreet eu, lacinia ac turpis. Cras tincidunt lobortis elit quis aliquam. Proin et massa libero.

Aliquam id pharetra arcu. Vivamus vitae mattis ligula. Sed efficitur urna vitae scelerisque tempor. Proin purus magna, vulputate eu ligula a, vehicula malesuada enim. Curabitur aliquet rutrum enim et tincidunt. Vestibulum ante ipsum primis in faucibus orci luctus et ultrices posuere cubilia curae; Vivamus pharetra enim leo, nec molestie nibh consectetur quis. Class aptent taciti sociosqu ad litora torquent per conubia nostra, per inceptos himenaeos. Nunc quis maximus elit, vitae pulvinar urna. Integer at mi elit. Phasellus vitae rutrum sem. Vivamus et mauris ac nisl congue congue eu eget elit. Nullam at quam velit. Pellentesque dictum, diam nec tempor aliquet, tortor justo fermentum sapien, at condimentum turpis elit vel sapien. Aenean rutrum tellus sodales tortor viverra eleifend.

Donec facilisis, diam efficitur maximus ultrices, enim lectus rutrum elit, eget malesuada mi justo dapibus enim. Maecenas finibus euismod nulla quis dignissim. Sed dictum ante rutrum turpis euismod laoreet. Sed placerat tellus leo. In ut lobortis lorem. Nullam vitae lectus egestas urna tincidunt aliquet. Ut sagittis vel enim eget malesuada. Cras in congue tortor. Interdum et malesuada fames ac ante ipsum primis in faucibus. Nunc tempus consequat neque, et eleifend nulla aliquam eu.",Author 69,7,tu-hoc-giao-tiep-tieng-thai-cho-nguoi-moi-bat-dau,NXB 69,2003,457
https://cdn1.fahasa.com/media/catalog/product/8/9/8935246945506.jpg,Tự Học Tiếng Nga Cho Người Mới Bắt Đầu,129500,53,9780085479466,"Lorem ipsum dolor sit amet, consectetur adipiscing elit. Nam congue vel tellus non luctus. Vestibulum vitae nunc lorem. Sed lacinia lectus vel augue imperdiet ultricies. Donec id venenatis ex, vitae pretium ligula. Sed nulla eros, dignissim at feugiat non, posuere sit amet urna. Ut eu porttitor tellus. Cras eu massa nulla. Morbi porta fermentum elit eu iaculis. Pellentesque hendrerit venenatis purus at feugiat. Pellentesque vitae feugiat purus. Donec mattis rhoncus lacinia. Sed quam diam, molestie id laoreet eu, lacinia ac turpis. Cras tincidunt lobortis elit quis aliquam. Proin et massa libero.

Aliquam id pharetra arcu. Vivamus vitae mattis ligula. Sed efficitur urna vitae scelerisque tempor. Proin purus magna, vulputate eu ligula a, vehicula malesuada enim. Curabitur aliquet rutrum enim et tincidunt. Vestibulum ante ipsum primis in faucibus orci luctus et ultrices posuere cubilia curae; Vivamus pharetra enim leo, nec molestie nibh consectetur quis. Class aptent taciti sociosqu ad litora torquent per conubia nostra, per inceptos himenaeos. Nunc quis maximus elit, vitae pulvinar urna. Integer at mi elit. Phasellus vitae rutrum sem. Vivamus et mauris ac nisl congue congue eu eget elit. Nullam at quam velit. Pellentesque dictum, diam nec tempor aliquet, tortor justo fermentum sapien, at condimentum turpis elit vel sapien. Aenean rutrum tellus sodales tortor viverra eleifend.

Donec facilisis, diam efficitur maximus ultrices, enim lectus rutrum elit, eget malesuada mi justo dapibus enim. Maecenas finibus euismod nulla quis dignissim. Sed dictum ante rutrum turpis euismod laoreet. Sed placerat tellus leo. In ut lobortis lorem. Nullam vitae lectus egestas urna tincidunt aliquet. Ut sagittis vel enim eget malesuada. Cras in congue tortor. Interdum et malesuada fames ac ante ipsum primis in faucibus. Nunc tempus consequat neque, et eleifend nulla aliquam eu.",Author 70,7,tu-hoc-tieng-nga-cho-nguoi-moi-bat-dau,NXB 70,2008,481
https://cdn1.fahasa.com/media/catalog/product/c/o/combo-8935246942383-8935246944509.jpg,Combo Sách Tự Học Tiếng Thái Lan Cho Người Mới Bắt Đầu + Mind Map Từ Vựng Tiếng Thái Lan - ผังคำศัพท์ภาษาไทย (Bộ 2 Cuốn),295500,53,9780085479467,"Lorem ipsum dolor sit amet, consectetur adipiscing elit. Nam congue vel tellus non luctus. Vestibulum vitae nunc lorem. Sed lacinia lectus vel augue imperdiet ultricies. Donec id venenatis ex, vitae pretium ligula. Sed nulla eros, dignissim at feugiat non, posuere sit amet urna. Ut eu porttitor tellus. Cras eu massa nulla. Morbi porta fermentum elit eu iaculis. Pellentesque hendrerit venenatis purus at feugiat. Pellentesque vitae feugiat purus. Donec mattis rhoncus lacinia. Sed quam diam, molestie id laoreet eu, lacinia ac turpis. Cras tincidunt lobortis elit quis aliquam. Proin et massa libero.

Aliquam id pharetra arcu. Vivamus vitae mattis ligula. Sed efficitur urna vitae scelerisque tempor. Proin purus magna, vulputate eu ligula a, vehicula malesuada enim. Curabitur aliquet rutrum enim et tincidunt. Vestibulum ante ipsum primis in faucibus orci luctus et ultrices posuere cubilia curae; Vivamus pharetra enim leo, nec molestie nibh consectetur quis. Class aptent taciti sociosqu ad litora torquent per conubia nostra, per inceptos himenaeos. Nunc quis maximus elit, vitae pulvinar urna. Integer at mi elit. Phasellus vitae rutrum sem. Vivamus et mauris ac nisl congue congue eu eget elit. Nullam at quam velit. Pellentesque dictum, diam nec tempor aliquet, tortor justo fermentum sapien, at condimentum turpis elit vel sapien. Aenean rutrum tellus sodales tortor viverra eleifend.

Donec facilisis, diam efficitur maximus ultrices, enim lectus rutrum elit, eget malesuada mi justo dapibus enim. Maecenas finibus euismod nulla quis dignissim. Sed dictum ante rutrum turpis euismod laoreet. Sed placerat tellus leo. In ut lobortis lorem. Nullam vitae lectus egestas urna tincidunt aliquet. Ut sagittis vel enim eget malesuada. Cras in congue tortor. Interdum et malesuada fames ac ante ipsum primis in faucibus. Nunc tempus consequat neque, et eleifend nulla aliquam eu.",Author 71,7,combo-sach-tu-hoc-tieng-thai-lan-cho-nguoi-moi-bat-dau-mind-map-tu-vung-tieng-thai-lan,NXB 71,2013,132
https://cdn1.fahasa.com/media/catalog/product/9/7/9786044117713.jpg,Tự Học 3000 Câu Giao Tiếp Tiếng Thái,119000,53,9780085479468,"Lorem ipsum dolor sit amet, consectetur adipiscing elit. Nam congue vel tellus non luctus. Vestibulum vitae nunc lorem. Sed lacinia lectus vel augue imperdiet ultricies. Donec id venenatis ex, vitae pretium ligula. Sed nulla eros, dignissim at feugiat non, posuere sit amet urna. Ut eu porttitor tellus. Cras eu massa nulla. Morbi porta fermentum elit eu iaculis. Pellentesque hendrerit venenatis purus at feugiat. Pellentesque vitae feugiat purus. Donec mattis rhoncus lacinia. Sed quam diam, molestie id laoreet eu, lacinia ac turpis. Cras tincidunt lobortis elit quis aliquam. Proin et massa libero.

Aliquam id pharetra arcu. Vivamus vitae mattis ligula. Sed efficitur urna vitae scelerisque tempor. Proin purus magna, vulputate eu ligula a, vehicula malesuada enim. Curabitur aliquet rutrum enim et tincidunt. Vestibulum ante ipsum primis in faucibus orci luctus et ultrices posuere cubilia curae; Vivamus pharetra enim leo, nec molestie nibh consectetur quis. Class aptent taciti sociosqu ad litora torquent per conubia nostra, per inceptos himenaeos. Nunc quis maximus elit, vitae pulvinar urna. Integer at mi elit. Phasellus vitae rutrum sem. Vivamus et mauris ac nisl congue congue eu eget elit. Nullam at quam velit. Pellentesque dictum, diam nec tempor aliquet, tortor justo fermentum sapien, at condimentum turpis elit vel sapien. Aenean rutrum tellus sodales tortor viverra eleifend.

Donec facilisis, diam efficitur maximus ultrices, enim lectus rutrum elit, eget malesuada mi justo dapibus enim. Maecenas finibus euismod nulla quis dignissim. Sed dictum ante rutrum turpis euismod laoreet. Sed placerat tellus leo. In ut lobortis lorem. Nullam vitae lectus egestas urna tincidunt aliquet. Ut sagittis vel enim eget malesuada. Cras in congue tortor. Interdum et malesuada fames ac ante ipsum primis in faucibus. Nunc tempus consequat neque, et eleifend nulla aliquam eu.",Author 72,6,tu-hoc-3000-cau-giao-tiep-tieng-thai,NXB 72,2023,461
https://cdn1.fahasa.com/media/catalog/product/8/9/8935246942383.jpg,Tự Học Tiếng Thái Lan Cho Người Mới Bắt Đầu,135000,53,9780085479469,"Lorem ipsum dolor sit amet, consectetur adipiscing elit. Nam congue vel tellus non luctus. Vestibulum vitae nunc lorem. Sed lacinia lectus vel augue imperdiet ultricies. Donec id venenatis ex, vitae pretium ligula. Sed nulla eros, dignissim at feugiat non, posuere sit amet urna. Ut eu porttitor tellus. Cras eu massa nulla. Morbi porta fermentum elit eu iaculis. Pellentesque hendrerit venenatis purus at feugiat. Pellentesque vitae feugiat purus. Donec mattis rhoncus lacinia. Sed quam diam, molestie id laoreet eu, lacinia ac turpis. Cras tincidunt lobortis elit quis aliquam. Proin et massa libero.

Aliquam id pharetra arcu. Vivamus vitae mattis ligula. Sed efficitur urna vitae scelerisque tempor. Proin purus magna, vulputate eu ligula a, vehicula malesuada enim. Curabitur aliquet rutrum enim et tincidunt. Vestibulum ante ipsum primis in faucibus orci luctus et ultrices posuere cubilia curae; Vivamus pharetra enim leo, nec molestie nibh consectetur quis. Class aptent taciti sociosqu ad litora torquent per conubia nostra, per inceptos himenaeos. Nunc quis maximus elit, vitae pulvinar urna. Integer at mi elit. Phasellus vitae rutrum sem. Vivamus et mauris ac nisl congue congue eu eget elit. Nullam at quam velit. Pellentesque dictum, diam nec tempor aliquet, tortor justo fermentum sapien, at condimentum turpis elit vel sapien. Aenean rutrum tellus sodales tortor viverra eleifend.

Donec facilisis, diam efficitur maximus ultrices, enim lectus rutrum elit, eget malesuada mi justo dapibus enim. Maecenas finibus euismod nulla quis dignissim. Sed dictum ante rutrum turpis euismod laoreet. Sed placerat tellus leo. In ut lobortis lorem. Nullam vitae lectus egestas urna tincidunt aliquet. Ut sagittis vel enim eget malesuada. Cras in congue tortor. Interdum et malesuada fames ac ante ipsum primis in faucibus. Nunc tempus consequat neque, et eleifend nulla aliquam eu.",Author 73,10,tu-hoc-tieng-thai-lan-cho-nguoi-moi-bat-dau,NXB 73,2006,222
https://cdn1.fahasa.com/media/catalog/product/9/7/9786044112091.jpg,Cẩm Nang Hướng Dẫn Tự Học Tiếng Ý - Trình Độ Sơ Cấp-Trung Cấp,102000,53,9780085479470,"Lorem ipsum dolor sit amet, consectetur adipiscing elit. Nam congue vel tellus non luctus. Vestibulum vitae nunc lorem. Sed lacinia lectus vel augue imperdiet ultricies. Donec id venenatis ex, vitae pretium ligula. Sed nulla eros, dignissim at feugiat non, posuere sit amet urna. Ut eu porttitor tellus. Cras eu massa nulla. Morbi porta fermentum elit eu iaculis. Pellentesque hendrerit venenatis purus at feugiat. Pellentesque vitae feugiat purus. Donec mattis rhoncus lacinia. Sed quam diam, molestie id laoreet eu, lacinia ac turpis. Cras tincidunt lobortis elit quis aliquam. Proin et massa libero.

Aliquam id pharetra arcu. Vivamus vitae mattis ligula. Sed efficitur urna vitae scelerisque tempor. Proin purus magna, vulputate eu ligula a, vehicula malesuada enim. Curabitur aliquet rutrum enim et tincidunt. Vestibulum ante ipsum primis in faucibus orci luctus et ultrices posuere cubilia curae; Vivamus pharetra enim leo, nec molestie nibh consectetur quis. Class aptent taciti sociosqu ad litora torquent per conubia nostra, per inceptos himenaeos. Nunc quis maximus elit, vitae pulvinar urna. Integer at mi elit. Phasellus vitae rutrum sem. Vivamus et mauris ac nisl congue congue eu eget elit. Nullam at quam velit. Pellentesque dictum, diam nec tempor aliquet, tortor justo fermentum sapien, at condimentum turpis elit vel sapien. Aenean rutrum tellus sodales tortor viverra eleifend.

Donec facilisis, diam efficitur maximus ultrices, enim lectus rutrum elit, eget malesuada mi justo dapibus enim. Maecenas finibus euismod nulla quis dignissim. Sed dictum ante rutrum turpis euismod laoreet. Sed placerat tellus leo. In ut lobortis lorem. Nullam vitae lectus egestas urna tincidunt aliquet. Ut sagittis vel enim eget malesuada. Cras in congue tortor. Interdum et malesuada fames ac ante ipsum primis in faucibus. Nunc tempus consequat neque, et eleifend nulla aliquam eu.",Author 74,10,cam-nang-huong-dan-tu-hoc-tieng-y-trinh-do-so-cap-trung-cap,NXB 74,2007,116
https://cdn1.fahasa.com/media/catalog/product/8/9/8935246945933_1_1.jpg,3000 Từ Vựng Tiếng Tây Ban Nha Thông Dụng,113500,53,9780085479471,"Lorem ipsum dolor sit amet, consectetur adipiscing elit. Nam congue vel tellus non luctus. Vestibulum vitae nunc lorem. Sed lacinia lectus vel augue imperdiet ultricies. Donec id venenatis ex, vitae pretium ligula. Sed nulla eros, dignissim at feugiat non, posuere sit amet urna. Ut eu porttitor tellus. Cras eu massa nulla. Morbi porta fermentum elit eu iaculis. Pellentesque hendrerit venenatis purus at feugiat. Pellentesque vitae feugiat purus. Donec mattis rhoncus lacinia. Sed quam diam, molestie id laoreet eu, lacinia ac turpis. Cras tincidunt lobortis elit quis aliquam. Proin et massa libero.

Aliquam id pharetra arcu. Vivamus vitae mattis ligula. Sed efficitur urna vitae scelerisque tempor. Proin purus magna, vulputate eu ligula a, vehicula malesuada enim. Curabitur aliquet rutrum enim et tincidunt. Vestibulum ante ipsum primis in faucibus orci luctus et ultrices posuere cubilia curae; Vivamus pharetra enim leo, nec molestie nibh consectetur quis. Class aptent taciti sociosqu ad litora torquent per conubia nostra, per inceptos himenaeos. Nunc quis maximus elit, vitae pulvinar urna. Integer at mi elit. Phasellus vitae rutrum sem. Vivamus et mauris ac nisl congue congue eu eget elit. Nullam at quam velit. Pellentesque dictum, diam nec tempor aliquet, tortor justo fermentum sapien, at condimentum turpis elit vel sapien. Aenean rutrum tellus sodales tortor viverra eleifend.

Donec facilisis, diam efficitur maximus ultrices, enim lectus rutrum elit, eget malesuada mi justo dapibus enim. Maecenas finibus euismod nulla quis dignissim. Sed dictum ante rutrum turpis euismod laoreet. Sed placerat tellus leo. In ut lobortis lorem. Nullam vitae lectus egestas urna tincidunt aliquet. Ut sagittis vel enim eget malesuada. Cras in congue tortor. Interdum et malesuada fames ac ante ipsum primis in faucibus. Nunc tempus consequat neque, et eleifend nulla aliquam eu.",Author 75,4,3000-tu-vung-tieng-tay-ban-nha-thong-dung,NXB 75,2001,301
https://cdn1.fahasa.com/media/catalog/product/8/9/8935246945520.jpg,Tập Viết Tiếng Nga Cho Người Mới Bắt Đầu,72500,53,9780085479472,"Lorem ipsum dolor sit amet, consectetur adipiscing elit. Nam congue vel tellus non luctus. Vestibulum vitae nunc lorem. Sed lacinia lectus vel augue imperdiet ultricies. Donec id venenatis ex, vitae pretium ligula. Sed nulla eros, dignissim at feugiat non, posuere sit amet urna. Ut eu porttitor tellus. Cras eu massa nulla. Morbi porta fermentum elit eu iaculis. Pellentesque hendrerit venenatis purus at feugiat. Pellentesque vitae feugiat purus. Donec mattis rhoncus lacinia. Sed quam diam, molestie id laoreet eu, lacinia ac turpis. Cras tincidunt lobortis elit quis aliquam. Proin et massa libero.

Aliquam id pharetra arcu. Vivamus vitae mattis ligula. Sed efficitur urna vitae scelerisque tempor. Proin purus magna, vulputate eu ligula a, vehicula malesuada enim. Curabitur aliquet rutrum enim et tincidunt. Vestibulum ante ipsum primis in faucibus orci luctus et ultrices posuere cubilia curae; Vivamus pharetra enim leo, nec molestie nibh consectetur quis. Class aptent taciti sociosqu ad litora torquent per conubia nostra, per inceptos himenaeos. Nunc quis maximus elit, vitae pulvinar urna. Integer at mi elit. Phasellus vitae rutrum sem. Vivamus et mauris ac nisl congue congue eu eget elit. Nullam at quam velit. Pellentesque dictum, diam nec tempor aliquet, tortor justo fermentum sapien, at condimentum turpis elit vel sapien. Aenean rutrum tellus sodales tortor viverra eleifend.

Donec facilisis, diam efficitur maximus ultrices, enim lectus rutrum elit, eget malesuada mi justo dapibus enim. Maecenas finibus euismod nulla quis dignissim. Sed dictum ante rutrum turpis euismod laoreet. Sed placerat tellus leo. In ut lobortis lorem. Nullam vitae lectus egestas urna tincidunt aliquet. Ut sagittis vel enim eget malesuada. Cras in congue tortor. Interdum et malesuada fames ac ante ipsum primis in faucibus. Nunc tempus consequat neque, et eleifend nulla aliquam eu.",Author 76,6,tap-viet-tieng-nga-cho-nguoi-moi-bat-dau,NXB 76,2016,364
https://cdn1.fahasa.com/media/catalog/product/8/9/8935246945575.jpg,Ngữ Pháp Tiếng Tây Ban Nha Căn Bản,154500,53,9780085479473,"Lorem ipsum dolor sit amet, consectetur adipiscing elit. Nam congue vel tellus non luctus. Vestibulum vitae nunc lorem. Sed lacinia lectus vel augue imperdiet ultricies. Donec id venenatis ex, vitae pretium ligula. Sed nulla eros, dignissim at feugiat non, posuere sit amet urna. Ut eu porttitor tellus. Cras eu massa nulla. Morbi porta fermentum elit eu iaculis. Pellentesque hendrerit venenatis purus at feugiat. Pellentesque vitae feugiat purus. Donec mattis rhoncus lacinia. Sed quam diam, molestie id laoreet eu, lacinia ac turpis. Cras tincidunt lobortis elit quis aliquam. Proin et massa libero.

Aliquam id pharetra arcu. Vivamus vitae mattis ligula. Sed efficitur urna vitae scelerisque tempor. Proin purus magna, vulputate eu ligula a, vehicula malesuada enim. Curabitur aliquet rutrum enim et tincidunt. Vestibulum ante ipsum primis in faucibus orci luctus et ultrices posuere cubilia curae; Vivamus pharetra enim leo, nec molestie nibh consectetur quis. Class aptent taciti sociosqu ad litora torquent per conubia nostra, per inceptos himenaeos. Nunc quis maximus elit, vitae pulvinar urna. Integer at mi elit. Phasellus vitae rutrum sem. Vivamus et mauris ac nisl congue congue eu eget elit. Nullam at quam velit. Pellentesque dictum, diam nec tempor aliquet, tortor justo fermentum sapien, at condimentum turpis elit vel sapien. Aenean rutrum tellus sodales tortor viverra eleifend.

Donec facilisis, diam efficitur maximus ultrices, enim lectus rutrum elit, eget malesuada mi justo dapibus enim. Maecenas finibus euismod nulla quis dignissim. Sed dictum ante rutrum turpis euismod laoreet. Sed placerat tellus leo. In ut lobortis lorem. Nullam vitae lectus egestas urna tincidunt aliquet. Ut sagittis vel enim eget malesuada. Cras in congue tortor. Interdum et malesuada fames ac ante ipsum primis in faucibus. Nunc tempus consequat neque, et eleifend nulla aliquam eu.",Author 77,7,ngu-phap-tieng-tay-ban-nha-can-ban,NXB 77,2021,178
https://cdn1.fahasa.com/media/catalog/product/8/9/8935246944509.jpg,Mind Map Từ Vựng Tiếng Thái Lan - ผังคำศัพท์ภาษาไทย,160500,53,9780085479474,"Lorem ipsum dolor sit amet, consectetur adipiscing elit. Nam congue vel tellus non luctus. Vestibulum vitae nunc lorem. Sed lacinia lectus vel augue imperdiet ultricies. Donec id venenatis ex, vitae pretium ligula. Sed nulla eros, dignissim at feugiat non, posuere sit amet urna. Ut eu porttitor tellus. Cras eu massa nulla. Morbi porta fermentum elit eu iaculis. Pellentesque hendrerit venenatis purus at feugiat. Pellentesque vitae feugiat purus. Donec mattis rhoncus lacinia. Sed quam diam, molestie id laoreet eu, lacinia ac turpis. Cras tincidunt lobortis elit quis aliquam. Proin et massa libero.

Aliquam id pharetra arcu. Vivamus vitae mattis ligula. Sed efficitur urna vitae scelerisque tempor. Proin purus magna, vulputate eu ligula a, vehicula malesuada enim. Curabitur aliquet rutrum enim et tincidunt. Vestibulum ante ipsum primis in faucibus orci luctus et ultrices posuere cubilia curae; Vivamus pharetra enim leo, nec molestie nibh consectetur quis. Class aptent taciti sociosqu ad litora torquent per conubia nostra, per inceptos himenaeos. Nunc quis maximus elit, vitae pulvinar urna. Integer at mi elit. Phasellus vitae rutrum sem. Vivamus et mauris ac nisl congue congue eu eget elit. Nullam at quam velit. Pellentesque dictum, diam nec tempor aliquet, tortor justo fermentum sapien, at condimentum turpis elit vel sapien. Aenean rutrum tellus sodales tortor viverra eleifend.

Donec facilisis, diam efficitur maximus ultrices, enim lectus rutrum elit, eget malesuada mi justo dapibus enim. Maecenas finibus euismod nulla quis dignissim. Sed dictum ante rutrum turpis euismod laoreet. Sed placerat tellus leo. In ut lobortis lorem. Nullam vitae lectus egestas urna tincidunt aliquet. Ut sagittis vel enim eget malesuada. Cras in congue tortor. Interdum et malesuada fames ac ante ipsum primis in faucibus. Nunc tempus consequat neque, et eleifend nulla aliquam eu.",Author 78,3,mind-map-tu-vung-tieng-thai-lan,NXB 78,2012,410
https://cdn1.fahasa.com/media/catalog/product/8/9/8935246946916.jpg,Ngữ Pháp Tiếng Thái Lan Thông Dụng,137500,53,9780085479475,"Lorem ipsum dolor sit amet, consectetur adipiscing elit. Nam congue vel tellus non luctus. Vestibulum vitae nunc lorem. Sed lacinia lectus vel augue imperdiet ultricies. Donec id venenatis ex, vitae pretium ligula. Sed nulla eros, dignissim at feugiat non, posuere sit amet urna. Ut eu porttitor tellus. Cras eu massa nulla. Morbi porta fermentum elit eu iaculis. Pellentesque hendrerit venenatis purus at feugiat. Pellentesque vitae feugiat purus. Donec mattis rhoncus lacinia. Sed quam diam, molestie id laoreet eu, lacinia ac turpis. Cras tincidunt lobortis elit quis aliquam. Proin et massa libero.

Aliquam id pharetra arcu. Vivamus vitae mattis ligula. Sed efficitur urna vitae scelerisque tempor. Proin purus magna, vulputate eu ligula a, vehicula malesuada enim. Curabitur aliquet rutrum enim et tincidunt. Vestibulum ante ipsum primis in faucibus orci luctus et ultrices posuere cubilia curae; Vivamus pharetra enim leo, nec molestie nibh consectetur quis. Class aptent taciti sociosqu ad litora torquent per conubia nostra, per inceptos himenaeos. Nunc quis maximus elit, vitae pulvinar urna. Integer at mi elit. Phasellus vitae rutrum sem. Vivamus et mauris ac nisl congue congue eu eget elit. Nullam at quam velit. Pellentesque dictum, diam nec tempor aliquet, tortor justo fermentum sapien, at condimentum turpis elit vel sapien. Aenean rutrum tellus sodales tortor viverra eleifend.

Donec facilisis, diam efficitur maximus ultrices, enim lectus rutrum elit, eget malesuada mi justo dapibus enim. Maecenas finibus euismod nulla quis dignissim. Sed dictum ante rutrum turpis euismod laoreet. Sed placerat tellus leo. In ut lobortis lorem. Nullam vitae lectus egestas urna tincidunt aliquet. Ut sagittis vel enim eget malesuada. Cras in congue tortor. Interdum et malesuada fames ac ante ipsum primis in faucibus. Nunc tempus consequat neque, et eleifend nulla aliquam eu.",Author 79,6,ngu-phap-tieng-thai-lan-thong-dung,NXB 79,2016,248
https://cdn1.fahasa.com/media/catalog/product/8/9/8935246945513.jpg,Tự Học Giao Tiếp Tiếng Nga Cho Người Mới Bắt Đầu,104500,53,9780085479476,"Lorem ipsum dolor sit amet, consectetur adipiscing elit. Nam congue vel tellus non luctus. Vestibulum vitae nunc lorem. Sed lacinia lectus vel augue imperdiet ultricies. Donec id venenatis ex, vitae pretium ligula. Sed nulla eros, dignissim at feugiat non, posuere sit amet urna. Ut eu porttitor tellus. Cras eu massa nulla. Morbi porta fermentum elit eu iaculis. Pellentesque hendrerit venenatis purus at feugiat. Pellentesque vitae feugiat purus. Donec mattis rhoncus lacinia. Sed quam diam, molestie id laoreet eu, lacinia ac turpis. Cras tincidunt lobortis elit quis aliquam. Proin et massa libero.

Aliquam id pharetra arcu. Vivamus vitae mattis ligula. Sed efficitur urna vitae scelerisque tempor. Proin purus magna, vulputate eu ligula a, vehicula malesuada enim. Curabitur aliquet rutrum enim et tincidunt. Vestibulum ante ipsum primis in faucibus orci luctus et ultrices posuere cubilia curae; Vivamus pharetra enim leo, nec molestie nibh consectetur quis. Class aptent taciti sociosqu ad litora torquent per conubia nostra, per inceptos himenaeos. Nunc quis maximus elit, vitae pulvinar urna. Integer at mi elit. Phasellus vitae rutrum sem. Vivamus et mauris ac nisl congue congue eu eget elit. Nullam at quam velit. Pellentesque dictum, diam nec tempor aliquet, tortor justo fermentum sapien, at condimentum turpis elit vel sapien. Aenean rutrum tellus sodales tortor viverra eleifend.

Donec facilisis, diam efficitur maximus ultrices, enim lectus rutrum elit, eget malesuada mi justo dapibus enim. Maecenas finibus euismod nulla quis dignissim. Sed dictum ante rutrum turpis euismod laoreet. Sed placerat tellus leo. In ut lobortis lorem. Nullam vitae lectus egestas urna tincidunt aliquet. Ut sagittis vel enim eget malesuada. Cras in congue tortor. Interdum et malesuada fames ac ante ipsum primis in faucibus. Nunc tempus consequat neque, et eleifend nulla aliquam eu.",Author 80,2,tu-hoc-giao-tiep-tieng-nga-cho-nguoi-moi-bat-dau,NXB 80,2025,306
https://cdn1.fahasa.com/media/catalog/product/8/9/8935246948514.jpg,Take Note - Từ Vựng-Mẫu Câu Tiếng Thái Lan Thông Dụng,159500,53,9780085479477,"Lorem ipsum dolor sit amet, consectetur adipiscing elit. Nam congue vel tellus non luctus. Vestibulum vitae nunc lorem. Sed lacinia lectus vel augue imperdiet ultricies. Donec id venenatis ex, vitae pretium ligula. Sed nulla eros, dignissim at feugiat non, posuere sit amet urna. Ut eu porttitor tellus. Cras eu massa nulla. Morbi porta fermentum elit eu iaculis. Pellentesque hendrerit venenatis purus at feugiat. Pellentesque vitae feugiat purus. Donec mattis rhoncus lacinia. Sed quam diam, molestie id laoreet eu, lacinia ac turpis. Cras tincidunt lobortis elit quis aliquam. Proin et massa libero.

Aliquam id pharetra arcu. Vivamus vitae mattis ligula. Sed efficitur urna vitae scelerisque tempor. Proin purus magna, vulputate eu ligula a, vehicula malesuada enim. Curabitur aliquet rutrum enim et tincidunt. Vestibulum ante ipsum primis in faucibus orci luctus et ultrices posuere cubilia curae; Vivamus pharetra enim leo, nec molestie nibh consectetur quis. Class aptent taciti sociosqu ad litora torquent per conubia nostra, per inceptos himenaeos. Nunc quis maximus elit, vitae pulvinar urna. Integer at mi elit. Phasellus vitae rutrum sem. Vivamus et mauris ac nisl congue congue eu eget elit. Nullam at quam velit. Pellentesque dictum, diam nec tempor aliquet, tortor justo fermentum sapien, at condimentum turpis elit vel sapien. Aenean rutrum tellus sodales tortor viverra eleifend.

Donec facilisis, diam efficitur maximus ultrices, enim lectus rutrum elit, eget malesuada mi justo dapibus enim. Maecenas finibus euismod nulla quis dignissim. Sed dictum ante rutrum turpis euismod laoreet. Sed placerat tellus leo. In ut lobortis lorem. Nullam vitae lectus egestas urna tincidunt aliquet. Ut sagittis vel enim eget malesuada. Cras in congue tortor. Interdum et malesuada fames ac ante ipsum primis in faucibus. Nunc tempus consequat neque, et eleifend nulla aliquam eu.",Author 81,9,take-note-tu-vung-mau-cau-tieng-thai-lan-thong-dung,NXB 81,2004,381
https://cdn1.fahasa.com/media/catalog/product/9/7/9786326271300.jpg,Practical Daily Expressions And Vocabulary Italian-English-Vietnamese - Từ Vựng Và Câu Giao Tiếp Thực Tiễn Hàng Ngày Ý-Anh-Việt,119000,53,9780085479478,"Lorem ipsum dolor sit amet, consectetur adipiscing elit. Nam congue vel tellus non luctus. Vestibulum vitae nunc lorem. Sed lacinia lectus vel augue imperdiet ultricies. Donec id venenatis ex, vitae pretium ligula. Sed nulla eros, dignissim at feugiat non, posuere sit amet urna. Ut eu porttitor tellus. Cras eu massa nulla. Morbi porta fermentum elit eu iaculis. Pellentesque hendrerit venenatis purus at feugiat. Pellentesque vitae feugiat purus. Donec mattis rhoncus lacinia. Sed quam diam, molestie id laoreet eu, lacinia ac turpis. Cras tincidunt lobortis elit quis aliquam. Proin et massa libero.

Aliquam id pharetra arcu. Vivamus vitae mattis ligula. Sed efficitur urna vitae scelerisque tempor. Proin purus magna, vulputate eu ligula a, vehicula malesuada enim. Curabitur aliquet rutrum enim et tincidunt. Vestibulum ante ipsum primis in faucibus orci luctus et ultrices posuere cubilia curae; Vivamus pharetra enim leo, nec molestie nibh consectetur quis. Class aptent taciti sociosqu ad litora torquent per conubia nostra, per inceptos himenaeos. Nunc quis maximus elit, vitae pulvinar urna. Integer at mi elit. Phasellus vitae rutrum sem. Vivamus et mauris ac nisl congue congue eu eget elit. Nullam at quam velit. Pellentesque dictum, diam nec tempor aliquet, tortor justo fermentum sapien, at condimentum turpis elit vel sapien. Aenean rutrum tellus sodales tortor viverra eleifend.

Donec facilisis, diam efficitur maximus ultrices, enim lectus rutrum elit, eget malesuada mi justo dapibus enim. Maecenas finibus euismod nulla quis dignissim. Sed dictum ante rutrum turpis euismod laoreet. Sed placerat tellus leo. In ut lobortis lorem. Nullam vitae lectus egestas urna tincidunt aliquet. Ut sagittis vel enim eget malesuada. Cras in congue tortor. Interdum et malesuada fames ac ante ipsum primis in faucibus. Nunc tempus consequat neque, et eleifend nulla aliquam eu.",Author 82,10,practical-daily-expressions-and-vocabulary-italian-english-vietnamese,NXB 82,2006,368
https://cdn1.fahasa.com/media/catalog/product/i/m/image_208362.jpg,Tự Học Tiếng Thái Cho Người Mới Bắt Đầu,76000,53,9780085479479,"Lorem ipsum dolor sit amet, consectetur adipiscing elit. Nam congue vel tellus non luctus. Vestibulum vitae nunc lorem. Sed lacinia lectus vel augue imperdiet ultricies. Donec id venenatis ex, vitae pretium ligula. Sed nulla eros, dignissim at feugiat non, posuere sit amet urna. Ut eu porttitor tellus. Cras eu massa nulla. Morbi porta fermentum elit eu iaculis. Pellentesque hendrerit venenatis purus at feugiat. Pellentesque vitae feugiat purus. Donec mattis rhoncus lacinia. Sed quam diam, molestie id laoreet eu, lacinia ac turpis. Cras tincidunt lobortis elit quis aliquam. Proin et massa libero.

Aliquam id pharetra arcu. Vivamus vitae mattis ligula. Sed efficitur urna vitae scelerisque tempor. Proin purus magna, vulputate eu ligula a, vehicula malesuada enim. Curabitur aliquet rutrum enim et tincidunt. Vestibulum ante ipsum primis in faucibus orci luctus et ultrices posuere cubilia curae; Vivamus pharetra enim leo, nec molestie nibh consectetur quis. Class aptent taciti sociosqu ad litora torquent per conubia nostra, per inceptos himenaeos. Nunc quis maximus elit, vitae pulvinar urna. Integer at mi elit. Phasellus vitae rutrum sem. Vivamus et mauris ac nisl congue congue eu eget elit. Nullam at quam velit. Pellentesque dictum, diam nec tempor aliquet, tortor justo fermentum sapien, at condimentum turpis elit vel sapien. Aenean rutrum tellus sodales tortor viverra eleifend.

Donec facilisis, diam efficitur maximus ultrices, enim lectus rutrum elit, eget malesuada mi justo dapibus enim. Maecenas finibus euismod nulla quis dignissim. Sed dictum ante rutrum turpis euismod laoreet. Sed placerat tellus leo. In ut lobortis lorem. Nullam vitae lectus egestas urna tincidunt aliquet. Ut sagittis vel enim eget malesuada. Cras in congue tortor. Interdum et malesuada fames ac ante ipsum primis in faucibus. Nunc tempus consequat neque, et eleifend nulla aliquam eu.",Author 83,2,tu-hoc-tieng-thai-cho-nguoi-moi-bat-dau,NXB 83,2003,315
https://cdn1.fahasa.com/media/catalog/product/9/7/9786043541038.jpg,Cẩm Nang Hướng Dẫn Tự Học Tiếng Thái - Trình Độ Sơ Cấp - Trung Cấp,102000,53,9780085479480,"Lorem ipsum dolor sit amet, consectetur adipiscing elit. Nam congue vel tellus non luctus. Vestibulum vitae nunc lorem. Sed lacinia lectus vel augue imperdiet ultricies. Donec id venenatis ex, vitae pretium ligula. Sed nulla eros, dignissim at feugiat non, posuere sit amet urna. Ut eu porttitor tellus. Cras eu massa nulla. Morbi porta fermentum elit eu iaculis. Pellentesque hendrerit venenatis purus at feugiat. Pellentesque vitae feugiat purus. Donec mattis rhoncus lacinia. Sed quam diam, molestie id laoreet eu, lacinia ac turpis. Cras tincidunt lobortis elit quis aliquam. Proin et massa libero.

Aliquam id pharetra arcu. Vivamus vitae mattis ligula. Sed efficitur urna vitae scelerisque tempor. Proin purus magna, vulputate eu ligula a, vehicula malesuada enim. Curabitur aliquet rutrum enim et tincidunt. Vestibulum ante ipsum primis in faucibus orci luctus et ultrices posuere cubilia curae; Vivamus pharetra enim leo, nec molestie nibh consectetur quis. Class aptent taciti sociosqu ad litora torquent per conubia nostra, per inceptos himenaeos. Nunc quis maximus elit, vitae pulvinar urna. Integer at mi elit. Phasellus vitae rutrum sem. Vivamus et mauris ac nisl congue congue eu eget elit. Nullam at quam velit. Pellentesque dictum, diam nec tempor aliquet, tortor justo fermentum sapien, at condimentum turpis elit vel sapien. Aenean rutrum tellus sodales tortor viverra eleifend.

Donec facilisis, diam efficitur maximus ultrices, enim lectus rutrum elit, eget malesuada mi justo dapibus enim. Maecenas finibus euismod nulla quis dignissim. Sed dictum ante rutrum turpis euismod laoreet. Sed placerat tellus leo. In ut lobortis lorem. Nullam vitae lectus egestas urna tincidunt aliquet. Ut sagittis vel enim eget malesuada. Cras in congue tortor. Interdum et malesuada fames ac ante ipsum primis in faucibus. Nunc tempus consequat neque, et eleifend nulla aliquam eu.",Author 84,3,cam-nang-huong-dan-tu-hoc-tieng-thai-trinh-do-so-cap-trung-cap,NXB 84,2005,446
https://cdn1.fahasa.com/media/catalog/product/9/7/9786043718393.jpg,Tập Viết Tiếng Thái,42500,53,9780085479481,"Lorem ipsum dolor sit amet, consectetur adipiscing elit. Nam congue vel tellus non luctus. Vestibulum vitae nunc lorem. Sed lacinia lectus vel augue imperdiet ultricies. Donec id venenatis ex, vitae pretium ligula. Sed nulla eros, dignissim at feugiat non, posuere sit amet urna. Ut eu porttitor tellus. Cras eu massa nulla. Morbi porta fermentum elit eu iaculis. Pellentesque hendrerit venenatis purus at feugiat. Pellentesque vitae feugiat purus. Donec mattis rhoncus lacinia. Sed quam diam, molestie id laoreet eu, lacinia ac turpis. Cras tincidunt lobortis elit quis aliquam. Proin et massa libero.

Aliquam id pharetra arcu. Vivamus vitae mattis ligula. Sed efficitur urna vitae scelerisque tempor. Proin purus magna, vulputate eu ligula a, vehicula malesuada enim. Curabitur aliquet rutrum enim et tincidunt. Vestibulum ante ipsum primis in faucibus orci luctus et ultrices posuere cubilia curae; Vivamus pharetra enim leo, nec molestie nibh consectetur quis. Class aptent taciti sociosqu ad litora torquent per conubia nostra, per inceptos himenaeos. Nunc quis maximus elit, vitae pulvinar urna. Integer at mi elit. Phasellus vitae rutrum sem. Vivamus et mauris ac nisl congue congue eu eget elit. Nullam at quam velit. Pellentesque dictum, diam nec tempor aliquet, tortor justo fermentum sapien, at condimentum turpis elit vel sapien. Aenean rutrum tellus sodales tortor viverra eleifend.

Donec facilisis, diam efficitur maximus ultrices, enim lectus rutrum elit, eget malesuada mi justo dapibus enim. Maecenas finibus euismod nulla quis dignissim. Sed dictum ante rutrum turpis euismod laoreet. Sed placerat tellus leo. In ut lobortis lorem. Nullam vitae lectus egestas urna tincidunt aliquet. Ut sagittis vel enim eget malesuada. Cras in congue tortor. Interdum et malesuada fames ac ante ipsum primis in faucibus. Nunc tempus consequat neque, et eleifend nulla aliquam eu.",Author 85,3,tap-viet-tieng-thai,NXB 85,2013,211
https://cdn1.fahasa.com/media/catalog/product/9/7/9786043716931.jpg,Cẩm Nang Hướng Dẫn Tự Học Tiếng Tây Ban Nha Trình Độ Sơ Cấp - Trung Cấp,102000,53,9780085479482,"Lorem ipsum dolor sit amet, consectetur adipiscing elit. Nam congue vel tellus non luctus. Vestibulum vitae nunc lorem. Sed lacinia lectus vel augue imperdiet ultricies. Donec id venenatis ex, vitae pretium ligula. Sed nulla eros, dignissim at feugiat non, posuere sit amet urna. Ut eu porttitor tellus. Cras eu massa nulla. Morbi porta fermentum elit eu iaculis. Pellentesque hendrerit venenatis purus at feugiat. Pellentesque vitae feugiat purus. Donec mattis rhoncus lacinia. Sed quam diam, molestie id laoreet eu, lacinia ac turpis. Cras tincidunt lobortis elit quis aliquam. Proin et massa libero.

Aliquam id pharetra arcu. Vivamus vitae mattis ligula. Sed efficitur urna vitae scelerisque tempor. Proin purus magna, vulputate eu ligula a, vehicula malesuada enim. Curabitur aliquet rutrum enim et tincidunt. Vestibulum ante ipsum primis in faucibus orci luctus et ultrices posuere cubilia curae; Vivamus pharetra enim leo, nec molestie nibh consectetur quis. Class aptent taciti sociosqu ad litora torquent per conubia nostra, per inceptos himenaeos. Nunc quis maximus elit, vitae pulvinar urna. Integer at mi elit. Phasellus vitae rutrum sem. Vivamus et mauris ac nisl congue congue eu eget elit. Nullam at quam velit. Pellentesque dictum, diam nec tempor aliquet, tortor justo fermentum sapien, at condimentum turpis elit vel sapien. Aenean rutrum tellus sodales tortor viverra eleifend.

Donec facilisis, diam efficitur maximus ultrices, enim lectus rutrum elit, eget malesuada mi justo dapibus enim. Maecenas finibus euismod nulla quis dignissim. Sed dictum ante rutrum turpis euismod laoreet. Sed placerat tellus leo. In ut lobortis lorem. Nullam vitae lectus egestas urna tincidunt aliquet. Ut sagittis vel enim eget malesuada. Cras in congue tortor. Interdum et malesuada fames ac ante ipsum primis in faucibus. Nunc tempus consequat neque, et eleifend nulla aliquam eu.",Author 86,4,cam-nang-huong-dan-tu-hoc-tieng-tay-ban-nha-trinh-do-so-cap-trung-cap,NXB 86,2002,392
https://cdn1.fahasa.com/media/catalog/product/9/7/9786043872088.jpg,Tập Viết Tiếng Thái - Nguyên Âm Và Số,42500,53,9780085479483,"Lorem ipsum dolor sit amet, consectetur adipiscing elit. Nam congue vel tellus non luctus. Vestibulum vitae nunc lorem. Sed lacinia lectus vel augue imperdiet ultricies. Donec id venenatis ex, vitae pretium ligula. Sed nulla eros, dignissim at feugiat non, posuere sit amet urna. Ut eu porttitor tellus. Cras eu massa nulla. Morbi porta fermentum elit eu iaculis. Pellentesque hendrerit venenatis purus at feugiat. Pellentesque vitae feugiat purus. Donec mattis rhoncus lacinia. Sed quam diam, molestie id laoreet eu, lacinia ac turpis. Cras tincidunt lobortis elit quis aliquam. Proin et massa libero.

Aliquam id pharetra arcu. Vivamus vitae mattis ligula. Sed efficitur urna vitae scelerisque tempor. Proin purus magna, vulputate eu ligula a, vehicula malesuada enim. Curabitur aliquet rutrum enim et tincidunt. Vestibulum ante ipsum primis in faucibus orci luctus et ultrices posuere cubilia curae; Vivamus pharetra enim leo, nec molestie nibh consectetur quis. Class aptent taciti sociosqu ad litora torquent per conubia nostra, per inceptos himenaeos. Nunc quis maximus elit, vitae pulvinar urna. Integer at mi elit. Phasellus vitae rutrum sem. Vivamus et mauris ac nisl congue congue eu eget elit. Nullam at quam velit. Pellentesque dictum, diam nec tempor aliquet, tortor justo fermentum sapien, at condimentum turpis elit vel sapien. Aenean rutrum tellus sodales tortor viverra eleifend.

Donec facilisis, diam efficitur maximus ultrices, enim lectus rutrum elit, eget malesuada mi justo dapibus enim. Maecenas finibus euismod nulla quis dignissim. Sed dictum ante rutrum turpis euismod laoreet. Sed placerat tellus leo. In ut lobortis lorem. Nullam vitae lectus egestas urna tincidunt aliquet. Ut sagittis vel enim eget malesuada. Cras in congue tortor. Interdum et malesuada fames ac ante ipsum primis in faucibus. Nunc tempus consequat neque, et eleifend nulla aliquam eu.",Author 87,7,tap-viet-tieng-thai-nguyen-am-va-so,NXB 87,2018,139
https://cdn1.fahasa.com/media/catalog/product/9/7/9786049798870.jpg,Quy Tắc Đọc Và Viết Tiếng Thái,165500,53,9780085479484,"Lorem ipsum dolor sit amet, consectetur adipiscing elit. Nam congue vel tellus non luctus. Vestibulum vitae nunc lorem. Sed lacinia lectus vel augue imperdiet ultricies. Donec id venenatis ex, vitae pretium ligula. Sed nulla eros, dignissim at feugiat non, posuere sit amet urna. Ut eu porttitor tellus. Cras eu massa nulla. Morbi porta fermentum elit eu iaculis. Pellentesque hendrerit venenatis purus at feugiat. Pellentesque vitae feugiat purus. Donec mattis rhoncus lacinia. Sed quam diam, molestie id laoreet eu, lacinia ac turpis. Cras tincidunt lobortis elit quis aliquam. Proin et massa libero.

Aliquam id pharetra arcu. Vivamus vitae mattis ligula. Sed efficitur urna vitae scelerisque tempor. Proin purus magna, vulputate eu ligula a, vehicula malesuada enim. Curabitur aliquet rutrum enim et tincidunt. Vestibulum ante ipsum primis in faucibus orci luctus et ultrices posuere cubilia curae; Vivamus pharetra enim leo, nec molestie nibh consectetur quis. Class aptent taciti sociosqu ad litora torquent per conubia nostra, per inceptos himenaeos. Nunc quis maximus elit, vitae pulvinar urna. Integer at mi elit. Phasellus vitae rutrum sem. Vivamus et mauris ac nisl congue congue eu eget elit. Nullam at quam velit. Pellentesque dictum, diam nec tempor aliquet, tortor justo fermentum sapien, at condimentum turpis elit vel sapien. Aenean rutrum tellus sodales tortor viverra eleifend.

Donec facilisis, diam efficitur maximus ultrices, enim lectus rutrum elit, eget malesuada mi justo dapibus enim. Maecenas finibus euismod nulla quis dignissim. Sed dictum ante rutrum turpis euismod laoreet. Sed placerat tellus leo. In ut lobortis lorem. Nullam vitae lectus egestas urna tincidunt aliquet. Ut sagittis vel enim eget malesuada. Cras in congue tortor. Interdum et malesuada fames ac ante ipsum primis in faucibus. Nunc tempus consequat neque, et eleifend nulla aliquam eu.",Author 88,5,quy-tac-doc-va-viet-tieng-thai,NXB 88,2013,170
https://cdn1.fahasa.com/media/catalog/product/9/7/9786043418897.jpg,Tiếng Thái Nhập Môn,68000,53,9780085479485,"Lorem ipsum dolor sit amet, consectetur adipiscing elit. Nam congue vel tellus non luctus. Vestibulum vitae nunc lorem. Sed lacinia lectus vel augue imperdiet ultricies. Donec id venenatis ex, vitae pretium ligula. Sed nulla eros, dignissim at feugiat non, posuere sit amet urna. Ut eu porttitor tellus. Cras eu massa nulla. Morbi porta fermentum elit eu iaculis. Pellentesque hendrerit venenatis purus at feugiat. Pellentesque vitae feugiat purus. Donec mattis rhoncus lacinia. Sed quam diam, molestie id laoreet eu, lacinia ac turpis. Cras tincidunt lobortis elit quis aliquam. Proin et massa libero.

Aliquam id pharetra arcu. Vivamus vitae mattis ligula. Sed efficitur urna vitae scelerisque tempor. Proin purus magna, vulputate eu ligula a, vehicula malesuada enim. Curabitur aliquet rutrum enim et tincidunt. Vestibulum ante ipsum primis in faucibus orci luctus et ultrices posuere cubilia curae; Vivamus pharetra enim leo, nec molestie nibh consectetur quis. Class aptent taciti sociosqu ad litora torquent per conubia nostra, per inceptos himenaeos. Nunc quis maximus elit, vitae pulvinar urna. Integer at mi elit. Phasellus vitae rutrum sem. Vivamus et mauris ac nisl congue congue eu eget elit. Nullam at quam velit. Pellentesque dictum, diam nec tempor aliquet, tortor justo fermentum sapien, at condimentum turpis elit vel sapien. Aenean rutrum tellus sodales tortor viverra eleifend.

Donec facilisis, diam efficitur maximus ultrices, enim lectus rutrum elit, eget malesuada mi justo dapibus enim. Maecenas finibus euismod nulla quis dignissim. Sed dictum ante rutrum turpis euismod laoreet. Sed placerat tellus leo. In ut lobortis lorem. Nullam vitae lectus egestas urna tincidunt aliquet. Ut sagittis vel enim eget malesuada. Cras in congue tortor. Interdum et malesuada fames ac ante ipsum primis in faucibus. Nunc tempus consequat neque, et eleifend nulla aliquam eu.",Author 89,7,tieng-thai-nhap-mon,NXB 89,2023,180
https://cdn1.fahasa.com/media/catalog/product/8/9/8935072953973.jpg,Thực Hành Tiếng Thái,55000,53,9780085479486,"Lorem ipsum dolor sit amet, consectetur adipiscing elit. Nam congue vel tellus non luctus. Vestibulum vitae nunc lorem. Sed lacinia lectus vel augue imperdiet ultricies. Donec id venenatis ex, vitae pretium ligula. Sed nulla eros, dignissim at feugiat non, posuere sit amet urna. Ut eu porttitor tellus. Cras eu massa nulla. Morbi porta fermentum elit eu iaculis. Pellentesque hendrerit venenatis purus at feugiat. Pellentesque vitae feugiat purus. Donec mattis rhoncus lacinia. Sed quam diam, molestie id laoreet eu, lacinia ac turpis. Cras tincidunt lobortis elit quis aliquam. Proin et massa libero.

Aliquam id pharetra arcu. Vivamus vitae mattis ligula. Sed efficitur urna vitae scelerisque tempor. Proin purus magna, vulputate eu ligula a, vehicula malesuada enim. Curabitur aliquet rutrum enim et tincidunt. Vestibulum ante ipsum primis in faucibus orci luctus et ultrices posuere cubilia curae; Vivamus pharetra enim leo, nec molestie nibh consectetur quis. Class aptent taciti sociosqu ad litora torquent per conubia nostra, per inceptos himenaeos. Nunc quis maximus elit, vitae pulvinar urna. Integer at mi elit. Phasellus vitae rutrum sem. Vivamus et mauris ac nisl congue congue eu eget elit. Nullam at quam velit. Pellentesque dictum, diam nec tempor aliquet, tortor justo fermentum sapien, at condimentum turpis elit vel sapien. Aenean rutrum tellus sodales tortor viverra eleifend.

Donec facilisis, diam efficitur maximus ultrices, enim lectus rutrum elit, eget malesuada mi justo dapibus enim. Maecenas finibus euismod nulla quis dignissim. Sed dictum ante rutrum turpis euismod laoreet. Sed placerat tellus leo. In ut lobortis lorem. Nullam vitae lectus egestas urna tincidunt aliquet. Ut sagittis vel enim eget malesuada. Cras in congue tortor. Interdum et malesuada fames ac ante ipsum primis in faucibus. Nunc tempus consequat neque, et eleifend nulla aliquam eu.",Author 90,7,thuc-hanh-tieng-thai,NXB 90,2013,122
https://cdn1.fahasa.com/media/catalog/product/8/9/8935246942390.jpg,Tập Viết Tiếng Thái Lan Cho Người Mới Bắt Đầu,69500,53,9780085479487,"Lorem ipsum dolor sit amet, consectetur adipiscing elit. Nam congue vel tellus non luctus. Vestibulum vitae nunc lorem. Sed lacinia lectus vel augue imperdiet ultricies. Donec id venenatis ex, vitae pretium ligula. Sed nulla eros, dignissim at feugiat non, posuere sit amet urna. Ut eu porttitor tellus. Cras eu massa nulla. Morbi porta fermentum elit eu iaculis. Pellentesque hendrerit venenatis purus at feugiat. Pellentesque vitae feugiat purus. Donec mattis rhoncus lacinia. Sed quam diam, molestie id laoreet eu, lacinia ac turpis. Cras tincidunt lobortis elit quis aliquam. Proin et massa libero.

Aliquam id pharetra arcu. Vivamus vitae mattis ligula. Sed efficitur urna vitae scelerisque tempor. Proin purus magna, vulputate eu ligula a, vehicula malesuada enim. Curabitur aliquet rutrum enim et tincidunt. Vestibulum ante ipsum primis in faucibus orci luctus et ultrices posuere cubilia curae; Vivamus pharetra enim leo, nec molestie nibh consectetur quis. Class aptent taciti sociosqu ad litora torquent per conubia nostra, per inceptos himenaeos. Nunc quis maximus elit, vitae pulvinar urna. Integer at mi elit. Phasellus vitae rutrum sem. Vivamus et mauris ac nisl congue congue eu eget elit. Nullam at quam velit. Pellentesque dictum, diam nec tempor aliquet, tortor justo fermentum sapien, at condimentum turpis elit vel sapien. Aenean rutrum tellus sodales tortor viverra eleifend.

Donec facilisis, diam efficitur maximus ultrices, enim lectus rutrum elit, eget malesuada mi justo dapibus enim. Maecenas finibus euismod nulla quis dignissim. Sed dictum ante rutrum turpis euismod laoreet. Sed placerat tellus leo. In ut lobortis lorem. Nullam vitae lectus egestas urna tincidunt aliquet. Ut sagittis vel enim eget malesuada. Cras in congue tortor. Interdum et malesuada fames ac ante ipsum primis in faucibus. Nunc tempus consequat neque, et eleifend nulla aliquam eu.",Author 91,2,tap-viet-tieng-thai-lan-cho-nguoi-moi-bat-dau,NXB 91,2001,226
https://cdn1.fahasa.com/media/catalog/product/9/7/9786044154879.jpg,Tự Học Giao Tiếp Tiếng Thái Theo Chủ Đề (Có Phiên Âm Và File Nghe) - Tập 1,102000,53,9780085479488,"Lorem ipsum dolor sit amet, consectetur adipiscing elit. Nam congue vel tellus non luctus. Vestibulum vitae nunc lorem. Sed lacinia lectus vel augue imperdiet ultricies. Donec id venenatis ex, vitae pretium ligula. Sed nulla eros, dignissim at feugiat non, posuere sit amet urna. Ut eu porttitor tellus. Cras eu massa nulla. Morbi porta fermentum elit eu iaculis. Pellentesque hendrerit venenatis purus at feugiat. Pellentesque vitae feugiat purus. Donec mattis rhoncus lacinia. Sed quam diam, molestie id laoreet eu, lacinia ac turpis. Cras tincidunt lobortis elit quis aliquam. Proin et massa libero.

Aliquam id pharetra arcu. Vivamus vitae mattis ligula. Sed efficitur urna vitae scelerisque tempor. Proin purus magna, vulputate eu ligula a, vehicula malesuada enim. Curabitur aliquet rutrum enim et tincidunt. Vestibulum ante ipsum primis in faucibus orci luctus et ultrices posuere cubilia curae; Vivamus pharetra enim leo, nec molestie nibh consectetur quis. Class aptent taciti sociosqu ad litora torquent per conubia nostra, per inceptos himenaeos. Nunc quis maximus elit, vitae pulvinar urna. Integer at mi elit. Phasellus vitae rutrum sem. Vivamus et mauris ac nisl congue congue eu eget elit. Nullam at quam velit. Pellentesque dictum, diam nec tempor aliquet, tortor justo fermentum sapien, at condimentum turpis elit vel sapien. Aenean rutrum tellus sodales tortor viverra eleifend.

Donec facilisis, diam efficitur maximus ultrices, enim lectus rutrum elit, eget malesuada mi justo dapibus enim. Maecenas finibus euismod nulla quis dignissim. Sed dictum ante rutrum turpis euismod laoreet. Sed placerat tellus leo. In ut lobortis lorem. Nullam vitae lectus egestas urna tincidunt aliquet. Ut sagittis vel enim eget malesuada. Cras in congue tortor. Interdum et malesuada fames ac ante ipsum primis in faucibus. Nunc tempus consequat neque, et eleifend nulla aliquam eu.",Author 92,5,tu-hoc-giao-tiep-tieng-thai-theo-chu-de-co-phien-am-va-file-nghe-tap-1,NXB 92,2004,219
https://cdn1.fahasa.com/media/catalog/product/9/7/9786326101430.jpg,Tự Học 3000 Câu Giao Tiếp Tiếng Tây Ban Nha Thông Dụng,119000,53,9780085479489,"Lorem ipsum dolor sit amet, consectetur adipiscing elit. Nam congue vel tellus non luctus. Vestibulum vitae nunc lorem. Sed lacinia lectus vel augue imperdiet ultricies. Donec id venenatis ex, vitae pretium ligula. Sed nulla eros, dignissim at feugiat non, posuere sit amet urna. Ut eu porttitor tellus. Cras eu massa nulla. Morbi porta fermentum elit eu iaculis. Pellentesque hendrerit venenatis purus at feugiat. Pellentesque vitae feugiat purus. Donec mattis rhoncus lacinia. Sed quam diam, molestie id laoreet eu, lacinia ac turpis. Cras tincidunt lobortis elit quis aliquam. Proin et massa libero.

Aliquam id pharetra arcu. Vivamus vitae mattis ligula. Sed efficitur urna vitae scelerisque tempor. Proin purus magna, vulputate eu ligula a, vehicula malesuada enim. Curabitur aliquet rutrum enim et tincidunt. Vestibulum ante ipsum primis in faucibus orci luctus et ultrices posuere cubilia curae; Vivamus pharetra enim leo, nec molestie nibh consectetur quis. Class aptent taciti sociosqu ad litora torquent per conubia nostra, per inceptos himenaeos. Nunc quis maximus elit, vitae pulvinar urna. Integer at mi elit. Phasellus vitae rutrum sem. Vivamus et mauris ac nisl congue congue eu eget elit. Nullam at quam velit. Pellentesque dictum, diam nec tempor aliquet, tortor justo fermentum sapien, at condimentum turpis elit vel sapien. Aenean rutrum tellus sodales tortor viverra eleifend.

Donec facilisis, diam efficitur maximus ultrices, enim lectus rutrum elit, eget malesuada mi justo dapibus enim. Maecenas finibus euismod nulla quis dignissim. Sed dictum ante rutrum turpis euismod laoreet. Sed placerat tellus leo. In ut lobortis lorem. Nullam vitae lectus egestas urna tincidunt aliquet. Ut sagittis vel enim eget malesuada. Cras in congue tortor. Interdum et malesuada fames ac ante ipsum primis in faucibus. Nunc tempus consequat neque, et eleifend nulla aliquam eu.",Author 93,6,tu-hoc-3000-cau-giao-tiep-tieng-tay-ban-nha-thong-dung,NXB 93,2012,259
https://cdn1.fahasa.com/media/catalog/product/8/9/8935246945568.jpg,"Hola, ¿Cómo Estás? - Tự Học Tiếng Tây Ban Nha Cho Người Mới Bắt Đầu",147500,53,9780085479490,"Lorem ipsum dolor sit amet, consectetur adipiscing elit. Nam congue vel tellus non luctus. Vestibulum vitae nunc lorem. Sed lacinia lectus vel augue imperdiet ultricies. Donec id venenatis ex, vitae pretium ligula. Sed nulla eros, dignissim at feugiat non, posuere sit amet urna. Ut eu porttitor tellus. Cras eu massa nulla. Morbi porta fermentum elit eu iaculis. Pellentesque hendrerit venenatis purus at feugiat. Pellentesque vitae feugiat purus. Donec mattis rhoncus lacinia. Sed quam diam, molestie id laoreet eu, lacinia ac turpis. Cras tincidunt lobortis elit quis aliquam. Proin et massa libero.

Aliquam id pharetra arcu. Vivamus vitae mattis ligula. Sed efficitur urna vitae scelerisque tempor. Proin purus magna, vulputate eu ligula a, vehicula malesuada enim. Curabitur aliquet rutrum enim et tincidunt. Vestibulum ante ipsum primis in faucibus orci luctus et ultrices posuere cubilia curae; Vivamus pharetra enim leo, nec molestie nibh consectetur quis. Class aptent taciti sociosqu ad litora torquent per conubia nostra, per inceptos himenaeos. Nunc quis maximus elit, vitae pulvinar urna. Integer at mi elit. Phasellus vitae rutrum sem. Vivamus et mauris ac nisl congue congue eu eget elit. Nullam at quam velit. Pellentesque dictum, diam nec tempor aliquet, tortor justo fermentum sapien, at condimentum turpis elit vel sapien. Aenean rutrum tellus sodales tortor viverra eleifend.

Donec facilisis, diam efficitur maximus ultrices, enim lectus rutrum elit, eget malesuada mi justo dapibus enim. Maecenas finibus euismod nulla quis dignissim. Sed dictum ante rutrum turpis euismod laoreet. Sed placerat tellus leo. In ut lobortis lorem. Nullam vitae lectus egestas urna tincidunt aliquet. Ut sagittis vel enim eget malesuada. Cras in congue tortor. Interdum et malesuada fames ac ante ipsum primis in faucibus. Nunc tempus consequat neque, et eleifend nulla aliquam eu.",Author 94,8,hola-como-estas-tu-hoc-tieng-tay-ban-nha-cho-nguoi-moi-bat-dau,NXB 94,2008,477
https://cdn1.fahasa.com/media/catalog/product/9/7/9786043775662.jpg,Giáo Trình Chuẩn HSK 1 (Tái Bản 2023),168000,50,9780085479491,"Lorem ipsum dolor sit amet, consectetur adipiscing elit. Nam congue vel tellus non luctus. Vestibulum vitae nunc lorem. Sed lacinia lectus vel augue imperdiet ultricies. Donec id venenatis ex, vitae pretium ligula. Sed nulla eros, dignissim at feugiat non, posuere sit amet urna. Ut eu porttitor tellus. Cras eu massa nulla. Morbi porta fermentum elit eu iaculis. Pellentesque hendrerit venenatis purus at feugiat. Pellentesque vitae feugiat purus. Donec mattis rhoncus lacinia. Sed quam diam, molestie id laoreet eu, lacinia ac turpis. Cras tincidunt lobortis elit quis aliquam. Proin et massa libero.

Aliquam id pharetra arcu. Vivamus vitae mattis ligula. Sed efficitur urna vitae scelerisque tempor. Proin purus magna, vulputate eu ligula a, vehicula malesuada enim. Curabitur aliquet rutrum enim et tincidunt. Vestibulum ante ipsum primis in faucibus orci luctus et ultrices posuere cubilia curae; Vivamus pharetra enim leo, nec molestie nibh consectetur quis. Class aptent taciti sociosqu ad litora torquent per conubia nostra, per inceptos himenaeos. Nunc quis maximus elit, vitae pulvinar urna. Integer at mi elit. Phasellus vitae rutrum sem. Vivamus et mauris ac nisl congue congue eu eget elit. Nullam at quam velit. Pellentesque dictum, diam nec tempor aliquet, tortor justo fermentum sapien, at condimentum turpis elit vel sapien. Aenean rutrum tellus sodales tortor viverra eleifend.

Donec facilisis, diam efficitur maximus ultrices, enim lectus rutrum elit, eget malesuada mi justo dapibus enim. Maecenas finibus euismod nulla quis dignissim. Sed dictum ante rutrum turpis euismod laoreet. Sed placerat tellus leo. In ut lobortis lorem. Nullam vitae lectus egestas urna tincidunt aliquet. Ut sagittis vel enim eget malesuada. Cras in congue tortor. Interdum et malesuada fames ac ante ipsum primis in faucibus. Nunc tempus consequat neque, et eleifend nulla aliquam eu.",Author 95,5,giao-trinh-chuan-hsk-1-tai-ban-2023,NXB 95,2020,192
https://cdn1.fahasa.com/media/catalog/product/9/7/9786045893104_1_1.jpg,Giáo Trình Chuẩn HSK 1 - Sách Bài Tập (Tái Bản 2023),134000,50,9780085479492,"Lorem ipsum dolor sit amet, consectetur adipiscing elit. Nam congue vel tellus non luctus. Vestibulum vitae nunc lorem. Sed lacinia lectus vel augue imperdiet ultricies. Donec id venenatis ex, vitae pretium ligula. Sed nulla eros, dignissim at feugiat non, posuere sit amet urna. Ut eu porttitor tellus. Cras eu massa nulla. Morbi porta fermentum elit eu iaculis. Pellentesque hendrerit venenatis purus at feugiat. Pellentesque vitae feugiat purus. Donec mattis rhoncus lacinia. Sed quam diam, molestie id laoreet eu, lacinia ac turpis. Cras tincidunt lobortis elit quis aliquam. Proin et massa libero.

Aliquam id pharetra arcu. Vivamus vitae mattis ligula. Sed efficitur urna vitae scelerisque tempor. Proin purus magna, vulputate eu ligula a, vehicula malesuada enim. Curabitur aliquet rutrum enim et tincidunt. Vestibulum ante ipsum primis in faucibus orci luctus et ultrices posuere cubilia curae; Vivamus pharetra enim leo, nec molestie nibh consectetur quis. Class aptent taciti sociosqu ad litora torquent per conubia nostra, per inceptos himenaeos. Nunc quis maximus elit, vitae pulvinar urna. Integer at mi elit. Phasellus vitae rutrum sem. Vivamus et mauris ac nisl congue congue eu eget elit. Nullam at quam velit. Pellentesque dictum, diam nec tempor aliquet, tortor justo fermentum sapien, at condimentum turpis elit vel sapien. Aenean rutrum tellus sodales tortor viverra eleifend.

Donec facilisis, diam efficitur maximus ultrices, enim lectus rutrum elit, eget malesuada mi justo dapibus enim. Maecenas finibus euismod nulla quis dignissim. Sed dictum ante rutrum turpis euismod laoreet. Sed placerat tellus leo. In ut lobortis lorem. Nullam vitae lectus egestas urna tincidunt aliquet. Ut sagittis vel enim eget malesuada. Cras in congue tortor. Interdum et malesuada fames ac ante ipsum primis in faucibus. Nunc tempus consequat neque, et eleifend nulla aliquam eu.",Author 96,4,giao-trinh-chuan-hsk-1-sach-bai-tap-tai-ban-2023,NXB 96,2016,453
https://cdn1.fahasa.com/media/catalog/product/5/1/51b92528-97f4-4150-a761-c6cff5a60d98.jpg,Combo Sách Giáo Trình Chuẩn HSK 1 - Sách Bài Học Và Bài Tập (Bộ 2 Cuốn) (Tái Bản 2023),302000,50,9780085479493,"Lorem ipsum dolor sit amet, consectetur adipiscing elit. Nam congue vel tellus non luctus. Vestibulum vitae nunc lorem. Sed lacinia lectus vel augue imperdiet ultricies. Donec id venenatis ex, vitae pretium ligula. Sed nulla eros, dignissim at feugiat non, posuere sit amet urna. Ut eu porttitor tellus. Cras eu massa nulla. Morbi porta fermentum elit eu iaculis. Pellentesque hendrerit venenatis purus at feugiat. Pellentesque vitae feugiat purus. Donec mattis rhoncus lacinia. Sed quam diam, molestie id laoreet eu, lacinia ac turpis. Cras tincidunt lobortis elit quis aliquam. Proin et massa libero.

Aliquam id pharetra arcu. Vivamus vitae mattis ligula. Sed efficitur urna vitae scelerisque tempor. Proin purus magna, vulputate eu ligula a, vehicula malesuada enim. Curabitur aliquet rutrum enim et tincidunt. Vestibulum ante ipsum primis in faucibus orci luctus et ultrices posuere cubilia curae; Vivamus pharetra enim leo, nec molestie nibh consectetur quis. Class aptent taciti sociosqu ad litora torquent per conubia nostra, per inceptos himenaeos. Nunc quis maximus elit, vitae pulvinar urna. Integer at mi elit. Phasellus vitae rutrum sem. Vivamus et mauris ac nisl congue congue eu eget elit. Nullam at quam velit. Pellentesque dictum, diam nec tempor aliquet, tortor justo fermentum sapien, at condimentum turpis elit vel sapien. Aenean rutrum tellus sodales tortor viverra eleifend.

Donec facilisis, diam efficitur maximus ultrices, enim lectus rutrum elit, eget malesuada mi justo dapibus enim. Maecenas finibus euismod nulla quis dignissim. Sed dictum ante rutrum turpis euismod laoreet. Sed placerat tellus leo. In ut lobortis lorem. Nullam vitae lectus egestas urna tincidunt aliquet. Ut sagittis vel enim eget malesuada. Cras in congue tortor. Interdum et malesuada fames ac ante ipsum primis in faucibus. Nunc tempus consequat neque, et eleifend nulla aliquam eu.",Author 97,9,combo-sach-giao-trinh-chuan-hsk-1-sach-bai-hoc-va-bai-tap-bo-2-cuon-tai-ban-2023,NXB 97,2013,461
https://cdn1.fahasa.com/media/catalog/product/2/0/2023_04_14_14_10_59_1-390x510.jpg,Giáo Trình Chuẩn HSK 2 - Bài Học,168000,50,9780085479494,"Lorem ipsum dolor sit amet, consectetur adipiscing elit. Nam congue vel tellus non luctus. Vestibulum vitae nunc lorem. Sed lacinia lectus vel augue imperdiet ultricies. Donec id venenatis ex, vitae pretium ligula. Sed nulla eros, dignissim at feugiat non, posuere sit amet urna. Ut eu porttitor tellus. Cras eu massa nulla. Morbi porta fermentum elit eu iaculis. Pellentesque hendrerit venenatis purus at feugiat. Pellentesque vitae feugiat purus. Donec mattis rhoncus lacinia. Sed quam diam, molestie id laoreet eu, lacinia ac turpis. Cras tincidunt lobortis elit quis aliquam. Proin et massa libero.

Aliquam id pharetra arcu. Vivamus vitae mattis ligula. Sed efficitur urna vitae scelerisque tempor. Proin purus magna, vulputate eu ligula a, vehicula malesuada enim. Curabitur aliquet rutrum enim et tincidunt. Vestibulum ante ipsum primis in faucibus orci luctus et ultrices posuere cubilia curae; Vivamus pharetra enim leo, nec molestie nibh consectetur quis. Class aptent taciti sociosqu ad litora torquent per conubia nostra, per inceptos himenaeos. Nunc quis maximus elit, vitae pulvinar urna. Integer at mi elit. Phasellus vitae rutrum sem. Vivamus et mauris ac nisl congue congue eu eget elit. Nullam at quam velit. Pellentesque dictum, diam nec tempor aliquet, tortor justo fermentum sapien, at condimentum turpis elit vel sapien. Aenean rutrum tellus sodales tortor viverra eleifend.

Donec facilisis, diam efficitur maximus ultrices, enim lectus rutrum elit, eget malesuada mi justo dapibus enim. Maecenas finibus euismod nulla quis dignissim. Sed dictum ante rutrum turpis euismod laoreet. Sed placerat tellus leo. In ut lobortis lorem. Nullam vitae lectus egestas urna tincidunt aliquet. Ut sagittis vel enim eget malesuada. Cras in congue tortor. Interdum et malesuada fames ac ante ipsum primis in faucibus. Nunc tempus consequat neque, et eleifend nulla aliquam eu.",Author 98,8,giao-trinh-chuan-hsk-2-bai-hoc,NXB 98,2021,496
https://cdn1.fahasa.com/media/catalog/product/i/m/image_223258.jpg,Giáo Trình Chuẩn HSK 2 - Sách Bài Tập (Tái Bản 2021),159500,50,9780085479495,"Lorem ipsum dolor sit amet, consectetur adipiscing elit. Nam congue vel tellus non luctus. Vestibulum vitae nunc lorem. Sed lacinia lectus vel augue imperdiet ultricies. Donec id venenatis ex, vitae pretium ligula. Sed nulla eros, dignissim at feugiat non, posuere sit amet urna. Ut eu porttitor tellus. Cras eu massa nulla. Morbi porta fermentum elit eu iaculis. Pellentesque hendrerit venenatis purus at feugiat. Pellentesque vitae feugiat purus. Donec mattis rhoncus lacinia. Sed quam diam, molestie id laoreet eu, lacinia ac turpis. Cras tincidunt lobortis elit quis aliquam. Proin et massa libero.

Aliquam id pharetra arcu. Vivamus vitae mattis ligula. Sed efficitur urna vitae scelerisque tempor. Proin purus magna, vulputate eu ligula a, vehicula malesuada enim. Curabitur aliquet rutrum enim et tincidunt. Vestibulum ante ipsum primis in faucibus orci luctus et ultrices posuere cubilia curae; Vivamus pharetra enim leo, nec molestie nibh consectetur quis. Class aptent taciti sociosqu ad litora torquent per conubia nostra, per inceptos himenaeos. Nunc quis maximus elit, vitae pulvinar urna. Integer at mi elit. Phasellus vitae rutrum sem. Vivamus et mauris ac nisl congue congue eu eget elit. Nullam at quam velit. Pellentesque dictum, diam nec tempor aliquet, tortor justo fermentum sapien, at condimentum turpis elit vel sapien. Aenean rutrum tellus sodales tortor viverra eleifend.

Donec facilisis, diam efficitur maximus ultrices, enim lectus rutrum elit, eget malesuada mi justo dapibus enim. Maecenas finibus euismod nulla quis dignissim. Sed dictum ante rutrum turpis euismod laoreet. Sed placerat tellus leo. In ut lobortis lorem. Nullam vitae lectus egestas urna tincidunt aliquet. Ut sagittis vel enim eget malesuada. Cras in congue tortor. Interdum et malesuada fames ac ante ipsum primis in faucibus. Nunc tempus consequat neque, et eleifend nulla aliquam eu.",Author 99,8,giao-trinh-chuan-hsk-2-sach-bai-tap-tai-ban-2021,NXB 99,2009,328
https://cdn1.fahasa.com/media/catalog/product/9/7/9786043356380_1.jpg,Giáo Trình Chuẩn HSK 3 (Tái Bản 2023),244500,50,9780085479496,"Lorem ipsum dolor sit amet, consectetur adipiscing elit. Nam congue vel tellus non luctus. Vestibulum vitae nunc lorem. Sed lacinia lectus vel augue imperdiet ultricies. Donec id venenatis ex, vitae pretium ligula. Sed nulla eros, dignissim at feugiat non, posuere sit amet urna. Ut eu porttitor tellus. Cras eu massa nulla. Morbi porta fermentum elit eu iaculis. Pellentesque hendrerit venenatis purus at feugiat. Pellentesque vitae feugiat purus. Donec mattis rhoncus lacinia. Sed quam diam, molestie id laoreet eu, lacinia ac turpis. Cras tincidunt lobortis elit quis aliquam. Proin et massa libero.

Aliquam id pharetra arcu. Vivamus vitae mattis ligula. Sed efficitur urna vitae scelerisque tempor. Proin purus magna, vulputate eu ligula a, vehicula malesuada enim. Curabitur aliquet rutrum enim et tincidunt. Vestibulum ante ipsum primis in faucibus orci luctus et ultrices posuere cubilia curae; Vivamus pharetra enim leo, nec molestie nibh consectetur quis. Class aptent taciti sociosqu ad litora torquent per conubia nostra, per inceptos himenaeos. Nunc quis maximus elit, vitae pulvinar urna. Integer at mi elit. Phasellus vitae rutrum sem. Vivamus et mauris ac nisl congue congue eu eget elit. Nullam at quam velit. Pellentesque dictum, diam nec tempor aliquet, tortor justo fermentum sapien, at condimentum turpis elit vel sapien. Aenean rutrum tellus sodales tortor viverra eleifend.

Donec facilisis, diam efficitur maximus ultrices, enim lectus rutrum elit, eget malesuada mi justo dapibus enim. Maecenas finibus euismod nulla quis dignissim. Sed dictum ante rutrum turpis euismod laoreet. Sed placerat tellus leo. In ut lobortis lorem. Nullam vitae lectus egestas urna tincidunt aliquet. Ut sagittis vel enim eget malesuada. Cras in congue tortor. Interdum et malesuada fames ac ante ipsum primis in faucibus. Nunc tempus consequat neque, et eleifend nulla aliquam eu.",Author 100,5,giao-trinh-chuan-hsk-3-tai-ban-2023,NXB 100,2011,438
https://cdn1.fahasa.com/media/catalog/product/i/m/image_230151.jpg,Giáo Trình Chuẩn HSK 4 - Tập 1,193500,50,9780085479497,"Lorem ipsum dolor sit amet, consectetur adipiscing elit. Nam congue vel tellus non luctus. Vestibulum vitae nunc lorem. Sed lacinia lectus vel augue imperdiet ultricies. Donec id venenatis ex, vitae pretium ligula. Sed nulla eros, dignissim at feugiat non, posuere sit amet urna. Ut eu porttitor tellus. Cras eu massa nulla. Morbi porta fermentum elit eu iaculis. Pellentesque hendrerit venenatis purus at feugiat. Pellentesque vitae feugiat purus. Donec mattis rhoncus lacinia. Sed quam diam, molestie id laoreet eu, lacinia ac turpis. Cras tincidunt lobortis elit quis aliquam. Proin et massa libero.

Aliquam id pharetra arcu. Vivamus vitae mattis ligula. Sed efficitur urna vitae scelerisque tempor. Proin purus magna, vulputate eu ligula a, vehicula malesuada enim. Curabitur aliquet rutrum enim et tincidunt. Vestibulum ante ipsum primis in faucibus orci luctus et ultrices posuere cubilia curae; Vivamus pharetra enim leo, nec molestie nibh consectetur quis. Class aptent taciti sociosqu ad litora torquent per conubia nostra, per inceptos himenaeos. Nunc quis maximus elit, vitae pulvinar urna. Integer at mi elit. Phasellus vitae rutrum sem. Vivamus et mauris ac nisl congue congue eu eget elit. Nullam at quam velit. Pellentesque dictum, diam nec tempor aliquet, tortor justo fermentum sapien, at condimentum turpis elit vel sapien. Aenean rutrum tellus sodales tortor viverra eleifend.

Donec facilisis, diam efficitur maximus ultrices, enim lectus rutrum elit, eget malesuada mi justo dapibus enim. Maecenas finibus euismod nulla quis dignissim. Sed dictum ante rutrum turpis euismod laoreet. Sed placerat tellus leo. In ut lobortis lorem. Nullam vitae lectus egestas urna tincidunt aliquet. Ut sagittis vel enim eget malesuada. Cras in congue tortor. Interdum et malesuada fames ac ante ipsum primis in faucibus. Nunc tempus consequat neque, et eleifend nulla aliquam eu.",Author 101,7,giao-trinh-chuan-hsk-4-tap-1,NXB 101,2014,209
https://cdn1.fahasa.com/media/catalog/product/9/7/9786043128734.jpg,Giáo Trình Chuẩn HSK 3 - Sách Bài Tập,159500,50,9780085479498,"Lorem ipsum dolor sit amet, consectetur adipiscing elit. Nam congue vel tellus non luctus. Vestibulum vitae nunc lorem. Sed lacinia lectus vel augue imperdiet ultricies. Donec id venenatis ex, vitae pretium ligula. Sed nulla eros, dignissim at feugiat non, posuere sit amet urna. Ut eu porttitor tellus. Cras eu massa nulla. Morbi porta fermentum elit eu iaculis. Pellentesque hendrerit venenatis purus at feugiat. Pellentesque vitae feugiat purus. Donec mattis rhoncus lacinia. Sed quam diam, molestie id laoreet eu, lacinia ac turpis. Cras tincidunt lobortis elit quis aliquam. Proin et massa libero.

Aliquam id pharetra arcu. Vivamus vitae mattis ligula. Sed efficitur urna vitae scelerisque tempor. Proin purus magna, vulputate eu ligula a, vehicula malesuada enim. Curabitur aliquet rutrum enim et tincidunt. Vestibulum ante ipsum primis in faucibus orci luctus et ultrices posuere cubilia curae; Vivamus pharetra enim leo, nec molestie nibh consectetur quis. Class aptent taciti sociosqu ad litora torquent per conubia nostra, per inceptos himenaeos. Nunc quis maximus elit, vitae pulvinar urna. Integer at mi elit. Phasellus vitae rutrum sem. Vivamus et mauris ac nisl congue congue eu eget elit. Nullam at quam velit. Pellentesque dictum, diam nec tempor aliquet, tortor justo fermentum sapien, at condimentum turpis elit vel sapien. Aenean rutrum tellus sodales tortor viverra eleifend.

Donec facilisis, diam efficitur maximus ultrices, enim lectus rutrum elit, eget malesuada mi justo dapibus enim. Maecenas finibus euismod nulla quis dignissim. Sed dictum ante rutrum turpis euismod laoreet. Sed placerat tellus leo. In ut lobortis lorem. Nullam vitae lectus egestas urna tincidunt aliquet. Ut sagittis vel enim eget malesuada. Cras in congue tortor. Interdum et malesuada fames ac ante ipsum primis in faucibus. Nunc tempus consequat neque, et eleifend nulla aliquam eu.",Author 102,3,giao-trinh-chuan-hsk-3-sach-bai-tap,NXB 102,2003,437
https://cdn1.fahasa.com/media/catalog/product/c/o/combo-9786043355345-9786043121476_1.jpg,Combo Sách Giáo Trình Chuẩn HSK 2 - Sách Bài Học Và Bài Tập (Bộ 2 Cuốn) (Tái Bản),327500,50,9780085479499,"Lorem ipsum dolor sit amet, consectetur adipiscing elit. Nam congue vel tellus non luctus. Vestibulum vitae nunc lorem. Sed lacinia lectus vel augue imperdiet ultricies. Donec id venenatis ex, vitae pretium ligula. Sed nulla eros, dignissim at feugiat non, posuere sit amet urna. Ut eu porttitor tellus. Cras eu massa nulla. Morbi porta fermentum elit eu iaculis. Pellentesque hendrerit venenatis purus at feugiat. Pellentesque vitae feugiat purus. Donec mattis rhoncus lacinia. Sed quam diam, molestie id laoreet eu, lacinia ac turpis. Cras tincidunt lobortis elit quis aliquam. Proin et massa libero.

Aliquam id pharetra arcu. Vivamus vitae mattis ligula. Sed efficitur urna vitae scelerisque tempor. Proin purus magna, vulputate eu ligula a, vehicula malesuada enim. Curabitur aliquet rutrum enim et tincidunt. Vestibulum ante ipsum primis in faucibus orci luctus et ultrices posuere cubilia curae; Vivamus pharetra enim leo, nec molestie nibh consectetur quis. Class aptent taciti sociosqu ad litora torquent per conubia nostra, per inceptos himenaeos. Nunc quis maximus elit, vitae pulvinar urna. Integer at mi elit. Phasellus vitae rutrum sem. Vivamus et mauris ac nisl congue congue eu eget elit. Nullam at quam velit. Pellentesque dictum, diam nec tempor aliquet, tortor justo fermentum sapien, at condimentum turpis elit vel sapien. Aenean rutrum tellus sodales tortor viverra eleifend.

Donec facilisis, diam efficitur maximus ultrices, enim lectus rutrum elit, eget malesuada mi justo dapibus enim. Maecenas finibus euismod nulla quis dignissim. Sed dictum ante rutrum turpis euismod laoreet. Sed placerat tellus leo. In ut lobortis lorem. Nullam vitae lectus egestas urna tincidunt aliquet. Ut sagittis vel enim eget malesuada. Cras in congue tortor. Interdum et malesuada fames ac ante ipsum primis in faucibus. Nunc tempus consequat neque, et eleifend nulla aliquam eu.",Author 103,7,combo-sach-giao-trinh-chuan-hsk-2-sach-bai-hoc-va-bai-tap-bo-2-cuon-tai-ban,NXB 103,2025,451
https://cdn1.fahasa.com/media/catalog/product/i/m/image_196500.jpg,Giáo Trình Chuẩn HSK 4 - Tập 1 - Sách Bài Tập,125500,50,9780085479500,"Lorem ipsum dolor sit amet, consectetur adipiscing elit. Nam congue vel tellus non luctus. Vestibulum vitae nunc lorem. Sed lacinia lectus vel augue imperdiet ultricies. Donec id venenatis ex, vitae pretium ligula. Sed nulla eros, dignissim at feugiat non, posuere sit amet urna. Ut eu porttitor tellus. Cras eu massa nulla. Morbi porta fermentum elit eu iaculis. Pellentesque hendrerit venenatis purus at feugiat. Pellentesque vitae feugiat purus. Donec mattis rhoncus lacinia. Sed quam diam, molestie id laoreet eu, lacinia ac turpis. Cras tincidunt lobortis elit quis aliquam. Proin et massa libero.

Aliquam id pharetra arcu. Vivamus vitae mattis ligula. Sed efficitur urna vitae scelerisque tempor. Proin purus magna, vulputate eu ligula a, vehicula malesuada enim. Curabitur aliquet rutrum enim et tincidunt. Vestibulum ante ipsum primis in faucibus orci luctus et ultrices posuere cubilia curae; Vivamus pharetra enim leo, nec molestie nibh consectetur quis. Class aptent taciti sociosqu ad litora torquent per conubia nostra, per inceptos himenaeos. Nunc quis maximus elit, vitae pulvinar urna. Integer at mi elit. Phasellus vitae rutrum sem. Vivamus et mauris ac nisl congue congue eu eget elit. Nullam at quam velit. Pellentesque dictum, diam nec tempor aliquet, tortor justo fermentum sapien, at condimentum turpis elit vel sapien. Aenean rutrum tellus sodales tortor viverra eleifend.

Donec facilisis, diam efficitur maximus ultrices, enim lectus rutrum elit, eget malesuada mi justo dapibus enim. Maecenas finibus euismod nulla quis dignissim. Sed dictum ante rutrum turpis euismod laoreet. Sed placerat tellus leo. In ut lobortis lorem. Nullam vitae lectus egestas urna tincidunt aliquet. Ut sagittis vel enim eget malesuada. Cras in congue tortor. Interdum et malesuada fames ac ante ipsum primis in faucibus. Nunc tempus consequat neque, et eleifend nulla aliquam eu.",Author 104,4,giao-trinh-chuan-hsk-4-tap-1-sach-bai-tap,NXB 104,2015,472
https://cdn1.fahasa.com/media/catalog/product/9/7/9786043357158.jpg,Giáo Trình Chuẩn HSK 4 - Tập 2,202000,50,9780085479501,"Lorem ipsum dolor sit amet, consectetur adipiscing elit. Nam congue vel tellus non luctus. Vestibulum vitae nunc lorem. Sed lacinia lectus vel augue imperdiet ultricies. Donec id venenatis ex, vitae pretium ligula. Sed nulla eros, dignissim at feugiat non, posuere sit amet urna. Ut eu porttitor tellus. Cras eu massa nulla. Morbi porta fermentum elit eu iaculis. Pellentesque hendrerit venenatis purus at feugiat. Pellentesque vitae feugiat purus. Donec mattis rhoncus lacinia. Sed quam diam, molestie id laoreet eu, lacinia ac turpis. Cras tincidunt lobortis elit quis aliquam. Proin et massa libero.

Aliquam id pharetra arcu. Vivamus vitae mattis ligula. Sed efficitur urna vitae scelerisque tempor. Proin purus magna, vulputate eu ligula a, vehicula malesuada enim. Curabitur aliquet rutrum enim et tincidunt. Vestibulum ante ipsum primis in faucibus orci luctus et ultrices posuere cubilia curae; Vivamus pharetra enim leo, nec molestie nibh consectetur quis. Class aptent taciti sociosqu ad litora torquent per conubia nostra, per inceptos himenaeos. Nunc quis maximus elit, vitae pulvinar urna. Integer at mi elit. Phasellus vitae rutrum sem. Vivamus et mauris ac nisl congue congue eu eget elit. Nullam at quam velit. Pellentesque dictum, diam nec tempor aliquet, tortor justo fermentum sapien, at condimentum turpis elit vel sapien. Aenean rutrum tellus sodales tortor viverra eleifend.

Donec facilisis, diam efficitur maximus ultrices, enim lectus rutrum elit, eget malesuada mi justo dapibus enim. Maecenas finibus euismod nulla quis dignissim. Sed dictum ante rutrum turpis euismod laoreet. Sed placerat tellus leo. In ut lobortis lorem. Nullam vitae lectus egestas urna tincidunt aliquet. Ut sagittis vel enim eget malesuada. Cras in congue tortor. Interdum et malesuada fames ac ante ipsum primis in faucibus. Nunc tempus consequat neque, et eleifend nulla aliquam eu.",Author 105,6,giao-trinh-chuan-hsk-4-tap-2,NXB 105,2012,355
https://cdn1.fahasa.com/media/catalog/product/9/7/9786043356380_1.jpg,Giáo Trình Chuẩn Hsk,202000,50,9780085479502,"Lorem ipsum dolor sit amet, consectetur adipiscing elit. Nam congue vel tellus non luctus. Vestibulum vitae nunc lorem. Sed lacinia lectus vel augue imperdiet ultricies. Donec id venenatis ex, vitae pretium ligula. Sed nulla eros, dignissim at feugiat non, posuere sit amet urna. Ut eu porttitor tellus. Cras eu massa nulla. Morbi porta fermentum elit eu iaculis. Pellentesque hendrerit venenatis purus at feugiat. Pellentesque vitae feugiat purus. Donec mattis rhoncus lacinia. Sed quam diam, molestie id laoreet eu, lacinia ac turpis. Cras tincidunt lobortis elit quis aliquam. Proin et massa libero.

Aliquam id pharetra arcu. Vivamus vitae mattis ligula. Sed efficitur urna vitae scelerisque tempor. Proin purus magna, vulputate eu ligula a, vehicula malesuada enim. Curabitur aliquet rutrum enim et tincidunt. Vestibulum ante ipsum primis in faucibus orci luctus et ultrices posuere cubilia curae; Vivamus pharetra enim leo, nec molestie nibh consectetur quis. Class aptent taciti sociosqu ad litora torquent per conubia nostra, per inceptos himenaeos. Nunc quis maximus elit, vitae pulvinar urna. Integer at mi elit. Phasellus vitae rutrum sem. Vivamus et mauris ac nisl congue congue eu eget elit. Nullam at quam velit. Pellentesque dictum, diam nec tempor aliquet, tortor justo fermentum sapien, at condimentum turpis elit vel sapien. Aenean rutrum tellus sodales tortor viverra eleifend.

Donec facilisis, diam efficitur maximus ultrices, enim lectus rutrum elit, eget malesuada mi justo dapibus enim. Maecenas finibus euismod nulla quis dignissim. Sed dictum ante rutrum turpis euismod laoreet. Sed placerat tellus leo. In ut lobortis lorem. Nullam vitae lectus egestas urna tincidunt aliquet. Ut sagittis vel enim eget malesuada. Cras in congue tortor. Interdum et malesuada fames ac ante ipsum primis in faucibus. Nunc tempus consequat neque, et eleifend nulla aliquam eu.",Author 106,3,giao-trinh-chuan-hsk,NXB 106,2021,335
https://cdn1.fahasa.com/media/catalog/product/i/m/image_236052.jpg,Giáo Trình Chuẩn HSK 4 - Tập 2 - Sách Bài Tập,134000,50,9780085479503,"Lorem ipsum dolor sit amet, consectetur adipiscing elit. Nam congue vel tellus non luctus. Vestibulum vitae nunc lorem. Sed lacinia lectus vel augue imperdiet ultricies. Donec id venenatis ex, vitae pretium ligula. Sed nulla eros, dignissim at feugiat non, posuere sit amet urna. Ut eu porttitor tellus. Cras eu massa nulla. Morbi porta fermentum elit eu iaculis. Pellentesque hendrerit venenatis purus at feugiat. Pellentesque vitae feugiat purus. Donec mattis rhoncus lacinia. Sed quam diam, molestie id laoreet eu, lacinia ac turpis. Cras tincidunt lobortis elit quis aliquam. Proin et massa libero.

Aliquam id pharetra arcu. Vivamus vitae mattis ligula. Sed efficitur urna vitae scelerisque tempor. Proin purus magna, vulputate eu ligula a, vehicula malesuada enim. Curabitur aliquet rutrum enim et tincidunt. Vestibulum ante ipsum primis in faucibus orci luctus et ultrices posuere cubilia curae; Vivamus pharetra enim leo, nec molestie nibh consectetur quis. Class aptent taciti sociosqu ad litora torquent per conubia nostra, per inceptos himenaeos. Nunc quis maximus elit, vitae pulvinar urna. Integer at mi elit. Phasellus vitae rutrum sem. Vivamus et mauris ac nisl congue congue eu eget elit. Nullam at quam velit. Pellentesque dictum, diam nec tempor aliquet, tortor justo fermentum sapien, at condimentum turpis elit vel sapien. Aenean rutrum tellus sodales tortor viverra eleifend.

Donec facilisis, diam efficitur maximus ultrices, enim lectus rutrum elit, eget malesuada mi justo dapibus enim. Maecenas finibus euismod nulla quis dignissim. Sed dictum ante rutrum turpis euismod laoreet. Sed placerat tellus leo. In ut lobortis lorem. Nullam vitae lectus egestas urna tincidunt aliquet. Ut sagittis vel enim eget malesuada. Cras in congue tortor. Interdum et malesuada fames ac ante ipsum primis in faucibus. Nunc tempus consequat neque, et eleifend nulla aliquam eu.",Author 107,3,giao-trinh-chuan-hsk-4-tap-2-sach-bai-tap,NXB 107,2005,127
https://cdn1.fahasa.com/media/catalog/product/c/o/combo-9786043356380-9786043128734_1.jpg,Combo Sách Giáo Trình Chuẩn HSK 3 - Sách Bài Học Và Bài Tập (Bộ 2 Cuốn) (Tái Bản),404000,50,9780085479504,"Lorem ipsum dolor sit amet, consectetur adipiscing elit. Nam congue vel tellus non luctus. Vestibulum vitae nunc lorem. Sed lacinia lectus vel augue imperdiet ultricies. Donec id venenatis ex, vitae pretium ligula. Sed nulla eros, dignissim at feugiat non, posuere sit amet urna. Ut eu porttitor tellus. Cras eu massa nulla. Morbi porta fermentum elit eu iaculis. Pellentesque hendrerit venenatis purus at feugiat. Pellentesque vitae feugiat purus. Donec mattis rhoncus lacinia. Sed quam diam, molestie id laoreet eu, lacinia ac turpis. Cras tincidunt lobortis elit quis aliquam. Proin et massa libero.

Aliquam id pharetra arcu. Vivamus vitae mattis ligula. Sed efficitur urna vitae scelerisque tempor. Proin purus magna, vulputate eu ligula a, vehicula malesuada enim. Curabitur aliquet rutrum enim et tincidunt. Vestibulum ante ipsum primis in faucibus orci luctus et ultrices posuere cubilia curae; Vivamus pharetra enim leo, nec molestie nibh consectetur quis. Class aptent taciti sociosqu ad litora torquent per conubia nostra, per inceptos himenaeos. Nunc quis maximus elit, vitae pulvinar urna. Integer at mi elit. Phasellus vitae rutrum sem. Vivamus et mauris ac nisl congue congue eu eget elit. Nullam at quam velit. Pellentesque dictum, diam nec tempor aliquet, tortor justo fermentum sapien, at condimentum turpis elit vel sapien. Aenean rutrum tellus sodales tortor viverra eleifend.

Donec facilisis, diam efficitur maximus ultrices, enim lectus rutrum elit, eget malesuada mi justo dapibus enim. Maecenas finibus euismod nulla quis dignissim. Sed dictum ante rutrum turpis euismod laoreet. Sed placerat tellus leo. In ut lobortis lorem. Nullam vitae lectus egestas urna tincidunt aliquet. Ut sagittis vel enim eget malesuada. Cras in congue tortor. Interdum et malesuada fames ac ante ipsum primis in faucibus. Nunc tempus consequat neque, et eleifend nulla aliquam eu.",Author 108,2,combo-sach-giao-trinh-chuan-hsk-3-sach-bai-hoc-va-bai-tap-bo-2-cuon-tai-ban,NXB 108,2017,167
https://cdn1.fahasa.com/media/catalog/product/i/m/image_195509_1_11579.jpg,Giáo Trình Chuẩn YCT 1,117000,50,9780085479505,"Lorem ipsum dolor sit amet, consectetur adipiscing elit. Nam congue vel tellus non luctus. Vestibulum vitae nunc lorem. Sed lacinia lectus vel augue imperdiet ultricies. Donec id venenatis ex, vitae pretium ligula. Sed nulla eros, dignissim at feugiat non, posuere sit amet urna. Ut eu porttitor tellus. Cras eu massa nulla. Morbi porta fermentum elit eu iaculis. Pellentesque hendrerit venenatis purus at feugiat. Pellentesque vitae feugiat purus. Donec mattis rhoncus lacinia. Sed quam diam, molestie id laoreet eu, lacinia ac turpis. Cras tincidunt lobortis elit quis aliquam. Proin et massa libero.

Aliquam id pharetra arcu. Vivamus vitae mattis ligula. Sed efficitur urna vitae scelerisque tempor. Proin purus magna, vulputate eu ligula a, vehicula malesuada enim. Curabitur aliquet rutrum enim et tincidunt. Vestibulum ante ipsum primis in faucibus orci luctus et ultrices posuere cubilia curae; Vivamus pharetra enim leo, nec molestie nibh consectetur quis. Class aptent taciti sociosqu ad litora torquent per conubia nostra, per inceptos himenaeos. Nunc quis maximus elit, vitae pulvinar urna. Integer at mi elit. Phasellus vitae rutrum sem. Vivamus et mauris ac nisl congue congue eu eget elit. Nullam at quam velit. Pellentesque dictum, diam nec tempor aliquet, tortor justo fermentum sapien, at condimentum turpis elit vel sapien. Aenean rutrum tellus sodales tortor viverra eleifend.

Donec facilisis, diam efficitur maximus ultrices, enim lectus rutrum elit, eget malesuada mi justo dapibus enim. Maecenas finibus euismod nulla quis dignissim. Sed dictum ante rutrum turpis euismod laoreet. Sed placerat tellus leo. In ut lobortis lorem. Nullam vitae lectus egestas urna tincidunt aliquet. Ut sagittis vel enim eget malesuada. Cras in congue tortor. Interdum et malesuada fames ac ante ipsum primis in faucibus. Nunc tempus consequat neque, et eleifend nulla aliquam eu.",Author 109,3,giao-trinh-chuan-yct-1,NXB 109,2011,165
https://cdn1.fahasa.com/media/catalog/product/2/0/2023_02_20_11_54_17_1-390x510.jpg,Giáo Trình Chuẩn YCT 1 - Sách Bài Tập,57500,50,9780085479506,"Lorem ipsum dolor sit amet, consectetur adipiscing elit. Nam congue vel tellus non luctus. Vestibulum vitae nunc lorem. Sed lacinia lectus vel augue imperdiet ultricies. Donec id venenatis ex, vitae pretium ligula. Sed nulla eros, dignissim at feugiat non, posuere sit amet urna. Ut eu porttitor tellus. Cras eu massa nulla. Morbi porta fermentum elit eu iaculis. Pellentesque hendrerit venenatis purus at feugiat. Pellentesque vitae feugiat purus. Donec mattis rhoncus lacinia. Sed quam diam, molestie id laoreet eu, lacinia ac turpis. Cras tincidunt lobortis elit quis aliquam. Proin et massa libero.

Aliquam id pharetra arcu. Vivamus vitae mattis ligula. Sed efficitur urna vitae scelerisque tempor. Proin purus magna, vulputate eu ligula a, vehicula malesuada enim. Curabitur aliquet rutrum enim et tincidunt. Vestibulum ante ipsum primis in faucibus orci luctus et ultrices posuere cubilia curae; Vivamus pharetra enim leo, nec molestie nibh consectetur quis. Class aptent taciti sociosqu ad litora torquent per conubia nostra, per inceptos himenaeos. Nunc quis maximus elit, vitae pulvinar urna. Integer at mi elit. Phasellus vitae rutrum sem. Vivamus et mauris ac nisl congue congue eu eget elit. Nullam at quam velit. Pellentesque dictum, diam nec tempor aliquet, tortor justo fermentum sapien, at condimentum turpis elit vel sapien. Aenean rutrum tellus sodales tortor viverra eleifend.

Donec facilisis, diam efficitur maximus ultrices, enim lectus rutrum elit, eget malesuada mi justo dapibus enim. Maecenas finibus euismod nulla quis dignissim. Sed dictum ante rutrum turpis euismod laoreet. Sed placerat tellus leo. In ut lobortis lorem. Nullam vitae lectus egestas urna tincidunt aliquet. Ut sagittis vel enim eget malesuada. Cras in congue tortor. Interdum et malesuada fames ac ante ipsum primis in faucibus. Nunc tempus consequat neque, et eleifend nulla aliquam eu.",Author 110,3,giao-trinh-chuan-yct-1-sach-bai-tap,NXB 110,2010,473
https://cdn1.fahasa.com/media/catalog/product/c/o/combo-9786043127287-9786045897430.jpg,Combo Sách Giáo Trình Chuẩn HSK 4 Tập 1 - Sách Bài Học Và Bài Tập (Bộ 2 Cuốn),319000,50,9780085479507,"Lorem ipsum dolor sit amet, consectetur adipiscing elit. Nam congue vel tellus non luctus. Vestibulum vitae nunc lorem. Sed lacinia lectus vel augue imperdiet ultricies. Donec id venenatis ex, vitae pretium ligula. Sed nulla eros, dignissim at feugiat non, posuere sit amet urna. Ut eu porttitor tellus. Cras eu massa nulla. Morbi porta fermentum elit eu iaculis. Pellentesque hendrerit venenatis purus at feugiat. Pellentesque vitae feugiat purus. Donec mattis rhoncus lacinia. Sed quam diam, molestie id laoreet eu, lacinia ac turpis. Cras tincidunt lobortis elit quis aliquam. Proin et massa libero.

Aliquam id pharetra arcu. Vivamus vitae mattis ligula. Sed efficitur urna vitae scelerisque tempor. Proin purus magna, vulputate eu ligula a, vehicula malesuada enim. Curabitur aliquet rutrum enim et tincidunt. Vestibulum ante ipsum primis in faucibus orci luctus et ultrices posuere cubilia curae; Vivamus pharetra enim leo, nec molestie nibh consectetur quis. Class aptent taciti sociosqu ad litora torquent per conubia nostra, per inceptos himenaeos. Nunc quis maximus elit, vitae pulvinar urna. Integer at mi elit. Phasellus vitae rutrum sem. Vivamus et mauris ac nisl congue congue eu eget elit. Nullam at quam velit. Pellentesque dictum, diam nec tempor aliquet, tortor justo fermentum sapien, at condimentum turpis elit vel sapien. Aenean rutrum tellus sodales tortor viverra eleifend.

Donec facilisis, diam efficitur maximus ultrices, enim lectus rutrum elit, eget malesuada mi justo dapibus enim. Maecenas finibus euismod nulla quis dignissim. Sed dictum ante rutrum turpis euismod laoreet. Sed placerat tellus leo. In ut lobortis lorem. Nullam vitae lectus egestas urna tincidunt aliquet. Ut sagittis vel enim eget malesuada. Cras in congue tortor. Interdum et malesuada fames ac ante ipsum primis in faucibus. Nunc tempus consequat neque, et eleifend nulla aliquam eu.",Author 111,8,combo-sach-giao-trinh-chuan-hsk-4-tap-1-sach-bai-hoc-va-bai-tap-bo-2-cuon,NXB 111,2004,412
https://cdn1.fahasa.com/media/catalog/product/9/7/9786043358568_1.jpg,Giáo Trình Chuẩn HSK 5 - Tập 1,236000,50,9780085479508,"Lorem ipsum dolor sit amet, consectetur adipiscing elit. Nam congue vel tellus non luctus. Vestibulum vitae nunc lorem. Sed lacinia lectus vel augue imperdiet ultricies. Donec id venenatis ex, vitae pretium ligula. Sed nulla eros, dignissim at feugiat non, posuere sit amet urna. Ut eu porttitor tellus. Cras eu massa nulla. Morbi porta fermentum elit eu iaculis. Pellentesque hendrerit venenatis purus at feugiat. Pellentesque vitae feugiat purus. Donec mattis rhoncus lacinia. Sed quam diam, molestie id laoreet eu, lacinia ac turpis. Cras tincidunt lobortis elit quis aliquam. Proin et massa libero.

Aliquam id pharetra arcu. Vivamus vitae mattis ligula. Sed efficitur urna vitae scelerisque tempor. Proin purus magna, vulputate eu ligula a, vehicula malesuada enim. Curabitur aliquet rutrum enim et tincidunt. Vestibulum ante ipsum primis in faucibus orci luctus et ultrices posuere cubilia curae; Vivamus pharetra enim leo, nec molestie nibh consectetur quis. Class aptent taciti sociosqu ad litora torquent per conubia nostra, per inceptos himenaeos. Nunc quis maximus elit, vitae pulvinar urna. Integer at mi elit. Phasellus vitae rutrum sem. Vivamus et mauris ac nisl congue congue eu eget elit. Nullam at quam velit. Pellentesque dictum, diam nec tempor aliquet, tortor justo fermentum sapien, at condimentum turpis elit vel sapien. Aenean rutrum tellus sodales tortor viverra eleifend.

Donec facilisis, diam efficitur maximus ultrices, enim lectus rutrum elit, eget malesuada mi justo dapibus enim. Maecenas finibus euismod nulla quis dignissim. Sed dictum ante rutrum turpis euismod laoreet. Sed placerat tellus leo. In ut lobortis lorem. Nullam vitae lectus egestas urna tincidunt aliquet. Ut sagittis vel enim eget malesuada. Cras in congue tortor. Interdum et malesuada fames ac ante ipsum primis in faucibus. Nunc tempus consequat neque, et eleifend nulla aliquam eu.",Author 112,7,giao-trinh-chuan-hsk-5-tap-1,NXB 112,2025,164
https://cdn1.fahasa.com/media/catalog/product/9/7/9786043779875.jpg,Giáo Trình Chuẩn YCT 3 (Quét Mã Để Nghe File Mp3),125500,50,9780085479509,"Lorem ipsum dolor sit amet, consectetur adipiscing elit. Nam congue vel tellus non luctus. Vestibulum vitae nunc lorem. Sed lacinia lectus vel augue imperdiet ultricies. Donec id venenatis ex, vitae pretium ligula. Sed nulla eros, dignissim at feugiat non, posuere sit amet urna. Ut eu porttitor tellus. Cras eu massa nulla. Morbi porta fermentum elit eu iaculis. Pellentesque hendrerit venenatis purus at feugiat. Pellentesque vitae feugiat purus. Donec mattis rhoncus lacinia. Sed quam diam, molestie id laoreet eu, lacinia ac turpis. Cras tincidunt lobortis elit quis aliquam. Proin et massa libero.

Aliquam id pharetra arcu. Vivamus vitae mattis ligula. Sed efficitur urna vitae scelerisque tempor. Proin purus magna, vulputate eu ligula a, vehicula malesuada enim. Curabitur aliquet rutrum enim et tincidunt. Vestibulum ante ipsum primis in faucibus orci luctus et ultrices posuere cubilia curae; Vivamus pharetra enim leo, nec molestie nibh consectetur quis. Class aptent taciti sociosqu ad litora torquent per conubia nostra, per inceptos himenaeos. Nunc quis maximus elit, vitae pulvinar urna. Integer at mi elit. Phasellus vitae rutrum sem. Vivamus et mauris ac nisl congue congue eu eget elit. Nullam at quam velit. Pellentesque dictum, diam nec tempor aliquet, tortor justo fermentum sapien, at condimentum turpis elit vel sapien. Aenean rutrum tellus sodales tortor viverra eleifend.

Donec facilisis, diam efficitur maximus ultrices, enim lectus rutrum elit, eget malesuada mi justo dapibus enim. Maecenas finibus euismod nulla quis dignissim. Sed dictum ante rutrum turpis euismod laoreet. Sed placerat tellus leo. In ut lobortis lorem. Nullam vitae lectus egestas urna tincidunt aliquet. Ut sagittis vel enim eget malesuada. Cras in congue tortor. Interdum et malesuada fames ac ante ipsum primis in faucibus. Nunc tempus consequat neque, et eleifend nulla aliquam eu.",Author 113,4,giao-trinh-chuan-yct-3-quet-ma-de-nghe-file-mp3,NXB 113,2017,441
https://cdn1.fahasa.com/media/catalog/product/i/m/image_214852.jpg,Giáo Trình Chuẩn HSK 5 - Tập 2,227500,50,9780085479510,"Lorem ipsum dolor sit amet, consectetur adipiscing elit. Nam congue vel tellus non luctus. Vestibulum vitae nunc lorem. Sed lacinia lectus vel augue imperdiet ultricies. Donec id venenatis ex, vitae pretium ligula. Sed nulla eros, dignissim at feugiat non, posuere sit amet urna. Ut eu porttitor tellus. Cras eu massa nulla. Morbi porta fermentum elit eu iaculis. Pellentesque hendrerit venenatis purus at feugiat. Pellentesque vitae feugiat purus. Donec mattis rhoncus lacinia. Sed quam diam, molestie id laoreet eu, lacinia ac turpis. Cras tincidunt lobortis elit quis aliquam. Proin et massa libero.

Aliquam id pharetra arcu. Vivamus vitae mattis ligula. Sed efficitur urna vitae scelerisque tempor. Proin purus magna, vulputate eu ligula a, vehicula malesuada enim. Curabitur aliquet rutrum enim et tincidunt. Vestibulum ante ipsum primis in faucibus orci luctus et ultrices posuere cubilia curae; Vivamus pharetra enim leo, nec molestie nibh consectetur quis. Class aptent taciti sociosqu ad litora torquent per conubia nostra, per inceptos himenaeos. Nunc quis maximus elit, vitae pulvinar urna. Integer at mi elit. Phasellus vitae rutrum sem. Vivamus et mauris ac nisl congue congue eu eget elit. Nullam at quam velit. Pellentesque dictum, diam nec tempor aliquet, tortor justo fermentum sapien, at condimentum turpis elit vel sapien. Aenean rutrum tellus sodales tortor viverra eleifend.

Donec facilisis, diam efficitur maximus ultrices, enim lectus rutrum elit, eget malesuada mi justo dapibus enim. Maecenas finibus euismod nulla quis dignissim. Sed dictum ante rutrum turpis euismod laoreet. Sed placerat tellus leo. In ut lobortis lorem. Nullam vitae lectus egestas urna tincidunt aliquet. Ut sagittis vel enim eget malesuada. Cras in congue tortor. Interdum et malesuada fames ac ante ipsum primis in faucibus. Nunc tempus consequat neque, et eleifend nulla aliquam eu.",Author 114,4,giao-trinh-chuan-hsk-5-tap-2,NXB 114,2013,302
https://cdn1.fahasa.com/media/catalog/product/9/7/9786043772074.jpg,Giáo Trình Chuẩn YCT 2 - Sách Bài Tập,57500,50,9780085479511,"Lorem ipsum dolor sit amet, consectetur adipiscing elit. Nam congue vel tellus non luctus. Vestibulum vitae nunc lorem. Sed lacinia lectus vel augue imperdiet ultricies. Donec id venenatis ex, vitae pretium ligula. Sed nulla eros, dignissim at feugiat non, posuere sit amet urna. Ut eu porttitor tellus. Cras eu massa nulla. Morbi porta fermentum elit eu iaculis. Pellentesque hendrerit venenatis purus at feugiat. Pellentesque vitae feugiat purus. Donec mattis rhoncus lacinia. Sed quam diam, molestie id laoreet eu, lacinia ac turpis. Cras tincidunt lobortis elit quis aliquam. Proin et massa libero.

Aliquam id pharetra arcu. Vivamus vitae mattis ligula. Sed efficitur urna vitae scelerisque tempor. Proin purus magna, vulputate eu ligula a, vehicula malesuada enim. Curabitur aliquet rutrum enim et tincidunt. Vestibulum ante ipsum primis in faucibus orci luctus et ultrices posuere cubilia curae; Vivamus pharetra enim leo, nec molestie nibh consectetur quis. Class aptent taciti sociosqu ad litora torquent per conubia nostra, per inceptos himenaeos. Nunc quis maximus elit, vitae pulvinar urna. Integer at mi elit. Phasellus vitae rutrum sem. Vivamus et mauris ac nisl congue congue eu eget elit. Nullam at quam velit. Pellentesque dictum, diam nec tempor aliquet, tortor justo fermentum sapien, at condimentum turpis elit vel sapien. Aenean rutrum tellus sodales tortor viverra eleifend.

Donec facilisis, diam efficitur maximus ultrices, enim lectus rutrum elit, eget malesuada mi justo dapibus enim. Maecenas finibus euismod nulla quis dignissim. Sed dictum ante rutrum turpis euismod laoreet. Sed placerat tellus leo. In ut lobortis lorem. Nullam vitae lectus egestas urna tincidunt aliquet. Ut sagittis vel enim eget malesuada. Cras in congue tortor. Interdum et malesuada fames ac ante ipsum primis in faucibus. Nunc tempus consequat neque, et eleifend nulla aliquam eu.",Author 115,5,giao-trinh-chuan-yct-2-sach-bai-tap,NXB 115,2016,100
https://cdn1.fahasa.com/media/catalog/product/9/7/9786043772081.jpg,Giáo Trình Chuẩn YCT 3 - Sách Bài Tập,73000,50,9780085479512,"Lorem ipsum dolor sit amet, consectetur adipiscing elit. Nam congue vel tellus non luctus. Vestibulum vitae nunc lorem. Sed lacinia lectus vel augue imperdiet ultricies. Donec id venenatis ex, vitae pretium ligula. Sed nulla eros, dignissim at feugiat non, posuere sit amet urna. Ut eu porttitor tellus. Cras eu massa nulla. Morbi porta fermentum elit eu iaculis. Pellentesque hendrerit venenatis purus at feugiat. Pellentesque vitae feugiat purus. Donec mattis rhoncus lacinia. Sed quam diam, molestie id laoreet eu, lacinia ac turpis. Cras tincidunt lobortis elit quis aliquam. Proin et massa libero.

Aliquam id pharetra arcu. Vivamus vitae mattis ligula. Sed efficitur urna vitae scelerisque tempor. Proin purus magna, vulputate eu ligula a, vehicula malesuada enim. Curabitur aliquet rutrum enim et tincidunt. Vestibulum ante ipsum primis in faucibus orci luctus et ultrices posuere cubilia curae; Vivamus pharetra enim leo, nec molestie nibh consectetur quis. Class aptent taciti sociosqu ad litora torquent per conubia nostra, per inceptos himenaeos. Nunc quis maximus elit, vitae pulvinar urna. Integer at mi elit. Phasellus vitae rutrum sem. Vivamus et mauris ac nisl congue congue eu eget elit. Nullam at quam velit. Pellentesque dictum, diam nec tempor aliquet, tortor justo fermentum sapien, at condimentum turpis elit vel sapien. Aenean rutrum tellus sodales tortor viverra eleifend.

Donec facilisis, diam efficitur maximus ultrices, enim lectus rutrum elit, eget malesuada mi justo dapibus enim. Maecenas finibus euismod nulla quis dignissim. Sed dictum ante rutrum turpis euismod laoreet. Sed placerat tellus leo. In ut lobortis lorem. Nullam vitae lectus egestas urna tincidunt aliquet. Ut sagittis vel enim eget malesuada. Cras in congue tortor. Interdum et malesuada fames ac ante ipsum primis in faucibus. Nunc tempus consequat neque, et eleifend nulla aliquam eu.",Author 116,2,giao-trinh-chuan-yct-3-sach-bai-tap,NXB 116,2015,438
https://cdn1.fahasa.com/media/catalog/product/c/o/combo-9786043357158-9786045897454.jpg,Combo Sách Giáo Trình Chuẩn HSK 4 Tập 2 - Sách Bài Học Và Bài Tập (Bộ 2 Cuốn),336000,50,9780085479513,"Lorem ipsum dolor sit amet, consectetur adipiscing elit. Nam congue vel tellus non luctus. Vestibulum vitae nunc lorem. Sed lacinia lectus vel augue imperdiet ultricies. Donec id venenatis ex, vitae pretium ligula. Sed nulla eros, dignissim at feugiat non, posuere sit amet urna. Ut eu porttitor tellus. Cras eu massa nulla. Morbi porta fermentum elit eu iaculis. Pellentesque hendrerit venenatis purus at feugiat. Pellentesque vitae feugiat purus. Donec mattis rhoncus lacinia. Sed quam diam, molestie id laoreet eu, lacinia ac turpis. Cras tincidunt lobortis elit quis aliquam. Proin et massa libero.

Aliquam id pharetra arcu. Vivamus vitae mattis ligula. Sed efficitur urna vitae scelerisque tempor. Proin purus magna, vulputate eu ligula a, vehicula malesuada enim. Curabitur aliquet rutrum enim et tincidunt. Vestibulum ante ipsum primis in faucibus orci luctus et ultrices posuere cubilia curae; Vivamus pharetra enim leo, nec molestie nibh consectetur quis. Class aptent taciti sociosqu ad litora torquent per conubia nostra, per inceptos himenaeos. Nunc quis maximus elit, vitae pulvinar urna. Integer at mi elit. Phasellus vitae rutrum sem. Vivamus et mauris ac nisl congue congue eu eget elit. Nullam at quam velit. Pellentesque dictum, diam nec tempor aliquet, tortor justo fermentum sapien, at condimentum turpis elit vel sapien. Aenean rutrum tellus sodales tortor viverra eleifend.

Donec facilisis, diam efficitur maximus ultrices, enim lectus rutrum elit, eget malesuada mi justo dapibus enim. Maecenas finibus euismod nulla quis dignissim. Sed dictum ante rutrum turpis euismod laoreet. Sed placerat tellus leo. In ut lobortis lorem. Nullam vitae lectus egestas urna tincidunt aliquet. Ut sagittis vel enim eget malesuada. Cras in congue tortor. Interdum et malesuada fames ac ante ipsum primis in faucibus. Nunc tempus consequat neque, et eleifend nulla aliquam eu.",Author 117,9,combo-sach-giao-trinh-chuan-hsk-4-tap-2-sach-bai-hoc-va-bai-tap-bo-2-cuon,NXB 117,2016,133
https://cdn1.fahasa.com/media/catalog/product/9/7/9786043770384.jpg,Giáo Trình Chuẩn YCT 2,125500,50,9780085479514,"Lorem ipsum dolor sit amet, consectetur adipiscing elit. Nam congue vel tellus non luctus. Vestibulum vitae nunc lorem. Sed lacinia lectus vel augue imperdiet ultricies. Donec id venenatis ex, vitae pretium ligula. Sed nulla eros, dignissim at feugiat non, posuere sit amet urna. Ut eu porttitor tellus. Cras eu massa nulla. Morbi porta fermentum elit eu iaculis. Pellentesque hendrerit venenatis purus at feugiat. Pellentesque vitae feugiat purus. Donec mattis rhoncus lacinia. Sed quam diam, molestie id laoreet eu, lacinia ac turpis. Cras tincidunt lobortis elit quis aliquam. Proin et massa libero.

Aliquam id pharetra arcu. Vivamus vitae mattis ligula. Sed efficitur urna vitae scelerisque tempor. Proin purus magna, vulputate eu ligula a, vehicula malesuada enim. Curabitur aliquet rutrum enim et tincidunt. Vestibulum ante ipsum primis in faucibus orci luctus et ultrices posuere cubilia curae; Vivamus pharetra enim leo, nec molestie nibh consectetur quis. Class aptent taciti sociosqu ad litora torquent per conubia nostra, per inceptos himenaeos. Nunc quis maximus elit, vitae pulvinar urna. Integer at mi elit. Phasellus vitae rutrum sem. Vivamus et mauris ac nisl congue congue eu eget elit. Nullam at quam velit. Pellentesque dictum, diam nec tempor aliquet, tortor justo fermentum sapien, at condimentum turpis elit vel sapien. Aenean rutrum tellus sodales tortor viverra eleifend.

Donec facilisis, diam efficitur maximus ultrices, enim lectus rutrum elit, eget malesuada mi justo dapibus enim. Maecenas finibus euismod nulla quis dignissim. Sed dictum ante rutrum turpis euismod laoreet. Sed placerat tellus leo. In ut lobortis lorem. Nullam vitae lectus egestas urna tincidunt aliquet. Ut sagittis vel enim eget malesuada. Cras in congue tortor. Interdum et malesuada fames ac ante ipsum primis in faucibus. Nunc tempus consequat neque, et eleifend nulla aliquam eu.",Author 118,5,giao-trinh-chuan-yct-2,NXB 118,2004,212
https://cdn1.fahasa.com/media/catalog/product/i/m/image_195509_1_11582.jpg,Giáo Trình Chuẩn YCT 4,125500,50,9780085479515,"Lorem ipsum dolor sit amet, consectetur adipiscing elit. Nam congue vel tellus non luctus. Vestibulum vitae nunc lorem. Sed lacinia lectus vel augue imperdiet ultricies. Donec id venenatis ex, vitae pretium ligula. Sed nulla eros, dignissim at feugiat non, posuere sit amet urna. Ut eu porttitor tellus. Cras eu massa nulla. Morbi porta fermentum elit eu iaculis. Pellentesque hendrerit venenatis purus at feugiat. Pellentesque vitae feugiat purus. Donec mattis rhoncus lacinia. Sed quam diam, molestie id laoreet eu, lacinia ac turpis. Cras tincidunt lobortis elit quis aliquam. Proin et massa libero.

Aliquam id pharetra arcu. Vivamus vitae mattis ligula. Sed efficitur urna vitae scelerisque tempor. Proin purus magna, vulputate eu ligula a, vehicula malesuada enim. Curabitur aliquet rutrum enim et tincidunt. Vestibulum ante ipsum primis in faucibus orci luctus et ultrices posuere cubilia curae; Vivamus pharetra enim leo, nec molestie nibh consectetur quis. Class aptent taciti sociosqu ad litora torquent per conubia nostra, per inceptos himenaeos. Nunc quis maximus elit, vitae pulvinar urna. Integer at mi elit. Phasellus vitae rutrum sem. Vivamus et mauris ac nisl congue congue eu eget elit. Nullam at quam velit. Pellentesque dictum, diam nec tempor aliquet, tortor justo fermentum sapien, at condimentum turpis elit vel sapien. Aenean rutrum tellus sodales tortor viverra eleifend.

Donec facilisis, diam efficitur maximus ultrices, enim lectus rutrum elit, eget malesuada mi justo dapibus enim. Maecenas finibus euismod nulla quis dignissim. Sed dictum ante rutrum turpis euismod laoreet. Sed placerat tellus leo. In ut lobortis lorem. Nullam vitae lectus egestas urna tincidunt aliquet. Ut sagittis vel enim eget malesuada. Cras in congue tortor. Interdum et malesuada fames ac ante ipsum primis in faucibus. Nunc tempus consequat neque, et eleifend nulla aliquam eu.",Author 119,6,giao-trinh-chuan-yct-4,NXB 119,2018,130
https://cdn1.fahasa.com/media/catalog/product/c/o/combo-9786045877289-9786043772067.jpg,Combo Sách Giáo Trình Chuẩn YCT 1 - Sách Bài Học + Sách Bài Tập (Bộ 2 Cuốn),174500,50,9780085479516,"Lorem ipsum dolor sit amet, consectetur adipiscing elit. Nam congue vel tellus non luctus. Vestibulum vitae nunc lorem. Sed lacinia lectus vel augue imperdiet ultricies. Donec id venenatis ex, vitae pretium ligula. Sed nulla eros, dignissim at feugiat non, posuere sit amet urna. Ut eu porttitor tellus. Cras eu massa nulla. Morbi porta fermentum elit eu iaculis. Pellentesque hendrerit venenatis purus at feugiat. Pellentesque vitae feugiat purus. Donec mattis rhoncus lacinia. Sed quam diam, molestie id laoreet eu, lacinia ac turpis. Cras tincidunt lobortis elit quis aliquam. Proin et massa libero.

Aliquam id pharetra arcu. Vivamus vitae mattis ligula. Sed efficitur urna vitae scelerisque tempor. Proin purus magna, vulputate eu ligula a, vehicula malesuada enim. Curabitur aliquet rutrum enim et tincidunt. Vestibulum ante ipsum primis in faucibus orci luctus et ultrices posuere cubilia curae; Vivamus pharetra enim leo, nec molestie nibh consectetur quis. Class aptent taciti sociosqu ad litora torquent per conubia nostra, per inceptos himenaeos. Nunc quis maximus elit, vitae pulvinar urna. Integer at mi elit. Phasellus vitae rutrum sem. Vivamus et mauris ac nisl congue congue eu eget elit. Nullam at quam velit. Pellentesque dictum, diam nec tempor aliquet, tortor justo fermentum sapien, at condimentum turpis elit vel sapien. Aenean rutrum tellus sodales tortor viverra eleifend.

Donec facilisis, diam efficitur maximus ultrices, enim lectus rutrum elit, eget malesuada mi justo dapibus enim. Maecenas finibus euismod nulla quis dignissim. Sed dictum ante rutrum turpis euismod laoreet. Sed placerat tellus leo. In ut lobortis lorem. Nullam vitae lectus egestas urna tincidunt aliquet. Ut sagittis vel enim eget malesuada. Cras in congue tortor. Interdum et malesuada fames ac ante ipsum primis in faucibus. Nunc tempus consequat neque, et eleifend nulla aliquam eu.",Author 120,8,combo-sach-giao-trinh-chuan-yct-1-sach-bai-hoc-sach-bai-tap-bo-2-cuon,NXB 120,2008,464
https://cdn1.fahasa.com/media/catalog/product/9/7/9786043356991.jpg,Giáo Trình Chuẩn HSK 6 - Tập 1,253000,50,9780085479517,"Lorem ipsum dolor sit amet, consectetur adipiscing elit. Nam congue vel tellus non luctus. Vestibulum vitae nunc lorem. Sed lacinia lectus vel augue imperdiet ultricies. Donec id venenatis ex, vitae pretium ligula. Sed nulla eros, dignissim at feugiat non, posuere sit amet urna. Ut eu porttitor tellus. Cras eu massa nulla. Morbi porta fermentum elit eu iaculis. Pellentesque hendrerit venenatis purus at feugiat. Pellentesque vitae feugiat purus. Donec mattis rhoncus lacinia. Sed quam diam, molestie id laoreet eu, lacinia ac turpis. Cras tincidunt lobortis elit quis aliquam. Proin et massa libero.

Aliquam id pharetra arcu. Vivamus vitae mattis ligula. Sed efficitur urna vitae scelerisque tempor. Proin purus magna, vulputate eu ligula a, vehicula malesuada enim. Curabitur aliquet rutrum enim et tincidunt. Vestibulum ante ipsum primis in faucibus orci luctus et ultrices posuere cubilia curae; Vivamus pharetra enim leo, nec molestie nibh consectetur quis. Class aptent taciti sociosqu ad litora torquent per conubia nostra, per inceptos himenaeos. Nunc quis maximus elit, vitae pulvinar urna. Integer at mi elit. Phasellus vitae rutrum sem. Vivamus et mauris ac nisl congue congue eu eget elit. Nullam at quam velit. Pellentesque dictum, diam nec tempor aliquet, tortor justo fermentum sapien, at condimentum turpis elit vel sapien. Aenean rutrum tellus sodales tortor viverra eleifend.

Donec facilisis, diam efficitur maximus ultrices, enim lectus rutrum elit, eget malesuada mi justo dapibus enim. Maecenas finibus euismod nulla quis dignissim. Sed dictum ante rutrum turpis euismod laoreet. Sed placerat tellus leo. In ut lobortis lorem. Nullam vitae lectus egestas urna tincidunt aliquet. Ut sagittis vel enim eget malesuada. Cras in congue tortor. Interdum et malesuada fames ac ante ipsum primis in faucibus. Nunc tempus consequat neque, et eleifend nulla aliquam eu.",Author 121,4,giao-trinh-chuan-hsk-6-tap-1,NXB 121,2017,414
https://cdn1.fahasa.com/media/catalog/product/9/7/9786043779875.jpg,Giáo Trình Chuẩn Yct,57500,50,9780085479518,"Lorem ipsum dolor sit amet, consectetur adipiscing elit. Nam congue vel tellus non luctus. Vestibulum vitae nunc lorem. Sed lacinia lectus vel augue imperdiet ultricies. Donec id venenatis ex, vitae pretium ligula. Sed nulla eros, dignissim at feugiat non, posuere sit amet urna. Ut eu porttitor tellus. Cras eu massa nulla. Morbi porta fermentum elit eu iaculis. Pellentesque hendrerit venenatis purus at feugiat. Pellentesque vitae feugiat purus. Donec mattis rhoncus lacinia. Sed quam diam, molestie id laoreet eu, lacinia ac turpis. Cras tincidunt lobortis elit quis aliquam. Proin et massa libero.

Aliquam id pharetra arcu. Vivamus vitae mattis ligula. Sed efficitur urna vitae scelerisque tempor. Proin purus magna, vulputate eu ligula a, vehicula malesuada enim. Curabitur aliquet rutrum enim et tincidunt. Vestibulum ante ipsum primis in faucibus orci luctus et ultrices posuere cubilia curae; Vivamus pharetra enim leo, nec molestie nibh consectetur quis. Class aptent taciti sociosqu ad litora torquent per conubia nostra, per inceptos himenaeos. Nunc quis maximus elit, vitae pulvinar urna. Integer at mi elit. Phasellus vitae rutrum sem. Vivamus et mauris ac nisl congue congue eu eget elit. Nullam at quam velit. Pellentesque dictum, diam nec tempor aliquet, tortor justo fermentum sapien, at condimentum turpis elit vel sapien. Aenean rutrum tellus sodales tortor viverra eleifend.

Donec facilisis, diam efficitur maximus ultrices, enim lectus rutrum elit, eget malesuada mi justo dapibus enim. Maecenas finibus euismod nulla quis dignissim. Sed dictum ante rutrum turpis euismod laoreet. Sed placerat tellus leo. In ut lobortis lorem. Nullam vitae lectus egestas urna tincidunt aliquet. Ut sagittis vel enim eget malesuada. Cras in congue tortor. Interdum et malesuada fames ac ante ipsum primis in faucibus. Nunc tempus consequat neque, et eleifend nulla aliquam eu.",Author 122,8,giao-trinh-chuan-yct,NXB 122,2021,305
https://cdn1.fahasa.com/media/catalog/product/9/7/9786043772098.jpg,Giáo Trình Chuẩn YCT 4 - Sách Bài Tập,57500,50,9780085479519,"Lorem ipsum dolor sit amet, consectetur adipiscing elit. Nam congue vel tellus non luctus. Vestibulum vitae nunc lorem. Sed lacinia lectus vel augue imperdiet ultricies. Donec id venenatis ex, vitae pretium ligula. Sed nulla eros, dignissim at feugiat non, posuere sit amet urna. Ut eu porttitor tellus. Cras eu massa nulla. Morbi porta fermentum elit eu iaculis. Pellentesque hendrerit venenatis purus at feugiat. Pellentesque vitae feugiat purus. Donec mattis rhoncus lacinia. Sed quam diam, molestie id laoreet eu, lacinia ac turpis. Cras tincidunt lobortis elit quis aliquam. Proin et massa libero.

Aliquam id pharetra arcu. Vivamus vitae mattis ligula. Sed efficitur urna vitae scelerisque tempor. Proin purus magna, vulputate eu ligula a, vehicula malesuada enim. Curabitur aliquet rutrum enim et tincidunt. Vestibulum ante ipsum primis in faucibus orci luctus et ultrices posuere cubilia curae; Vivamus pharetra enim leo, nec molestie nibh consectetur quis. Class aptent taciti sociosqu ad litora torquent per conubia nostra, per inceptos himenaeos. Nunc quis maximus elit, vitae pulvinar urna. Integer at mi elit. Phasellus vitae rutrum sem. Vivamus et mauris ac nisl congue congue eu eget elit. Nullam at quam velit. Pellentesque dictum, diam nec tempor aliquet, tortor justo fermentum sapien, at condimentum turpis elit vel sapien. Aenean rutrum tellus sodales tortor viverra eleifend.

Donec facilisis, diam efficitur maximus ultrices, enim lectus rutrum elit, eget malesuada mi justo dapibus enim. Maecenas finibus euismod nulla quis dignissim. Sed dictum ante rutrum turpis euismod laoreet. Sed placerat tellus leo. In ut lobortis lorem. Nullam vitae lectus egestas urna tincidunt aliquet. Ut sagittis vel enim eget malesuada. Cras in congue tortor. Interdum et malesuada fames ac ante ipsum primis in faucibus. Nunc tempus consequat neque, et eleifend nulla aliquam eu.",Author 123,2,giao-trinh-chuan-yct-4-sach-bai-tap,NXB 123,2009,129
https://cdn1.fahasa.com/media/catalog/product/i/m/image_227756.jpg,Giáo Trình Chuẩn HSK 5 - Sách Bài Tập - Tập 1,159500,50,9780085479520,"Lorem ipsum dolor sit amet, consectetur adipiscing elit. Nam congue vel tellus non luctus. Vestibulum vitae nunc lorem. Sed lacinia lectus vel augue imperdiet ultricies. Donec id venenatis ex, vitae pretium ligula. Sed nulla eros, dignissim at feugiat non, posuere sit amet urna. Ut eu porttitor tellus. Cras eu massa nulla. Morbi porta fermentum elit eu iaculis. Pellentesque hendrerit venenatis purus at feugiat. Pellentesque vitae feugiat purus. Donec mattis rhoncus lacinia. Sed quam diam, molestie id laoreet eu, lacinia ac turpis. Cras tincidunt lobortis elit quis aliquam. Proin et massa libero.

Aliquam id pharetra arcu. Vivamus vitae mattis ligula. Sed efficitur urna vitae scelerisque tempor. Proin purus magna, vulputate eu ligula a, vehicula malesuada enim. Curabitur aliquet rutrum enim et tincidunt. Vestibulum ante ipsum primis in faucibus orci luctus et ultrices posuere cubilia curae; Vivamus pharetra enim leo, nec molestie nibh consectetur quis. Class aptent taciti sociosqu ad litora torquent per conubia nostra, per inceptos himenaeos. Nunc quis maximus elit, vitae pulvinar urna. Integer at mi elit. Phasellus vitae rutrum sem. Vivamus et mauris ac nisl congue congue eu eget elit. Nullam at quam velit. Pellentesque dictum, diam nec tempor aliquet, tortor justo fermentum sapien, at condimentum turpis elit vel sapien. Aenean rutrum tellus sodales tortor viverra eleifend.

Donec facilisis, diam efficitur maximus ultrices, enim lectus rutrum elit, eget malesuada mi justo dapibus enim. Maecenas finibus euismod nulla quis dignissim. Sed dictum ante rutrum turpis euismod laoreet. Sed placerat tellus leo. In ut lobortis lorem. Nullam vitae lectus egestas urna tincidunt aliquet. Ut sagittis vel enim eget malesuada. Cras in congue tortor. Interdum et malesuada fames ac ante ipsum primis in faucibus. Nunc tempus consequat neque, et eleifend nulla aliquam eu.",Author 124,8,giao-trinh-chuan-hsk-5-sach-bai-tap-tap-1,NXB 124,2015,480
https://cdn1.fahasa.com/media/catalog/product/i/m/image_244718_1_5936.jpg,Giáo Trình Chuẩn HSK 5 - Sách Bài Tập - Tập 2,168000,50,9780085479521,"Lorem ipsum dolor sit amet, consectetur adipiscing elit. Nam congue vel tellus non luctus. Vestibulum vitae nunc lorem. Sed lacinia lectus vel augue imperdiet ultricies. Donec id venenatis ex, vitae pretium ligula. Sed nulla eros, dignissim at feugiat non, posuere sit amet urna. Ut eu porttitor tellus. Cras eu massa nulla. Morbi porta fermentum elit eu iaculis. Pellentesque hendrerit venenatis purus at feugiat. Pellentesque vitae feugiat purus. Donec mattis rhoncus lacinia. Sed quam diam, molestie id laoreet eu, lacinia ac turpis. Cras tincidunt lobortis elit quis aliquam. Proin et massa libero.

Aliquam id pharetra arcu. Vivamus vitae mattis ligula. Sed efficitur urna vitae scelerisque tempor. Proin purus magna, vulputate eu ligula a, vehicula malesuada enim. Curabitur aliquet rutrum enim et tincidunt. Vestibulum ante ipsum primis in faucibus orci luctus et ultrices posuere cubilia curae; Vivamus pharetra enim leo, nec molestie nibh consectetur quis. Class aptent taciti sociosqu ad litora torquent per conubia nostra, per inceptos himenaeos. Nunc quis maximus elit, vitae pulvinar urna. Integer at mi elit. Phasellus vitae rutrum sem. Vivamus et mauris ac nisl congue congue eu eget elit. Nullam at quam velit. Pellentesque dictum, diam nec tempor aliquet, tortor justo fermentum sapien, at condimentum turpis elit vel sapien. Aenean rutrum tellus sodales tortor viverra eleifend.

Donec facilisis, diam efficitur maximus ultrices, enim lectus rutrum elit, eget malesuada mi justo dapibus enim. Maecenas finibus euismod nulla quis dignissim. Sed dictum ante rutrum turpis euismod laoreet. Sed placerat tellus leo. In ut lobortis lorem. Nullam vitae lectus egestas urna tincidunt aliquet. Ut sagittis vel enim eget malesuada. Cras in congue tortor. Interdum et malesuada fames ac ante ipsum primis in faucibus. Nunc tempus consequat neque, et eleifend nulla aliquam eu.",Author 125,8,giao-trinh-chuan-hsk-5-sach-bai-tap-tap-2,NXB 125,2000,204
https://cdn1.fahasa.com/media/catalog/product/a/0/a0ed02bb114247d2899f1caf1b7f3575.jpg,Combo Sách Giáo Trình Chuẩn YCT 2 - Sách Bài Học + Sách Bài Tập (Bộ 2 Cuốn),183000,50,9780085479522,"Lorem ipsum dolor sit amet, consectetur adipiscing elit. Nam congue vel tellus non luctus. Vestibulum vitae nunc lorem. Sed lacinia lectus vel augue imperdiet ultricies. Donec id venenatis ex, vitae pretium ligula. Sed nulla eros, dignissim at feugiat non, posuere sit amet urna. Ut eu porttitor tellus. Cras eu massa nulla. Morbi porta fermentum elit eu iaculis. Pellentesque hendrerit venenatis purus at feugiat. Pellentesque vitae feugiat purus. Donec mattis rhoncus lacinia. Sed quam diam, molestie id laoreet eu, lacinia ac turpis. Cras tincidunt lobortis elit quis aliquam. Proin et massa libero.

Aliquam id pharetra arcu. Vivamus vitae mattis ligula. Sed efficitur urna vitae scelerisque tempor. Proin purus magna, vulputate eu ligula a, vehicula malesuada enim. Curabitur aliquet rutrum enim et tincidunt. Vestibulum ante ipsum primis in faucibus orci luctus et ultrices posuere cubilia curae; Vivamus pharetra enim leo, nec molestie nibh consectetur quis. Class aptent taciti sociosqu ad litora torquent per conubia nostra, per inceptos himenaeos. Nunc quis maximus elit, vitae pulvinar urna. Integer at mi elit. Phasellus vitae rutrum sem. Vivamus et mauris ac nisl congue congue eu eget elit. Nullam at quam velit. Pellentesque dictum, diam nec tempor aliquet, tortor justo fermentum sapien, at condimentum turpis elit vel sapien. Aenean rutrum tellus sodales tortor viverra eleifend.

Donec facilisis, diam efficitur maximus ultrices, enim lectus rutrum elit, eget malesuada mi justo dapibus enim. Maecenas finibus euismod nulla quis dignissim. Sed dictum ante rutrum turpis euismod laoreet. Sed placerat tellus leo. In ut lobortis lorem. Nullam vitae lectus egestas urna tincidunt aliquet. Ut sagittis vel enim eget malesuada. Cras in congue tortor. Interdum et malesuada fames ac ante ipsum primis in faucibus. Nunc tempus consequat neque, et eleifend nulla aliquam eu.",Author 126,7,combo-sach-giao-trinh-chuan-yct-2-sach-bai-hoc-sach-bai-tap-bo-2-cuon,NXB 126,2018,484
https://cdn1.fahasa.com/media/catalog/product/u/n/untitled-1_207.jpg,Giáo Trình Chuẩn HSK 6 - Tập 2,253000,50,9780085479523,"Lorem ipsum dolor sit amet, consectetur adipiscing elit. Nam congue vel tellus non luctus. Vestibulum vitae nunc lorem. Sed lacinia lectus vel augue imperdiet ultricies. Donec id venenatis ex, vitae pretium ligula. Sed nulla eros, dignissim at feugiat non, posuere sit amet urna. Ut eu porttitor tellus. Cras eu massa nulla. Morbi porta fermentum elit eu iaculis. Pellentesque hendrerit venenatis purus at feugiat. Pellentesque vitae feugiat purus. Donec mattis rhoncus lacinia. Sed quam diam, molestie id laoreet eu, lacinia ac turpis. Cras tincidunt lobortis elit quis aliquam. Proin et massa libero.

Aliquam id pharetra arcu. Vivamus vitae mattis ligula. Sed efficitur urna vitae scelerisque tempor. Proin purus magna, vulputate eu ligula a, vehicula malesuada enim. Curabitur aliquet rutrum enim et tincidunt. Vestibulum ante ipsum primis in faucibus orci luctus et ultrices posuere cubilia curae; Vivamus pharetra enim leo, nec molestie nibh consectetur quis. Class aptent taciti sociosqu ad litora torquent per conubia nostra, per inceptos himenaeos. Nunc quis maximus elit, vitae pulvinar urna. Integer at mi elit. Phasellus vitae rutrum sem. Vivamus et mauris ac nisl congue congue eu eget elit. Nullam at quam velit. Pellentesque dictum, diam nec tempor aliquet, tortor justo fermentum sapien, at condimentum turpis elit vel sapien. Aenean rutrum tellus sodales tortor viverra eleifend.

Donec facilisis, diam efficitur maximus ultrices, enim lectus rutrum elit, eget malesuada mi justo dapibus enim. Maecenas finibus euismod nulla quis dignissim. Sed dictum ante rutrum turpis euismod laoreet. Sed placerat tellus leo. In ut lobortis lorem. Nullam vitae lectus egestas urna tincidunt aliquet. Ut sagittis vel enim eget malesuada. Cras in congue tortor. Interdum et malesuada fames ac ante ipsum primis in faucibus. Nunc tempus consequat neque, et eleifend nulla aliquam eu.",Author 127,8,giao-trinh-chuan-hsk-6-tap-2,NXB 127,2025,230
https://cdn1.fahasa.com/media/catalog/product/c/o/combo-9786043779875-9786043772081.jpg,Combo Sách Giáo Trình Chuẩn YCT 3 - Sách Bài Học + Sách Bài Tập (Bộ 2 Cuốn),198500,50,9780085479524,"Lorem ipsum dolor sit amet, consectetur adipiscing elit. Nam congue vel tellus non luctus. Vestibulum vitae nunc lorem. Sed lacinia lectus vel augue imperdiet ultricies. Donec id venenatis ex, vitae pretium ligula. Sed nulla eros, dignissim at feugiat non, posuere sit amet urna. Ut eu porttitor tellus. Cras eu massa nulla. Morbi porta fermentum elit eu iaculis. Pellentesque hendrerit venenatis purus at feugiat. Pellentesque vitae feugiat purus. Donec mattis rhoncus lacinia. Sed quam diam, molestie id laoreet eu, lacinia ac turpis. Cras tincidunt lobortis elit quis aliquam. Proin et massa libero.

Aliquam id pharetra arcu. Vivamus vitae mattis ligula. Sed efficitur urna vitae scelerisque tempor. Proin purus magna, vulputate eu ligula a, vehicula malesuada enim. Curabitur aliquet rutrum enim et tincidunt. Vestibulum ante ipsum primis in faucibus orci luctus et ultrices posuere cubilia curae; Vivamus pharetra enim leo, nec molestie nibh consectetur quis. Class aptent taciti sociosqu ad litora torquent per conubia nostra, per inceptos himenaeos. Nunc quis maximus elit, vitae pulvinar urna. Integer at mi elit. Phasellus vitae rutrum sem. Vivamus et mauris ac nisl congue congue eu eget elit. Nullam at quam velit. Pellentesque dictum, diam nec tempor aliquet, tortor justo fermentum sapien, at condimentum turpis elit vel sapien. Aenean rutrum tellus sodales tortor viverra eleifend.

Donec facilisis, diam efficitur maximus ultrices, enim lectus rutrum elit, eget malesuada mi justo dapibus enim. Maecenas finibus euismod nulla quis dignissim. Sed dictum ante rutrum turpis euismod laoreet. Sed placerat tellus leo. In ut lobortis lorem. Nullam vitae lectus egestas urna tincidunt aliquet. Ut sagittis vel enim eget malesuada. Cras in congue tortor. Interdum et malesuada fames ac ante ipsum primis in faucibus. Nunc tempus consequat neque, et eleifend nulla aliquam eu.",Author 128,3,combo-sach-giao-trinh-chuan-yct-3-sach-bai-hoc-sach-bai-tap-bo-2-cuon,NXB 128,2011,121
https://cdn1.fahasa.com/media/catalog/product/i/m/image_188637_1.jpg,Giáo Trình Chuẩn Hsk 6,111000,50,9780085479525,"Lorem ipsum dolor sit amet, consectetur adipiscing elit. Nam congue vel tellus non luctus. Vestibulum vitae nunc lorem. Sed lacinia lectus vel augue imperdiet ultricies. Donec id venenatis ex, vitae pretium ligula. Sed nulla eros, dignissim at feugiat non, posuere sit amet urna. Ut eu porttitor tellus. Cras eu massa nulla. Morbi porta fermentum elit eu iaculis. Pellentesque hendrerit venenatis purus at feugiat. Pellentesque vitae feugiat purus. Donec mattis rhoncus lacinia. Sed quam diam, molestie id laoreet eu, lacinia ac turpis. Cras tincidunt lobortis elit quis aliquam. Proin et massa libero.

Aliquam id pharetra arcu. Vivamus vitae mattis ligula. Sed efficitur urna vitae scelerisque tempor. Proin purus magna, vulputate eu ligula a, vehicula malesuada enim. Curabitur aliquet rutrum enim et tincidunt. Vestibulum ante ipsum primis in faucibus orci luctus et ultrices posuere cubilia curae; Vivamus pharetra enim leo, nec molestie nibh consectetur quis. Class aptent taciti sociosqu ad litora torquent per conubia nostra, per inceptos himenaeos. Nunc quis maximus elit, vitae pulvinar urna. Integer at mi elit. Phasellus vitae rutrum sem. Vivamus et mauris ac nisl congue congue eu eget elit. Nullam at quam velit. Pellentesque dictum, diam nec tempor aliquet, tortor justo fermentum sapien, at condimentum turpis elit vel sapien. Aenean rutrum tellus sodales tortor viverra eleifend.

Donec facilisis, diam efficitur maximus ultrices, enim lectus rutrum elit, eget malesuada mi justo dapibus enim. Maecenas finibus euismod nulla quis dignissim. Sed dictum ante rutrum turpis euismod laoreet. Sed placerat tellus leo. In ut lobortis lorem. Nullam vitae lectus egestas urna tincidunt aliquet. Ut sagittis vel enim eget malesuada. Cras in congue tortor. Interdum et malesuada fames ac ante ipsum primis in faucibus. Nunc tempus consequat neque, et eleifend nulla aliquam eu.",Author 129,10,giao-trinh-chuan-hsk-6,NXB 129,2006,365
https://cdn1.fahasa.com/media/catalog/product/e/m/emotionalchinese1bt.jpg,Emotional Chinese - Học Tiếng Trung Dễ Như Ăn Kẹo - Tập 1 - Khởi Động - Sách Bài Tập,111000,50,9780085479526,"Lorem ipsum dolor sit amet, consectetur adipiscing elit. Nam congue vel tellus non luctus. Vestibulum vitae nunc lorem. Sed lacinia lectus vel augue imperdiet ultricies. Donec id venenatis ex, vitae pretium ligula. Sed nulla eros, dignissim at feugiat non, posuere sit amet urna. Ut eu porttitor tellus. Cras eu massa nulla. Morbi porta fermentum elit eu iaculis. Pellentesque hendrerit venenatis purus at feugiat. Pellentesque vitae feugiat purus. Donec mattis rhoncus lacinia. Sed quam diam, molestie id laoreet eu, lacinia ac turpis. Cras tincidunt lobortis elit quis aliquam. Proin et massa libero.

Aliquam id pharetra arcu. Vivamus vitae mattis ligula. Sed efficitur urna vitae scelerisque tempor. Proin purus magna, vulputate eu ligula a, vehicula malesuada enim. Curabitur aliquet rutrum enim et tincidunt. Vestibulum ante ipsum primis in faucibus orci luctus et ultrices posuere cubilia curae; Vivamus pharetra enim leo, nec molestie nibh consectetur quis. Class aptent taciti sociosqu ad litora torquent per conubia nostra, per inceptos himenaeos. Nunc quis maximus elit, vitae pulvinar urna. Integer at mi elit. Phasellus vitae rutrum sem. Vivamus et mauris ac nisl congue congue eu eget elit. Nullam at quam velit. Pellentesque dictum, diam nec tempor aliquet, tortor justo fermentum sapien, at condimentum turpis elit vel sapien. Aenean rutrum tellus sodales tortor viverra eleifend.

Donec facilisis, diam efficitur maximus ultrices, enim lectus rutrum elit, eget malesuada mi justo dapibus enim. Maecenas finibus euismod nulla quis dignissim. Sed dictum ante rutrum turpis euismod laoreet. Sed placerat tellus leo. In ut lobortis lorem. Nullam vitae lectus egestas urna tincidunt aliquet. Ut sagittis vel enim eget malesuada. Cras in congue tortor. Interdum et malesuada fames ac ante ipsum primis in faucibus. Nunc tempus consequat neque, et eleifend nulla aliquam eu.",Author 130,5,emotional-chinese-hoc-tieng-trung-de-nhu-an-keo-tap-1-khoi-dong-sach-bai-tap,NXB 130,2025,233
https://cdn1.fahasa.com/media/catalog/product/c/o/combo-9786045882191-9786043129908.jpg,Combo Sách Giáo Trình Chuẩn HSK 5 Tập 2 - Sách Bài Học Và Bài Tập (Bộ 2 Cuốn),395500,50,9780085479527,"Lorem ipsum dolor sit amet, consectetur adipiscing elit. Nam congue vel tellus non luctus. Vestibulum vitae nunc lorem. Sed lacinia lectus vel augue imperdiet ultricies. Donec id venenatis ex, vitae pretium ligula. Sed nulla eros, dignissim at feugiat non, posuere sit amet urna. Ut eu porttitor tellus. Cras eu massa nulla. Morbi porta fermentum elit eu iaculis. Pellentesque hendrerit venenatis purus at feugiat. Pellentesque vitae feugiat purus. Donec mattis rhoncus lacinia. Sed quam diam, molestie id laoreet eu, lacinia ac turpis. Cras tincidunt lobortis elit quis aliquam. Proin et massa libero.

Aliquam id pharetra arcu. Vivamus vitae mattis ligula. Sed efficitur urna vitae scelerisque tempor. Proin purus magna, vulputate eu ligula a, vehicula malesuada enim. Curabitur aliquet rutrum enim et tincidunt. Vestibulum ante ipsum primis in faucibus orci luctus et ultrices posuere cubilia curae; Vivamus pharetra enim leo, nec molestie nibh consectetur quis. Class aptent taciti sociosqu ad litora torquent per conubia nostra, per inceptos himenaeos. Nunc quis maximus elit, vitae pulvinar urna. Integer at mi elit. Phasellus vitae rutrum sem. Vivamus et mauris ac nisl congue congue eu eget elit. Nullam at quam velit. Pellentesque dictum, diam nec tempor aliquet, tortor justo fermentum sapien, at condimentum turpis elit vel sapien. Aenean rutrum tellus sodales tortor viverra eleifend.

Donec facilisis, diam efficitur maximus ultrices, enim lectus rutrum elit, eget malesuada mi justo dapibus enim. Maecenas finibus euismod nulla quis dignissim. Sed dictum ante rutrum turpis euismod laoreet. Sed placerat tellus leo. In ut lobortis lorem. Nullam vitae lectus egestas urna tincidunt aliquet. Ut sagittis vel enim eget malesuada. Cras in congue tortor. Interdum et malesuada fames ac ante ipsum primis in faucibus. Nunc tempus consequat neque, et eleifend nulla aliquam eu.",Author 131,8,combo-sach-giao-trinh-chuan-hsk-5-tap-2-sach-bai-hoc-va-bai-tap-bo-2-cuon,NXB 131,2003,163
https://cdn1.fahasa.com/media/catalog/product/9/7/9786043311365.jpg,Emotional Chinese - Học Tiếng Trung Dễ Như Ăn Kẹo - Tập 2 - Tăng Tốc - Sách Bài Tập,135000,50,9780085479528,"Lorem ipsum dolor sit amet, consectetur adipiscing elit. Nam congue vel tellus non luctus. Vestibulum vitae nunc lorem. Sed lacinia lectus vel augue imperdiet ultricies. Donec id venenatis ex, vitae pretium ligula. Sed nulla eros, dignissim at feugiat non, posuere sit amet urna. Ut eu porttitor tellus. Cras eu massa nulla. Morbi porta fermentum elit eu iaculis. Pellentesque hendrerit venenatis purus at feugiat. Pellentesque vitae feugiat purus. Donec mattis rhoncus lacinia. Sed quam diam, molestie id laoreet eu, lacinia ac turpis. Cras tincidunt lobortis elit quis aliquam. Proin et massa libero.

Aliquam id pharetra arcu. Vivamus vitae mattis ligula. Sed efficitur urna vitae scelerisque tempor. Proin purus magna, vulputate eu ligula a, vehicula malesuada enim. Curabitur aliquet rutrum enim et tincidunt. Vestibulum ante ipsum primis in faucibus orci luctus et ultrices posuere cubilia curae; Vivamus pharetra enim leo, nec molestie nibh consectetur quis. Class aptent taciti sociosqu ad litora torquent per conubia nostra, per inceptos himenaeos. Nunc quis maximus elit, vitae pulvinar urna. Integer at mi elit. Phasellus vitae rutrum sem. Vivamus et mauris ac nisl congue congue eu eget elit. Nullam at quam velit. Pellentesque dictum, diam nec tempor aliquet, tortor justo fermentum sapien, at condimentum turpis elit vel sapien. Aenean rutrum tellus sodales tortor viverra eleifend.

Donec facilisis, diam efficitur maximus ultrices, enim lectus rutrum elit, eget malesuada mi justo dapibus enim. Maecenas finibus euismod nulla quis dignissim. Sed dictum ante rutrum turpis euismod laoreet. Sed placerat tellus leo. In ut lobortis lorem. Nullam vitae lectus egestas urna tincidunt aliquet. Ut sagittis vel enim eget malesuada. Cras in congue tortor. Interdum et malesuada fames ac ante ipsum primis in faucibus. Nunc tempus consequat neque, et eleifend nulla aliquam eu.",Author 132,4,emotional-chinese-hoc-tieng-trung-de-nhu-an-keo-tap-2-tang-toc-sach-bai-tap,NXB 132,2013,332
https://cdn1.fahasa.com/media/catalog/product/i/m/image_188638_1.jpg,Giáo Trình Chuẩn HSK 6 - Sách Bài Tập - Tập 2 (Tái Bản 2024),185000,50,9780085479529,"Lorem ipsum dolor sit amet, consectetur adipiscing elit. Nam congue vel tellus non luctus. Vestibulum vitae nunc lorem. Sed lacinia lectus vel augue imperdiet ultricies. Donec id venenatis ex, vitae pretium ligula. Sed nulla eros, dignissim at feugiat non, posuere sit amet urna. Ut eu porttitor tellus. Cras eu massa nulla. Morbi porta fermentum elit eu iaculis. Pellentesque hendrerit venenatis purus at feugiat. Pellentesque vitae feugiat purus. Donec mattis rhoncus lacinia. Sed quam diam, molestie id laoreet eu, lacinia ac turpis. Cras tincidunt lobortis elit quis aliquam. Proin et massa libero.

Aliquam id pharetra arcu. Vivamus vitae mattis ligula. Sed efficitur urna vitae scelerisque tempor. Proin purus magna, vulputate eu ligula a, vehicula malesuada enim. Curabitur aliquet rutrum enim et tincidunt. Vestibulum ante ipsum primis in faucibus orci luctus et ultrices posuere cubilia curae; Vivamus pharetra enim leo, nec molestie nibh consectetur quis. Class aptent taciti sociosqu ad litora torquent per conubia nostra, per inceptos himenaeos. Nunc quis maximus elit, vitae pulvinar urna. Integer at mi elit. Phasellus vitae rutrum sem. Vivamus et mauris ac nisl congue congue eu eget elit. Nullam at quam velit. Pellentesque dictum, diam nec tempor aliquet, tortor justo fermentum sapien, at condimentum turpis elit vel sapien. Aenean rutrum tellus sodales tortor viverra eleifend.

Donec facilisis, diam efficitur maximus ultrices, enim lectus rutrum elit, eget malesuada mi justo dapibus enim. Maecenas finibus euismod nulla quis dignissim. Sed dictum ante rutrum turpis euismod laoreet. Sed placerat tellus leo. In ut lobortis lorem. Nullam vitae lectus egestas urna tincidunt aliquet. Ut sagittis vel enim eget malesuada. Cras in congue tortor. Interdum et malesuada fames ac ante ipsum primis in faucibus. Nunc tempus consequat neque, et eleifend nulla aliquam eu.",Author 133,6,giao-trinh-chuan-hsk-6-sach-bai-tap-tap-2-tai-ban-2024,NXB 133,2014,291
https://cdn1.fahasa.com/media/catalog/product/c/o/combo-9786045889039-9786043123401.jpg,Combo Sách Giáo Trình Chuẩn HSK 6 - Tập 2 - Sách Bài Học Và Bài Tập (Bộ 2 Cuốn),438000,50,9780085479530,"Lorem ipsum dolor sit amet, consectetur adipiscing elit. Nam congue vel tellus non luctus. Vestibulum vitae nunc lorem. Sed lacinia lectus vel augue imperdiet ultricies. Donec id venenatis ex, vitae pretium ligula. Sed nulla eros, dignissim at feugiat non, posuere sit amet urna. Ut eu porttitor tellus. Cras eu massa nulla. Morbi porta fermentum elit eu iaculis. Pellentesque hendrerit venenatis purus at feugiat. Pellentesque vitae feugiat purus. Donec mattis rhoncus lacinia. Sed quam diam, molestie id laoreet eu, lacinia ac turpis. Cras tincidunt lobortis elit quis aliquam. Proin et massa libero.

Aliquam id pharetra arcu. Vivamus vitae mattis ligula. Sed efficitur urna vitae scelerisque tempor. Proin purus magna, vulputate eu ligula a, vehicula malesuada enim. Curabitur aliquet rutrum enim et tincidunt. Vestibulum ante ipsum primis in faucibus orci luctus et ultrices posuere cubilia curae; Vivamus pharetra enim leo, nec molestie nibh consectetur quis. Class aptent taciti sociosqu ad litora torquent per conubia nostra, per inceptos himenaeos. Nunc quis maximus elit, vitae pulvinar urna. Integer at mi elit. Phasellus vitae rutrum sem. Vivamus et mauris ac nisl congue congue eu eget elit. Nullam at quam velit. Pellentesque dictum, diam nec tempor aliquet, tortor justo fermentum sapien, at condimentum turpis elit vel sapien. Aenean rutrum tellus sodales tortor viverra eleifend.

Donec facilisis, diam efficitur maximus ultrices, enim lectus rutrum elit, eget malesuada mi justo dapibus enim. Maecenas finibus euismod nulla quis dignissim. Sed dictum ante rutrum turpis euismod laoreet. Sed placerat tellus leo. In ut lobortis lorem. Nullam vitae lectus egestas urna tincidunt aliquet. Ut sagittis vel enim eget malesuada. Cras in congue tortor. Interdum et malesuada fames ac ante ipsum primis in faucibus. Nunc tempus consequat neque, et eleifend nulla aliquam eu.",Author 134,2,combo-sach-giao-trinh-chuan-hsk-6-tap-2-sach-bai-hoc-va-bai-tap-bo-2-cuon,NXB 134,2003,125
https://cdn1.fahasa.com/media/catalog/product/e/m/emotionalchinesepa.jpg,Emotional Chinese - Phát Âm Tiếng Trung Dễ Như Ăn Kẹo,127000,50,9780085479531,"Lorem ipsum dolor sit amet, consectetur adipiscing elit. Nam congue vel tellus non luctus. Vestibulum vitae nunc lorem. Sed lacinia lectus vel augue imperdiet ultricies. Donec id venenatis ex, vitae pretium ligula. Sed nulla eros, dignissim at feugiat non, posuere sit amet urna. Ut eu porttitor tellus. Cras eu massa nulla. Morbi porta fermentum elit eu iaculis. Pellentesque hendrerit venenatis purus at feugiat. Pellentesque vitae feugiat purus. Donec mattis rhoncus lacinia. Sed quam diam, molestie id laoreet eu, lacinia ac turpis. Cras tincidunt lobortis elit quis aliquam. Proin et massa libero.

Aliquam id pharetra arcu. Vivamus vitae mattis ligula. Sed efficitur urna vitae scelerisque tempor. Proin purus magna, vulputate eu ligula a, vehicula malesuada enim. Curabitur aliquet rutrum enim et tincidunt. Vestibulum ante ipsum primis in faucibus orci luctus et ultrices posuere cubilia curae; Vivamus pharetra enim leo, nec molestie nibh consectetur quis. Class aptent taciti sociosqu ad litora torquent per conubia nostra, per inceptos himenaeos. Nunc quis maximus elit, vitae pulvinar urna. Integer at mi elit. Phasellus vitae rutrum sem. Vivamus et mauris ac nisl congue congue eu eget elit. Nullam at quam velit. Pellentesque dictum, diam nec tempor aliquet, tortor justo fermentum sapien, at condimentum turpis elit vel sapien. Aenean rutrum tellus sodales tortor viverra eleifend.

Donec facilisis, diam efficitur maximus ultrices, enim lectus rutrum elit, eget malesuada mi justo dapibus enim. Maecenas finibus euismod nulla quis dignissim. Sed dictum ante rutrum turpis euismod laoreet. Sed placerat tellus leo. In ut lobortis lorem. Nullam vitae lectus egestas urna tincidunt aliquet. Ut sagittis vel enim eget malesuada. Cras in congue tortor. Interdum et malesuada fames ac ante ipsum primis in faucibus. Nunc tempus consequat neque, et eleifend nulla aliquam eu.",Author 135,10,emotional-chinese-phat-am-tieng-trung-de-nhu-an-keo,NXB 135,2015,103
https://cdn1.fahasa.com/media/catalog/product/i/m/image_188637_1.jpg,Giáo Trình Chuẩn HSK 6 - Sách Bài Tập - Tập 1 (Tái Bản 2023),168000,50,9780085479532,"Lorem ipsum dolor sit amet, consectetur adipiscing elit. Nam congue vel tellus non luctus. Vestibulum vitae nunc lorem. Sed lacinia lectus vel augue imperdiet ultricies. Donec id venenatis ex, vitae pretium ligula. Sed nulla eros, dignissim at feugiat non, posuere sit amet urna. Ut eu porttitor tellus. Cras eu massa nulla. Morbi porta fermentum elit eu iaculis. Pellentesque hendrerit venenatis purus at feugiat. Pellentesque vitae feugiat purus. Donec mattis rhoncus lacinia. Sed quam diam, molestie id laoreet eu, lacinia ac turpis. Cras tincidunt lobortis elit quis aliquam. Proin et massa libero.

Aliquam id pharetra arcu. Vivamus vitae mattis ligula. Sed efficitur urna vitae scelerisque tempor. Proin purus magna, vulputate eu ligula a, vehicula malesuada enim. Curabitur aliquet rutrum enim et tincidunt. Vestibulum ante ipsum primis in faucibus orci luctus et ultrices posuere cubilia curae; Vivamus pharetra enim leo, nec molestie nibh consectetur quis. Class aptent taciti sociosqu ad litora torquent per conubia nostra, per inceptos himenaeos. Nunc quis maximus elit, vitae pulvinar urna. Integer at mi elit. Phasellus vitae rutrum sem. Vivamus et mauris ac nisl congue congue eu eget elit. Nullam at quam velit. Pellentesque dictum, diam nec tempor aliquet, tortor justo fermentum sapien, at condimentum turpis elit vel sapien. Aenean rutrum tellus sodales tortor viverra eleifend.

Donec facilisis, diam efficitur maximus ultrices, enim lectus rutrum elit, eget malesuada mi justo dapibus enim. Maecenas finibus euismod nulla quis dignissim. Sed dictum ante rutrum turpis euismod laoreet. Sed placerat tellus leo. In ut lobortis lorem. Nullam vitae lectus egestas urna tincidunt aliquet. Ut sagittis vel enim eget malesuada. Cras in congue tortor. Interdum et malesuada fames ac ante ipsum primis in faucibus. Nunc tempus consequat neque, et eleifend nulla aliquam eu.",Author 136,7,giao-trinh-chuan-hsk-6-sach-bai-tap-tap-1-tai-ban-2023,NXB 136,2013,396
https://cdn1.fahasa.com/media/catalog/product/c/o/combo-9786043356991-9786043779042.jpg,Combo Sách Giáo Trình Chuẩn HSK 6 - Tập 1 - Sách Bài Học Và Bài Tập (Bộ 2 Cuốn),421000,50,9780085479533,"Lorem ipsum dolor sit amet, consectetur adipiscing elit. Nam congue vel tellus non luctus. Vestibulum vitae nunc lorem. Sed lacinia lectus vel augue imperdiet ultricies. Donec id venenatis ex, vitae pretium ligula. Sed nulla eros, dignissim at feugiat non, posuere sit amet urna. Ut eu porttitor tellus. Cras eu massa nulla. Morbi porta fermentum elit eu iaculis. Pellentesque hendrerit venenatis purus at feugiat. Pellentesque vitae feugiat purus. Donec mattis rhoncus lacinia. Sed quam diam, molestie id laoreet eu, lacinia ac turpis. Cras tincidunt lobortis elit quis aliquam. Proin et massa libero.

Aliquam id pharetra arcu. Vivamus vitae mattis ligula. Sed efficitur urna vitae scelerisque tempor. Proin purus magna, vulputate eu ligula a, vehicula malesuada enim. Curabitur aliquet rutrum enim et tincidunt. Vestibulum ante ipsum primis in faucibus orci luctus et ultrices posuere cubilia curae; Vivamus pharetra enim leo, nec molestie nibh consectetur quis. Class aptent taciti sociosqu ad litora torquent per conubia nostra, per inceptos himenaeos. Nunc quis maximus elit, vitae pulvinar urna. Integer at mi elit. Phasellus vitae rutrum sem. Vivamus et mauris ac nisl congue congue eu eget elit. Nullam at quam velit. Pellentesque dictum, diam nec tempor aliquet, tortor justo fermentum sapien, at condimentum turpis elit vel sapien. Aenean rutrum tellus sodales tortor viverra eleifend.

Donec facilisis, diam efficitur maximus ultrices, enim lectus rutrum elit, eget malesuada mi justo dapibus enim. Maecenas finibus euismod nulla quis dignissim. Sed dictum ante rutrum turpis euismod laoreet. Sed placerat tellus leo. In ut lobortis lorem. Nullam vitae lectus egestas urna tincidunt aliquet. Ut sagittis vel enim eget malesuada. Cras in congue tortor. Interdum et malesuada fames ac ante ipsum primis in faucibus. Nunc tempus consequat neque, et eleifend nulla aliquam eu.",Author 137,4,combo-sach-giao-trinh-chuan-hsk-6-tap-1-sach-bai-hoc-va-bai-tap-bo-2-cuon,NXB 137,2015,206
https://cdn1.fahasa.com/media/catalog/product/e/m/emotionalchinese1.jpg,Emotional Chinese - Học Tiếng Trung Dễ Như Ăn Kẹo - Tập 1 - Khởi Động,229500,50,9780085479534,"Lorem ipsum dolor sit amet, consectetur adipiscing elit. Nam congue vel tellus non luctus. Vestibulum vitae nunc lorem. Sed lacinia lectus vel augue imperdiet ultricies. Donec id venenatis ex, vitae pretium ligula. Sed nulla eros, dignissim at feugiat non, posuere sit amet urna. Ut eu porttitor tellus. Cras eu massa nulla. Morbi porta fermentum elit eu iaculis. Pellentesque hendrerit venenatis purus at feugiat. Pellentesque vitae feugiat purus. Donec mattis rhoncus lacinia. Sed quam diam, molestie id laoreet eu, lacinia ac turpis. Cras tincidunt lobortis elit quis aliquam. Proin et massa libero.

Aliquam id pharetra arcu. Vivamus vitae mattis ligula. Sed efficitur urna vitae scelerisque tempor. Proin purus magna, vulputate eu ligula a, vehicula malesuada enim. Curabitur aliquet rutrum enim et tincidunt. Vestibulum ante ipsum primis in faucibus orci luctus et ultrices posuere cubilia curae; Vivamus pharetra enim leo, nec molestie nibh consectetur quis. Class aptent taciti sociosqu ad litora torquent per conubia nostra, per inceptos himenaeos. Nunc quis maximus elit, vitae pulvinar urna. Integer at mi elit. Phasellus vitae rutrum sem. Vivamus et mauris ac nisl congue congue eu eget elit. Nullam at quam velit. Pellentesque dictum, diam nec tempor aliquet, tortor justo fermentum sapien, at condimentum turpis elit vel sapien. Aenean rutrum tellus sodales tortor viverra eleifend.

Donec facilisis, diam efficitur maximus ultrices, enim lectus rutrum elit, eget malesuada mi justo dapibus enim. Maecenas finibus euismod nulla quis dignissim. Sed dictum ante rutrum turpis euismod laoreet. Sed placerat tellus leo. In ut lobortis lorem. Nullam vitae lectus egestas urna tincidunt aliquet. Ut sagittis vel enim eget malesuada. Cras in congue tortor. Interdum et malesuada fames ac ante ipsum primis in faucibus. Nunc tempus consequat neque, et eleifend nulla aliquam eu.",Author 138,5,emotional-chinese-hoc-tieng-trung-de-nhu-an-keo-tap-1-khoi-dong,NXB 138,2024,111
https://cdn1.fahasa.com/media/catalog/product/i/m/image_235156.jpg,Giáo Trình Tiếng Trung Thương Mại - Tập 1,253000,50,9780085479535,"Lorem ipsum dolor sit amet, consectetur adipiscing elit. Nam congue vel tellus non luctus. Vestibulum vitae nunc lorem. Sed lacinia lectus vel augue imperdiet ultricies. Donec id venenatis ex, vitae pretium ligula. Sed nulla eros, dignissim at feugiat non, posuere sit amet urna. Ut eu porttitor tellus. Cras eu massa nulla. Morbi porta fermentum elit eu iaculis. Pellentesque hendrerit venenatis purus at feugiat. Pellentesque vitae feugiat purus. Donec mattis rhoncus lacinia. Sed quam diam, molestie id laoreet eu, lacinia ac turpis. Cras tincidunt lobortis elit quis aliquam. Proin et massa libero.

Aliquam id pharetra arcu. Vivamus vitae mattis ligula. Sed efficitur urna vitae scelerisque tempor. Proin purus magna, vulputate eu ligula a, vehicula malesuada enim. Curabitur aliquet rutrum enim et tincidunt. Vestibulum ante ipsum primis in faucibus orci luctus et ultrices posuere cubilia curae; Vivamus pharetra enim leo, nec molestie nibh consectetur quis. Class aptent taciti sociosqu ad litora torquent per conubia nostra, per inceptos himenaeos. Nunc quis maximus elit, vitae pulvinar urna. Integer at mi elit. Phasellus vitae rutrum sem. Vivamus et mauris ac nisl congue congue eu eget elit. Nullam at quam velit. Pellentesque dictum, diam nec tempor aliquet, tortor justo fermentum sapien, at condimentum turpis elit vel sapien. Aenean rutrum tellus sodales tortor viverra eleifend.

Donec facilisis, diam efficitur maximus ultrices, enim lectus rutrum elit, eget malesuada mi justo dapibus enim. Maecenas finibus euismod nulla quis dignissim. Sed dictum ante rutrum turpis euismod laoreet. Sed placerat tellus leo. In ut lobortis lorem. Nullam vitae lectus egestas urna tincidunt aliquet. Ut sagittis vel enim eget malesuada. Cras in congue tortor. Interdum et malesuada fames ac ante ipsum primis in faucibus. Nunc tempus consequat neque, et eleifend nulla aliquam eu.",Author 139,4,giao-trinh-tieng-trung-thuong-mai-tap-1,NXB 139,2012,137
https://cdn1.fahasa.com/media/catalog/product/c/o/combo-9786045877319-9786043772098.jpg,Combo Sách Giáo Trình Chuẩn YCT 4 - Sách Bài Học + Sách Bài Tập (Bộ 2 Cuốn),183000,50,9780085479536,"Lorem ipsum dolor sit amet, consectetur adipiscing elit. Nam congue vel tellus non luctus. Vestibulum vitae nunc lorem. Sed lacinia lectus vel augue imperdiet ultricies. Donec id venenatis ex, vitae pretium ligula. Sed nulla eros, dignissim at feugiat non, posuere sit amet urna. Ut eu porttitor tellus. Cras eu massa nulla. Morbi porta fermentum elit eu iaculis. Pellentesque hendrerit venenatis purus at feugiat. Pellentesque vitae feugiat purus. Donec mattis rhoncus lacinia. Sed quam diam, molestie id laoreet eu, lacinia ac turpis. Cras tincidunt lobortis elit quis aliquam. Proin et massa libero.

Aliquam id pharetra arcu. Vivamus vitae mattis ligula. Sed efficitur urna vitae scelerisque tempor. Proin purus magna, vulputate eu ligula a, vehicula malesuada enim. Curabitur aliquet rutrum enim et tincidunt. Vestibulum ante ipsum primis in faucibus orci luctus et ultrices posuere cubilia curae; Vivamus pharetra enim leo, nec molestie nibh consectetur quis. Class aptent taciti sociosqu ad litora torquent per conubia nostra, per inceptos himenaeos. Nunc quis maximus elit, vitae pulvinar urna. Integer at mi elit. Phasellus vitae rutrum sem. Vivamus et mauris ac nisl congue congue eu eget elit. Nullam at quam velit. Pellentesque dictum, diam nec tempor aliquet, tortor justo fermentum sapien, at condimentum turpis elit vel sapien. Aenean rutrum tellus sodales tortor viverra eleifend.

Donec facilisis, diam efficitur maximus ultrices, enim lectus rutrum elit, eget malesuada mi justo dapibus enim. Maecenas finibus euismod nulla quis dignissim. Sed dictum ante rutrum turpis euismod laoreet. Sed placerat tellus leo. In ut lobortis lorem. Nullam vitae lectus egestas urna tincidunt aliquet. Ut sagittis vel enim eget malesuada. Cras in congue tortor. Interdum et malesuada fames ac ante ipsum primis in faucibus. Nunc tempus consequat neque, et eleifend nulla aliquam eu.",Author 140,5,combo-sach-giao-trinh-chuan-yct-4-sach-bai-hoc-sach-bai-tap-bo-2-cuon,NXB 140,2011,136
https://cdn1.fahasa.com/media/catalog/product/9/7/9786043772111.jpg,Giáo Trình Chuẩn YCT 6 - Sách Bài Tập,108500,50,9780085479537,"Lorem ipsum dolor sit amet, consectetur adipiscing elit. Nam congue vel tellus non luctus. Vestibulum vitae nunc lorem. Sed lacinia lectus vel augue imperdiet ultricies. Donec id venenatis ex, vitae pretium ligula. Sed nulla eros, dignissim at feugiat non, posuere sit amet urna. Ut eu porttitor tellus. Cras eu massa nulla. Morbi porta fermentum elit eu iaculis. Pellentesque hendrerit venenatis purus at feugiat. Pellentesque vitae feugiat purus. Donec mattis rhoncus lacinia. Sed quam diam, molestie id laoreet eu, lacinia ac turpis. Cras tincidunt lobortis elit quis aliquam. Proin et massa libero.

Aliquam id pharetra arcu. Vivamus vitae mattis ligula. Sed efficitur urna vitae scelerisque tempor. Proin purus magna, vulputate eu ligula a, vehicula malesuada enim. Curabitur aliquet rutrum enim et tincidunt. Vestibulum ante ipsum primis in faucibus orci luctus et ultrices posuere cubilia curae; Vivamus pharetra enim leo, nec molestie nibh consectetur quis. Class aptent taciti sociosqu ad litora torquent per conubia nostra, per inceptos himenaeos. Nunc quis maximus elit, vitae pulvinar urna. Integer at mi elit. Phasellus vitae rutrum sem. Vivamus et mauris ac nisl congue congue eu eget elit. Nullam at quam velit. Pellentesque dictum, diam nec tempor aliquet, tortor justo fermentum sapien, at condimentum turpis elit vel sapien. Aenean rutrum tellus sodales tortor viverra eleifend.

Donec facilisis, diam efficitur maximus ultrices, enim lectus rutrum elit, eget malesuada mi justo dapibus enim. Maecenas finibus euismod nulla quis dignissim. Sed dictum ante rutrum turpis euismod laoreet. Sed placerat tellus leo. In ut lobortis lorem. Nullam vitae lectus egestas urna tincidunt aliquet. Ut sagittis vel enim eget malesuada. Cras in congue tortor. Interdum et malesuada fames ac ante ipsum primis in faucibus. Nunc tempus consequat neque, et eleifend nulla aliquam eu.",Author 141,2,giao-trinh-chuan-yct-6-sach-bai-tap,NXB 141,2015,108
https://cdn1.fahasa.com/media/catalog/product/i/m/image_195509_1_11584.jpg,Giáo Trình Chuẩn YCT 6 (CD),168000,50,9780085479538,"Lorem ipsum dolor sit amet, consectetur adipiscing elit. Nam congue vel tellus non luctus. Vestibulum vitae nunc lorem. Sed lacinia lectus vel augue imperdiet ultricies. Donec id venenatis ex, vitae pretium ligula. Sed nulla eros, dignissim at feugiat non, posuere sit amet urna. Ut eu porttitor tellus. Cras eu massa nulla. Morbi porta fermentum elit eu iaculis. Pellentesque hendrerit venenatis purus at feugiat. Pellentesque vitae feugiat purus. Donec mattis rhoncus lacinia. Sed quam diam, molestie id laoreet eu, lacinia ac turpis. Cras tincidunt lobortis elit quis aliquam. Proin et massa libero.

Aliquam id pharetra arcu. Vivamus vitae mattis ligula. Sed efficitur urna vitae scelerisque tempor. Proin purus magna, vulputate eu ligula a, vehicula malesuada enim. Curabitur aliquet rutrum enim et tincidunt. Vestibulum ante ipsum primis in faucibus orci luctus et ultrices posuere cubilia curae; Vivamus pharetra enim leo, nec molestie nibh consectetur quis. Class aptent taciti sociosqu ad litora torquent per conubia nostra, per inceptos himenaeos. Nunc quis maximus elit, vitae pulvinar urna. Integer at mi elit. Phasellus vitae rutrum sem. Vivamus et mauris ac nisl congue congue eu eget elit. Nullam at quam velit. Pellentesque dictum, diam nec tempor aliquet, tortor justo fermentum sapien, at condimentum turpis elit vel sapien. Aenean rutrum tellus sodales tortor viverra eleifend.

Donec facilisis, diam efficitur maximus ultrices, enim lectus rutrum elit, eget malesuada mi justo dapibus enim. Maecenas finibus euismod nulla quis dignissim. Sed dictum ante rutrum turpis euismod laoreet. Sed placerat tellus leo. In ut lobortis lorem. Nullam vitae lectus egestas urna tincidunt aliquet. Ut sagittis vel enim eget malesuada. Cras in congue tortor. Interdum et malesuada fames ac ante ipsum primis in faucibus. Nunc tempus consequat neque, et eleifend nulla aliquam eu.",Author 142,9,giao-trinh-chuan-yct-6-cd,NXB 142,2014,290
https://cdn1.fahasa.com/media/catalog/product/8/9/8935246936900.jpg,Ngữ Pháp Tiếng Hàn Thông Dụng Sơ Cấp (Tái Bản),205000,52,9780085479539,"Lorem ipsum dolor sit amet, consectetur adipiscing elit. Nam congue vel tellus non luctus. Vestibulum vitae nunc lorem. Sed lacinia lectus vel augue imperdiet ultricies. Donec id venenatis ex, vitae pretium ligula. Sed nulla eros, dignissim at feugiat non, posuere sit amet urna. Ut eu porttitor tellus. Cras eu massa nulla. Morbi porta fermentum elit eu iaculis. Pellentesque hendrerit venenatis purus at feugiat. Pellentesque vitae feugiat purus. Donec mattis rhoncus lacinia. Sed quam diam, molestie id laoreet eu, lacinia ac turpis. Cras tincidunt lobortis elit quis aliquam. Proin et massa libero.

Aliquam id pharetra arcu. Vivamus vitae mattis ligula. Sed efficitur urna vitae scelerisque tempor. Proin purus magna, vulputate eu ligula a, vehicula malesuada enim. Curabitur aliquet rutrum enim et tincidunt. Vestibulum ante ipsum primis in faucibus orci luctus et ultrices posuere cubilia curae; Vivamus pharetra enim leo, nec molestie nibh consectetur quis. Class aptent taciti sociosqu ad litora torquent per conubia nostra, per inceptos himenaeos. Nunc quis maximus elit, vitae pulvinar urna. Integer at mi elit. Phasellus vitae rutrum sem. Vivamus et mauris ac nisl congue congue eu eget elit. Nullam at quam velit. Pellentesque dictum, diam nec tempor aliquet, tortor justo fermentum sapien, at condimentum turpis elit vel sapien. Aenean rutrum tellus sodales tortor viverra eleifend.

Donec facilisis, diam efficitur maximus ultrices, enim lectus rutrum elit, eget malesuada mi justo dapibus enim. Maecenas finibus euismod nulla quis dignissim. Sed dictum ante rutrum turpis euismod laoreet. Sed placerat tellus leo. In ut lobortis lorem. Nullam vitae lectus egestas urna tincidunt aliquet. Ut sagittis vel enim eget malesuada. Cras in congue tortor. Interdum et malesuada fames ac ante ipsum primis in faucibus. Nunc tempus consequat neque, et eleifend nulla aliquam eu.",Author 143,7,ngu-phap-tieng-han-thong-dung-so-cap-tai-ban,NXB 143,2009,433
https://cdn1.fahasa.com/media/catalog/product/b/_/b_a-1---b_n-b_n-d_-b_n-_-n_i-_u.jpg,Bên Bạn Dù Bạn Ở Nơi Đâu,74000,52,9780085479540,"Lorem ipsum dolor sit amet, consectetur adipiscing elit. Nam congue vel tellus non luctus. Vestibulum vitae nunc lorem. Sed lacinia lectus vel augue imperdiet ultricies. Donec id venenatis ex, vitae pretium ligula. Sed nulla eros, dignissim at feugiat non, posuere sit amet urna. Ut eu porttitor tellus. Cras eu massa nulla. Morbi porta fermentum elit eu iaculis. Pellentesque hendrerit venenatis purus at feugiat. Pellentesque vitae feugiat purus. Donec mattis rhoncus lacinia. Sed quam diam, molestie id laoreet eu, lacinia ac turpis. Cras tincidunt lobortis elit quis aliquam. Proin et massa libero.

Aliquam id pharetra arcu. Vivamus vitae mattis ligula. Sed efficitur urna vitae scelerisque tempor. Proin purus magna, vulputate eu ligula a, vehicula malesuada enim. Curabitur aliquet rutrum enim et tincidunt. Vestibulum ante ipsum primis in faucibus orci luctus et ultrices posuere cubilia curae; Vivamus pharetra enim leo, nec molestie nibh consectetur quis. Class aptent taciti sociosqu ad litora torquent per conubia nostra, per inceptos himenaeos. Nunc quis maximus elit, vitae pulvinar urna. Integer at mi elit. Phasellus vitae rutrum sem. Vivamus et mauris ac nisl congue congue eu eget elit. Nullam at quam velit. Pellentesque dictum, diam nec tempor aliquet, tortor justo fermentum sapien, at condimentum turpis elit vel sapien. Aenean rutrum tellus sodales tortor viverra eleifend.

Donec facilisis, diam efficitur maximus ultrices, enim lectus rutrum elit, eget malesuada mi justo dapibus enim. Maecenas finibus euismod nulla quis dignissim. Sed dictum ante rutrum turpis euismod laoreet. Sed placerat tellus leo. In ut lobortis lorem. Nullam vitae lectus egestas urna tincidunt aliquet. Ut sagittis vel enim eget malesuada. Cras in congue tortor. Interdum et malesuada fames ac ante ipsum primis in faucibus. Nunc tempus consequat neque, et eleifend nulla aliquam eu.",Author 144,4,ben-ban-du-ban-o-noi-dau,NXB 144,2010,304
https://cdn1.fahasa.com/media/catalog/product/i/m/image_183267.jpg,Ngữ Pháp Tiếng Hàn Thông Dụng - Cao Cấp,233500,52,9780085479541,"Lorem ipsum dolor sit amet, consectetur adipiscing elit. Nam congue vel tellus non luctus. Vestibulum vitae nunc lorem. Sed lacinia lectus vel augue imperdiet ultricies. Donec id venenatis ex, vitae pretium ligula. Sed nulla eros, dignissim at feugiat non, posuere sit amet urna. Ut eu porttitor tellus. Cras eu massa nulla. Morbi porta fermentum elit eu iaculis. Pellentesque hendrerit venenatis purus at feugiat. Pellentesque vitae feugiat purus. Donec mattis rhoncus lacinia. Sed quam diam, molestie id laoreet eu, lacinia ac turpis. Cras tincidunt lobortis elit quis aliquam. Proin et massa libero.

Aliquam id pharetra arcu. Vivamus vitae mattis ligula. Sed efficitur urna vitae scelerisque tempor. Proin purus magna, vulputate eu ligula a, vehicula malesuada enim. Curabitur aliquet rutrum enim et tincidunt. Vestibulum ante ipsum primis in faucibus orci luctus et ultrices posuere cubilia curae; Vivamus pharetra enim leo, nec molestie nibh consectetur quis. Class aptent taciti sociosqu ad litora torquent per conubia nostra, per inceptos himenaeos. Nunc quis maximus elit, vitae pulvinar urna. Integer at mi elit. Phasellus vitae rutrum sem. Vivamus et mauris ac nisl congue congue eu eget elit. Nullam at quam velit. Pellentesque dictum, diam nec tempor aliquet, tortor justo fermentum sapien, at condimentum turpis elit vel sapien. Aenean rutrum tellus sodales tortor viverra eleifend.

Donec facilisis, diam efficitur maximus ultrices, enim lectus rutrum elit, eget malesuada mi justo dapibus enim. Maecenas finibus euismod nulla quis dignissim. Sed dictum ante rutrum turpis euismod laoreet. Sed placerat tellus leo. In ut lobortis lorem. Nullam vitae lectus egestas urna tincidunt aliquet. Ut sagittis vel enim eget malesuada. Cras in congue tortor. Interdum et malesuada fames ac ante ipsum primis in faucibus. Nunc tempus consequat neque, et eleifend nulla aliquam eu.",Author 145,8,ngu-phap-tieng-han-thong-dung-cao-cap,NXB 145,2023,420
https://cdn1.fahasa.com/media/catalog/product/g/i/giao-trinh-tieng-han-so-cap-2-bia-truoc-den-trang.jpg,Tiếng Hàn Tổng Hợp Dành Cho Người Việt Nam - Sơ Cấp 2 (Tái Bản 2025),154500,52,9780085479542,"Lorem ipsum dolor sit amet, consectetur adipiscing elit. Nam congue vel tellus non luctus. Vestibulum vitae nunc lorem. Sed lacinia lectus vel augue imperdiet ultricies. Donec id venenatis ex, vitae pretium ligula. Sed nulla eros, dignissim at feugiat non, posuere sit amet urna. Ut eu porttitor tellus. Cras eu massa nulla. Morbi porta fermentum elit eu iaculis. Pellentesque hendrerit venenatis purus at feugiat. Pellentesque vitae feugiat purus. Donec mattis rhoncus lacinia. Sed quam diam, molestie id laoreet eu, lacinia ac turpis. Cras tincidunt lobortis elit quis aliquam. Proin et massa libero.

Aliquam id pharetra arcu. Vivamus vitae mattis ligula. Sed efficitur urna vitae scelerisque tempor. Proin purus magna, vulputate eu ligula a, vehicula malesuada enim. Curabitur aliquet rutrum enim et tincidunt. Vestibulum ante ipsum primis in faucibus orci luctus et ultrices posuere cubilia curae; Vivamus pharetra enim leo, nec molestie nibh consectetur quis. Class aptent taciti sociosqu ad litora torquent per conubia nostra, per inceptos himenaeos. Nunc quis maximus elit, vitae pulvinar urna. Integer at mi elit. Phasellus vitae rutrum sem. Vivamus et mauris ac nisl congue congue eu eget elit. Nullam at quam velit. Pellentesque dictum, diam nec tempor aliquet, tortor justo fermentum sapien, at condimentum turpis elit vel sapien. Aenean rutrum tellus sodales tortor viverra eleifend.

Donec facilisis, diam efficitur maximus ultrices, enim lectus rutrum elit, eget malesuada mi justo dapibus enim. Maecenas finibus euismod nulla quis dignissim. Sed dictum ante rutrum turpis euismod laoreet. Sed placerat tellus leo. In ut lobortis lorem. Nullam vitae lectus egestas urna tincidunt aliquet. Ut sagittis vel enim eget malesuada. Cras in congue tortor. Interdum et malesuada fames ac ante ipsum primis in faucibus. Nunc tempus consequat neque, et eleifend nulla aliquam eu.",Author 146,3,tieng-han-tong-hop-danh-cho-nguoi-viet-nam-so-cap-2-tai-ban-2025,NXB 146,2009,380
https://cdn1.fahasa.com/media/catalog/product/e/e/eeeeee__1.jpg,6000 Câu Giao Tiếp Tiếng Hàn Theo Chủ Đề,151500,52,9780085479543,"Lorem ipsum dolor sit amet, consectetur adipiscing elit. Nam congue vel tellus non luctus. Vestibulum vitae nunc lorem. Sed lacinia lectus vel augue imperdiet ultricies. Donec id venenatis ex, vitae pretium ligula. Sed nulla eros, dignissim at feugiat non, posuere sit amet urna. Ut eu porttitor tellus. Cras eu massa nulla. Morbi porta fermentum elit eu iaculis. Pellentesque hendrerit venenatis purus at feugiat. Pellentesque vitae feugiat purus. Donec mattis rhoncus lacinia. Sed quam diam, molestie id laoreet eu, lacinia ac turpis. Cras tincidunt lobortis elit quis aliquam. Proin et massa libero.

Aliquam id pharetra arcu. Vivamus vitae mattis ligula. Sed efficitur urna vitae scelerisque tempor. Proin purus magna, vulputate eu ligula a, vehicula malesuada enim. Curabitur aliquet rutrum enim et tincidunt. Vestibulum ante ipsum primis in faucibus orci luctus et ultrices posuere cubilia curae; Vivamus pharetra enim leo, nec molestie nibh consectetur quis. Class aptent taciti sociosqu ad litora torquent per conubia nostra, per inceptos himenaeos. Nunc quis maximus elit, vitae pulvinar urna. Integer at mi elit. Phasellus vitae rutrum sem. Vivamus et mauris ac nisl congue congue eu eget elit. Nullam at quam velit. Pellentesque dictum, diam nec tempor aliquet, tortor justo fermentum sapien, at condimentum turpis elit vel sapien. Aenean rutrum tellus sodales tortor viverra eleifend.

Donec facilisis, diam efficitur maximus ultrices, enim lectus rutrum elit, eget malesuada mi justo dapibus enim. Maecenas finibus euismod nulla quis dignissim. Sed dictum ante rutrum turpis euismod laoreet. Sed placerat tellus leo. In ut lobortis lorem. Nullam vitae lectus egestas urna tincidunt aliquet. Ut sagittis vel enim eget malesuada. Cras in congue tortor. Interdum et malesuada fames ac ante ipsum primis in faucibus. Nunc tempus consequat neque, et eleifend nulla aliquam eu.",Author 147,10,6000-cau-giao-tiep-tieng-han-theo-chu-de,NXB 147,2000,351
https://cdn1.fahasa.com/media/catalog/product/b/i/bia-truoc-sbt-thth-4_1.jpg,Tiếng Hàn Tổng Hợp Dành Cho Người Việt Nam - Trung Cấp 4 - Sách Bài Tập (Tái Bản 2025),89000,52,9780085479544,"Lorem ipsum dolor sit amet, consectetur adipiscing elit. Nam congue vel tellus non luctus. Vestibulum vitae nunc lorem. Sed lacinia lectus vel augue imperdiet ultricies. Donec id venenatis ex, vitae pretium ligula. Sed nulla eros, dignissim at feugiat non, posuere sit amet urna. Ut eu porttitor tellus. Cras eu massa nulla. Morbi porta fermentum elit eu iaculis. Pellentesque hendrerit venenatis purus at feugiat. Pellentesque vitae feugiat purus. Donec mattis rhoncus lacinia. Sed quam diam, molestie id laoreet eu, lacinia ac turpis. Cras tincidunt lobortis elit quis aliquam. Proin et massa libero.

Aliquam id pharetra arcu. Vivamus vitae mattis ligula. Sed efficitur urna vitae scelerisque tempor. Proin purus magna, vulputate eu ligula a, vehicula malesuada enim. Curabitur aliquet rutrum enim et tincidunt. Vestibulum ante ipsum primis in faucibus orci luctus et ultrices posuere cubilia curae; Vivamus pharetra enim leo, nec molestie nibh consectetur quis. Class aptent taciti sociosqu ad litora torquent per conubia nostra, per inceptos himenaeos. Nunc quis maximus elit, vitae pulvinar urna. Integer at mi elit. Phasellus vitae rutrum sem. Vivamus et mauris ac nisl congue congue eu eget elit. Nullam at quam velit. Pellentesque dictum, diam nec tempor aliquet, tortor justo fermentum sapien, at condimentum turpis elit vel sapien. Aenean rutrum tellus sodales tortor viverra eleifend.

Donec facilisis, diam efficitur maximus ultrices, enim lectus rutrum elit, eget malesuada mi justo dapibus enim. Maecenas finibus euismod nulla quis dignissim. Sed dictum ante rutrum turpis euismod laoreet. Sed placerat tellus leo. In ut lobortis lorem. Nullam vitae lectus egestas urna tincidunt aliquet. Ut sagittis vel enim eget malesuada. Cras in congue tortor. Interdum et malesuada fames ac ante ipsum primis in faucibus. Nunc tempus consequat neque, et eleifend nulla aliquam eu.",Author 148,8,tieng-han-tong-hop-danh-cho-nguoi-viet-nam-trung-cap-4-sach-bai-tap-tai-ban-2025,NXB 148,2020,142
https://cdn1.fahasa.com/media/catalog/product/i/m/image_233214.jpg,600 Câu Giao Tiếp Tiếng Hàn Thông Dụng (Tái Bản),79500,52,9780085479545,"Lorem ipsum dolor sit amet, consectetur adipiscing elit. Nam congue vel tellus non luctus. Vestibulum vitae nunc lorem. Sed lacinia lectus vel augue imperdiet ultricies. Donec id venenatis ex, vitae pretium ligula. Sed nulla eros, dignissim at feugiat non, posuere sit amet urna. Ut eu porttitor tellus. Cras eu massa nulla. Morbi porta fermentum elit eu iaculis. Pellentesque hendrerit venenatis purus at feugiat. Pellentesque vitae feugiat purus. Donec mattis rhoncus lacinia. Sed quam diam, molestie id laoreet eu, lacinia ac turpis. Cras tincidunt lobortis elit quis aliquam. Proin et massa libero.

Aliquam id pharetra arcu. Vivamus vitae mattis ligula. Sed efficitur urna vitae scelerisque tempor. Proin purus magna, vulputate eu ligula a, vehicula malesuada enim. Curabitur aliquet rutrum enim et tincidunt. Vestibulum ante ipsum primis in faucibus orci luctus et ultrices posuere cubilia curae; Vivamus pharetra enim leo, nec molestie nibh consectetur quis. Class aptent taciti sociosqu ad litora torquent per conubia nostra, per inceptos himenaeos. Nunc quis maximus elit, vitae pulvinar urna. Integer at mi elit. Phasellus vitae rutrum sem. Vivamus et mauris ac nisl congue congue eu eget elit. Nullam at quam velit. Pellentesque dictum, diam nec tempor aliquet, tortor justo fermentum sapien, at condimentum turpis elit vel sapien. Aenean rutrum tellus sodales tortor viverra eleifend.

Donec facilisis, diam efficitur maximus ultrices, enim lectus rutrum elit, eget malesuada mi justo dapibus enim. Maecenas finibus euismod nulla quis dignissim. Sed dictum ante rutrum turpis euismod laoreet. Sed placerat tellus leo. In ut lobortis lorem. Nullam vitae lectus egestas urna tincidunt aliquet. Ut sagittis vel enim eget malesuada. Cras in congue tortor. Interdum et malesuada fames ac ante ipsum primis in faucibus. Nunc tempus consequat neque, et eleifend nulla aliquam eu.",Author 149,9,600-cau-giao-tiep-tieng-han-thong-dung-tai-ban,NXB 149,2003,140
https://cdn1.fahasa.com/media/catalog/product/c/o/cover-cnluyenthinangluctienghan-01_bia-1.jpg,Cẩm Nang Luyện Thi Năng Lực Tiếng Hàn Topik I Basic - Kèm CD,129940,52,9780085479546,"Lorem ipsum dolor sit amet, consectetur adipiscing elit. Nam congue vel tellus non luctus. Vestibulum vitae nunc lorem. Sed lacinia lectus vel augue imperdiet ultricies. Donec id venenatis ex, vitae pretium ligula. Sed nulla eros, dignissim at feugiat non, posuere sit amet urna. Ut eu porttitor tellus. Cras eu massa nulla. Morbi porta fermentum elit eu iaculis. Pellentesque hendrerit venenatis purus at feugiat. Pellentesque vitae feugiat purus. Donec mattis rhoncus lacinia. Sed quam diam, molestie id laoreet eu, lacinia ac turpis. Cras tincidunt lobortis elit quis aliquam. Proin et massa libero.

Aliquam id pharetra arcu. Vivamus vitae mattis ligula. Sed efficitur urna vitae scelerisque tempor. Proin purus magna, vulputate eu ligula a, vehicula malesuada enim. Curabitur aliquet rutrum enim et tincidunt. Vestibulum ante ipsum primis in faucibus orci luctus et ultrices posuere cubilia curae; Vivamus pharetra enim leo, nec molestie nibh consectetur quis. Class aptent taciti sociosqu ad litora torquent per conubia nostra, per inceptos himenaeos. Nunc quis maximus elit, vitae pulvinar urna. Integer at mi elit. Phasellus vitae rutrum sem. Vivamus et mauris ac nisl congue congue eu eget elit. Nullam at quam velit. Pellentesque dictum, diam nec tempor aliquet, tortor justo fermentum sapien, at condimentum turpis elit vel sapien. Aenean rutrum tellus sodales tortor viverra eleifend.

Donec facilisis, diam efficitur maximus ultrices, enim lectus rutrum elit, eget malesuada mi justo dapibus enim. Maecenas finibus euismod nulla quis dignissim. Sed dictum ante rutrum turpis euismod laoreet. Sed placerat tellus leo. In ut lobortis lorem. Nullam vitae lectus egestas urna tincidunt aliquet. Ut sagittis vel enim eget malesuada. Cras in congue tortor. Interdum et malesuada fames ac ante ipsum primis in faucibus. Nunc tempus consequat neque, et eleifend nulla aliquam eu.",Author 150,8,cam-nang-luyen-thi-nang-luc-tieng-han-topik-i-basic-kem-cd,NXB 150,2025,220
https://cdn1.fahasa.com/media/catalog/product/i/m/image_195509_1_16477_1_1.jpg,Tiếng Hàn Tổng Hợp Dành Cho Người Việt Nam - Sơ Cấp 1 (Tái Bản 2025),154500,52,9780085479547,"Lorem ipsum dolor sit amet, consectetur adipiscing elit. Nam congue vel tellus non luctus. Vestibulum vitae nunc lorem. Sed lacinia lectus vel augue imperdiet ultricies. Donec id venenatis ex, vitae pretium ligula. Sed nulla eros, dignissim at feugiat non, posuere sit amet urna. Ut eu porttitor tellus. Cras eu massa nulla. Morbi porta fermentum elit eu iaculis. Pellentesque hendrerit venenatis purus at feugiat. Pellentesque vitae feugiat purus. Donec mattis rhoncus lacinia. Sed quam diam, molestie id laoreet eu, lacinia ac turpis. Cras tincidunt lobortis elit quis aliquam. Proin et massa libero.

Aliquam id pharetra arcu. Vivamus vitae mattis ligula. Sed efficitur urna vitae scelerisque tempor. Proin purus magna, vulputate eu ligula a, vehicula malesuada enim. Curabitur aliquet rutrum enim et tincidunt. Vestibulum ante ipsum primis in faucibus orci luctus et ultrices posuere cubilia curae; Vivamus pharetra enim leo, nec molestie nibh consectetur quis. Class aptent taciti sociosqu ad litora torquent per conubia nostra, per inceptos himenaeos. Nunc quis maximus elit, vitae pulvinar urna. Integer at mi elit. Phasellus vitae rutrum sem. Vivamus et mauris ac nisl congue congue eu eget elit. Nullam at quam velit. Pellentesque dictum, diam nec tempor aliquet, tortor justo fermentum sapien, at condimentum turpis elit vel sapien. Aenean rutrum tellus sodales tortor viverra eleifend.

Donec facilisis, diam efficitur maximus ultrices, enim lectus rutrum elit, eget malesuada mi justo dapibus enim. Maecenas finibus euismod nulla quis dignissim. Sed dictum ante rutrum turpis euismod laoreet. Sed placerat tellus leo. In ut lobortis lorem. Nullam vitae lectus egestas urna tincidunt aliquet. Ut sagittis vel enim eget malesuada. Cras in congue tortor. Interdum et malesuada fames ac ante ipsum primis in faucibus. Nunc tempus consequat neque, et eleifend nulla aliquam eu.",Author 151,2,tieng-han-tong-hop-danh-cho-nguoi-viet-nam-so-cap-1-tai-ban-2025,NXB 151,2016,345
https://cdn1.fahasa.com/media/catalog/product/8/9/8935246944271.jpg,Zero To Hero - Tự Học Tiếng Hàn Cấp Tốc Từ Số 0,105500,52,9780085479548,"Lorem ipsum dolor sit amet, consectetur adipiscing elit. Nam congue vel tellus non luctus. Vestibulum vitae nunc lorem. Sed lacinia lectus vel augue imperdiet ultricies. Donec id venenatis ex, vitae pretium ligula. Sed nulla eros, dignissim at feugiat non, posuere sit amet urna. Ut eu porttitor tellus. Cras eu massa nulla. Morbi porta fermentum elit eu iaculis. Pellentesque hendrerit venenatis purus at feugiat. Pellentesque vitae feugiat purus. Donec mattis rhoncus lacinia. Sed quam diam, molestie id laoreet eu, lacinia ac turpis. Cras tincidunt lobortis elit quis aliquam. Proin et massa libero.

Aliquam id pharetra arcu. Vivamus vitae mattis ligula. Sed efficitur urna vitae scelerisque tempor. Proin purus magna, vulputate eu ligula a, vehicula malesuada enim. Curabitur aliquet rutrum enim et tincidunt. Vestibulum ante ipsum primis in faucibus orci luctus et ultrices posuere cubilia curae; Vivamus pharetra enim leo, nec molestie nibh consectetur quis. Class aptent taciti sociosqu ad litora torquent per conubia nostra, per inceptos himenaeos. Nunc quis maximus elit, vitae pulvinar urna. Integer at mi elit. Phasellus vitae rutrum sem. Vivamus et mauris ac nisl congue congue eu eget elit. Nullam at quam velit. Pellentesque dictum, diam nec tempor aliquet, tortor justo fermentum sapien, at condimentum turpis elit vel sapien. Aenean rutrum tellus sodales tortor viverra eleifend.

Donec facilisis, diam efficitur maximus ultrices, enim lectus rutrum elit, eget malesuada mi justo dapibus enim. Maecenas finibus euismod nulla quis dignissim. Sed dictum ante rutrum turpis euismod laoreet. Sed placerat tellus leo. In ut lobortis lorem. Nullam vitae lectus egestas urna tincidunt aliquet. Ut sagittis vel enim eget malesuada. Cras in congue tortor. Interdum et malesuada fames ac ante ipsum primis in faucibus. Nunc tempus consequat neque, et eleifend nulla aliquam eu.",Author 152,7,zero-to-hero-tu-hoc-tieng-han-cap-toc-tu-so-0,NXB 152,2008,102
https://cdn1.fahasa.com/media/catalog/product/8/9/8935236414388_1.jpg,Tập Viết Tiếng Hàn Cơ Bản,68000,52,9780085479549,"Lorem ipsum dolor sit amet, consectetur adipiscing elit. Nam congue vel tellus non luctus. Vestibulum vitae nunc lorem. Sed lacinia lectus vel augue imperdiet ultricies. Donec id venenatis ex, vitae pretium ligula. Sed nulla eros, dignissim at feugiat non, posuere sit amet urna. Ut eu porttitor tellus. Cras eu massa nulla. Morbi porta fermentum elit eu iaculis. Pellentesque hendrerit venenatis purus at feugiat. Pellentesque vitae feugiat purus. Donec mattis rhoncus lacinia. Sed quam diam, molestie id laoreet eu, lacinia ac turpis. Cras tincidunt lobortis elit quis aliquam. Proin et massa libero.

Aliquam id pharetra arcu. Vivamus vitae mattis ligula. Sed efficitur urna vitae scelerisque tempor. Proin purus magna, vulputate eu ligula a, vehicula malesuada enim. Curabitur aliquet rutrum enim et tincidunt. Vestibulum ante ipsum primis in faucibus orci luctus et ultrices posuere cubilia curae; Vivamus pharetra enim leo, nec molestie nibh consectetur quis. Class aptent taciti sociosqu ad litora torquent per conubia nostra, per inceptos himenaeos. Nunc quis maximus elit, vitae pulvinar urna. Integer at mi elit. Phasellus vitae rutrum sem. Vivamus et mauris ac nisl congue congue eu eget elit. Nullam at quam velit. Pellentesque dictum, diam nec tempor aliquet, tortor justo fermentum sapien, at condimentum turpis elit vel sapien. Aenean rutrum tellus sodales tortor viverra eleifend.

Donec facilisis, diam efficitur maximus ultrices, enim lectus rutrum elit, eget malesuada mi justo dapibus enim. Maecenas finibus euismod nulla quis dignissim. Sed dictum ante rutrum turpis euismod laoreet. Sed placerat tellus leo. In ut lobortis lorem. Nullam vitae lectus egestas urna tincidunt aliquet. Ut sagittis vel enim eget malesuada. Cras in congue tortor. Interdum et malesuada fames ac ante ipsum primis in faucibus. Nunc tempus consequat neque, et eleifend nulla aliquam eu.",Author 153,7,tap-viet-tieng-han-co-ban,NXB 153,2005,277
https://cdn1.fahasa.com/media/catalog/product/i/m/image_196489.jpg,Tiếng Hàn Tổng Hợp Dành Cho Người Việt Nam - Cao Cấp 6 - Bản Đen Trắng,137500,52,9780085479550,"Lorem ipsum dolor sit amet, consectetur adipiscing elit. Nam congue vel tellus non luctus. Vestibulum vitae nunc lorem. Sed lacinia lectus vel augue imperdiet ultricies. Donec id venenatis ex, vitae pretium ligula. Sed nulla eros, dignissim at feugiat non, posuere sit amet urna. Ut eu porttitor tellus. Cras eu massa nulla. Morbi porta fermentum elit eu iaculis. Pellentesque hendrerit venenatis purus at feugiat. Pellentesque vitae feugiat purus. Donec mattis rhoncus lacinia. Sed quam diam, molestie id laoreet eu, lacinia ac turpis. Cras tincidunt lobortis elit quis aliquam. Proin et massa libero.

Aliquam id pharetra arcu. Vivamus vitae mattis ligula. Sed efficitur urna vitae scelerisque tempor. Proin purus magna, vulputate eu ligula a, vehicula malesuada enim. Curabitur aliquet rutrum enim et tincidunt. Vestibulum ante ipsum primis in faucibus orci luctus et ultrices posuere cubilia curae; Vivamus pharetra enim leo, nec molestie nibh consectetur quis. Class aptent taciti sociosqu ad litora torquent per conubia nostra, per inceptos himenaeos. Nunc quis maximus elit, vitae pulvinar urna. Integer at mi elit. Phasellus vitae rutrum sem. Vivamus et mauris ac nisl congue congue eu eget elit. Nullam at quam velit. Pellentesque dictum, diam nec tempor aliquet, tortor justo fermentum sapien, at condimentum turpis elit vel sapien. Aenean rutrum tellus sodales tortor viverra eleifend.

Donec facilisis, diam efficitur maximus ultrices, enim lectus rutrum elit, eget malesuada mi justo dapibus enim. Maecenas finibus euismod nulla quis dignissim. Sed dictum ante rutrum turpis euismod laoreet. Sed placerat tellus leo. In ut lobortis lorem. Nullam vitae lectus egestas urna tincidunt aliquet. Ut sagittis vel enim eget malesuada. Cras in congue tortor. Interdum et malesuada fames ac ante ipsum primis in faucibus. Nunc tempus consequat neque, et eleifend nulla aliquam eu.",Author 154,8,tieng-han-tong-hop-danh-cho-nguoi-viet-nam-cao-cap-6-ban-den-trang,NXB 154,2001,230
https://cdn1.fahasa.com/media/catalog/product/i/m/image_196649.jpg,Tiếng Hàn Tổng Hợp Dành Cho Người Việt Nam - Cao Cấp 5 - Bản Đen Trắng,137500,52,9780085479551,"Lorem ipsum dolor sit amet, consectetur adipiscing elit. Nam congue vel tellus non luctus. Vestibulum vitae nunc lorem. Sed lacinia lectus vel augue imperdiet ultricies. Donec id venenatis ex, vitae pretium ligula. Sed nulla eros, dignissim at feugiat non, posuere sit amet urna. Ut eu porttitor tellus. Cras eu massa nulla. Morbi porta fermentum elit eu iaculis. Pellentesque hendrerit venenatis purus at feugiat. Pellentesque vitae feugiat purus. Donec mattis rhoncus lacinia. Sed quam diam, molestie id laoreet eu, lacinia ac turpis. Cras tincidunt lobortis elit quis aliquam. Proin et massa libero.

Aliquam id pharetra arcu. Vivamus vitae mattis ligula. Sed efficitur urna vitae scelerisque tempor. Proin purus magna, vulputate eu ligula a, vehicula malesuada enim. Curabitur aliquet rutrum enim et tincidunt. Vestibulum ante ipsum primis in faucibus orci luctus et ultrices posuere cubilia curae; Vivamus pharetra enim leo, nec molestie nibh consectetur quis. Class aptent taciti sociosqu ad litora torquent per conubia nostra, per inceptos himenaeos. Nunc quis maximus elit, vitae pulvinar urna. Integer at mi elit. Phasellus vitae rutrum sem. Vivamus et mauris ac nisl congue congue eu eget elit. Nullam at quam velit. Pellentesque dictum, diam nec tempor aliquet, tortor justo fermentum sapien, at condimentum turpis elit vel sapien. Aenean rutrum tellus sodales tortor viverra eleifend.

Donec facilisis, diam efficitur maximus ultrices, enim lectus rutrum elit, eget malesuada mi justo dapibus enim. Maecenas finibus euismod nulla quis dignissim. Sed dictum ante rutrum turpis euismod laoreet. Sed placerat tellus leo. In ut lobortis lorem. Nullam vitae lectus egestas urna tincidunt aliquet. Ut sagittis vel enim eget malesuada. Cras in congue tortor. Interdum et malesuada fames ac ante ipsum primis in faucibus. Nunc tempus consequat neque, et eleifend nulla aliquam eu.",Author 155,9,tieng-han-tong-hop-danh-cho-nguoi-viet-nam-cao-cap-5-ban-den-trang,NXB 155,2014,488
https://cdn1.fahasa.com/media/catalog/product/8/9/8935246945049.jpg,Sổ Tay Mẫu Câu Cơ Bản Tiếng Hàn - 한국어 기본문형,129500,52,9780085479552,"Lorem ipsum dolor sit amet, consectetur adipiscing elit. Nam congue vel tellus non luctus. Vestibulum vitae nunc lorem. Sed lacinia lectus vel augue imperdiet ultricies. Donec id venenatis ex, vitae pretium ligula. Sed nulla eros, dignissim at feugiat non, posuere sit amet urna. Ut eu porttitor tellus. Cras eu massa nulla. Morbi porta fermentum elit eu iaculis. Pellentesque hendrerit venenatis purus at feugiat. Pellentesque vitae feugiat purus. Donec mattis rhoncus lacinia. Sed quam diam, molestie id laoreet eu, lacinia ac turpis. Cras tincidunt lobortis elit quis aliquam. Proin et massa libero.

Aliquam id pharetra arcu. Vivamus vitae mattis ligula. Sed efficitur urna vitae scelerisque tempor. Proin purus magna, vulputate eu ligula a, vehicula malesuada enim. Curabitur aliquet rutrum enim et tincidunt. Vestibulum ante ipsum primis in faucibus orci luctus et ultrices posuere cubilia curae; Vivamus pharetra enim leo, nec molestie nibh consectetur quis. Class aptent taciti sociosqu ad litora torquent per conubia nostra, per inceptos himenaeos. Nunc quis maximus elit, vitae pulvinar urna. Integer at mi elit. Phasellus vitae rutrum sem. Vivamus et mauris ac nisl congue congue eu eget elit. Nullam at quam velit. Pellentesque dictum, diam nec tempor aliquet, tortor justo fermentum sapien, at condimentum turpis elit vel sapien. Aenean rutrum tellus sodales tortor viverra eleifend.

Donec facilisis, diam efficitur maximus ultrices, enim lectus rutrum elit, eget malesuada mi justo dapibus enim. Maecenas finibus euismod nulla quis dignissim. Sed dictum ante rutrum turpis euismod laoreet. Sed placerat tellus leo. In ut lobortis lorem. Nullam vitae lectus egestas urna tincidunt aliquet. Ut sagittis vel enim eget malesuada. Cras in congue tortor. Interdum et malesuada fames ac ante ipsum primis in faucibus. Nunc tempus consequat neque, et eleifend nulla aliquam eu.",Author 156,9,so-tay-mau-cau-co-ban-tieng-han,NXB 156,2011,256
https://cdn1.fahasa.com/media/catalog/product/t/i/tienghandanhchokhachdulichhammokpop.jpg,Tiếng Hàn Dành Cho Khách Du Lịch Hâm Mộ K-pop (Kèm CD),210500,52,9780085479553,"Lorem ipsum dolor sit amet, consectetur adipiscing elit. Nam congue vel tellus non luctus. Vestibulum vitae nunc lorem. Sed lacinia lectus vel augue imperdiet ultricies. Donec id venenatis ex, vitae pretium ligula. Sed nulla eros, dignissim at feugiat non, posuere sit amet urna. Ut eu porttitor tellus. Cras eu massa nulla. Morbi porta fermentum elit eu iaculis. Pellentesque hendrerit venenatis purus at feugiat. Pellentesque vitae feugiat purus. Donec mattis rhoncus lacinia. Sed quam diam, molestie id laoreet eu, lacinia ac turpis. Cras tincidunt lobortis elit quis aliquam. Proin et massa libero.

Aliquam id pharetra arcu. Vivamus vitae mattis ligula. Sed efficitur urna vitae scelerisque tempor. Proin purus magna, vulputate eu ligula a, vehicula malesuada enim. Curabitur aliquet rutrum enim et tincidunt. Vestibulum ante ipsum primis in faucibus orci luctus et ultrices posuere cubilia curae; Vivamus pharetra enim leo, nec molestie nibh consectetur quis. Class aptent taciti sociosqu ad litora torquent per conubia nostra, per inceptos himenaeos. Nunc quis maximus elit, vitae pulvinar urna. Integer at mi elit. Phasellus vitae rutrum sem. Vivamus et mauris ac nisl congue congue eu eget elit. Nullam at quam velit. Pellentesque dictum, diam nec tempor aliquet, tortor justo fermentum sapien, at condimentum turpis elit vel sapien. Aenean rutrum tellus sodales tortor viverra eleifend.

Donec facilisis, diam efficitur maximus ultrices, enim lectus rutrum elit, eget malesuada mi justo dapibus enim. Maecenas finibus euismod nulla quis dignissim. Sed dictum ante rutrum turpis euismod laoreet. Sed placerat tellus leo. In ut lobortis lorem. Nullam vitae lectus egestas urna tincidunt aliquet. Ut sagittis vel enim eget malesuada. Cras in congue tortor. Interdum et malesuada fames ac ante ipsum primis in faucibus. Nunc tempus consequat neque, et eleifend nulla aliquam eu.",Author 157,5,tieng-han-danh-cho-khach-du-lich-ham-mo-k-pop-kem-cd,NXB 157,2006,383
https://cdn1.fahasa.com/media/catalog/product/i/m/image_196650.jpg,Tiếng Hàn Tổng Hợp Dành Cho Người Việt Nam - Sách Bài Tập Cao Cấp 6,90000,52,9780085479554,"Lorem ipsum dolor sit amet, consectetur adipiscing elit. Nam congue vel tellus non luctus. Vestibulum vitae nunc lorem. Sed lacinia lectus vel augue imperdiet ultricies. Donec id venenatis ex, vitae pretium ligula. Sed nulla eros, dignissim at feugiat non, posuere sit amet urna. Ut eu porttitor tellus. Cras eu massa nulla. Morbi porta fermentum elit eu iaculis. Pellentesque hendrerit venenatis purus at feugiat. Pellentesque vitae feugiat purus. Donec mattis rhoncus lacinia. Sed quam diam, molestie id laoreet eu, lacinia ac turpis. Cras tincidunt lobortis elit quis aliquam. Proin et massa libero.

Aliquam id pharetra arcu. Vivamus vitae mattis ligula. Sed efficitur urna vitae scelerisque tempor. Proin purus magna, vulputate eu ligula a, vehicula malesuada enim. Curabitur aliquet rutrum enim et tincidunt. Vestibulum ante ipsum primis in faucibus orci luctus et ultrices posuere cubilia curae; Vivamus pharetra enim leo, nec molestie nibh consectetur quis. Class aptent taciti sociosqu ad litora torquent per conubia nostra, per inceptos himenaeos. Nunc quis maximus elit, vitae pulvinar urna. Integer at mi elit. Phasellus vitae rutrum sem. Vivamus et mauris ac nisl congue congue eu eget elit. Nullam at quam velit. Pellentesque dictum, diam nec tempor aliquet, tortor justo fermentum sapien, at condimentum turpis elit vel sapien. Aenean rutrum tellus sodales tortor viverra eleifend.

Donec facilisis, diam efficitur maximus ultrices, enim lectus rutrum elit, eget malesuada mi justo dapibus enim. Maecenas finibus euismod nulla quis dignissim. Sed dictum ante rutrum turpis euismod laoreet. Sed placerat tellus leo. In ut lobortis lorem. Nullam vitae lectus egestas urna tincidunt aliquet. Ut sagittis vel enim eget malesuada. Cras in congue tortor. Interdum et malesuada fames ac ante ipsum primis in faucibus. Nunc tempus consequat neque, et eleifend nulla aliquam eu.",Author 158,10,tieng-han-tong-hop-danh-cho-nguoi-viet-nam-sach-bai-tap-cao-cap-6,NXB 158,2017,463
https://cdn1.fahasa.com/media/catalog/product/8/9/8935246944639.jpg,Ghi Nhớ Siêu Tốc Từ Vựng Tiếng Hàn - Làm Chủ 2000 Từ Vựng Thông Dụng Và Gốc Từ Hán Hàn Quan Trọng Trong Kỳ Thi Topik Qua Sơ Đồ Tư Duy,162000,52,9780085479555,"Lorem ipsum dolor sit amet, consectetur adipiscing elit. Nam congue vel tellus non luctus. Vestibulum vitae nunc lorem. Sed lacinia lectus vel augue imperdiet ultricies. Donec id venenatis ex, vitae pretium ligula. Sed nulla eros, dignissim at feugiat non, posuere sit amet urna. Ut eu porttitor tellus. Cras eu massa nulla. Morbi porta fermentum elit eu iaculis. Pellentesque hendrerit venenatis purus at feugiat. Pellentesque vitae feugiat purus. Donec mattis rhoncus lacinia. Sed quam diam, molestie id laoreet eu, lacinia ac turpis. Cras tincidunt lobortis elit quis aliquam. Proin et massa libero.

Aliquam id pharetra arcu. Vivamus vitae mattis ligula. Sed efficitur urna vitae scelerisque tempor. Proin purus magna, vulputate eu ligula a, vehicula malesuada enim. Curabitur aliquet rutrum enim et tincidunt. Vestibulum ante ipsum primis in faucibus orci luctus et ultrices posuere cubilia curae; Vivamus pharetra enim leo, nec molestie nibh consectetur quis. Class aptent taciti sociosqu ad litora torquent per conubia nostra, per inceptos himenaeos. Nunc quis maximus elit, vitae pulvinar urna. Integer at mi elit. Phasellus vitae rutrum sem. Vivamus et mauris ac nisl congue congue eu eget elit. Nullam at quam velit. Pellentesque dictum, diam nec tempor aliquet, tortor justo fermentum sapien, at condimentum turpis elit vel sapien. Aenean rutrum tellus sodales tortor viverra eleifend.

Donec facilisis, diam efficitur maximus ultrices, enim lectus rutrum elit, eget malesuada mi justo dapibus enim. Maecenas finibus euismod nulla quis dignissim. Sed dictum ante rutrum turpis euismod laoreet. Sed placerat tellus leo. In ut lobortis lorem. Nullam vitae lectus egestas urna tincidunt aliquet. Ut sagittis vel enim eget malesuada. Cras in congue tortor. Interdum et malesuada fames ac ante ipsum primis in faucibus. Nunc tempus consequat neque, et eleifend nulla aliquam eu.",Author 159,3,ghi-nho-sieu-toc-tu-vung-tieng-han-lam-chu-2000-tu-vung-thong-dung-va-goc-tu-han-han,NXB 159,2007,481
https://cdn1.fahasa.com/media/catalog/product/i/m/image_200734.jpg,6000 Từ Vựng Y Học Song Ngữ Hàn - Việt,85000,52,9780085479556,"Lorem ipsum dolor sit amet, consectetur adipiscing elit. Nam congue vel tellus non luctus. Vestibulum vitae nunc lorem. Sed lacinia lectus vel augue imperdiet ultricies. Donec id venenatis ex, vitae pretium ligula. Sed nulla eros, dignissim at feugiat non, posuere sit amet urna. Ut eu porttitor tellus. Cras eu massa nulla. Morbi porta fermentum elit eu iaculis. Pellentesque hendrerit venenatis purus at feugiat. Pellentesque vitae feugiat purus. Donec mattis rhoncus lacinia. Sed quam diam, molestie id laoreet eu, lacinia ac turpis. Cras tincidunt lobortis elit quis aliquam. Proin et massa libero.

Aliquam id pharetra arcu. Vivamus vitae mattis ligula. Sed efficitur urna vitae scelerisque tempor. Proin purus magna, vulputate eu ligula a, vehicula malesuada enim. Curabitur aliquet rutrum enim et tincidunt. Vestibulum ante ipsum primis in faucibus orci luctus et ultrices posuere cubilia curae; Vivamus pharetra enim leo, nec molestie nibh consectetur quis. Class aptent taciti sociosqu ad litora torquent per conubia nostra, per inceptos himenaeos. Nunc quis maximus elit, vitae pulvinar urna. Integer at mi elit. Phasellus vitae rutrum sem. Vivamus et mauris ac nisl congue congue eu eget elit. Nullam at quam velit. Pellentesque dictum, diam nec tempor aliquet, tortor justo fermentum sapien, at condimentum turpis elit vel sapien. Aenean rutrum tellus sodales tortor viverra eleifend.

Donec facilisis, diam efficitur maximus ultrices, enim lectus rutrum elit, eget malesuada mi justo dapibus enim. Maecenas finibus euismod nulla quis dignissim. Sed dictum ante rutrum turpis euismod laoreet. Sed placerat tellus leo. In ut lobortis lorem. Nullam vitae lectus egestas urna tincidunt aliquet. Ut sagittis vel enim eget malesuada. Cras in congue tortor. Interdum et malesuada fames ac ante ipsum primis in faucibus. Nunc tempus consequat neque, et eleifend nulla aliquam eu.",Author 160,3,6000-tu-vung-y-hoc-song-ngu-han-viet,NXB 160,2013,315
https://cdn1.fahasa.com/media/catalog/product/8/9/8935246945056.jpg,Cẩm Nang 1300 Câu Giao Tiếp Tiếng Hàn Theo Chủ Đề,131000,52,9780085479557,"Lorem ipsum dolor sit amet, consectetur adipiscing elit. Nam congue vel tellus non luctus. Vestibulum vitae nunc lorem. Sed lacinia lectus vel augue imperdiet ultricies. Donec id venenatis ex, vitae pretium ligula. Sed nulla eros, dignissim at feugiat non, posuere sit amet urna. Ut eu porttitor tellus. Cras eu massa nulla. Morbi porta fermentum elit eu iaculis. Pellentesque hendrerit venenatis purus at feugiat. Pellentesque vitae feugiat purus. Donec mattis rhoncus lacinia. Sed quam diam, molestie id laoreet eu, lacinia ac turpis. Cras tincidunt lobortis elit quis aliquam. Proin et massa libero.

Aliquam id pharetra arcu. Vivamus vitae mattis ligula. Sed efficitur urna vitae scelerisque tempor. Proin purus magna, vulputate eu ligula a, vehicula malesuada enim. Curabitur aliquet rutrum enim et tincidunt. Vestibulum ante ipsum primis in faucibus orci luctus et ultrices posuere cubilia curae; Vivamus pharetra enim leo, nec molestie nibh consectetur quis. Class aptent taciti sociosqu ad litora torquent per conubia nostra, per inceptos himenaeos. Nunc quis maximus elit, vitae pulvinar urna. Integer at mi elit. Phasellus vitae rutrum sem. Vivamus et mauris ac nisl congue congue eu eget elit. Nullam at quam velit. Pellentesque dictum, diam nec tempor aliquet, tortor justo fermentum sapien, at condimentum turpis elit vel sapien. Aenean rutrum tellus sodales tortor viverra eleifend.

Donec facilisis, diam efficitur maximus ultrices, enim lectus rutrum elit, eget malesuada mi justo dapibus enim. Maecenas finibus euismod nulla quis dignissim. Sed dictum ante rutrum turpis euismod laoreet. Sed placerat tellus leo. In ut lobortis lorem. Nullam vitae lectus egestas urna tincidunt aliquet. Ut sagittis vel enim eget malesuada. Cras in congue tortor. Interdum et malesuada fames ac ante ipsum primis in faucibus. Nunc tempus consequat neque, et eleifend nulla aliquam eu.",Author 161,6,cam-nang-1300-cau-giao-tiep-tieng-han-theo-chu-de,NXB 161,2011,313
https://cdn1.fahasa.com/media/catalog/product/i/m/image_183278.jpg,Làm Chủ Ngữ Pháp Tiếng Hàn - Dành Cho Người Bắt Đầu,229500,52,9780085479558,"Lorem ipsum dolor sit amet, consectetur adipiscing elit. Nam congue vel tellus non luctus. Vestibulum vitae nunc lorem. Sed lacinia lectus vel augue imperdiet ultricies. Donec id venenatis ex, vitae pretium ligula. Sed nulla eros, dignissim at feugiat non, posuere sit amet urna. Ut eu porttitor tellus. Cras eu massa nulla. Morbi porta fermentum elit eu iaculis. Pellentesque hendrerit venenatis purus at feugiat. Pellentesque vitae feugiat purus. Donec mattis rhoncus lacinia. Sed quam diam, molestie id laoreet eu, lacinia ac turpis. Cras tincidunt lobortis elit quis aliquam. Proin et massa libero.

Aliquam id pharetra arcu. Vivamus vitae mattis ligula. Sed efficitur urna vitae scelerisque tempor. Proin purus magna, vulputate eu ligula a, vehicula malesuada enim. Curabitur aliquet rutrum enim et tincidunt. Vestibulum ante ipsum primis in faucibus orci luctus et ultrices posuere cubilia curae; Vivamus pharetra enim leo, nec molestie nibh consectetur quis. Class aptent taciti sociosqu ad litora torquent per conubia nostra, per inceptos himenaeos. Nunc quis maximus elit, vitae pulvinar urna. Integer at mi elit. Phasellus vitae rutrum sem. Vivamus et mauris ac nisl congue congue eu eget elit. Nullam at quam velit. Pellentesque dictum, diam nec tempor aliquet, tortor justo fermentum sapien, at condimentum turpis elit vel sapien. Aenean rutrum tellus sodales tortor viverra eleifend.

Donec facilisis, diam efficitur maximus ultrices, enim lectus rutrum elit, eget malesuada mi justo dapibus enim. Maecenas finibus euismod nulla quis dignissim. Sed dictum ante rutrum turpis euismod laoreet. Sed placerat tellus leo. In ut lobortis lorem. Nullam vitae lectus egestas urna tincidunt aliquet. Ut sagittis vel enim eget malesuada. Cras in congue tortor. Interdum et malesuada fames ac ante ipsum primis in faucibus. Nunc tempus consequat neque, et eleifend nulla aliquam eu.",Author 162,10,lam-chu-ngu-phap-tieng-han-danh-cho-nguoi-bat-dau,NXB 162,2006,468
https://cdn1.fahasa.com/media/catalog/product/i/m/image_208375.jpg,Đàm Thoại Tiếng Hàn Trong Tình Huống Thực Tế,92000,52,9780085479559,"Lorem ipsum dolor sit amet, consectetur adipiscing elit. Nam congue vel tellus non luctus. Vestibulum vitae nunc lorem. Sed lacinia lectus vel augue imperdiet ultricies. Donec id venenatis ex, vitae pretium ligula. Sed nulla eros, dignissim at feugiat non, posuere sit amet urna. Ut eu porttitor tellus. Cras eu massa nulla. Morbi porta fermentum elit eu iaculis. Pellentesque hendrerit venenatis purus at feugiat. Pellentesque vitae feugiat purus. Donec mattis rhoncus lacinia. Sed quam diam, molestie id laoreet eu, lacinia ac turpis. Cras tincidunt lobortis elit quis aliquam. Proin et massa libero.

Aliquam id pharetra arcu. Vivamus vitae mattis ligula. Sed efficitur urna vitae scelerisque tempor. Proin purus magna, vulputate eu ligula a, vehicula malesuada enim. Curabitur aliquet rutrum enim et tincidunt. Vestibulum ante ipsum primis in faucibus orci luctus et ultrices posuere cubilia curae; Vivamus pharetra enim leo, nec molestie nibh consectetur quis. Class aptent taciti sociosqu ad litora torquent per conubia nostra, per inceptos himenaeos. Nunc quis maximus elit, vitae pulvinar urna. Integer at mi elit. Phasellus vitae rutrum sem. Vivamus et mauris ac nisl congue congue eu eget elit. Nullam at quam velit. Pellentesque dictum, diam nec tempor aliquet, tortor justo fermentum sapien, at condimentum turpis elit vel sapien. Aenean rutrum tellus sodales tortor viverra eleifend.

Donec facilisis, diam efficitur maximus ultrices, enim lectus rutrum elit, eget malesuada mi justo dapibus enim. Maecenas finibus euismod nulla quis dignissim. Sed dictum ante rutrum turpis euismod laoreet. Sed placerat tellus leo. In ut lobortis lorem. Nullam vitae lectus egestas urna tincidunt aliquet. Ut sagittis vel enim eget malesuada. Cras in congue tortor. Interdum et malesuada fames ac ante ipsum primis in faucibus. Nunc tempus consequat neque, et eleifend nulla aliquam eu.",Author 163,3,dam-thoai-tieng-han-trong-tinh-huong-thuc-te,NXB 163,2000,297
https://cdn1.fahasa.com/media/catalog/product/8/9/8935246945391.jpg,77 Văn Hóa Hàn Quốc Trong Đời Sống Thường Nhật,209000,52,9780085479560,"Lorem ipsum dolor sit amet, consectetur adipiscing elit. Nam congue vel tellus non luctus. Vestibulum vitae nunc lorem. Sed lacinia lectus vel augue imperdiet ultricies. Donec id venenatis ex, vitae pretium ligula. Sed nulla eros, dignissim at feugiat non, posuere sit amet urna. Ut eu porttitor tellus. Cras eu massa nulla. Morbi porta fermentum elit eu iaculis. Pellentesque hendrerit venenatis purus at feugiat. Pellentesque vitae feugiat purus. Donec mattis rhoncus lacinia. Sed quam diam, molestie id laoreet eu, lacinia ac turpis. Cras tincidunt lobortis elit quis aliquam. Proin et massa libero.

Aliquam id pharetra arcu. Vivamus vitae mattis ligula. Sed efficitur urna vitae scelerisque tempor. Proin purus magna, vulputate eu ligula a, vehicula malesuada enim. Curabitur aliquet rutrum enim et tincidunt. Vestibulum ante ipsum primis in faucibus orci luctus et ultrices posuere cubilia curae; Vivamus pharetra enim leo, nec molestie nibh consectetur quis. Class aptent taciti sociosqu ad litora torquent per conubia nostra, per inceptos himenaeos. Nunc quis maximus elit, vitae pulvinar urna. Integer at mi elit. Phasellus vitae rutrum sem. Vivamus et mauris ac nisl congue congue eu eget elit. Nullam at quam velit. Pellentesque dictum, diam nec tempor aliquet, tortor justo fermentum sapien, at condimentum turpis elit vel sapien. Aenean rutrum tellus sodales tortor viverra eleifend.

Donec facilisis, diam efficitur maximus ultrices, enim lectus rutrum elit, eget malesuada mi justo dapibus enim. Maecenas finibus euismod nulla quis dignissim. Sed dictum ante rutrum turpis euismod laoreet. Sed placerat tellus leo. In ut lobortis lorem. Nullam vitae lectus egestas urna tincidunt aliquet. Ut sagittis vel enim eget malesuada. Cras in congue tortor. Interdum et malesuada fames ac ante ipsum primis in faucibus. Nunc tempus consequat neque, et eleifend nulla aliquam eu.",Author 164,3,77-van-hoa-han-quoc-trong-doi-song-thuong-nhat,NXB 164,2015,277
https://cdn1.fahasa.com/media/catalog/product/i/m/image_184797.jpg,Từ Vựng Tiếng Hàn Theo Chủ Đề (Tái Bản - Kèm Đĩa Cd),76000,52,9780085479561,"Lorem ipsum dolor sit amet, consectetur adipiscing elit. Nam congue vel tellus non luctus. Vestibulum vitae nunc lorem. Sed lacinia lectus vel augue imperdiet ultricies. Donec id venenatis ex, vitae pretium ligula. Sed nulla eros, dignissim at feugiat non, posuere sit amet urna. Ut eu porttitor tellus. Cras eu massa nulla. Morbi porta fermentum elit eu iaculis. Pellentesque hendrerit venenatis purus at feugiat. Pellentesque vitae feugiat purus. Donec mattis rhoncus lacinia. Sed quam diam, molestie id laoreet eu, lacinia ac turpis. Cras tincidunt lobortis elit quis aliquam. Proin et massa libero.

Aliquam id pharetra arcu. Vivamus vitae mattis ligula. Sed efficitur urna vitae scelerisque tempor. Proin purus magna, vulputate eu ligula a, vehicula malesuada enim. Curabitur aliquet rutrum enim et tincidunt. Vestibulum ante ipsum primis in faucibus orci luctus et ultrices posuere cubilia curae; Vivamus pharetra enim leo, nec molestie nibh consectetur quis. Class aptent taciti sociosqu ad litora torquent per conubia nostra, per inceptos himenaeos. Nunc quis maximus elit, vitae pulvinar urna. Integer at mi elit. Phasellus vitae rutrum sem. Vivamus et mauris ac nisl congue congue eu eget elit. Nullam at quam velit. Pellentesque dictum, diam nec tempor aliquet, tortor justo fermentum sapien, at condimentum turpis elit vel sapien. Aenean rutrum tellus sodales tortor viverra eleifend.

Donec facilisis, diam efficitur maximus ultrices, enim lectus rutrum elit, eget malesuada mi justo dapibus enim. Maecenas finibus euismod nulla quis dignissim. Sed dictum ante rutrum turpis euismod laoreet. Sed placerat tellus leo. In ut lobortis lorem. Nullam vitae lectus egestas urna tincidunt aliquet. Ut sagittis vel enim eget malesuada. Cras in congue tortor. Interdum et malesuada fames ac ante ipsum primis in faucibus. Nunc tempus consequat neque, et eleifend nulla aliquam eu.",Author 165,7,tu-vung-tieng-han-theo-chu-de-tai-ban-kem-dia-cd,NXB 165,2018,348
https://cdn1.fahasa.com/media/catalog/product/i/m/image_217160.jpg,Quick Korean - Nói Tiếng Hàn Cấp Tốc,168000,52,9780085479562,"Lorem ipsum dolor sit amet, consectetur adipiscing elit. Nam congue vel tellus non luctus. Vestibulum vitae nunc lorem. Sed lacinia lectus vel augue imperdiet ultricies. Donec id venenatis ex, vitae pretium ligula. Sed nulla eros, dignissim at feugiat non, posuere sit amet urna. Ut eu porttitor tellus. Cras eu massa nulla. Morbi porta fermentum elit eu iaculis. Pellentesque hendrerit venenatis purus at feugiat. Pellentesque vitae feugiat purus. Donec mattis rhoncus lacinia. Sed quam diam, molestie id laoreet eu, lacinia ac turpis. Cras tincidunt lobortis elit quis aliquam. Proin et massa libero.

Aliquam id pharetra arcu. Vivamus vitae mattis ligula. Sed efficitur urna vitae scelerisque tempor. Proin purus magna, vulputate eu ligula a, vehicula malesuada enim. Curabitur aliquet rutrum enim et tincidunt. Vestibulum ante ipsum primis in faucibus orci luctus et ultrices posuere cubilia curae; Vivamus pharetra enim leo, nec molestie nibh consectetur quis. Class aptent taciti sociosqu ad litora torquent per conubia nostra, per inceptos himenaeos. Nunc quis maximus elit, vitae pulvinar urna. Integer at mi elit. Phasellus vitae rutrum sem. Vivamus et mauris ac nisl congue congue eu eget elit. Nullam at quam velit. Pellentesque dictum, diam nec tempor aliquet, tortor justo fermentum sapien, at condimentum turpis elit vel sapien. Aenean rutrum tellus sodales tortor viverra eleifend.

Donec facilisis, diam efficitur maximus ultrices, enim lectus rutrum elit, eget malesuada mi justo dapibus enim. Maecenas finibus euismod nulla quis dignissim. Sed dictum ante rutrum turpis euismod laoreet. Sed placerat tellus leo. In ut lobortis lorem. Nullam vitae lectus egestas urna tincidunt aliquet. Ut sagittis vel enim eget malesuada. Cras in congue tortor. Interdum et malesuada fames ac ante ipsum primis in faucibus. Nunc tempus consequat neque, et eleifend nulla aliquam eu.",Author 166,4,quick-korean-noi-tieng-han-cap-toc,NXB 166,2012,498
https://cdn1.fahasa.com/media/catalog/product/i/m/image_220078.jpg,Kỳ Thi Năng Lực Tiếng Hàn Topik II - Thi Là Đậu,289000,52,9780085479563,"Lorem ipsum dolor sit amet, consectetur adipiscing elit. Nam congue vel tellus non luctus. Vestibulum vitae nunc lorem. Sed lacinia lectus vel augue imperdiet ultricies. Donec id venenatis ex, vitae pretium ligula. Sed nulla eros, dignissim at feugiat non, posuere sit amet urna. Ut eu porttitor tellus. Cras eu massa nulla. Morbi porta fermentum elit eu iaculis. Pellentesque hendrerit venenatis purus at feugiat. Pellentesque vitae feugiat purus. Donec mattis rhoncus lacinia. Sed quam diam, molestie id laoreet eu, lacinia ac turpis. Cras tincidunt lobortis elit quis aliquam. Proin et massa libero.

Aliquam id pharetra arcu. Vivamus vitae mattis ligula. Sed efficitur urna vitae scelerisque tempor. Proin purus magna, vulputate eu ligula a, vehicula malesuada enim. Curabitur aliquet rutrum enim et tincidunt. Vestibulum ante ipsum primis in faucibus orci luctus et ultrices posuere cubilia curae; Vivamus pharetra enim leo, nec molestie nibh consectetur quis. Class aptent taciti sociosqu ad litora torquent per conubia nostra, per inceptos himenaeos. Nunc quis maximus elit, vitae pulvinar urna. Integer at mi elit. Phasellus vitae rutrum sem. Vivamus et mauris ac nisl congue congue eu eget elit. Nullam at quam velit. Pellentesque dictum, diam nec tempor aliquet, tortor justo fermentum sapien, at condimentum turpis elit vel sapien. Aenean rutrum tellus sodales tortor viverra eleifend.

Donec facilisis, diam efficitur maximus ultrices, enim lectus rutrum elit, eget malesuada mi justo dapibus enim. Maecenas finibus euismod nulla quis dignissim. Sed dictum ante rutrum turpis euismod laoreet. Sed placerat tellus leo. In ut lobortis lorem. Nullam vitae lectus egestas urna tincidunt aliquet. Ut sagittis vel enim eget malesuada. Cras in congue tortor. Interdum et malesuada fames ac ante ipsum primis in faucibus. Nunc tempus consequat neque, et eleifend nulla aliquam eu.",Author 167,2,ky-thi-nang-luc-tieng-han-topik-ii-thi-la-dau,NXB 167,2008,148
https://cdn1.fahasa.com/media/catalog/product/8/9/8935246945063.jpg,Sổ Tay 169 Mẫu Văn Bản Tiếng Hàn Công Sở - 한국어 문서양식,172000,52,9780085479564,"Lorem ipsum dolor sit amet, consectetur adipiscing elit. Nam congue vel tellus non luctus. Vestibulum vitae nunc lorem. Sed lacinia lectus vel augue imperdiet ultricies. Donec id venenatis ex, vitae pretium ligula. Sed nulla eros, dignissim at feugiat non, posuere sit amet urna. Ut eu porttitor tellus. Cras eu massa nulla. Morbi porta fermentum elit eu iaculis. Pellentesque hendrerit venenatis purus at feugiat. Pellentesque vitae feugiat purus. Donec mattis rhoncus lacinia. Sed quam diam, molestie id laoreet eu, lacinia ac turpis. Cras tincidunt lobortis elit quis aliquam. Proin et massa libero.

Aliquam id pharetra arcu. Vivamus vitae mattis ligula. Sed efficitur urna vitae scelerisque tempor. Proin purus magna, vulputate eu ligula a, vehicula malesuada enim. Curabitur aliquet rutrum enim et tincidunt. Vestibulum ante ipsum primis in faucibus orci luctus et ultrices posuere cubilia curae; Vivamus pharetra enim leo, nec molestie nibh consectetur quis. Class aptent taciti sociosqu ad litora torquent per conubia nostra, per inceptos himenaeos. Nunc quis maximus elit, vitae pulvinar urna. Integer at mi elit. Phasellus vitae rutrum sem. Vivamus et mauris ac nisl congue congue eu eget elit. Nullam at quam velit. Pellentesque dictum, diam nec tempor aliquet, tortor justo fermentum sapien, at condimentum turpis elit vel sapien. Aenean rutrum tellus sodales tortor viverra eleifend.

Donec facilisis, diam efficitur maximus ultrices, enim lectus rutrum elit, eget malesuada mi justo dapibus enim. Maecenas finibus euismod nulla quis dignissim. Sed dictum ante rutrum turpis euismod laoreet. Sed placerat tellus leo. In ut lobortis lorem. Nullam vitae lectus egestas urna tincidunt aliquet. Ut sagittis vel enim eget malesuada. Cras in congue tortor. Interdum et malesuada fames ac ante ipsum primis in faucibus. Nunc tempus consequat neque, et eleifend nulla aliquam eu.",Author 168,3,so-tay-169-mau-van-ban-tieng-han-cong-so,NXB 168,2011,479
https://cdn1.fahasa.com/media/catalog/product/i/m/image_186614.jpg,Làm Chủ Ngữ Pháp Tiếng Hàn 3 - Trình Độ Cao Cấp,102500,52,9780085479565,"Lorem ipsum dolor sit amet, consectetur adipiscing elit. Nam congue vel tellus non luctus. Vestibulum vitae nunc lorem. Sed lacinia lectus vel augue imperdiet ultricies. Donec id venenatis ex, vitae pretium ligula. Sed nulla eros, dignissim at feugiat non, posuere sit amet urna. Ut eu porttitor tellus. Cras eu massa nulla. Morbi porta fermentum elit eu iaculis. Pellentesque hendrerit venenatis purus at feugiat. Pellentesque vitae feugiat purus. Donec mattis rhoncus lacinia. Sed quam diam, molestie id laoreet eu, lacinia ac turpis. Cras tincidunt lobortis elit quis aliquam. Proin et massa libero.

Aliquam id pharetra arcu. Vivamus vitae mattis ligula. Sed efficitur urna vitae scelerisque tempor. Proin purus magna, vulputate eu ligula a, vehicula malesuada enim. Curabitur aliquet rutrum enim et tincidunt. Vestibulum ante ipsum primis in faucibus orci luctus et ultrices posuere cubilia curae; Vivamus pharetra enim leo, nec molestie nibh consectetur quis. Class aptent taciti sociosqu ad litora torquent per conubia nostra, per inceptos himenaeos. Nunc quis maximus elit, vitae pulvinar urna. Integer at mi elit. Phasellus vitae rutrum sem. Vivamus et mauris ac nisl congue congue eu eget elit. Nullam at quam velit. Pellentesque dictum, diam nec tempor aliquet, tortor justo fermentum sapien, at condimentum turpis elit vel sapien. Aenean rutrum tellus sodales tortor viverra eleifend.

Donec facilisis, diam efficitur maximus ultrices, enim lectus rutrum elit, eget malesuada mi justo dapibus enim. Maecenas finibus euismod nulla quis dignissim. Sed dictum ante rutrum turpis euismod laoreet. Sed placerat tellus leo. In ut lobortis lorem. Nullam vitae lectus egestas urna tincidunt aliquet. Ut sagittis vel enim eget malesuada. Cras in congue tortor. Interdum et malesuada fames ac ante ipsum primis in faucibus. Nunc tempus consequat neque, et eleifend nulla aliquam eu.",Author 169,2,lam-chu-ngu-phap-tieng-han-3-trinh-do-cao-cap,NXB 169,2023,430
https://cdn1.fahasa.com/media/catalog/product/i/m/image_223616.jpg,5000 Từ Vựng Tiếng Hàn Thông Dụng (Tái Bản 2020),113500,52,9780085479566,"Lorem ipsum dolor sit amet, consectetur adipiscing elit. Nam congue vel tellus non luctus. Vestibulum vitae nunc lorem. Sed lacinia lectus vel augue imperdiet ultricies. Donec id venenatis ex, vitae pretium ligula. Sed nulla eros, dignissim at feugiat non, posuere sit amet urna. Ut eu porttitor tellus. Cras eu massa nulla. Morbi porta fermentum elit eu iaculis. Pellentesque hendrerit venenatis purus at feugiat. Pellentesque vitae feugiat purus. Donec mattis rhoncus lacinia. Sed quam diam, molestie id laoreet eu, lacinia ac turpis. Cras tincidunt lobortis elit quis aliquam. Proin et massa libero.

Aliquam id pharetra arcu. Vivamus vitae mattis ligula. Sed efficitur urna vitae scelerisque tempor. Proin purus magna, vulputate eu ligula a, vehicula malesuada enim. Curabitur aliquet rutrum enim et tincidunt. Vestibulum ante ipsum primis in faucibus orci luctus et ultrices posuere cubilia curae; Vivamus pharetra enim leo, nec molestie nibh consectetur quis. Class aptent taciti sociosqu ad litora torquent per conubia nostra, per inceptos himenaeos. Nunc quis maximus elit, vitae pulvinar urna. Integer at mi elit. Phasellus vitae rutrum sem. Vivamus et mauris ac nisl congue congue eu eget elit. Nullam at quam velit. Pellentesque dictum, diam nec tempor aliquet, tortor justo fermentum sapien, at condimentum turpis elit vel sapien. Aenean rutrum tellus sodales tortor viverra eleifend.

Donec facilisis, diam efficitur maximus ultrices, enim lectus rutrum elit, eget malesuada mi justo dapibus enim. Maecenas finibus euismod nulla quis dignissim. Sed dictum ante rutrum turpis euismod laoreet. Sed placerat tellus leo. In ut lobortis lorem. Nullam vitae lectus egestas urna tincidunt aliquet. Ut sagittis vel enim eget malesuada. Cras in congue tortor. Interdum et malesuada fames ac ante ipsum primis in faucibus. Nunc tempus consequat neque, et eleifend nulla aliquam eu.",Author 170,9,5000-tu-vung-tieng-han-thong-dung-tai-ban-2020,NXB 170,2021,146
https://cdn1.fahasa.com/media/catalog/product/8/9/8935246945889.jpg,All In One Korean - Sổ Tay Mind Map Ngữ Pháp Tiếng Hàn Cơ Bản Dành Cho Người Mới Bắt Đầu,129500,52,9780085479567,"Lorem ipsum dolor sit amet, consectetur adipiscing elit. Nam congue vel tellus non luctus. Vestibulum vitae nunc lorem. Sed lacinia lectus vel augue imperdiet ultricies. Donec id venenatis ex, vitae pretium ligula. Sed nulla eros, dignissim at feugiat non, posuere sit amet urna. Ut eu porttitor tellus. Cras eu massa nulla. Morbi porta fermentum elit eu iaculis. Pellentesque hendrerit venenatis purus at feugiat. Pellentesque vitae feugiat purus. Donec mattis rhoncus lacinia. Sed quam diam, molestie id laoreet eu, lacinia ac turpis. Cras tincidunt lobortis elit quis aliquam. Proin et massa libero.

Aliquam id pharetra arcu. Vivamus vitae mattis ligula. Sed efficitur urna vitae scelerisque tempor. Proin purus magna, vulputate eu ligula a, vehicula malesuada enim. Curabitur aliquet rutrum enim et tincidunt. Vestibulum ante ipsum primis in faucibus orci luctus et ultrices posuere cubilia curae; Vivamus pharetra enim leo, nec molestie nibh consectetur quis. Class aptent taciti sociosqu ad litora torquent per conubia nostra, per inceptos himenaeos. Nunc quis maximus elit, vitae pulvinar urna. Integer at mi elit. Phasellus vitae rutrum sem. Vivamus et mauris ac nisl congue congue eu eget elit. Nullam at quam velit. Pellentesque dictum, diam nec tempor aliquet, tortor justo fermentum sapien, at condimentum turpis elit vel sapien. Aenean rutrum tellus sodales tortor viverra eleifend.

Donec facilisis, diam efficitur maximus ultrices, enim lectus rutrum elit, eget malesuada mi justo dapibus enim. Maecenas finibus euismod nulla quis dignissim. Sed dictum ante rutrum turpis euismod laoreet. Sed placerat tellus leo. In ut lobortis lorem. Nullam vitae lectus egestas urna tincidunt aliquet. Ut sagittis vel enim eget malesuada. Cras in congue tortor. Interdum et malesuada fames ac ante ipsum primis in faucibus. Nunc tempus consequat neque, et eleifend nulla aliquam eu.",Author 171,8,all-in-one-korean-so-tay-mind-map-ngu-phap-tieng-han-co-ban,NXB 171,2014,328
https://cdn1.fahasa.com/media/catalog/product/i/m/image_190570.jpg,10 Học Tiếng Hàn Mỗi Ngày,74000,52,9780085479568,"Lorem ipsum dolor sit amet, consectetur adipiscing elit. Nam congue vel tellus non luctus. Vestibulum vitae nunc lorem. Sed lacinia lectus vel augue imperdiet ultricies. Donec id venenatis ex, vitae pretium ligula. Sed nulla eros, dignissim at feugiat non, posuere sit amet urna. Ut eu porttitor tellus. Cras eu massa nulla. Morbi porta fermentum elit eu iaculis. Pellentesque hendrerit venenatis purus at feugiat. Pellentesque vitae feugiat purus. Donec mattis rhoncus lacinia. Sed quam diam, molestie id laoreet eu, lacinia ac turpis. Cras tincidunt lobortis elit quis aliquam. Proin et massa libero.

Aliquam id pharetra arcu. Vivamus vitae mattis ligula. Sed efficitur urna vitae scelerisque tempor. Proin purus magna, vulputate eu ligula a, vehicula malesuada enim. Curabitur aliquet rutrum enim et tincidunt. Vestibulum ante ipsum primis in faucibus orci luctus et ultrices posuere cubilia curae; Vivamus pharetra enim leo, nec molestie nibh consectetur quis. Class aptent taciti sociosqu ad litora torquent per conubia nostra, per inceptos himenaeos. Nunc quis maximus elit, vitae pulvinar urna. Integer at mi elit. Phasellus vitae rutrum sem. Vivamus et mauris ac nisl congue congue eu eget elit. Nullam at quam velit. Pellentesque dictum, diam nec tempor aliquet, tortor justo fermentum sapien, at condimentum turpis elit vel sapien. Aenean rutrum tellus sodales tortor viverra eleifend.

Donec facilisis, diam efficitur maximus ultrices, enim lectus rutrum elit, eget malesuada mi justo dapibus enim. Maecenas finibus euismod nulla quis dignissim. Sed dictum ante rutrum turpis euismod laoreet. Sed placerat tellus leo. In ut lobortis lorem. Nullam vitae lectus egestas urna tincidunt aliquet. Ut sagittis vel enim eget malesuada. Cras in congue tortor. Interdum et malesuada fames ac ante ipsum primis in faucibus. Nunc tempus consequat neque, et eleifend nulla aliquam eu.",Author 172,3,10-hoc-tieng-han-moi-ngay,NXB 172,2012,170
https://cdn1.fahasa.com/media/catalog/product/i/m/image_192622_1.jpg,Từ Vựng Tiếng Hàn Theo Chủ Đề (Dành Cho Hs Sv),40000,52,9780085479569,"Lorem ipsum dolor sit amet, consectetur adipiscing elit. Nam congue vel tellus non luctus. Vestibulum vitae nunc lorem. Sed lacinia lectus vel augue imperdiet ultricies. Donec id venenatis ex, vitae pretium ligula. Sed nulla eros, dignissim at feugiat non, posuere sit amet urna. Ut eu porttitor tellus. Cras eu massa nulla. Morbi porta fermentum elit eu iaculis. Pellentesque hendrerit venenatis purus at feugiat. Pellentesque vitae feugiat purus. Donec mattis rhoncus lacinia. Sed quam diam, molestie id laoreet eu, lacinia ac turpis. Cras tincidunt lobortis elit quis aliquam. Proin et massa libero.

Aliquam id pharetra arcu. Vivamus vitae mattis ligula. Sed efficitur urna vitae scelerisque tempor. Proin purus magna, vulputate eu ligula a, vehicula malesuada enim. Curabitur aliquet rutrum enim et tincidunt. Vestibulum ante ipsum primis in faucibus orci luctus et ultrices posuere cubilia curae; Vivamus pharetra enim leo, nec molestie nibh consectetur quis. Class aptent taciti sociosqu ad litora torquent per conubia nostra, per inceptos himenaeos. Nunc quis maximus elit, vitae pulvinar urna. Integer at mi elit. Phasellus vitae rutrum sem. Vivamus et mauris ac nisl congue congue eu eget elit. Nullam at quam velit. Pellentesque dictum, diam nec tempor aliquet, tortor justo fermentum sapien, at condimentum turpis elit vel sapien. Aenean rutrum tellus sodales tortor viverra eleifend.

Donec facilisis, diam efficitur maximus ultrices, enim lectus rutrum elit, eget malesuada mi justo dapibus enim. Maecenas finibus euismod nulla quis dignissim. Sed dictum ante rutrum turpis euismod laoreet. Sed placerat tellus leo. In ut lobortis lorem. Nullam vitae lectus egestas urna tincidunt aliquet. Ut sagittis vel enim eget malesuada. Cras in congue tortor. Interdum et malesuada fames ac ante ipsum primis in faucibus. Nunc tempus consequat neque, et eleifend nulla aliquam eu.",Author 173,2,tu-vung-tieng-han-theo-chu-de-danh-cho-hs-sv,NXB 173,2003,275
https://cdn1.fahasa.com/media/catalog/product/9/7/9786045859377_thanh_ly.jpg,Tiếng Hàn Thực Hành,84000,52,9780085479570,"Lorem ipsum dolor sit amet, consectetur adipiscing elit. Nam congue vel tellus non luctus. Vestibulum vitae nunc lorem. Sed lacinia lectus vel augue imperdiet ultricies. Donec id venenatis ex, vitae pretium ligula. Sed nulla eros, dignissim at feugiat non, posuere sit amet urna. Ut eu porttitor tellus. Cras eu massa nulla. Morbi porta fermentum elit eu iaculis. Pellentesque hendrerit venenatis purus at feugiat. Pellentesque vitae feugiat purus. Donec mattis rhoncus lacinia. Sed quam diam, molestie id laoreet eu, lacinia ac turpis. Cras tincidunt lobortis elit quis aliquam. Proin et massa libero.

Aliquam id pharetra arcu. Vivamus vitae mattis ligula. Sed efficitur urna vitae scelerisque tempor. Proin purus magna, vulputate eu ligula a, vehicula malesuada enim. Curabitur aliquet rutrum enim et tincidunt. Vestibulum ante ipsum primis in faucibus orci luctus et ultrices posuere cubilia curae; Vivamus pharetra enim leo, nec molestie nibh consectetur quis. Class aptent taciti sociosqu ad litora torquent per conubia nostra, per inceptos himenaeos. Nunc quis maximus elit, vitae pulvinar urna. Integer at mi elit. Phasellus vitae rutrum sem. Vivamus et mauris ac nisl congue congue eu eget elit. Nullam at quam velit. Pellentesque dictum, diam nec tempor aliquet, tortor justo fermentum sapien, at condimentum turpis elit vel sapien. Aenean rutrum tellus sodales tortor viverra eleifend.

Donec facilisis, diam efficitur maximus ultrices, enim lectus rutrum elit, eget malesuada mi justo dapibus enim. Maecenas finibus euismod nulla quis dignissim. Sed dictum ante rutrum turpis euismod laoreet. Sed placerat tellus leo. In ut lobortis lorem. Nullam vitae lectus egestas urna tincidunt aliquet. Ut sagittis vel enim eget malesuada. Cras in congue tortor. Interdum et malesuada fames ac ante ipsum primis in faucibus. Nunc tempus consequat neque, et eleifend nulla aliquam eu.",Author 174,4,tieng-han-thuc-hanh,NXB 174,2010,100
https://cdn1.fahasa.com/media/catalog/product/i/m/image_193426.jpg,Tiếng Hàn Dành Cho Người Bận Rộn,84000,52,9780085479571,"Lorem ipsum dolor sit amet, consectetur adipiscing elit. Nam congue vel tellus non luctus. Vestibulum vitae nunc lorem. Sed lacinia lectus vel augue imperdiet ultricies. Donec id venenatis ex, vitae pretium ligula. Sed nulla eros, dignissim at feugiat non, posuere sit amet urna. Ut eu porttitor tellus. Cras eu massa nulla. Morbi porta fermentum elit eu iaculis. Pellentesque hendrerit venenatis purus at feugiat. Pellentesque vitae feugiat purus. Donec mattis rhoncus lacinia. Sed quam diam, molestie id laoreet eu, lacinia ac turpis. Cras tincidunt lobortis elit quis aliquam. Proin et massa libero.

Aliquam id pharetra arcu. Vivamus vitae mattis ligula. Sed efficitur urna vitae scelerisque tempor. Proin purus magna, vulputate eu ligula a, vehicula malesuada enim. Curabitur aliquet rutrum enim et tincidunt. Vestibulum ante ipsum primis in faucibus orci luctus et ultrices posuere cubilia curae; Vivamus pharetra enim leo, nec molestie nibh consectetur quis. Class aptent taciti sociosqu ad litora torquent per conubia nostra, per inceptos himenaeos. Nunc quis maximus elit, vitae pulvinar urna. Integer at mi elit. Phasellus vitae rutrum sem. Vivamus et mauris ac nisl congue congue eu eget elit. Nullam at quam velit. Pellentesque dictum, diam nec tempor aliquet, tortor justo fermentum sapien, at condimentum turpis elit vel sapien. Aenean rutrum tellus sodales tortor viverra eleifend.

Donec facilisis, diam efficitur maximus ultrices, enim lectus rutrum elit, eget malesuada mi justo dapibus enim. Maecenas finibus euismod nulla quis dignissim. Sed dictum ante rutrum turpis euismod laoreet. Sed placerat tellus leo. In ut lobortis lorem. Nullam vitae lectus egestas urna tincidunt aliquet. Ut sagittis vel enim eget malesuada. Cras in congue tortor. Interdum et malesuada fames ac ante ipsum primis in faucibus. Nunc tempus consequat neque, et eleifend nulla aliquam eu.",Author 175,9,tieng-han-danh-cho-nguoi-ban-ron,NXB 175,2002,372
https://cdn1.fahasa.com/media/catalog/product/c/n/cn_tieng_han_trong_giao_tiep_thuong_mai_1_1_1.jpg,Cẩm Nang Tiếng Hàn Trong Giao Tiếp Thương Mại,154500,52,9780085479572,"Lorem ipsum dolor sit amet, consectetur adipiscing elit. Nam congue vel tellus non luctus. Vestibulum vitae nunc lorem. Sed lacinia lectus vel augue imperdiet ultricies. Donec id venenatis ex, vitae pretium ligula. Sed nulla eros, dignissim at feugiat non, posuere sit amet urna. Ut eu porttitor tellus. Cras eu massa nulla. Morbi porta fermentum elit eu iaculis. Pellentesque hendrerit venenatis purus at feugiat. Pellentesque vitae feugiat purus. Donec mattis rhoncus lacinia. Sed quam diam, molestie id laoreet eu, lacinia ac turpis. Cras tincidunt lobortis elit quis aliquam. Proin et massa libero.

Aliquam id pharetra arcu. Vivamus vitae mattis ligula. Sed efficitur urna vitae scelerisque tempor. Proin purus magna, vulputate eu ligula a, vehicula malesuada enim. Curabitur aliquet rutrum enim et tincidunt. Vestibulum ante ipsum primis in faucibus orci luctus et ultrices posuere cubilia curae; Vivamus pharetra enim leo, nec molestie nibh consectetur quis. Class aptent taciti sociosqu ad litora torquent per conubia nostra, per inceptos himenaeos. Nunc quis maximus elit, vitae pulvinar urna. Integer at mi elit. Phasellus vitae rutrum sem. Vivamus et mauris ac nisl congue congue eu eget elit. Nullam at quam velit. Pellentesque dictum, diam nec tempor aliquet, tortor justo fermentum sapien, at condimentum turpis elit vel sapien. Aenean rutrum tellus sodales tortor viverra eleifend.

Donec facilisis, diam efficitur maximus ultrices, enim lectus rutrum elit, eget malesuada mi justo dapibus enim. Maecenas finibus euismod nulla quis dignissim. Sed dictum ante rutrum turpis euismod laoreet. Sed placerat tellus leo. In ut lobortis lorem. Nullam vitae lectus egestas urna tincidunt aliquet. Ut sagittis vel enim eget malesuada. Cras in congue tortor. Interdum et malesuada fames ac ante ipsum primis in faucibus. Nunc tempus consequat neque, et eleifend nulla aliquam eu.",Author 176,7,cam-nang-tieng-han-trong-giao-tiep-thuong-mai,NXB 176,2022,198
https://cdn1.fahasa.com/media/catalog/product/8/9/8935246945629.jpg,All In One Korean - Sổ Tay Mind Map Từ Vựng Hán Hàn Thông Dụng - Dành Cho Người Mới Bắt Đầu,154500,52,9780085479573,"Lorem ipsum dolor sit amet, consectetur adipiscing elit. Nam congue vel tellus non luctus. Vestibulum vitae nunc lorem. Sed lacinia lectus vel augue imperdiet ultricies. Donec id venenatis ex, vitae pretium ligula. Sed nulla eros, dignissim at feugiat non, posuere sit amet urna. Ut eu porttitor tellus. Cras eu massa nulla. Morbi porta fermentum elit eu iaculis. Pellentesque hendrerit venenatis purus at feugiat. Pellentesque vitae feugiat purus. Donec mattis rhoncus lacinia. Sed quam diam, molestie id laoreet eu, lacinia ac turpis. Cras tincidunt lobortis elit quis aliquam. Proin et massa libero.

Aliquam id pharetra arcu. Vivamus vitae mattis ligula. Sed efficitur urna vitae scelerisque tempor. Proin purus magna, vulputate eu ligula a, vehicula malesuada enim. Curabitur aliquet rutrum enim et tincidunt. Vestibulum ante ipsum primis in faucibus orci luctus et ultrices posuere cubilia curae; Vivamus pharetra enim leo, nec molestie nibh consectetur quis. Class aptent taciti sociosqu ad litora torquent per conubia nostra, per inceptos himenaeos. Nunc quis maximus elit, vitae pulvinar urna. Integer at mi elit. Phasellus vitae rutrum sem. Vivamus et mauris ac nisl congue congue eu eget elit. Nullam at quam velit. Pellentesque dictum, diam nec tempor aliquet, tortor justo fermentum sapien, at condimentum turpis elit vel sapien. Aenean rutrum tellus sodales tortor viverra eleifend.

Donec facilisis, diam efficitur maximus ultrices, enim lectus rutrum elit, eget malesuada mi justo dapibus enim. Maecenas finibus euismod nulla quis dignissim. Sed dictum ante rutrum turpis euismod laoreet. Sed placerat tellus leo. In ut lobortis lorem. Nullam vitae lectus egestas urna tincidunt aliquet. Ut sagittis vel enim eget malesuada. Cras in congue tortor. Interdum et malesuada fames ac ante ipsum primis in faucibus. Nunc tempus consequat neque, et eleifend nulla aliquam eu.",Author 177,8,all-in-one-korean-so-tay-mind-map-tu-vung-han-han-thong-dung,NXB 177,2007,492
https://cdn1.fahasa.com/media/catalog/product/i/m/image_195413.jpg,10 Phút Tự Học Tiếng Hàn Mỗi Ngày,68000,52,9780085479574,"Lorem ipsum dolor sit amet, consectetur adipiscing elit. Nam congue vel tellus non luctus. Vestibulum vitae nunc lorem. Sed lacinia lectus vel augue imperdiet ultricies. Donec id venenatis ex, vitae pretium ligula. Sed nulla eros, dignissim at feugiat non, posuere sit amet urna. Ut eu porttitor tellus. Cras eu massa nulla. Morbi porta fermentum elit eu iaculis. Pellentesque hendrerit venenatis purus at feugiat. Pellentesque vitae feugiat purus. Donec mattis rhoncus lacinia. Sed quam diam, molestie id laoreet eu, lacinia ac turpis. Cras tincidunt lobortis elit quis aliquam. Proin et massa libero.

Aliquam id pharetra arcu. Vivamus vitae mattis ligula. Sed efficitur urna vitae scelerisque tempor. Proin purus magna, vulputate eu ligula a, vehicula malesuada enim. Curabitur aliquet rutrum enim et tincidunt. Vestibulum ante ipsum primis in faucibus orci luctus et ultrices posuere cubilia curae; Vivamus pharetra enim leo, nec molestie nibh consectetur quis. Class aptent taciti sociosqu ad litora torquent per conubia nostra, per inceptos himenaeos. Nunc quis maximus elit, vitae pulvinar urna. Integer at mi elit. Phasellus vitae rutrum sem. Vivamus et mauris ac nisl congue congue eu eget elit. Nullam at quam velit. Pellentesque dictum, diam nec tempor aliquet, tortor justo fermentum sapien, at condimentum turpis elit vel sapien. Aenean rutrum tellus sodales tortor viverra eleifend.

Donec facilisis, diam efficitur maximus ultrices, enim lectus rutrum elit, eget malesuada mi justo dapibus enim. Maecenas finibus euismod nulla quis dignissim. Sed dictum ante rutrum turpis euismod laoreet. Sed placerat tellus leo. In ut lobortis lorem. Nullam vitae lectus egestas urna tincidunt aliquet. Ut sagittis vel enim eget malesuada. Cras in congue tortor. Interdum et malesuada fames ac ante ipsum primis in faucibus. Nunc tempus consequat neque, et eleifend nulla aliquam eu.",Author 178,5,10-phut-tu-hoc-tieng-han-moi-ngay,NXB 178,2006,329
https://cdn1.fahasa.com/media/catalog/product/i/m/image_195509_1_1807.jpg,Tiếng Hàn Căn Bản Arirang Tv Tập Kèm Cd,68000,52,9780085479575,"Lorem ipsum dolor sit amet, consectetur adipiscing elit. Nam congue vel tellus non luctus. Vestibulum vitae nunc lorem. Sed lacinia lectus vel augue imperdiet ultricies. Donec id venenatis ex, vitae pretium ligula. Sed nulla eros, dignissim at feugiat non, posuere sit amet urna. Ut eu porttitor tellus. Cras eu massa nulla. Morbi porta fermentum elit eu iaculis. Pellentesque hendrerit venenatis purus at feugiat. Pellentesque vitae feugiat purus. Donec mattis rhoncus lacinia. Sed quam diam, molestie id laoreet eu, lacinia ac turpis. Cras tincidunt lobortis elit quis aliquam. Proin et massa libero.

Aliquam id pharetra arcu. Vivamus vitae mattis ligula. Sed efficitur urna vitae scelerisque tempor. Proin purus magna, vulputate eu ligula a, vehicula malesuada enim. Curabitur aliquet rutrum enim et tincidunt. Vestibulum ante ipsum primis in faucibus orci luctus et ultrices posuere cubilia curae; Vivamus pharetra enim leo, nec molestie nibh consectetur quis. Class aptent taciti sociosqu ad litora torquent per conubia nostra, per inceptos himenaeos. Nunc quis maximus elit, vitae pulvinar urna. Integer at mi elit. Phasellus vitae rutrum sem. Vivamus et mauris ac nisl congue congue eu eget elit. Nullam at quam velit. Pellentesque dictum, diam nec tempor aliquet, tortor justo fermentum sapien, at condimentum turpis elit vel sapien. Aenean rutrum tellus sodales tortor viverra eleifend.

Donec facilisis, diam efficitur maximus ultrices, enim lectus rutrum elit, eget malesuada mi justo dapibus enim. Maecenas finibus euismod nulla quis dignissim. Sed dictum ante rutrum turpis euismod laoreet. Sed placerat tellus leo. In ut lobortis lorem. Nullam vitae lectus egestas urna tincidunt aliquet. Ut sagittis vel enim eget malesuada. Cras in congue tortor. Interdum et malesuada fames ac ante ipsum primis in faucibus. Nunc tempus consequat neque, et eleifend nulla aliquam eu.",Author 179,6,tieng-han-can-ban-arirang-tv-tap-kem-cd,NXB 179,2019,462
https://cdn1.fahasa.com/media/catalog/product/8/9/8935246945612.jpg,All In One Korean - Sổ Tay Mind Map Từ Vựng Tiếng Hàn Chuyên Ngành - Dành Cho Người Đi Làm,96500,52,9780085479576,"Lorem ipsum dolor sit amet, consectetur adipiscing elit. Nam congue vel tellus non luctus. Vestibulum vitae nunc lorem. Sed lacinia lectus vel augue imperdiet ultricies. Donec id venenatis ex, vitae pretium ligula. Sed nulla eros, dignissim at feugiat non, posuere sit amet urna. Ut eu porttitor tellus. Cras eu massa nulla. Morbi porta fermentum elit eu iaculis. Pellentesque hendrerit venenatis purus at feugiat. Pellentesque vitae feugiat purus. Donec mattis rhoncus lacinia. Sed quam diam, molestie id laoreet eu, lacinia ac turpis. Cras tincidunt lobortis elit quis aliquam. Proin et massa libero.

Aliquam id pharetra arcu. Vivamus vitae mattis ligula. Sed efficitur urna vitae scelerisque tempor. Proin purus magna, vulputate eu ligula a, vehicula malesuada enim. Curabitur aliquet rutrum enim et tincidunt. Vestibulum ante ipsum primis in faucibus orci luctus et ultrices posuere cubilia curae; Vivamus pharetra enim leo, nec molestie nibh consectetur quis. Class aptent taciti sociosqu ad litora torquent per conubia nostra, per inceptos himenaeos. Nunc quis maximus elit, vitae pulvinar urna. Integer at mi elit. Phasellus vitae rutrum sem. Vivamus et mauris ac nisl congue congue eu eget elit. Nullam at quam velit. Pellentesque dictum, diam nec tempor aliquet, tortor justo fermentum sapien, at condimentum turpis elit vel sapien. Aenean rutrum tellus sodales tortor viverra eleifend.

Donec facilisis, diam efficitur maximus ultrices, enim lectus rutrum elit, eget malesuada mi justo dapibus enim. Maecenas finibus euismod nulla quis dignissim. Sed dictum ante rutrum turpis euismod laoreet. Sed placerat tellus leo. In ut lobortis lorem. Nullam vitae lectus egestas urna tincidunt aliquet. Ut sagittis vel enim eget malesuada. Cras in congue tortor. Interdum et malesuada fames ac ante ipsum primis in faucibus. Nunc tempus consequat neque, et eleifend nulla aliquam eu.",Author 180,9,all-in-one-korean-so-tay-mind-map-tu-vung-tieng-han-chuyen-nganh,NXB 180,2015,487
https://cdn1.fahasa.com/media/catalog/product/i/m/image_195509_1_1806.jpg,Tiếng Hàn Căn Bản Arirang TV - Tập 1 (Kèm CD),151840,52,9780085479577,"Lorem ipsum dolor sit amet, consectetur adipiscing elit. Nam congue vel tellus non luctus. Vestibulum vitae nunc lorem. Sed lacinia lectus vel augue imperdiet ultricies. Donec id venenatis ex, vitae pretium ligula. Sed nulla eros, dignissim at feugiat non, posuere sit amet urna. Ut eu porttitor tellus. Cras eu massa nulla. Morbi porta fermentum elit eu iaculis. Pellentesque hendrerit venenatis purus at feugiat. Pellentesque vitae feugiat purus. Donec mattis rhoncus lacinia. Sed quam diam, molestie id laoreet eu, lacinia ac turpis. Cras tincidunt lobortis elit quis aliquam. Proin et massa libero.

Aliquam id pharetra arcu. Vivamus vitae mattis ligula. Sed efficitur urna vitae scelerisque tempor. Proin purus magna, vulputate eu ligula a, vehicula malesuada enim. Curabitur aliquet rutrum enim et tincidunt. Vestibulum ante ipsum primis in faucibus orci luctus et ultrices posuere cubilia curae; Vivamus pharetra enim leo, nec molestie nibh consectetur quis. Class aptent taciti sociosqu ad litora torquent per conubia nostra, per inceptos himenaeos. Nunc quis maximus elit, vitae pulvinar urna. Integer at mi elit. Phasellus vitae rutrum sem. Vivamus et mauris ac nisl congue congue eu eget elit. Nullam at quam velit. Pellentesque dictum, diam nec tempor aliquet, tortor justo fermentum sapien, at condimentum turpis elit vel sapien. Aenean rutrum tellus sodales tortor viverra eleifend.

Donec facilisis, diam efficitur maximus ultrices, enim lectus rutrum elit, eget malesuada mi justo dapibus enim. Maecenas finibus euismod nulla quis dignissim. Sed dictum ante rutrum turpis euismod laoreet. Sed placerat tellus leo. In ut lobortis lorem. Nullam vitae lectus egestas urna tincidunt aliquet. Ut sagittis vel enim eget malesuada. Cras in congue tortor. Interdum et malesuada fames ac ante ipsum primis in faucibus. Nunc tempus consequat neque, et eleifend nulla aliquam eu.",Author 181,10,tieng-han-can-ban-arirang-tv-tap-1-kem-cd,NXB 181,2002,274
https://cdn1.fahasa.com/media/catalog/product/8/9/8935246947531.jpg,Tiếng Hàn Tổng Hợp Dành Cho Người Việt Nam Cấp,151840,52,9780085479578,"Lorem ipsum dolor sit amet, consectetur adipiscing elit. Nam congue vel tellus non luctus. Vestibulum vitae nunc lorem. Sed lacinia lectus vel augue imperdiet ultricies. Donec id venenatis ex, vitae pretium ligula. Sed nulla eros, dignissim at feugiat non, posuere sit amet urna. Ut eu porttitor tellus. Cras eu massa nulla. Morbi porta fermentum elit eu iaculis. Pellentesque hendrerit venenatis purus at feugiat. Pellentesque vitae feugiat purus. Donec mattis rhoncus lacinia. Sed quam diam, molestie id laoreet eu, lacinia ac turpis. Cras tincidunt lobortis elit quis aliquam. Proin et massa libero.

Aliquam id pharetra arcu. Vivamus vitae mattis ligula. Sed efficitur urna vitae scelerisque tempor. Proin purus magna, vulputate eu ligula a, vehicula malesuada enim. Curabitur aliquet rutrum enim et tincidunt. Vestibulum ante ipsum primis in faucibus orci luctus et ultrices posuere cubilia curae; Vivamus pharetra enim leo, nec molestie nibh consectetur quis. Class aptent taciti sociosqu ad litora torquent per conubia nostra, per inceptos himenaeos. Nunc quis maximus elit, vitae pulvinar urna. Integer at mi elit. Phasellus vitae rutrum sem. Vivamus et mauris ac nisl congue congue eu eget elit. Nullam at quam velit. Pellentesque dictum, diam nec tempor aliquet, tortor justo fermentum sapien, at condimentum turpis elit vel sapien. Aenean rutrum tellus sodales tortor viverra eleifend.

Donec facilisis, diam efficitur maximus ultrices, enim lectus rutrum elit, eget malesuada mi justo dapibus enim. Maecenas finibus euismod nulla quis dignissim. Sed dictum ante rutrum turpis euismod laoreet. Sed placerat tellus leo. In ut lobortis lorem. Nullam vitae lectus egestas urna tincidunt aliquet. Ut sagittis vel enim eget malesuada. Cras in congue tortor. Interdum et malesuada fames ac ante ipsum primis in faucibus. Nunc tempus consequat neque, et eleifend nulla aliquam eu.",Author 182,5,tieng-han-tong-hop-danh-cho-nguoi-viet-nam,NXB 182,2011,165
https://cdn1.fahasa.com/media/catalog/product/8/9/8935074137388.jpg,Tâm Lý Học Giao Tiếp Kiểu Hàn - Phương Pháp Đối Thoại Dành Cho Người Trưởng Thành (Tái Bản 2025),114500,52,9780085479579,"Lorem ipsum dolor sit amet, consectetur adipiscing elit. Nam congue vel tellus non luctus. Vestibulum vitae nunc lorem. Sed lacinia lectus vel augue imperdiet ultricies. Donec id venenatis ex, vitae pretium ligula. Sed nulla eros, dignissim at feugiat non, posuere sit amet urna. Ut eu porttitor tellus. Cras eu massa nulla. Morbi porta fermentum elit eu iaculis. Pellentesque hendrerit venenatis purus at feugiat. Pellentesque vitae feugiat purus. Donec mattis rhoncus lacinia. Sed quam diam, molestie id laoreet eu, lacinia ac turpis. Cras tincidunt lobortis elit quis aliquam. Proin et massa libero.

Aliquam id pharetra arcu. Vivamus vitae mattis ligula. Sed efficitur urna vitae scelerisque tempor. Proin purus magna, vulputate eu ligula a, vehicula malesuada enim. Curabitur aliquet rutrum enim et tincidunt. Vestibulum ante ipsum primis in faucibus orci luctus et ultrices posuere cubilia curae; Vivamus pharetra enim leo, nec molestie nibh consectetur quis. Class aptent taciti sociosqu ad litora torquent per conubia nostra, per inceptos himenaeos. Nunc quis maximus elit, vitae pulvinar urna. Integer at mi elit. Phasellus vitae rutrum sem. Vivamus et mauris ac nisl congue congue eu eget elit. Nullam at quam velit. Pellentesque dictum, diam nec tempor aliquet, tortor justo fermentum sapien, at condimentum turpis elit vel sapien. Aenean rutrum tellus sodales tortor viverra eleifend.

Donec facilisis, diam efficitur maximus ultrices, enim lectus rutrum elit, eget malesuada mi justo dapibus enim. Maecenas finibus euismod nulla quis dignissim. Sed dictum ante rutrum turpis euismod laoreet. Sed placerat tellus leo. In ut lobortis lorem. Nullam vitae lectus egestas urna tincidunt aliquet. Ut sagittis vel enim eget malesuada. Cras in congue tortor. Interdum et malesuada fames ac ante ipsum primis in faucibus. Nunc tempus consequat neque, et eleifend nulla aliquam eu.",Author 183,10,tam-ly-hoc-giao-tiep-kieu-han-phuong-phap-doi-thoai-tai-ban-2025,NXB 183,2024,249
https://cdn1.fahasa.com/media/catalog/product/i/m/image_195509_1_1807.jpg,Tiếng Hàn Căn Bản Arirang TV - Tập 2 (Kèm CD),151840,52,9780085479580,"Lorem ipsum dolor sit amet, consectetur adipiscing elit. Nam congue vel tellus non luctus. Vestibulum vitae nunc lorem. Sed lacinia lectus vel augue imperdiet ultricies. Donec id venenatis ex, vitae pretium ligula. Sed nulla eros, dignissim at feugiat non, posuere sit amet urna. Ut eu porttitor tellus. Cras eu massa nulla. Morbi porta fermentum elit eu iaculis. Pellentesque hendrerit venenatis purus at feugiat. Pellentesque vitae feugiat purus. Donec mattis rhoncus lacinia. Sed quam diam, molestie id laoreet eu, lacinia ac turpis. Cras tincidunt lobortis elit quis aliquam. Proin et massa libero.

Aliquam id pharetra arcu. Vivamus vitae mattis ligula. Sed efficitur urna vitae scelerisque tempor. Proin purus magna, vulputate eu ligula a, vehicula malesuada enim. Curabitur aliquet rutrum enim et tincidunt. Vestibulum ante ipsum primis in faucibus orci luctus et ultrices posuere cubilia curae; Vivamus pharetra enim leo, nec molestie nibh consectetur quis. Class aptent taciti sociosqu ad litora torquent per conubia nostra, per inceptos himenaeos. Nunc quis maximus elit, vitae pulvinar urna. Integer at mi elit. Phasellus vitae rutrum sem. Vivamus et mauris ac nisl congue congue eu eget elit. Nullam at quam velit. Pellentesque dictum, diam nec tempor aliquet, tortor justo fermentum sapien, at condimentum turpis elit vel sapien. Aenean rutrum tellus sodales tortor viverra eleifend.

Donec facilisis, diam efficitur maximus ultrices, enim lectus rutrum elit, eget malesuada mi justo dapibus enim. Maecenas finibus euismod nulla quis dignissim. Sed dictum ante rutrum turpis euismod laoreet. Sed placerat tellus leo. In ut lobortis lorem. Nullam vitae lectus egestas urna tincidunt aliquet. Ut sagittis vel enim eget malesuada. Cras in congue tortor. Interdum et malesuada fames ac ante ipsum primis in faucibus. Nunc tempus consequat neque, et eleifend nulla aliquam eu.",Author 184,10,tieng-han-can-ban-arirang-tv-tap-2-kem-cd,NXB 184,2011,257
https://cdn1.fahasa.com/media/catalog/product/8/9/8935246946947.jpg,"5000 Cấu Trúc Ngữ Pháp, Quán Dụng Ngữ Và Từ Vựng Tiếng Hàn",220000,52,9780085479581,"Lorem ipsum dolor sit amet, consectetur adipiscing elit. Nam congue vel tellus non luctus. Vestibulum vitae nunc lorem. Sed lacinia lectus vel augue imperdiet ultricies. Donec id venenatis ex, vitae pretium ligula. Sed nulla eros, dignissim at feugiat non, posuere sit amet urna. Ut eu porttitor tellus. Cras eu massa nulla. Morbi porta fermentum elit eu iaculis. Pellentesque hendrerit venenatis purus at feugiat. Pellentesque vitae feugiat purus. Donec mattis rhoncus lacinia. Sed quam diam, molestie id laoreet eu, lacinia ac turpis. Cras tincidunt lobortis elit quis aliquam. Proin et massa libero.

Aliquam id pharetra arcu. Vivamus vitae mattis ligula. Sed efficitur urna vitae scelerisque tempor. Proin purus magna, vulputate eu ligula a, vehicula malesuada enim. Curabitur aliquet rutrum enim et tincidunt. Vestibulum ante ipsum primis in faucibus orci luctus et ultrices posuere cubilia curae; Vivamus pharetra enim leo, nec molestie nibh consectetur quis. Class aptent taciti sociosqu ad litora torquent per conubia nostra, per inceptos himenaeos. Nunc quis maximus elit, vitae pulvinar urna. Integer at mi elit. Phasellus vitae rutrum sem. Vivamus et mauris ac nisl congue congue eu eget elit. Nullam at quam velit. Pellentesque dictum, diam nec tempor aliquet, tortor justo fermentum sapien, at condimentum turpis elit vel sapien. Aenean rutrum tellus sodales tortor viverra eleifend.

Donec facilisis, diam efficitur maximus ultrices, enim lectus rutrum elit, eget malesuada mi justo dapibus enim. Maecenas finibus euismod nulla quis dignissim. Sed dictum ante rutrum turpis euismod laoreet. Sed placerat tellus leo. In ut lobortis lorem. Nullam vitae lectus egestas urna tincidunt aliquet. Ut sagittis vel enim eget malesuada. Cras in congue tortor. Interdum et malesuada fames ac ante ipsum primis in faucibus. Nunc tempus consequat neque, et eleifend nulla aliquam eu.",Author 185,9,5000-cau-truc-ngu-phap-quan-dung-ngu-va-tu-vung-tieng-han,NXB 185,2012,101
https://cdn1.fahasa.com/media/catalog/product/i/m/image_195509_1_9030.jpg,5500 Từ Vựng Tiếng Hàn Thông Dụng Theo Chủ Đề,81500,52,9780085479582,"Lorem ipsum dolor sit amet, consectetur adipiscing elit. Nam congue vel tellus non luctus. Vestibulum vitae nunc lorem. Sed lacinia lectus vel augue imperdiet ultricies. Donec id venenatis ex, vitae pretium ligula. Sed nulla eros, dignissim at feugiat non, posuere sit amet urna. Ut eu porttitor tellus. Cras eu massa nulla. Morbi porta fermentum elit eu iaculis. Pellentesque hendrerit venenatis purus at feugiat. Pellentesque vitae feugiat purus. Donec mattis rhoncus lacinia. Sed quam diam, molestie id laoreet eu, lacinia ac turpis. Cras tincidunt lobortis elit quis aliquam. Proin et massa libero.

Aliquam id pharetra arcu. Vivamus vitae mattis ligula. Sed efficitur urna vitae scelerisque tempor. Proin purus magna, vulputate eu ligula a, vehicula malesuada enim. Curabitur aliquet rutrum enim et tincidunt. Vestibulum ante ipsum primis in faucibus orci luctus et ultrices posuere cubilia curae; Vivamus pharetra enim leo, nec molestie nibh consectetur quis. Class aptent taciti sociosqu ad litora torquent per conubia nostra, per inceptos himenaeos. Nunc quis maximus elit, vitae pulvinar urna. Integer at mi elit. Phasellus vitae rutrum sem. Vivamus et mauris ac nisl congue congue eu eget elit. Nullam at quam velit. Pellentesque dictum, diam nec tempor aliquet, tortor justo fermentum sapien, at condimentum turpis elit vel sapien. Aenean rutrum tellus sodales tortor viverra eleifend.

Donec facilisis, diam efficitur maximus ultrices, enim lectus rutrum elit, eget malesuada mi justo dapibus enim. Maecenas finibus euismod nulla quis dignissim. Sed dictum ante rutrum turpis euismod laoreet. Sed placerat tellus leo. In ut lobortis lorem. Nullam vitae lectus egestas urna tincidunt aliquet. Ut sagittis vel enim eget malesuada. Cras in congue tortor. Interdum et malesuada fames ac ante ipsum primis in faucibus. Nunc tempus consequat neque, et eleifend nulla aliquam eu.",Author 186,8,5500-tu-vung-tieng-han-thong-dung-theo-chu-de,NXB 186,2006,197
https://cdn1.fahasa.com/media/catalog/product/i/m/image_186614_thanh_ly.jpg,Làm Chủ Ngữ Pháp Tiếng Hàn,81500,52,9780085479583,"Lorem ipsum dolor sit amet, consectetur adipiscing elit. Nam congue vel tellus non luctus. Vestibulum vitae nunc lorem. Sed lacinia lectus vel augue imperdiet ultricies. Donec id venenatis ex, vitae pretium ligula. Sed nulla eros, dignissim at feugiat non, posuere sit amet urna. Ut eu porttitor tellus. Cras eu massa nulla. Morbi porta fermentum elit eu iaculis. Pellentesque hendrerit venenatis purus at feugiat. Pellentesque vitae feugiat purus. Donec mattis rhoncus lacinia. Sed quam diam, molestie id laoreet eu, lacinia ac turpis. Cras tincidunt lobortis elit quis aliquam. Proin et massa libero.

Aliquam id pharetra arcu. Vivamus vitae mattis ligula. Sed efficitur urna vitae scelerisque tempor. Proin purus magna, vulputate eu ligula a, vehicula malesuada enim. Curabitur aliquet rutrum enim et tincidunt. Vestibulum ante ipsum primis in faucibus orci luctus et ultrices posuere cubilia curae; Vivamus pharetra enim leo, nec molestie nibh consectetur quis. Class aptent taciti sociosqu ad litora torquent per conubia nostra, per inceptos himenaeos. Nunc quis maximus elit, vitae pulvinar urna. Integer at mi elit. Phasellus vitae rutrum sem. Vivamus et mauris ac nisl congue congue eu eget elit. Nullam at quam velit. Pellentesque dictum, diam nec tempor aliquet, tortor justo fermentum sapien, at condimentum turpis elit vel sapien. Aenean rutrum tellus sodales tortor viverra eleifend.

Donec facilisis, diam efficitur maximus ultrices, enim lectus rutrum elit, eget malesuada mi justo dapibus enim. Maecenas finibus euismod nulla quis dignissim. Sed dictum ante rutrum turpis euismod laoreet. Sed placerat tellus leo. In ut lobortis lorem. Nullam vitae lectus egestas urna tincidunt aliquet. Ut sagittis vel enim eget malesuada. Cras in congue tortor. Interdum et malesuada fames ac ante ipsum primis in faucibus. Nunc tempus consequat neque, et eleifend nulla aliquam eu.",Author 187,3,lam-chu-ngu-phap-tieng-han,NXB 187,2025,241
https://cdn1.fahasa.com/media/catalog/product/g/i/giao-trinh-tieng-han-so-cap-2-bia-truoc-1.jpg,Tiếng Hàn Tổng Hợp Dành Cho Người Việt Nam - Sơ Cấp 2 - Bản Màu (Tái Bản 2025),245000,52,9780085479584,"Lorem ipsum dolor sit amet, consectetur adipiscing elit. Nam congue vel tellus non luctus. Vestibulum vitae nunc lorem. Sed lacinia lectus vel augue imperdiet ultricies. Donec id venenatis ex, vitae pretium ligula. Sed nulla eros, dignissim at feugiat non, posuere sit amet urna. Ut eu porttitor tellus. Cras eu massa nulla. Morbi porta fermentum elit eu iaculis. Pellentesque hendrerit venenatis purus at feugiat. Pellentesque vitae feugiat purus. Donec mattis rhoncus lacinia. Sed quam diam, molestie id laoreet eu, lacinia ac turpis. Cras tincidunt lobortis elit quis aliquam. Proin et massa libero.

Aliquam id pharetra arcu. Vivamus vitae mattis ligula. Sed efficitur urna vitae scelerisque tempor. Proin purus magna, vulputate eu ligula a, vehicula malesuada enim. Curabitur aliquet rutrum enim et tincidunt. Vestibulum ante ipsum primis in faucibus orci luctus et ultrices posuere cubilia curae; Vivamus pharetra enim leo, nec molestie nibh consectetur quis. Class aptent taciti sociosqu ad litora torquent per conubia nostra, per inceptos himenaeos. Nunc quis maximus elit, vitae pulvinar urna. Integer at mi elit. Phasellus vitae rutrum sem. Vivamus et mauris ac nisl congue congue eu eget elit. Nullam at quam velit. Pellentesque dictum, diam nec tempor aliquet, tortor justo fermentum sapien, at condimentum turpis elit vel sapien. Aenean rutrum tellus sodales tortor viverra eleifend.

Donec facilisis, diam efficitur maximus ultrices, enim lectus rutrum elit, eget malesuada mi justo dapibus enim. Maecenas finibus euismod nulla quis dignissim. Sed dictum ante rutrum turpis euismod laoreet. Sed placerat tellus leo. In ut lobortis lorem. Nullam vitae lectus egestas urna tincidunt aliquet. Ut sagittis vel enim eget malesuada. Cras in congue tortor. Interdum et malesuada fames ac ante ipsum primis in faucibus. Nunc tempus consequat neque, et eleifend nulla aliquam eu.",Author 188,4,tieng-han-tong-hop-danh-cho-nguoi-viet-nam-so-cap-2-ban-mau-tai-ban-2025,NXB 188,2014,103
https://cdn1.fahasa.com/media/catalog/product/i/m/image_195509_1_9777.jpg,Minjung - Tự Học Tiếng Hàn Cấp Tốc Trong 24H,84000,52,9780085479585,"Lorem ipsum dolor sit amet, consectetur adipiscing elit. Nam congue vel tellus non luctus. Vestibulum vitae nunc lorem. Sed lacinia lectus vel augue imperdiet ultricies. Donec id venenatis ex, vitae pretium ligula. Sed nulla eros, dignissim at feugiat non, posuere sit amet urna. Ut eu porttitor tellus. Cras eu massa nulla. Morbi porta fermentum elit eu iaculis. Pellentesque hendrerit venenatis purus at feugiat. Pellentesque vitae feugiat purus. Donec mattis rhoncus lacinia. Sed quam diam, molestie id laoreet eu, lacinia ac turpis. Cras tincidunt lobortis elit quis aliquam. Proin et massa libero.

Aliquam id pharetra arcu. Vivamus vitae mattis ligula. Sed efficitur urna vitae scelerisque tempor. Proin purus magna, vulputate eu ligula a, vehicula malesuada enim. Curabitur aliquet rutrum enim et tincidunt. Vestibulum ante ipsum primis in faucibus orci luctus et ultrices posuere cubilia curae; Vivamus pharetra enim leo, nec molestie nibh consectetur quis. Class aptent taciti sociosqu ad litora torquent per conubia nostra, per inceptos himenaeos. Nunc quis maximus elit, vitae pulvinar urna. Integer at mi elit. Phasellus vitae rutrum sem. Vivamus et mauris ac nisl congue congue eu eget elit. Nullam at quam velit. Pellentesque dictum, diam nec tempor aliquet, tortor justo fermentum sapien, at condimentum turpis elit vel sapien. Aenean rutrum tellus sodales tortor viverra eleifend.

Donec facilisis, diam efficitur maximus ultrices, enim lectus rutrum elit, eget malesuada mi justo dapibus enim. Maecenas finibus euismod nulla quis dignissim. Sed dictum ante rutrum turpis euismod laoreet. Sed placerat tellus leo. In ut lobortis lorem. Nullam vitae lectus egestas urna tincidunt aliquet. Ut sagittis vel enim eget malesuada. Cras in congue tortor. Interdum et malesuada fames ac ante ipsum primis in faucibus. Nunc tempus consequat neque, et eleifend nulla aliquam eu.",Author 189,3,minjung-tu-hoc-tieng-han-cap-toc-trong-24h,NXB 189,2018,404
https://cdn1.fahasa.com/media/catalog/product/8/9/8935246935422.jpg,Tập Viết Tiếng Hàn - Luyện Viết Chữ Đẹp Như Người Hàn,73500,52,9780085479586,"Lorem ipsum dolor sit amet, consectetur adipiscing elit. Nam congue vel tellus non luctus. Vestibulum vitae nunc lorem. Sed lacinia lectus vel augue imperdiet ultricies. Donec id venenatis ex, vitae pretium ligula. Sed nulla eros, dignissim at feugiat non, posuere sit amet urna. Ut eu porttitor tellus. Cras eu massa nulla. Morbi porta fermentum elit eu iaculis. Pellentesque hendrerit venenatis purus at feugiat. Pellentesque vitae feugiat purus. Donec mattis rhoncus lacinia. Sed quam diam, molestie id laoreet eu, lacinia ac turpis. Cras tincidunt lobortis elit quis aliquam. Proin et massa libero.

Aliquam id pharetra arcu. Vivamus vitae mattis ligula. Sed efficitur urna vitae scelerisque tempor. Proin purus magna, vulputate eu ligula a, vehicula malesuada enim. Curabitur aliquet rutrum enim et tincidunt. Vestibulum ante ipsum primis in faucibus orci luctus et ultrices posuere cubilia curae; Vivamus pharetra enim leo, nec molestie nibh consectetur quis. Class aptent taciti sociosqu ad litora torquent per conubia nostra, per inceptos himenaeos. Nunc quis maximus elit, vitae pulvinar urna. Integer at mi elit. Phasellus vitae rutrum sem. Vivamus et mauris ac nisl congue congue eu eget elit. Nullam at quam velit. Pellentesque dictum, diam nec tempor aliquet, tortor justo fermentum sapien, at condimentum turpis elit vel sapien. Aenean rutrum tellus sodales tortor viverra eleifend.

Donec facilisis, diam efficitur maximus ultrices, enim lectus rutrum elit, eget malesuada mi justo dapibus enim. Maecenas finibus euismod nulla quis dignissim. Sed dictum ante rutrum turpis euismod laoreet. Sed placerat tellus leo. In ut lobortis lorem. Nullam vitae lectus egestas urna tincidunt aliquet. Ut sagittis vel enim eget malesuada. Cras in congue tortor. Interdum et malesuada fames ac ante ipsum primis in faucibus. Nunc tempus consequat neque, et eleifend nulla aliquam eu.",Author 190,9,tap-viet-tieng-han-luyen-viet-chu-dep-nhu-nguoi-han,NXB 190,2008,221
https://cdn1.fahasa.com/media/catalog/product/i/m/image_195509_1_32135.jpg,Giúp Trí Nhớ Ngữ Pháp Tiếng Anh Và Động Từ Bất Quy Tắc,7000,49,9780085479587,"Lorem ipsum dolor sit amet, consectetur adipiscing elit. Nam congue vel tellus non luctus. Vestibulum vitae nunc lorem. Sed lacinia lectus vel augue imperdiet ultricies. Donec id venenatis ex, vitae pretium ligula. Sed nulla eros, dignissim at feugiat non, posuere sit amet urna. Ut eu porttitor tellus. Cras eu massa nulla. Morbi porta fermentum elit eu iaculis. Pellentesque hendrerit venenatis purus at feugiat. Pellentesque vitae feugiat purus. Donec mattis rhoncus lacinia. Sed quam diam, molestie id laoreet eu, lacinia ac turpis. Cras tincidunt lobortis elit quis aliquam. Proin et massa libero.

Aliquam id pharetra arcu. Vivamus vitae mattis ligula. Sed efficitur urna vitae scelerisque tempor. Proin purus magna, vulputate eu ligula a, vehicula malesuada enim. Curabitur aliquet rutrum enim et tincidunt. Vestibulum ante ipsum primis in faucibus orci luctus et ultrices posuere cubilia curae; Vivamus pharetra enim leo, nec molestie nibh consectetur quis. Class aptent taciti sociosqu ad litora torquent per conubia nostra, per inceptos himenaeos. Nunc quis maximus elit, vitae pulvinar urna. Integer at mi elit. Phasellus vitae rutrum sem. Vivamus et mauris ac nisl congue congue eu eget elit. Nullam at quam velit. Pellentesque dictum, diam nec tempor aliquet, tortor justo fermentum sapien, at condimentum turpis elit vel sapien. Aenean rutrum tellus sodales tortor viverra eleifend.

Donec facilisis, diam efficitur maximus ultrices, enim lectus rutrum elit, eget malesuada mi justo dapibus enim. Maecenas finibus euismod nulla quis dignissim. Sed dictum ante rutrum turpis euismod laoreet. Sed placerat tellus leo. In ut lobortis lorem. Nullam vitae lectus egestas urna tincidunt aliquet. Ut sagittis vel enim eget malesuada. Cras in congue tortor. Interdum et malesuada fames ac ante ipsum primis in faucibus. Nunc tempus consequat neque, et eleifend nulla aliquam eu.",Author 191,2,giup-tri-nho-ngu-phap-tieng-anh-va-dong-tu-bat-quy-tac,NXB 191,2008,332
https://cdn1.fahasa.com/media/catalog/product/b/i/bia-1-ielts-20-aca.jpg,Cambridge IELTS 20 - Academic - With Audio + Answers (Savina),225000,49,9780085479588,"Lorem ipsum dolor sit amet, consectetur adipiscing elit. Nam congue vel tellus non luctus. Vestibulum vitae nunc lorem. Sed lacinia lectus vel augue imperdiet ultricies. Donec id venenatis ex, vitae pretium ligula. Sed nulla eros, dignissim at feugiat non, posuere sit amet urna. Ut eu porttitor tellus. Cras eu massa nulla. Morbi porta fermentum elit eu iaculis. Pellentesque hendrerit venenatis purus at feugiat. Pellentesque vitae feugiat purus. Donec mattis rhoncus lacinia. Sed quam diam, molestie id laoreet eu, lacinia ac turpis. Cras tincidunt lobortis elit quis aliquam. Proin et massa libero.

Aliquam id pharetra arcu. Vivamus vitae mattis ligula. Sed efficitur urna vitae scelerisque tempor. Proin purus magna, vulputate eu ligula a, vehicula malesuada enim. Curabitur aliquet rutrum enim et tincidunt. Vestibulum ante ipsum primis in faucibus orci luctus et ultrices posuere cubilia curae; Vivamus pharetra enim leo, nec molestie nibh consectetur quis. Class aptent taciti sociosqu ad litora torquent per conubia nostra, per inceptos himenaeos. Nunc quis maximus elit, vitae pulvinar urna. Integer at mi elit. Phasellus vitae rutrum sem. Vivamus et mauris ac nisl congue congue eu eget elit. Nullam at quam velit. Pellentesque dictum, diam nec tempor aliquet, tortor justo fermentum sapien, at condimentum turpis elit vel sapien. Aenean rutrum tellus sodales tortor viverra eleifend.

Donec facilisis, diam efficitur maximus ultrices, enim lectus rutrum elit, eget malesuada mi justo dapibus enim. Maecenas finibus euismod nulla quis dignissim. Sed dictum ante rutrum turpis euismod laoreet. Sed placerat tellus leo. In ut lobortis lorem. Nullam vitae lectus egestas urna tincidunt aliquet. Ut sagittis vel enim eget malesuada. Cras in congue tortor. Interdum et malesuada fames ac ante ipsum primis in faucibus. Nunc tempus consequat neque, et eleifend nulla aliquam eu.",Author 192,9,cambridge-ielts-20-academic-with-audio-answers-savina,NXB 192,2003,459
https://cdn1.fahasa.com/media/catalog/product/b/i/bia1_gtnpta_b_n-m_i.jpg,Giải Thích Ngữ Pháp Tiếng Anh (Ấn Phẩm Mới),133000,49,9780085479589,"Lorem ipsum dolor sit amet, consectetur adipiscing elit. Nam congue vel tellus non luctus. Vestibulum vitae nunc lorem. Sed lacinia lectus vel augue imperdiet ultricies. Donec id venenatis ex, vitae pretium ligula. Sed nulla eros, dignissim at feugiat non, posuere sit amet urna. Ut eu porttitor tellus. Cras eu massa nulla. Morbi porta fermentum elit eu iaculis. Pellentesque hendrerit venenatis purus at feugiat. Pellentesque vitae feugiat purus. Donec mattis rhoncus lacinia. Sed quam diam, molestie id laoreet eu, lacinia ac turpis. Cras tincidunt lobortis elit quis aliquam. Proin et massa libero.

Aliquam id pharetra arcu. Vivamus vitae mattis ligula. Sed efficitur urna vitae scelerisque tempor. Proin purus magna, vulputate eu ligula a, vehicula malesuada enim. Curabitur aliquet rutrum enim et tincidunt. Vestibulum ante ipsum primis in faucibus orci luctus et ultrices posuere cubilia curae; Vivamus pharetra enim leo, nec molestie nibh consectetur quis. Class aptent taciti sociosqu ad litora torquent per conubia nostra, per inceptos himenaeos. Nunc quis maximus elit, vitae pulvinar urna. Integer at mi elit. Phasellus vitae rutrum sem. Vivamus et mauris ac nisl congue congue eu eget elit. Nullam at quam velit. Pellentesque dictum, diam nec tempor aliquet, tortor justo fermentum sapien, at condimentum turpis elit vel sapien. Aenean rutrum tellus sodales tortor viverra eleifend.

Donec facilisis, diam efficitur maximus ultrices, enim lectus rutrum elit, eget malesuada mi justo dapibus enim. Maecenas finibus euismod nulla quis dignissim. Sed dictum ante rutrum turpis euismod laoreet. Sed placerat tellus leo. In ut lobortis lorem. Nullam vitae lectus egestas urna tincidunt aliquet. Ut sagittis vel enim eget malesuada. Cras in congue tortor. Interdum et malesuada fames ac ante ipsum primis in faucibus. Nunc tempus consequat neque, et eleifend nulla aliquam eu.",Author 193,7,giai-thich-ngu-phap-tieng-anh-an-pham-moi,NXB 193,2023,322
https://cdn1.fahasa.com/media/catalog/product/b/i/bia1-ielts-19aca.jpg,Cambridge IELTS 19 - Academic - Authentic Pratice Tests,225000,49,9780085479590,"Lorem ipsum dolor sit amet, consectetur adipiscing elit. Nam congue vel tellus non luctus. Vestibulum vitae nunc lorem. Sed lacinia lectus vel augue imperdiet ultricies. Donec id venenatis ex, vitae pretium ligula. Sed nulla eros, dignissim at feugiat non, posuere sit amet urna. Ut eu porttitor tellus. Cras eu massa nulla. Morbi porta fermentum elit eu iaculis. Pellentesque hendrerit venenatis purus at feugiat. Pellentesque vitae feugiat purus. Donec mattis rhoncus lacinia. Sed quam diam, molestie id laoreet eu, lacinia ac turpis. Cras tincidunt lobortis elit quis aliquam. Proin et massa libero.

Aliquam id pharetra arcu. Vivamus vitae mattis ligula. Sed efficitur urna vitae scelerisque tempor. Proin purus magna, vulputate eu ligula a, vehicula malesuada enim. Curabitur aliquet rutrum enim et tincidunt. Vestibulum ante ipsum primis in faucibus orci luctus et ultrices posuere cubilia curae; Vivamus pharetra enim leo, nec molestie nibh consectetur quis. Class aptent taciti sociosqu ad litora torquent per conubia nostra, per inceptos himenaeos. Nunc quis maximus elit, vitae pulvinar urna. Integer at mi elit. Phasellus vitae rutrum sem. Vivamus et mauris ac nisl congue congue eu eget elit. Nullam at quam velit. Pellentesque dictum, diam nec tempor aliquet, tortor justo fermentum sapien, at condimentum turpis elit vel sapien. Aenean rutrum tellus sodales tortor viverra eleifend.

Donec facilisis, diam efficitur maximus ultrices, enim lectus rutrum elit, eget malesuada mi justo dapibus enim. Maecenas finibus euismod nulla quis dignissim. Sed dictum ante rutrum turpis euismod laoreet. Sed placerat tellus leo. In ut lobortis lorem. Nullam vitae lectus egestas urna tincidunt aliquet. Ut sagittis vel enim eget malesuada. Cras in congue tortor. Interdum et malesuada fames ac ante ipsum primis in faucibus. Nunc tempus consequat neque, et eleifend nulla aliquam eu.",Author 194,10,cambridge-ielts-19-academic-authentic-practice-tests,NXB 194,2012,477
https://cdn1.fahasa.com/media/catalog/product/b/_/b_a-18aca-1_1.jpg,Cambridge IELTS 18 Academic - With Answer + Audio (Kèm Audio),218500,49,9780085479591,"Lorem ipsum dolor sit amet, consectetur adipiscing elit. Nam congue vel tellus non luctus. Vestibulum vitae nunc lorem. Sed lacinia lectus vel augue imperdiet ultricies. Donec id venenatis ex, vitae pretium ligula. Sed nulla eros, dignissim at feugiat non, posuere sit amet urna. Ut eu porttitor tellus. Cras eu massa nulla. Morbi porta fermentum elit eu iaculis. Pellentesque hendrerit venenatis purus at feugiat. Pellentesque vitae feugiat purus. Donec mattis rhoncus lacinia. Sed quam diam, molestie id laoreet eu, lacinia ac turpis. Cras tincidunt lobortis elit quis aliquam. Proin et massa libero.

Aliquam id pharetra arcu. Vivamus vitae mattis ligula. Sed efficitur urna vitae scelerisque tempor. Proin purus magna, vulputate eu ligula a, vehicula malesuada enim. Curabitur aliquet rutrum enim et tincidunt. Vestibulum ante ipsum primis in faucibus orci luctus et ultrices posuere cubilia curae; Vivamus pharetra enim leo, nec molestie nibh consectetur quis. Class aptent taciti sociosqu ad litora torquent per conubia nostra, per inceptos himenaeos. Nunc quis maximus elit, vitae pulvinar urna. Integer at mi elit. Phasellus vitae rutrum sem. Vivamus et mauris ac nisl congue congue eu eget elit. Nullam at quam velit. Pellentesque dictum, diam nec tempor aliquet, tortor justo fermentum sapien, at condimentum turpis elit vel sapien. Aenean rutrum tellus sodales tortor viverra eleifend.

Donec facilisis, diam efficitur maximus ultrices, enim lectus rutrum elit, eget malesuada mi justo dapibus enim. Maecenas finibus euismod nulla quis dignissim. Sed dictum ante rutrum turpis euismod laoreet. Sed placerat tellus leo. In ut lobortis lorem. Nullam vitae lectus egestas urna tincidunt aliquet. Ut sagittis vel enim eget malesuada. Cras in congue tortor. Interdum et malesuada fames ac ante ipsum primis in faucibus. Nunc tempus consequat neque, et eleifend nulla aliquam eu.",Author 195,3,cambridge-ielts-18-academic-with-answer-audio,NXB 195,2003,334
https://cdn1.fahasa.com/media/catalog/product/b/i/bia-truoc-destination-b1-co-dap.jpg,Destination B1 - Grammar And Vocabulary With Answer Key (Tái Bản 2025),162000,49,9780085479592,"Lorem ipsum dolor sit amet, consectetur adipiscing elit. Nam congue vel tellus non luctus. Vestibulum vitae nunc lorem. Sed lacinia lectus vel augue imperdiet ultricies. Donec id venenatis ex, vitae pretium ligula. Sed nulla eros, dignissim at feugiat non, posuere sit amet urna. Ut eu porttitor tellus. Cras eu massa nulla. Morbi porta fermentum elit eu iaculis. Pellentesque hendrerit venenatis purus at feugiat. Pellentesque vitae feugiat purus. Donec mattis rhoncus lacinia. Sed quam diam, molestie id laoreet eu, lacinia ac turpis. Cras tincidunt lobortis elit quis aliquam. Proin et massa libero.

Aliquam id pharetra arcu. Vivamus vitae mattis ligula. Sed efficitur urna vitae scelerisque tempor. Proin purus magna, vulputate eu ligula a, vehicula malesuada enim. Curabitur aliquet rutrum enim et tincidunt. Vestibulum ante ipsum primis in faucibus orci luctus et ultrices posuere cubilia curae; Vivamus pharetra enim leo, nec molestie nibh consectetur quis. Class aptent taciti sociosqu ad litora torquent per conubia nostra, per inceptos himenaeos. Nunc quis maximus elit, vitae pulvinar urna. Integer at mi elit. Phasellus vitae rutrum sem. Vivamus et mauris ac nisl congue congue eu eget elit. Nullam at quam velit. Pellentesque dictum, diam nec tempor aliquet, tortor justo fermentum sapien, at condimentum turpis elit vel sapien. Aenean rutrum tellus sodales tortor viverra eleifend.

Donec facilisis, diam efficitur maximus ultrices, enim lectus rutrum elit, eget malesuada mi justo dapibus enim. Maecenas finibus euismod nulla quis dignissim. Sed dictum ante rutrum turpis euismod laoreet. Sed placerat tellus leo. In ut lobortis lorem. Nullam vitae lectus egestas urna tincidunt aliquet. Ut sagittis vel enim eget malesuada. Cras in congue tortor. Interdum et malesuada fames ac ante ipsum primis in faucibus. Nunc tempus consequat neque, et eleifend nulla aliquam eu.",Author 196,6,destination-b1-grammar-and-vocabulary-with-answer-key-tai-ban-2025,NXB 196,2011,202
https://cdn1.fahasa.com/media/catalog/product/8/9/8935246937136_2.jpg,Destination B2 - Grammar And Vocabulary with Answer Key (Tái Bản 2025),162000,49,9780085479593,"Lorem ipsum dolor sit amet, consectetur adipiscing elit. Nam congue vel tellus non luctus. Vestibulum vitae nunc lorem. Sed lacinia lectus vel augue imperdiet ultricies. Donec id venenatis ex, vitae pretium ligula. Sed nulla eros, dignissim at feugiat non, posuere sit amet urna. Ut eu porttitor tellus. Cras eu massa nulla. Morbi porta fermentum elit eu iaculis. Pellentesque hendrerit venenatis purus at feugiat. Pellentesque vitae feugiat purus. Donec mattis rhoncus lacinia. Sed quam diam, molestie id laoreet eu, lacinia ac turpis. Cras tincidunt lobortis elit quis aliquam. Proin et massa libero.

Aliquam id pharetra arcu. Vivamus vitae mattis ligula. Sed efficitur urna vitae scelerisque tempor. Proin purus magna, vulputate eu ligula a, vehicula malesuada enim. Curabitur aliquet rutrum enim et tincidunt. Vestibulum ante ipsum primis in faucibus orci luctus et ultrices posuere cubilia curae; Vivamus pharetra enim leo, nec molestie nibh consectetur quis. Class aptent taciti sociosqu ad litora torquent per conubia nostra, per inceptos himenaeos. Nunc quis maximus elit, vitae pulvinar urna. Integer at mi elit. Phasellus vitae rutrum sem. Vivamus et mauris ac nisl congue congue eu eget elit. Nullam at quam velit. Pellentesque dictum, diam nec tempor aliquet, tortor justo fermentum sapien, at condimentum turpis elit vel sapien. Aenean rutrum tellus sodales tortor viverra eleifend.

Donec facilisis, diam efficitur maximus ultrices, enim lectus rutrum elit, eget malesuada mi justo dapibus enim. Maecenas finibus euismod nulla quis dignissim. Sed dictum ante rutrum turpis euismod laoreet. Sed placerat tellus leo. In ut lobortis lorem. Nullam vitae lectus egestas urna tincidunt aliquet. Ut sagittis vel enim eget malesuada. Cras in congue tortor. Interdum et malesuada fames ac ante ipsum primis in faucibus. Nunc tempus consequat neque, et eleifend nulla aliquam eu.",Author 197,3,destination-b2-grammar-and-vocabulary-with-answer-key-tai-ban-2025,NXB 197,2021,453
https://cdn1.fahasa.com/media/catalog/product/9/7/9781009195119.jpg,Cambridge Ielts 16 Academic With Answers (Savina) (Kèm Audio),218500,49,9780085479594,"Lorem ipsum dolor sit amet, consectetur adipiscing elit. Nam congue vel tellus non luctus. Vestibulum vitae nunc lorem. Sed lacinia lectus vel augue imperdiet ultricies. Donec id venenatis ex, vitae pretium ligula. Sed nulla eros, dignissim at feugiat non, posuere sit amet urna. Ut eu porttitor tellus. Cras eu massa nulla. Morbi porta fermentum elit eu iaculis. Pellentesque hendrerit venenatis purus at feugiat. Pellentesque vitae feugiat purus. Donec mattis rhoncus lacinia. Sed quam diam, molestie id laoreet eu, lacinia ac turpis. Cras tincidunt lobortis elit quis aliquam. Proin et massa libero.

Aliquam id pharetra arcu. Vivamus vitae mattis ligula. Sed efficitur urna vitae scelerisque tempor. Proin purus magna, vulputate eu ligula a, vehicula malesuada enim. Curabitur aliquet rutrum enim et tincidunt. Vestibulum ante ipsum primis in faucibus orci luctus et ultrices posuere cubilia curae; Vivamus pharetra enim leo, nec molestie nibh consectetur quis. Class aptent taciti sociosqu ad litora torquent per conubia nostra, per inceptos himenaeos. Nunc quis maximus elit, vitae pulvinar urna. Integer at mi elit. Phasellus vitae rutrum sem. Vivamus et mauris ac nisl congue congue eu eget elit. Nullam at quam velit. Pellentesque dictum, diam nec tempor aliquet, tortor justo fermentum sapien, at condimentum turpis elit vel sapien. Aenean rutrum tellus sodales tortor viverra eleifend.

Donec facilisis, diam efficitur maximus ultrices, enim lectus rutrum elit, eget malesuada mi justo dapibus enim. Maecenas finibus euismod nulla quis dignissim. Sed dictum ante rutrum turpis euismod laoreet. Sed placerat tellus leo. In ut lobortis lorem. Nullam vitae lectus egestas urna tincidunt aliquet. Ut sagittis vel enim eget malesuada. Cras in congue tortor. Interdum et malesuada fames ac ante ipsum primis in faucibus. Nunc tempus consequat neque, et eleifend nulla aliquam eu.",Author 198,2,cambridge-ielts-16-academic-with-answers-savina-kem-audio,NXB 198,2014,174
https://cdn1.fahasa.com/media/catalog/product/i/m/image_228553.jpg,4000 Từ Vựng Và Mẫu Câu Tiếng Anh Thiết Yếu Cho Trẻ Em,187500,49,9780085479595,"Lorem ipsum dolor sit amet, consectetur adipiscing elit. Nam congue vel tellus non luctus. Vestibulum vitae nunc lorem. Sed lacinia lectus vel augue imperdiet ultricies. Donec id venenatis ex, vitae pretium ligula. Sed nulla eros, dignissim at feugiat non, posuere sit amet urna. Ut eu porttitor tellus. Cras eu massa nulla. Morbi porta fermentum elit eu iaculis. Pellentesque hendrerit venenatis purus at feugiat. Pellentesque vitae feugiat purus. Donec mattis rhoncus lacinia. Sed quam diam, molestie id laoreet eu, lacinia ac turpis. Cras tincidunt lobortis elit quis aliquam. Proin et massa libero.

Aliquam id pharetra arcu. Vivamus vitae mattis ligula. Sed efficitur urna vitae scelerisque tempor. Proin purus magna, vulputate eu ligula a, vehicula malesuada enim. Curabitur aliquet rutrum enim et tincidunt. Vestibulum ante ipsum primis in faucibus orci luctus et ultrices posuere cubilia curae; Vivamus pharetra enim leo, nec molestie nibh consectetur quis. Class aptent taciti sociosqu ad litora torquent per conubia nostra, per inceptos himenaeos. Nunc quis maximus elit, vitae pulvinar urna. Integer at mi elit. Phasellus vitae rutrum sem. Vivamus et mauris ac nisl congue congue eu eget elit. Nullam at quam velit. Pellentesque dictum, diam nec tempor aliquet, tortor justo fermentum sapien, at condimentum turpis elit vel sapien. Aenean rutrum tellus sodales tortor viverra eleifend.

Donec facilisis, diam efficitur maximus ultrices, enim lectus rutrum elit, eget malesuada mi justo dapibus enim. Maecenas finibus euismod nulla quis dignissim. Sed dictum ante rutrum turpis euismod laoreet. Sed placerat tellus leo. In ut lobortis lorem. Nullam vitae lectus egestas urna tincidunt aliquet. Ut sagittis vel enim eget malesuada. Cras in congue tortor. Interdum et malesuada fames ac ante ipsum primis in faucibus. Nunc tempus consequat neque, et eleifend nulla aliquam eu.",Author 199,7,4000-tu-vung-va-mau-cau-tieng-anh-thiet-yeu-cho-tre-em,NXB 199,2000,434
https://cdn1.fahasa.com/media/catalog/product/w/o/wordformation.jpg,Tự Học Từ Vựng Tiếng Anh - Word Formation,150000,49,9780085479596,"Lorem ipsum dolor sit amet, consectetur adipiscing elit. Nam congue vel tellus non luctus. Vestibulum vitae nunc lorem. Sed lacinia lectus vel augue imperdiet ultricies. Donec id venenatis ex, vitae pretium ligula. Sed nulla eros, dignissim at feugiat non, posuere sit amet urna. Ut eu porttitor tellus. Cras eu massa nulla. Morbi porta fermentum elit eu iaculis. Pellentesque hendrerit venenatis purus at feugiat. Pellentesque vitae feugiat purus. Donec mattis rhoncus lacinia. Sed quam diam, molestie id laoreet eu, lacinia ac turpis. Cras tincidunt lobortis elit quis aliquam. Proin et massa libero.

Aliquam id pharetra arcu. Vivamus vitae mattis ligula. Sed efficitur urna vitae scelerisque tempor. Proin purus magna, vulputate eu ligula a, vehicula malesuada enim. Curabitur aliquet rutrum enim et tincidunt. Vestibulum ante ipsum primis in faucibus orci luctus et ultrices posuere cubilia curae; Vivamus pharetra enim leo, nec molestie nibh consectetur quis. Class aptent taciti sociosqu ad litora torquent per conubia nostra, per inceptos himenaeos. Nunc quis maximus elit, vitae pulvinar urna. Integer at mi elit. Phasellus vitae rutrum sem. Vivamus et mauris ac nisl congue congue eu eget elit. Nullam at quam velit. Pellentesque dictum, diam nec tempor aliquet, tortor justo fermentum sapien, at condimentum turpis elit vel sapien. Aenean rutrum tellus sodales tortor viverra eleifend.

Donec facilisis, diam efficitur maximus ultrices, enim lectus rutrum elit, eget malesuada mi justo dapibus enim. Maecenas finibus euismod nulla quis dignissim. Sed dictum ante rutrum turpis euismod laoreet. Sed placerat tellus leo. In ut lobortis lorem. Nullam vitae lectus egestas urna tincidunt aliquet. Ut sagittis vel enim eget malesuada. Cras in congue tortor. Interdum et malesuada fames ac ante ipsum primis in faucibus. Nunc tempus consequat neque, et eleifend nulla aliquam eu.",Author 200,5,tu-hoc-tu-vung-tieng-anh-word-formation,NXB 200,2025,116
https://cdn1.fahasa.com/media/catalog/product/b/i/bia-1-ielts-20-general.jpg,Cambridge IELTS 20 - General Training - With Audio + Answers (Savina),225000,49,9780085479597,"Lorem ipsum dolor sit amet, consectetur adipiscing elit. Nam congue vel tellus non luctus. Vestibulum vitae nunc lorem. Sed lacinia lectus vel augue imperdiet ultricies. Donec id venenatis ex, vitae pretium ligula. Sed nulla eros, dignissim at feugiat non, posuere sit amet urna. Ut eu porttitor tellus. Cras eu massa nulla. Morbi porta fermentum elit eu iaculis. Pellentesque hendrerit venenatis purus at feugiat. Pellentesque vitae feugiat purus. Donec mattis rhoncus lacinia. Sed quam diam, molestie id laoreet eu, lacinia ac turpis. Cras tincidunt lobortis elit quis aliquam. Proin et massa libero.

Aliquam id pharetra arcu. Vivamus vitae mattis ligula. Sed efficitur urna vitae scelerisque tempor. Proin purus magna, vulputate eu ligula a, vehicula malesuada enim. Curabitur aliquet rutrum enim et tincidunt. Vestibulum ante ipsum primis in faucibus orci luctus et ultrices posuere cubilia curae; Vivamus pharetra enim leo, nec molestie nibh consectetur quis. Class aptent taciti sociosqu ad litora torquent per conubia nostra, per inceptos himenaeos. Nunc quis maximus elit, vitae pulvinar urna. Integer at mi elit. Phasellus vitae rutrum sem. Vivamus et mauris ac nisl congue congue eu eget elit. Nullam at quam velit. Pellentesque dictum, diam nec tempor aliquet, tortor justo fermentum sapien, at condimentum turpis elit vel sapien. Aenean rutrum tellus sodales tortor viverra eleifend.

Donec facilisis, diam efficitur maximus ultrices, enim lectus rutrum elit, eget malesuada mi justo dapibus enim. Maecenas finibus euismod nulla quis dignissim. Sed dictum ante rutrum turpis euismod laoreet. Sed placerat tellus leo. In ut lobortis lorem. Nullam vitae lectus egestas urna tincidunt aliquet. Ut sagittis vel enim eget malesuada. Cras in congue tortor. Interdum et malesuada fames ac ante ipsum primis in faucibus. Nunc tempus consequat neque, et eleifend nulla aliquam eu.",Author 201,7,cambridge-ielts-20-general-training-with-audio-answers-savina,NXB 201,2011,326
https://cdn1.fahasa.com/media/catalog/product/i/m/image_195509_1_56095.jpg,Succeed In Cambridge English: Flyers 8,241000,49,9780085479598,"Lorem ipsum dolor sit amet, consectetur adipiscing elit. Nam congue vel tellus non luctus. Vestibulum vitae nunc lorem. Sed lacinia lectus vel augue imperdiet ultricies. Donec id venenatis ex, vitae pretium ligula. Sed nulla eros, dignissim at feugiat non, posuere sit amet urna. Ut eu porttitor tellus. Cras eu massa nulla. Morbi porta fermentum elit eu iaculis. Pellentesque hendrerit venenatis purus at feugiat. Pellentesque vitae feugiat purus. Donec mattis rhoncus lacinia. Sed quam diam, molestie id laoreet eu, lacinia ac turpis. Cras tincidunt lobortis elit quis aliquam. Proin et massa libero.

Aliquam id pharetra arcu. Vivamus vitae mattis ligula. Sed efficitur urna vitae scelerisque tempor. Proin purus magna, vulputate eu ligula a, vehicula malesuada enim. Curabitur aliquet rutrum enim et tincidunt. Vestibulum ante ipsum primis in faucibus orci luctus et ultrices posuere cubilia curae; Vivamus pharetra enim leo, nec molestie nibh consectetur quis. Class aptent taciti sociosqu ad litora torquent per conubia nostra, per inceptos himenaeos. Nunc quis maximus elit, vitae pulvinar urna. Integer at mi elit. Phasellus vitae rutrum sem. Vivamus et mauris ac nisl congue congue eu eget elit. Nullam at quam velit. Pellentesque dictum, diam nec tempor aliquet, tortor justo fermentum sapien, at condimentum turpis elit vel sapien. Aenean rutrum tellus sodales tortor viverra eleifend.

Donec facilisis, diam efficitur maximus ultrices, enim lectus rutrum elit, eget malesuada mi justo dapibus enim. Maecenas finibus euismod nulla quis dignissim. Sed dictum ante rutrum turpis euismod laoreet. Sed placerat tellus leo. In ut lobortis lorem. Nullam vitae lectus egestas urna tincidunt aliquet. Ut sagittis vel enim eget malesuada. Cras in congue tortor. Interdum et malesuada fames ac ante ipsum primis in faucibus. Nunc tempus consequat neque, et eleifend nulla aliquam eu.",Author 202,7,succeed-in-cambridge-english-flyers-8,NXB 202,2021,308
https://cdn1.fahasa.com/media/catalog/product/9/7/9786043778915.jpg,Basic Ielts Reading,160000,49,9780085479599,"Lorem ipsum dolor sit amet, consectetur adipiscing elit. Nam congue vel tellus non luctus. Vestibulum vitae nunc lorem. Sed lacinia lectus vel augue imperdiet ultricies. Donec id venenatis ex, vitae pretium ligula. Sed nulla eros, dignissim at feugiat non, posuere sit amet urna. Ut eu porttitor tellus. Cras eu massa nulla. Morbi porta fermentum elit eu iaculis. Pellentesque hendrerit venenatis purus at feugiat. Pellentesque vitae feugiat purus. Donec mattis rhoncus lacinia. Sed quam diam, molestie id laoreet eu, lacinia ac turpis. Cras tincidunt lobortis elit quis aliquam. Proin et massa libero.

Aliquam id pharetra arcu. Vivamus vitae mattis ligula. Sed efficitur urna vitae scelerisque tempor. Proin purus magna, vulputate eu ligula a, vehicula malesuada enim. Curabitur aliquet rutrum enim et tincidunt. Vestibulum ante ipsum primis in faucibus orci luctus et ultrices posuere cubilia curae; Vivamus pharetra enim leo, nec molestie nibh consectetur quis. Class aptent taciti sociosqu ad litora torquent per conubia nostra, per inceptos himenaeos. Nunc quis maximus elit, vitae pulvinar urna. Integer at mi elit. Phasellus vitae rutrum sem. Vivamus et mauris ac nisl congue congue eu eget elit. Nullam at quam velit. Pellentesque dictum, diam nec tempor aliquet, tortor justo fermentum sapien, at condimentum turpis elit vel sapien. Aenean rutrum tellus sodales tortor viverra eleifend.

Donec facilisis, diam efficitur maximus ultrices, enim lectus rutrum elit, eget malesuada mi justo dapibus enim. Maecenas finibus euismod nulla quis dignissim. Sed dictum ante rutrum turpis euismod laoreet. Sed placerat tellus leo. In ut lobortis lorem. Nullam vitae lectus egestas urna tincidunt aliquet. Ut sagittis vel enim eget malesuada. Cras in congue tortor. Interdum et malesuada fames ac ante ipsum primis in faucibus. Nunc tempus consequat neque, et eleifend nulla aliquam eu.",Author 203,4,basic-ielts-reading,NXB 203,2018,133
https://cdn1.fahasa.com/media/catalog/product/i/m/img_2201-photoroom_1.jpg,Bảng Động Từ Bất Quy Tắc Trong Tiếng Anh,8500,49,9780085479600,"Lorem ipsum dolor sit amet, consectetur adipiscing elit. Nam congue vel tellus non luctus. Vestibulum vitae nunc lorem. Sed lacinia lectus vel augue imperdiet ultricies. Donec id venenatis ex, vitae pretium ligula. Sed nulla eros, dignissim at feugiat non, posuere sit amet urna. Ut eu porttitor tellus. Cras eu massa nulla. Morbi porta fermentum elit eu iaculis. Pellentesque hendrerit venenatis purus at feugiat. Pellentesque vitae feugiat purus. Donec mattis rhoncus lacinia. Sed quam diam, molestie id laoreet eu, lacinia ac turpis. Cras tincidunt lobortis elit quis aliquam. Proin et massa libero.

Aliquam id pharetra arcu. Vivamus vitae mattis ligula. Sed efficitur urna vitae scelerisque tempor. Proin purus magna, vulputate eu ligula a, vehicula malesuada enim. Curabitur aliquet rutrum enim et tincidunt. Vestibulum ante ipsum primis in faucibus orci luctus et ultrices posuere cubilia curae; Vivamus pharetra enim leo, nec molestie nibh consectetur quis. Class aptent taciti sociosqu ad litora torquent per conubia nostra, per inceptos himenaeos. Nunc quis maximus elit, vitae pulvinar urna. Integer at mi elit. Phasellus vitae rutrum sem. Vivamus et mauris ac nisl congue congue eu eget elit. Nullam at quam velit. Pellentesque dictum, diam nec tempor aliquet, tortor justo fermentum sapien, at condimentum turpis elit vel sapien. Aenean rutrum tellus sodales tortor viverra eleifend.

Donec facilisis, diam efficitur maximus ultrices, enim lectus rutrum elit, eget malesuada mi justo dapibus enim. Maecenas finibus euismod nulla quis dignissim. Sed dictum ante rutrum turpis euismod laoreet. Sed placerat tellus leo. In ut lobortis lorem. Nullam vitae lectus egestas urna tincidunt aliquet. Ut sagittis vel enim eget malesuada. Cras in congue tortor. Interdum et malesuada fames ac ante ipsum primis in faucibus. Nunc tempus consequat neque, et eleifend nulla aliquam eu.",Author 204,8,bang-dong-tu-bat-quy-tac-trong-tieng-anh,NXB 204,2012,253
https://cdn1.fahasa.com/media/catalog/product/9/7/9781009195171.jpg,Cambridge Ielts 16 General Training With Answers (SAVINA) (Kèm Audio),218500,49,9780085479601,"Lorem ipsum dolor sit amet, consectetur adipiscing elit. Nam congue vel tellus non luctus. Vestibulum vitae nunc lorem. Sed lacinia lectus vel augue imperdiet ultricies. Donec id venenatis ex, vitae pretium ligula. Sed nulla eros, dignissim at feugiat non, posuere sit amet urna. Ut eu porttitor tellus. Cras eu massa nulla. Morbi porta fermentum elit eu iaculis. Pellentesque hendrerit venenatis purus at feugiat. Pellentesque vitae feugiat purus. Donec mattis rhoncus lacinia. Sed quam diam, molestie id laoreet eu, lacinia ac turpis. Cras tincidunt lobortis elit quis aliquam. Proin et massa libero.

Aliquam id pharetra arcu. Vivamus vitae mattis ligula. Sed efficitur urna vitae scelerisque tempor. Proin purus magna, vulputate eu ligula a, vehicula malesuada enim. Curabitur aliquet rutrum enim et tincidunt. Vestibulum ante ipsum primis in faucibus orci luctus et ultrices posuere cubilia curae; Vivamus pharetra enim leo, nec molestie nibh consectetur quis. Class aptent taciti sociosqu ad litora torquent per conubia nostra, per inceptos himenaeos. Nunc quis maximus elit, vitae pulvinar urna. Integer at mi elit. Phasellus vitae rutrum sem. Vivamus et mauris ac nisl congue congue eu eget elit. Nullam at quam velit. Pellentesque dictum, diam nec tempor aliquet, tortor justo fermentum sapien, at condimentum turpis elit vel sapien. Aenean rutrum tellus sodales tortor viverra eleifend.

Donec facilisis, diam efficitur maximus ultrices, enim lectus rutrum elit, eget malesuada mi justo dapibus enim. Maecenas finibus euismod nulla quis dignissim. Sed dictum ante rutrum turpis euismod laoreet. Sed placerat tellus leo. In ut lobortis lorem. Nullam vitae lectus egestas urna tincidunt aliquet. Ut sagittis vel enim eget malesuada. Cras in congue tortor. Interdum et malesuada fames ac ante ipsum primis in faucibus. Nunc tempus consequat neque, et eleifend nulla aliquam eu.",Author 205,10,cambridge-ielts-16-general-training-with-answers-savina-kem-audio,NXB 205,2010,234
https://cdn1.fahasa.com/media/catalog/product/9/7/9781009320948.jpg,Cambridge IELTS 17 Academic With Answers (Savina) (Kèm Audio),218500,49,9780085479602,"Lorem ipsum dolor sit amet, consectetur adipiscing elit. Nam congue vel tellus non luctus. Vestibulum vitae nunc lorem. Sed lacinia lectus vel augue imperdiet ultricies. Donec id venenatis ex, vitae pretium ligula. Sed nulla eros, dignissim at feugiat non, posuere sit amet urna. Ut eu porttitor tellus. Cras eu massa nulla. Morbi porta fermentum elit eu iaculis. Pellentesque hendrerit venenatis purus at feugiat. Pellentesque vitae feugiat purus. Donec mattis rhoncus lacinia. Sed quam diam, molestie id laoreet eu, lacinia ac turpis. Cras tincidunt lobortis elit quis aliquam. Proin et massa libero.

Aliquam id pharetra arcu. Vivamus vitae mattis ligula. Sed efficitur urna vitae scelerisque tempor. Proin purus magna, vulputate eu ligula a, vehicula malesuada enim. Curabitur aliquet rutrum enim et tincidunt. Vestibulum ante ipsum primis in faucibus orci luctus et ultrices posuere cubilia curae; Vivamus pharetra enim leo, nec molestie nibh consectetur quis. Class aptent taciti sociosqu ad litora torquent per conubia nostra, per inceptos himenaeos. Nunc quis maximus elit, vitae pulvinar urna. Integer at mi elit. Phasellus vitae rutrum sem. Vivamus et mauris ac nisl congue congue eu eget elit. Nullam at quam velit. Pellentesque dictum, diam nec tempor aliquet, tortor justo fermentum sapien, at condimentum turpis elit vel sapien. Aenean rutrum tellus sodales tortor viverra eleifend.

Donec facilisis, diam efficitur maximus ultrices, enim lectus rutrum elit, eget malesuada mi justo dapibus enim. Maecenas finibus euismod nulla quis dignissim. Sed dictum ante rutrum turpis euismod laoreet. Sed placerat tellus leo. In ut lobortis lorem. Nullam vitae lectus egestas urna tincidunt aliquet. Ut sagittis vel enim eget malesuada. Cras in congue tortor. Interdum et malesuada fames ac ante ipsum primis in faucibus. Nunc tempus consequat neque, et eleifend nulla aliquam eu.",Author 206,7,cambridge-ielts-17-academic-with-answers-savina-kem-audio,NXB 206,2022,341
https://cdn1.fahasa.com/media/catalog/product/9/7/9781009320955.jpg,Cambridge IELTS 17 General Training With Answers (Savina) (Kèm Audio),218500,49,9780085479603,"Lorem ipsum dolor sit amet, consectetur adipiscing elit. Nam congue vel tellus non luctus. Vestibulum vitae nunc lorem. Sed lacinia lectus vel augue imperdiet ultricies. Donec id venenatis ex, vitae pretium ligula. Sed nulla eros, dignissim at feugiat non, posuere sit amet urna. Ut eu porttitor tellus. Cras eu massa nulla. Morbi porta fermentum elit eu iaculis. Pellentesque hendrerit venenatis purus at feugiat. Pellentesque vitae feugiat purus. Donec mattis rhoncus lacinia. Sed quam diam, molestie id laoreet eu, lacinia ac turpis. Cras tincidunt lobortis elit quis aliquam. Proin et massa libero.

Aliquam id pharetra arcu. Vivamus vitae mattis ligula. Sed efficitur urna vitae scelerisque tempor. Proin purus magna, vulputate eu ligula a, vehicula malesuada enim. Curabitur aliquet rutrum enim et tincidunt. Vestibulum ante ipsum primis in faucibus orci luctus et ultrices posuere cubilia curae; Vivamus pharetra enim leo, nec molestie nibh consectetur quis. Class aptent taciti sociosqu ad litora torquent per conubia nostra, per inceptos himenaeos. Nunc quis maximus elit, vitae pulvinar urna. Integer at mi elit. Phasellus vitae rutrum sem. Vivamus et mauris ac nisl congue congue eu eget elit. Nullam at quam velit. Pellentesque dictum, diam nec tempor aliquet, tortor justo fermentum sapien, at condimentum turpis elit vel sapien. Aenean rutrum tellus sodales tortor viverra eleifend.

Donec facilisis, diam efficitur maximus ultrices, enim lectus rutrum elit, eget malesuada mi justo dapibus enim. Maecenas finibus euismod nulla quis dignissim. Sed dictum ante rutrum turpis euismod laoreet. Sed placerat tellus leo. In ut lobortis lorem. Nullam vitae lectus egestas urna tincidunt aliquet. Ut sagittis vel enim eget malesuada. Cras in congue tortor. Interdum et malesuada fames ac ante ipsum primis in faucibus. Nunc tempus consequat neque, et eleifend nulla aliquam eu.",Author 207,6,cambridge-ielts-17-general-training-with-answers-savina-kem-audio,NXB 207,2019,342
https://cdn1.fahasa.com/media/catalog/product/b/_/b_a-18gen-1.jpg,Cambridge IELTS 18 General Training - With Answer + Audio (Kèm Audio),218500,49,9780085479604,"Lorem ipsum dolor sit amet, consectetur adipiscing elit. Nam congue vel tellus non luctus. Vestibulum vitae nunc lorem. Sed lacinia lectus vel augue imperdiet ultricies. Donec id venenatis ex, vitae pretium ligula. Sed nulla eros, dignissim at feugiat non, posuere sit amet urna. Ut eu porttitor tellus. Cras eu massa nulla. Morbi porta fermentum elit eu iaculis. Pellentesque hendrerit venenatis purus at feugiat. Pellentesque vitae feugiat purus. Donec mattis rhoncus lacinia. Sed quam diam, molestie id laoreet eu, lacinia ac turpis. Cras tincidunt lobortis elit quis aliquam. Proin et massa libero.

Aliquam id pharetra arcu. Vivamus vitae mattis ligula. Sed efficitur urna vitae scelerisque tempor. Proin purus magna, vulputate eu ligula a, vehicula malesuada enim. Curabitur aliquet rutrum enim et tincidunt. Vestibulum ante ipsum primis in faucibus orci luctus et ultrices posuere cubilia curae; Vivamus pharetra enim leo, nec molestie nibh consectetur quis. Class aptent taciti sociosqu ad litora torquent per conubia nostra, per inceptos himenaeos. Nunc quis maximus elit, vitae pulvinar urna. Integer at mi elit. Phasellus vitae rutrum sem. Vivamus et mauris ac nisl congue congue eu eget elit. Nullam at quam velit. Pellentesque dictum, diam nec tempor aliquet, tortor justo fermentum sapien, at condimentum turpis elit vel sapien. Aenean rutrum tellus sodales tortor viverra eleifend.

Donec facilisis, diam efficitur maximus ultrices, enim lectus rutrum elit, eget malesuada mi justo dapibus enim. Maecenas finibus euismod nulla quis dignissim. Sed dictum ante rutrum turpis euismod laoreet. Sed placerat tellus leo. In ut lobortis lorem. Nullam vitae lectus egestas urna tincidunt aliquet. Ut sagittis vel enim eget malesuada. Cras in congue tortor. Interdum et malesuada fames ac ante ipsum primis in faucibus. Nunc tempus consequat neque, et eleifend nulla aliquam eu.",Author 208,8,cambridge-ielts-18-general-training-with-answer-audio-kem-audio,NXB 208,2012,165
https://cdn1.fahasa.com/media/catalog/product/i/m/image_216005.jpg,Cambridge Ielts 15 Academic With Answers (Savina) (Kèm Audio),156500,49,9780085479605,"Lorem ipsum dolor sit amet, consectetur adipiscing elit. Nam congue vel tellus non luctus. Vestibulum vitae nunc lorem. Sed lacinia lectus vel augue imperdiet ultricies. Donec id venenatis ex, vitae pretium ligula. Sed nulla eros, dignissim at feugiat non, posuere sit amet urna. Ut eu porttitor tellus. Cras eu massa nulla. Morbi porta fermentum elit eu iaculis. Pellentesque hendrerit venenatis purus at feugiat. Pellentesque vitae feugiat purus. Donec mattis rhoncus lacinia. Sed quam diam, molestie id laoreet eu, lacinia ac turpis. Cras tincidunt lobortis elit quis aliquam. Proin et massa libero.

Aliquam id pharetra arcu. Vivamus vitae mattis ligula. Sed efficitur urna vitae scelerisque tempor. Proin purus magna, vulputate eu ligula a, vehicula malesuada enim. Curabitur aliquet rutrum enim et tincidunt. Vestibulum ante ipsum primis in faucibus orci luctus et ultrices posuere cubilia curae; Vivamus pharetra enim leo, nec molestie nibh consectetur quis. Class aptent taciti sociosqu ad litora torquent per conubia nostra, per inceptos himenaeos. Nunc quis maximus elit, vitae pulvinar urna. Integer at mi elit. Phasellus vitae rutrum sem. Vivamus et mauris ac nisl congue congue eu eget elit. Nullam at quam velit. Pellentesque dictum, diam nec tempor aliquet, tortor justo fermentum sapien, at condimentum turpis elit vel sapien. Aenean rutrum tellus sodales tortor viverra eleifend.

Donec facilisis, diam efficitur maximus ultrices, enim lectus rutrum elit, eget malesuada mi justo dapibus enim. Maecenas finibus euismod nulla quis dignissim. Sed dictum ante rutrum turpis euismod laoreet. Sed placerat tellus leo. In ut lobortis lorem. Nullam vitae lectus egestas urna tincidunt aliquet. Ut sagittis vel enim eget malesuada. Cras in congue tortor. Interdum et malesuada fames ac ante ipsum primis in faucibus. Nunc tempus consequat neque, et eleifend nulla aliquam eu.",Author 209,2,cambridge-ielts-15-academic-with-answers-savina-kem-audio,NXB 209,2013,104
https://cdn1.fahasa.com/media/catalog/product/b/i/bia-1-ielts-20-aca_thanh_ly.jpg,Cambridge Ielts With Answers,156500,49,9780085479606,"Lorem ipsum dolor sit amet, consectetur adipiscing elit. Nam congue vel tellus non luctus. Vestibulum vitae nunc lorem. Sed lacinia lectus vel augue imperdiet ultricies. Donec id venenatis ex, vitae pretium ligula. Sed nulla eros, dignissim at feugiat non, posuere sit amet urna. Ut eu porttitor tellus. Cras eu massa nulla. Morbi porta fermentum elit eu iaculis. Pellentesque hendrerit venenatis purus at feugiat. Pellentesque vitae feugiat purus. Donec mattis rhoncus lacinia. Sed quam diam, molestie id laoreet eu, lacinia ac turpis. Cras tincidunt lobortis elit quis aliquam. Proin et massa libero.

Aliquam id pharetra arcu. Vivamus vitae mattis ligula. Sed efficitur urna vitae scelerisque tempor. Proin purus magna, vulputate eu ligula a, vehicula malesuada enim. Curabitur aliquet rutrum enim et tincidunt. Vestibulum ante ipsum primis in faucibus orci luctus et ultrices posuere cubilia curae; Vivamus pharetra enim leo, nec molestie nibh consectetur quis. Class aptent taciti sociosqu ad litora torquent per conubia nostra, per inceptos himenaeos. Nunc quis maximus elit, vitae pulvinar urna. Integer at mi elit. Phasellus vitae rutrum sem. Vivamus et mauris ac nisl congue congue eu eget elit. Nullam at quam velit. Pellentesque dictum, diam nec tempor aliquet, tortor justo fermentum sapien, at condimentum turpis elit vel sapien. Aenean rutrum tellus sodales tortor viverra eleifend.

Donec facilisis, diam efficitur maximus ultrices, enim lectus rutrum elit, eget malesuada mi justo dapibus enim. Maecenas finibus euismod nulla quis dignissim. Sed dictum ante rutrum turpis euismod laoreet. Sed placerat tellus leo. In ut lobortis lorem. Nullam vitae lectus egestas urna tincidunt aliquet. Ut sagittis vel enim eget malesuada. Cras in congue tortor. Interdum et malesuada fames ac ante ipsum primis in faucibus. Nunc tempus consequat neque, et eleifend nulla aliquam eu.",Author 210,6,cambridge-ielts-with-answers,NXB 210,2018,184
https://cdn1.fahasa.com/media/catalog/product/i/m/image_189355.jpg,Big Step Toeic 1 (LC+RC),217500,49,9780085479607,"Lorem ipsum dolor sit amet, consectetur adipiscing elit. Nam congue vel tellus non luctus. Vestibulum vitae nunc lorem. Sed lacinia lectus vel augue imperdiet ultricies. Donec id venenatis ex, vitae pretium ligula. Sed nulla eros, dignissim at feugiat non, posuere sit amet urna. Ut eu porttitor tellus. Cras eu massa nulla. Morbi porta fermentum elit eu iaculis. Pellentesque hendrerit venenatis purus at feugiat. Pellentesque vitae feugiat purus. Donec mattis rhoncus lacinia. Sed quam diam, molestie id laoreet eu, lacinia ac turpis. Cras tincidunt lobortis elit quis aliquam. Proin et massa libero.

Aliquam id pharetra arcu. Vivamus vitae mattis ligula. Sed efficitur urna vitae scelerisque tempor. Proin purus magna, vulputate eu ligula a, vehicula malesuada enim. Curabitur aliquet rutrum enim et tincidunt. Vestibulum ante ipsum primis in faucibus orci luctus et ultrices posuere cubilia curae; Vivamus pharetra enim leo, nec molestie nibh consectetur quis. Class aptent taciti sociosqu ad litora torquent per conubia nostra, per inceptos himenaeos. Nunc quis maximus elit, vitae pulvinar urna. Integer at mi elit. Phasellus vitae rutrum sem. Vivamus et mauris ac nisl congue congue eu eget elit. Nullam at quam velit. Pellentesque dictum, diam nec tempor aliquet, tortor justo fermentum sapien, at condimentum turpis elit vel sapien. Aenean rutrum tellus sodales tortor viverra eleifend.

Donec facilisis, diam efficitur maximus ultrices, enim lectus rutrum elit, eget malesuada mi justo dapibus enim. Maecenas finibus euismod nulla quis dignissim. Sed dictum ante rutrum turpis euismod laoreet. Sed placerat tellus leo. In ut lobortis lorem. Nullam vitae lectus egestas urna tincidunt aliquet. Ut sagittis vel enim eget malesuada. Cras in congue tortor. Interdum et malesuada fames ac ante ipsum primis in faucibus. Nunc tempus consequat neque, et eleifend nulla aliquam eu.",Author 211,9,big-step-toeic-1-lc-rc,NXB 211,2023,191
https://cdn1.fahasa.com/media/catalog/product/z/5/z5895072395093_970cadac9a946272b9670f43dd00f5ae.jpg,Hacking Your English Speaking - Luyện Nói Tiếng Anh Đột Phá,215000,49,9780085479608,"Lorem ipsum dolor sit amet, consectetur adipiscing elit. Nam congue vel tellus non luctus. Vestibulum vitae nunc lorem. Sed lacinia lectus vel augue imperdiet ultricies. Donec id venenatis ex, vitae pretium ligula. Sed nulla eros, dignissim at feugiat non, posuere sit amet urna. Ut eu porttitor tellus. Cras eu massa nulla. Morbi porta fermentum elit eu iaculis. Pellentesque hendrerit venenatis purus at feugiat. Pellentesque vitae feugiat purus. Donec mattis rhoncus lacinia. Sed quam diam, molestie id laoreet eu, lacinia ac turpis. Cras tincidunt lobortis elit quis aliquam. Proin et massa libero.

Aliquam id pharetra arcu. Vivamus vitae mattis ligula. Sed efficitur urna vitae scelerisque tempor. Proin purus magna, vulputate eu ligula a, vehicula malesuada enim. Curabitur aliquet rutrum enim et tincidunt. Vestibulum ante ipsum primis in faucibus orci luctus et ultrices posuere cubilia curae; Vivamus pharetra enim leo, nec molestie nibh consectetur quis. Class aptent taciti sociosqu ad litora torquent per conubia nostra, per inceptos himenaeos. Nunc quis maximus elit, vitae pulvinar urna. Integer at mi elit. Phasellus vitae rutrum sem. Vivamus et mauris ac nisl congue congue eu eget elit. Nullam at quam velit. Pellentesque dictum, diam nec tempor aliquet, tortor justo fermentum sapien, at condimentum turpis elit vel sapien. Aenean rutrum tellus sodales tortor viverra eleifend.

Donec facilisis, diam efficitur maximus ultrices, enim lectus rutrum elit, eget malesuada mi justo dapibus enim. Maecenas finibus euismod nulla quis dignissim. Sed dictum ante rutrum turpis euismod laoreet. Sed placerat tellus leo. In ut lobortis lorem. Nullam vitae lectus egestas urna tincidunt aliquet. Ut sagittis vel enim eget malesuada. Cras in congue tortor. Interdum et malesuada fames ac ante ipsum primis in faucibus. Nunc tempus consequat neque, et eleifend nulla aliquam eu.",Author 212,5,hacking-your-english-speaking-luyen-noi-tieng-anh-dot-pha,NXB 212,2016,173
https://cdn1.fahasa.com/media/catalog/product/9/7/9786044013985_2.jpg,Tiếng Anh Cho Người Bắt Đầu - Bản Đặc Biệt,187500,49,9780085479609,"Lorem ipsum dolor sit amet, consectetur adipiscing elit. Nam congue vel tellus non luctus. Vestibulum vitae nunc lorem. Sed lacinia lectus vel augue imperdiet ultricies. Donec id venenatis ex, vitae pretium ligula. Sed nulla eros, dignissim at feugiat non, posuere sit amet urna. Ut eu porttitor tellus. Cras eu massa nulla. Morbi porta fermentum elit eu iaculis. Pellentesque hendrerit venenatis purus at feugiat. Pellentesque vitae feugiat purus. Donec mattis rhoncus lacinia. Sed quam diam, molestie id laoreet eu, lacinia ac turpis. Cras tincidunt lobortis elit quis aliquam. Proin et massa libero.

Aliquam id pharetra arcu. Vivamus vitae mattis ligula. Sed efficitur urna vitae scelerisque tempor. Proin purus magna, vulputate eu ligula a, vehicula malesuada enim. Curabitur aliquet rutrum enim et tincidunt. Vestibulum ante ipsum primis in faucibus orci luctus et ultrices posuere cubilia curae; Vivamus pharetra enim leo, nec molestie nibh consectetur quis. Class aptent taciti sociosqu ad litora torquent per conubia nostra, per inceptos himenaeos. Nunc quis maximus elit, vitae pulvinar urna. Integer at mi elit. Phasellus vitae rutrum sem. Vivamus et mauris ac nisl congue congue eu eget elit. Nullam at quam velit. Pellentesque dictum, diam nec tempor aliquet, tortor justo fermentum sapien, at condimentum turpis elit vel sapien. Aenean rutrum tellus sodales tortor viverra eleifend.

Donec facilisis, diam efficitur maximus ultrices, enim lectus rutrum elit, eget malesuada mi justo dapibus enim. Maecenas finibus euismod nulla quis dignissim. Sed dictum ante rutrum turpis euismod laoreet. Sed placerat tellus leo. In ut lobortis lorem. Nullam vitae lectus egestas urna tincidunt aliquet. Ut sagittis vel enim eget malesuada. Cras in congue tortor. Interdum et malesuada fames ac ante ipsum primis in faucibus. Nunc tempus consequat neque, et eleifend nulla aliquam eu.",Author 213,7,tieng-anh-cho-nguoi-bat-dau-ban-dac-biet,NXB 213,2013,323
https://cdn1.fahasa.com/media/catalog/product/8/9/8935236425728.jpg,English Grammar In Use - 136 Đề Mục Ngữ Pháp Tiếng Anh,132000,49,9780085479610,"Lorem ipsum dolor sit amet, consectetur adipiscing elit. Nam congue vel tellus non luctus. Vestibulum vitae nunc lorem. Sed lacinia lectus vel augue imperdiet ultricies. Donec id venenatis ex, vitae pretium ligula. Sed nulla eros, dignissim at feugiat non, posuere sit amet urna. Ut eu porttitor tellus. Cras eu massa nulla. Morbi porta fermentum elit eu iaculis. Pellentesque hendrerit venenatis purus at feugiat. Pellentesque vitae feugiat purus. Donec mattis rhoncus lacinia. Sed quam diam, molestie id laoreet eu, lacinia ac turpis. Cras tincidunt lobortis elit quis aliquam. Proin et massa libero.

Aliquam id pharetra arcu. Vivamus vitae mattis ligula. Sed efficitur urna vitae scelerisque tempor. Proin purus magna, vulputate eu ligula a, vehicula malesuada enim. Curabitur aliquet rutrum enim et tincidunt. Vestibulum ante ipsum primis in faucibus orci luctus et ultrices posuere cubilia curae; Vivamus pharetra enim leo, nec molestie nibh consectetur quis. Class aptent taciti sociosqu ad litora torquent per conubia nostra, per inceptos himenaeos. Nunc quis maximus elit, vitae pulvinar urna. Integer at mi elit. Phasellus vitae rutrum sem. Vivamus et mauris ac nisl congue congue eu eget elit. Nullam at quam velit. Pellentesque dictum, diam nec tempor aliquet, tortor justo fermentum sapien, at condimentum turpis elit vel sapien. Aenean rutrum tellus sodales tortor viverra eleifend.

Donec facilisis, diam efficitur maximus ultrices, enim lectus rutrum elit, eget malesuada mi justo dapibus enim. Maecenas finibus euismod nulla quis dignissim. Sed dictum ante rutrum turpis euismod laoreet. Sed placerat tellus leo. In ut lobortis lorem. Nullam vitae lectus egestas urna tincidunt aliquet. Ut sagittis vel enim eget malesuada. Cras in congue tortor. Interdum et malesuada fames ac ante ipsum primis in faucibus. Nunc tempus consequat neque, et eleifend nulla aliquam eu.",Author 214,10,english-grammar-in-use-136-de-muc-ngu-phap-tieng-anh,NXB 214,2007,111
https://cdn1.fahasa.com/media/catalog/product/9/7/9786043350296.jpg,Basic IELTS Listening (Tái Bản 2023),169000,49,9780085479611,"Lorem ipsum dolor sit amet, consectetur adipiscing elit. Nam congue vel tellus non luctus. Vestibulum vitae nunc lorem. Sed lacinia lectus vel augue imperdiet ultricies. Donec id venenatis ex, vitae pretium ligula. Sed nulla eros, dignissim at feugiat non, posuere sit amet urna. Ut eu porttitor tellus. Cras eu massa nulla. Morbi porta fermentum elit eu iaculis. Pellentesque hendrerit venenatis purus at feugiat. Pellentesque vitae feugiat purus. Donec mattis rhoncus lacinia. Sed quam diam, molestie id laoreet eu, lacinia ac turpis. Cras tincidunt lobortis elit quis aliquam. Proin et massa libero.

Aliquam id pharetra arcu. Vivamus vitae mattis ligula. Sed efficitur urna vitae scelerisque tempor. Proin purus magna, vulputate eu ligula a, vehicula malesuada enim. Curabitur aliquet rutrum enim et tincidunt. Vestibulum ante ipsum primis in faucibus orci luctus et ultrices posuere cubilia curae; Vivamus pharetra enim leo, nec molestie nibh consectetur quis. Class aptent taciti sociosqu ad litora torquent per conubia nostra, per inceptos himenaeos. Nunc quis maximus elit, vitae pulvinar urna. Integer at mi elit. Phasellus vitae rutrum sem. Vivamus et mauris ac nisl congue congue eu eget elit. Nullam at quam velit. Pellentesque dictum, diam nec tempor aliquet, tortor justo fermentum sapien, at condimentum turpis elit vel sapien. Aenean rutrum tellus sodales tortor viverra eleifend.

Donec facilisis, diam efficitur maximus ultrices, enim lectus rutrum elit, eget malesuada mi justo dapibus enim. Maecenas finibus euismod nulla quis dignissim. Sed dictum ante rutrum turpis euismod laoreet. Sed placerat tellus leo. In ut lobortis lorem. Nullam vitae lectus egestas urna tincidunt aliquet. Ut sagittis vel enim eget malesuada. Cras in congue tortor. Interdum et malesuada fames ac ante ipsum primis in faucibus. Nunc tempus consequat neque, et eleifend nulla aliquam eu.",Author 215,6,basic-ielts-listening-tai-ban-2023,NXB 215,2023,156
https://cdn1.fahasa.com/media/catalog/product/i/m/image_123579.jpg,Tự Học Đột Phá - Kĩ Năng Viết Lại Câu Tiếng Anh,118000,49,9780085479612,"Lorem ipsum dolor sit amet, consectetur adipiscing elit. Nam congue vel tellus non luctus. Vestibulum vitae nunc lorem. Sed lacinia lectus vel augue imperdiet ultricies. Donec id venenatis ex, vitae pretium ligula. Sed nulla eros, dignissim at feugiat non, posuere sit amet urna. Ut eu porttitor tellus. Cras eu massa nulla. Morbi porta fermentum elit eu iaculis. Pellentesque hendrerit venenatis purus at feugiat. Pellentesque vitae feugiat purus. Donec mattis rhoncus lacinia. Sed quam diam, molestie id laoreet eu, lacinia ac turpis. Cras tincidunt lobortis elit quis aliquam. Proin et massa libero.

Aliquam id pharetra arcu. Vivamus vitae mattis ligula. Sed efficitur urna vitae scelerisque tempor. Proin purus magna, vulputate eu ligula a, vehicula malesuada enim. Curabitur aliquet rutrum enim et tincidunt. Vestibulum ante ipsum primis in faucibus orci luctus et ultrices posuere cubilia curae; Vivamus pharetra enim leo, nec molestie nibh consectetur quis. Class aptent taciti sociosqu ad litora torquent per conubia nostra, per inceptos himenaeos. Nunc quis maximus elit, vitae pulvinar urna. Integer at mi elit. Phasellus vitae rutrum sem. Vivamus et mauris ac nisl congue congue eu eget elit. Nullam at quam velit. Pellentesque dictum, diam nec tempor aliquet, tortor justo fermentum sapien, at condimentum turpis elit vel sapien. Aenean rutrum tellus sodales tortor viverra eleifend.

Donec facilisis, diam efficitur maximus ultrices, enim lectus rutrum elit, eget malesuada mi justo dapibus enim. Maecenas finibus euismod nulla quis dignissim. Sed dictum ante rutrum turpis euismod laoreet. Sed placerat tellus leo. In ut lobortis lorem. Nullam vitae lectus egestas urna tincidunt aliquet. Ut sagittis vel enim eget malesuada. Cras in congue tortor. Interdum et malesuada fames ac ante ipsum primis in faucibus. Nunc tempus consequat neque, et eleifend nulla aliquam eu.",Author 216,10,tu-hoc-dot-pha-ky-nang-viet-lai-cau-tieng-anh,NXB 216,2017,398
https://cdn1.fahasa.com/media/catalog/product/u/n/untitled-1_4_29.jpg,Tư Duy Học IELTS Đúng Từ Đầu - Nền Tảng Chiến Lược Cho Hành Trình Chinh Phục Tiếng Anh,142560,49,9780085479613,"Lorem ipsum dolor sit amet, consectetur adipiscing elit. Nam congue vel tellus non luctus. Vestibulum vitae nunc lorem. Sed lacinia lectus vel augue imperdiet ultricies. Donec id venenatis ex, vitae pretium ligula. Sed nulla eros, dignissim at feugiat non, posuere sit amet urna. Ut eu porttitor tellus. Cras eu massa nulla. Morbi porta fermentum elit eu iaculis. Pellentesque hendrerit venenatis purus at feugiat. Pellentesque vitae feugiat purus. Donec mattis rhoncus lacinia. Sed quam diam, molestie id laoreet eu, lacinia ac turpis. Cras tincidunt lobortis elit quis aliquam. Proin et massa libero.

Aliquam id pharetra arcu. Vivamus vitae mattis ligula. Sed efficitur urna vitae scelerisque tempor. Proin purus magna, vulputate eu ligula a, vehicula malesuada enim. Curabitur aliquet rutrum enim et tincidunt. Vestibulum ante ipsum primis in faucibus orci luctus et ultrices posuere cubilia curae; Vivamus pharetra enim leo, nec molestie nibh consectetur quis. Class aptent taciti sociosqu ad litora torquent per conubia nostra, per inceptos himenaeos. Nunc quis maximus elit, vitae pulvinar urna. Integer at mi elit. Phasellus vitae rutrum sem. Vivamus et mauris ac nisl congue congue eu eget elit. Nullam at quam velit. Pellentesque dictum, diam nec tempor aliquet, tortor justo fermentum sapien, at condimentum turpis elit vel sapien. Aenean rutrum tellus sodales tortor viverra eleifend.

Donec facilisis, diam efficitur maximus ultrices, enim lectus rutrum elit, eget malesuada mi justo dapibus enim. Maecenas finibus euismod nulla quis dignissim. Sed dictum ante rutrum turpis euismod laoreet. Sed placerat tellus leo. In ut lobortis lorem. Nullam vitae lectus egestas urna tincidunt aliquet. Ut sagittis vel enim eget malesuada. Cras in congue tortor. Interdum et malesuada fames ac ante ipsum primis in faucibus. Nunc tempus consequat neque, et eleifend nulla aliquam eu.",Author 217,7,tu-duy-hoc-ielts-dung-tu-dau-nen-tang-chien-luoc-cho-hanh-trinh-chinh-phuc-tieng-anh,NXB 217,2007,173
https://cdn1.fahasa.com/media/catalog/product/8/9/8935309503186.jpg,Hackers Ielts Writing (Tái Bản),188300,49,9780085479614,"Lorem ipsum dolor sit amet, consectetur adipiscing elit. Nam congue vel tellus non luctus. Vestibulum vitae nunc lorem. Sed lacinia lectus vel augue imperdiet ultricies. Donec id venenatis ex, vitae pretium ligula. Sed nulla eros, dignissim at feugiat non, posuere sit amet urna. Ut eu porttitor tellus. Cras eu massa nulla. Morbi porta fermentum elit eu iaculis. Pellentesque hendrerit venenatis purus at feugiat. Pellentesque vitae feugiat purus. Donec mattis rhoncus lacinia. Sed quam diam, molestie id laoreet eu, lacinia ac turpis. Cras tincidunt lobortis elit quis aliquam. Proin et massa libero.

Aliquam id pharetra arcu. Vivamus vitae mattis ligula. Sed efficitur urna vitae scelerisque tempor. Proin purus magna, vulputate eu ligula a, vehicula malesuada enim. Curabitur aliquet rutrum enim et tincidunt. Vestibulum ante ipsum primis in faucibus orci luctus et ultrices posuere cubilia curae; Vivamus pharetra enim leo, nec molestie nibh consectetur quis. Class aptent taciti sociosqu ad litora torquent per conubia nostra, per inceptos himenaeos. Nunc quis maximus elit, vitae pulvinar urna. Integer at mi elit. Phasellus vitae rutrum sem. Vivamus et mauris ac nisl congue congue eu eget elit. Nullam at quam velit. Pellentesque dictum, diam nec tempor aliquet, tortor justo fermentum sapien, at condimentum turpis elit vel sapien. Aenean rutrum tellus sodales tortor viverra eleifend.

Donec facilisis, diam efficitur maximus ultrices, enim lectus rutrum elit, eget malesuada mi justo dapibus enim. Maecenas finibus euismod nulla quis dignissim. Sed dictum ante rutrum turpis euismod laoreet. Sed placerat tellus leo. In ut lobortis lorem. Nullam vitae lectus egestas urna tincidunt aliquet. Ut sagittis vel enim eget malesuada. Cras in congue tortor. Interdum et malesuada fames ac ante ipsum primis in faucibus. Nunc tempus consequat neque, et eleifend nulla aliquam eu.",Author 218,3,hackers-ielts-writing-tai-ban,NXB 218,2025,230
https://cdn1.fahasa.com/media/catalog/product/i/m/image_236157.jpg,Đĩa Xoay Động Từ Bất Qui Tắc Tiếng Anh,12000,49,9780085479615,"Lorem ipsum dolor sit amet, consectetur adipiscing elit. Nam congue vel tellus non luctus. Vestibulum vitae nunc lorem. Sed lacinia lectus vel augue imperdiet ultricies. Donec id venenatis ex, vitae pretium ligula. Sed nulla eros, dignissim at feugiat non, posuere sit amet urna. Ut eu porttitor tellus. Cras eu massa nulla. Morbi porta fermentum elit eu iaculis. Pellentesque hendrerit venenatis purus at feugiat. Pellentesque vitae feugiat purus. Donec mattis rhoncus lacinia. Sed quam diam, molestie id laoreet eu, lacinia ac turpis. Cras tincidunt lobortis elit quis aliquam. Proin et massa libero.

Aliquam id pharetra arcu. Vivamus vitae mattis ligula. Sed efficitur urna vitae scelerisque tempor. Proin purus magna, vulputate eu ligula a, vehicula malesuada enim. Curabitur aliquet rutrum enim et tincidunt. Vestibulum ante ipsum primis in faucibus orci luctus et ultrices posuere cubilia curae; Vivamus pharetra enim leo, nec molestie nibh consectetur quis. Class aptent taciti sociosqu ad litora torquent per conubia nostra, per inceptos himenaeos. Nunc quis maximus elit, vitae pulvinar urna. Integer at mi elit. Phasellus vitae rutrum sem. Vivamus et mauris ac nisl congue congue eu eget elit. Nullam at quam velit. Pellentesque dictum, diam nec tempor aliquet, tortor justo fermentum sapien, at condimentum turpis elit vel sapien. Aenean rutrum tellus sodales tortor viverra eleifend.

Donec facilisis, diam efficitur maximus ultrices, enim lectus rutrum elit, eget malesuada mi justo dapibus enim. Maecenas finibus euismod nulla quis dignissim. Sed dictum ante rutrum turpis euismod laoreet. Sed placerat tellus leo. In ut lobortis lorem. Nullam vitae lectus egestas urna tincidunt aliquet. Ut sagittis vel enim eget malesuada. Cras in congue tortor. Interdum et malesuada fames ac ante ipsum primis in faucibus. Nunc tempus consequat neque, et eleifend nulla aliquam eu.",Author 219,8,dia-xoay-dong-tu-bat-quy-tac-tieng-anh,NXB 219,2002,425
https://cdn1.fahasa.com/media/catalog/product/i/m/image_195509_1_13050.jpg,Cambridge Ielts 14 Academic With Answers (Savina) (Không Kèm Audio),156500,49,9780085479616,"Lorem ipsum dolor sit amet, consectetur adipiscing elit. Nam congue vel tellus non luctus. Vestibulum vitae nunc lorem. Sed lacinia lectus vel augue imperdiet ultricies. Donec id venenatis ex, vitae pretium ligula. Sed nulla eros, dignissim at feugiat non, posuere sit amet urna. Ut eu porttitor tellus. Cras eu massa nulla. Morbi porta fermentum elit eu iaculis. Pellentesque hendrerit venenatis purus at feugiat. Pellentesque vitae feugiat purus. Donec mattis rhoncus lacinia. Sed quam diam, molestie id laoreet eu, lacinia ac turpis. Cras tincidunt lobortis elit quis aliquam. Proin et massa libero.

Aliquam id pharetra arcu. Vivamus vitae mattis ligula. Sed efficitur urna vitae scelerisque tempor. Proin purus magna, vulputate eu ligula a, vehicula malesuada enim. Curabitur aliquet rutrum enim et tincidunt. Vestibulum ante ipsum primis in faucibus orci luctus et ultrices posuere cubilia curae; Vivamus pharetra enim leo, nec molestie nibh consectetur quis. Class aptent taciti sociosqu ad litora torquent per conubia nostra, per inceptos himenaeos. Nunc quis maximus elit, vitae pulvinar urna. Integer at mi elit. Phasellus vitae rutrum sem. Vivamus et mauris ac nisl congue congue eu eget elit. Nullam at quam velit. Pellentesque dictum, diam nec tempor aliquet, tortor justo fermentum sapien, at condimentum turpis elit vel sapien. Aenean rutrum tellus sodales tortor viverra eleifend.

Donec facilisis, diam efficitur maximus ultrices, enim lectus rutrum elit, eget malesuada mi justo dapibus enim. Maecenas finibus euismod nulla quis dignissim. Sed dictum ante rutrum turpis euismod laoreet. Sed placerat tellus leo. In ut lobortis lorem. Nullam vitae lectus egestas urna tincidunt aliquet. Ut sagittis vel enim eget malesuada. Cras in congue tortor. Interdum et malesuada fames ac ante ipsum primis in faucibus. Nunc tempus consequat neque, et eleifend nulla aliquam eu.",Author 220,7,cambridge-ielts-14-academic-with-answers-savina-khong-kem-audio,NXB 220,2018,269
https://cdn1.fahasa.com/media/catalog/product/8/9/8935309503179.jpg,Hackers Ielts Reading (Tái Bản),202300,49,9780085479617,"Lorem ipsum dolor sit amet, consectetur adipiscing elit. Nam congue vel tellus non luctus. Vestibulum vitae nunc lorem. Sed lacinia lectus vel augue imperdiet ultricies. Donec id venenatis ex, vitae pretium ligula. Sed nulla eros, dignissim at feugiat non, posuere sit amet urna. Ut eu porttitor tellus. Cras eu massa nulla. Morbi porta fermentum elit eu iaculis. Pellentesque hendrerit venenatis purus at feugiat. Pellentesque vitae feugiat purus. Donec mattis rhoncus lacinia. Sed quam diam, molestie id laoreet eu, lacinia ac turpis. Cras tincidunt lobortis elit quis aliquam. Proin et massa libero.

Aliquam id pharetra arcu. Vivamus vitae mattis ligula. Sed efficitur urna vitae scelerisque tempor. Proin purus magna, vulputate eu ligula a, vehicula malesuada enim. Curabitur aliquet rutrum enim et tincidunt. Vestibulum ante ipsum primis in faucibus orci luctus et ultrices posuere cubilia curae; Vivamus pharetra enim leo, nec molestie nibh consectetur quis. Class aptent taciti sociosqu ad litora torquent per conubia nostra, per inceptos himenaeos. Nunc quis maximus elit, vitae pulvinar urna. Integer at mi elit. Phasellus vitae rutrum sem. Vivamus et mauris ac nisl congue congue eu eget elit. Nullam at quam velit. Pellentesque dictum, diam nec tempor aliquet, tortor justo fermentum sapien, at condimentum turpis elit vel sapien. Aenean rutrum tellus sodales tortor viverra eleifend.

Donec facilisis, diam efficitur maximus ultrices, enim lectus rutrum elit, eget malesuada mi justo dapibus enim. Maecenas finibus euismod nulla quis dignissim. Sed dictum ante rutrum turpis euismod laoreet. Sed placerat tellus leo. In ut lobortis lorem. Nullam vitae lectus egestas urna tincidunt aliquet. Ut sagittis vel enim eget malesuada. Cras in congue tortor. Interdum et malesuada fames ac ante ipsum primis in faucibus. Nunc tempus consequat neque, et eleifend nulla aliquam eu.",Author 221,4,hackers-ielts-reading-tai-ban,NXB 221,2002,471
https://cdn1.fahasa.com/media/catalog/product/8/9/8935246945025.jpg,Destination C1&C2 - Grammar & Vocabulary With Answer Key (Tái Bản 2024),168000,49,9780085479618,"Lorem ipsum dolor sit amet, consectetur adipiscing elit. Nam congue vel tellus non luctus. Vestibulum vitae nunc lorem. Sed lacinia lectus vel augue imperdiet ultricies. Donec id venenatis ex, vitae pretium ligula. Sed nulla eros, dignissim at feugiat non, posuere sit amet urna. Ut eu porttitor tellus. Cras eu massa nulla. Morbi porta fermentum elit eu iaculis. Pellentesque hendrerit venenatis purus at feugiat. Pellentesque vitae feugiat purus. Donec mattis rhoncus lacinia. Sed quam diam, molestie id laoreet eu, lacinia ac turpis. Cras tincidunt lobortis elit quis aliquam. Proin et massa libero.

Aliquam id pharetra arcu. Vivamus vitae mattis ligula. Sed efficitur urna vitae scelerisque tempor. Proin purus magna, vulputate eu ligula a, vehicula malesuada enim. Curabitur aliquet rutrum enim et tincidunt. Vestibulum ante ipsum primis in faucibus orci luctus et ultrices posuere cubilia curae; Vivamus pharetra enim leo, nec molestie nibh consectetur quis. Class aptent taciti sociosqu ad litora torquent per conubia nostra, per inceptos himenaeos. Nunc quis maximus elit, vitae pulvinar urna. Integer at mi elit. Phasellus vitae rutrum sem. Vivamus et mauris ac nisl congue congue eu eget elit. Nullam at quam velit. Pellentesque dictum, diam nec tempor aliquet, tortor justo fermentum sapien, at condimentum turpis elit vel sapien. Aenean rutrum tellus sodales tortor viverra eleifend.

Donec facilisis, diam efficitur maximus ultrices, enim lectus rutrum elit, eget malesuada mi justo dapibus enim. Maecenas finibus euismod nulla quis dignissim. Sed dictum ante rutrum turpis euismod laoreet. Sed placerat tellus leo. In ut lobortis lorem. Nullam vitae lectus egestas urna tincidunt aliquet. Ut sagittis vel enim eget malesuada. Cras in congue tortor. Interdum et malesuada fames ac ante ipsum primis in faucibus. Nunc tempus consequat neque, et eleifend nulla aliquam eu.",Author 222,3,destination-c1-c2-grammar-vocabulary-with-answer-key-tai-ban-2024,NXB 222,2009,114
https://cdn1.fahasa.com/media/catalog/product/i/m/image_229174.jpg,Cambridge Ielts 11 Academic With Answers (Savina) (Không Kèm Audio),150000,49,9780085479619,"Lorem ipsum dolor sit amet, consectetur adipiscing elit. Nam congue vel tellus non luctus. Vestibulum vitae nunc lorem. Sed lacinia lectus vel augue imperdiet ultricies. Donec id venenatis ex, vitae pretium ligula. Sed nulla eros, dignissim at feugiat non, posuere sit amet urna. Ut eu porttitor tellus. Cras eu massa nulla. Morbi porta fermentum elit eu iaculis. Pellentesque hendrerit venenatis purus at feugiat. Pellentesque vitae feugiat purus. Donec mattis rhoncus lacinia. Sed quam diam, molestie id laoreet eu, lacinia ac turpis. Cras tincidunt lobortis elit quis aliquam. Proin et massa libero.

Aliquam id pharetra arcu. Vivamus vitae mattis ligula. Sed efficitur urna vitae scelerisque tempor. Proin purus magna, vulputate eu ligula a, vehicula malesuada enim. Curabitur aliquet rutrum enim et tincidunt. Vestibulum ante ipsum primis in faucibus orci luctus et ultrices posuere cubilia curae; Vivamus pharetra enim leo, nec molestie nibh consectetur quis. Class aptent taciti sociosqu ad litora torquent per conubia nostra, per inceptos himenaeos. Nunc quis maximus elit, vitae pulvinar urna. Integer at mi elit. Phasellus vitae rutrum sem. Vivamus et mauris ac nisl congue congue eu eget elit. Nullam at quam velit. Pellentesque dictum, diam nec tempor aliquet, tortor justo fermentum sapien, at condimentum turpis elit vel sapien. Aenean rutrum tellus sodales tortor viverra eleifend.

Donec facilisis, diam efficitur maximus ultrices, enim lectus rutrum elit, eget malesuada mi justo dapibus enim. Maecenas finibus euismod nulla quis dignissim. Sed dictum ante rutrum turpis euismod laoreet. Sed placerat tellus leo. In ut lobortis lorem. Nullam vitae lectus egestas urna tincidunt aliquet. Ut sagittis vel enim eget malesuada. Cras in congue tortor. Interdum et malesuada fames ac ante ipsum primis in faucibus. Nunc tempus consequat neque, et eleifend nulla aliquam eu.",Author 223,10,cambridge-ielts-11-academic-with-answers-savina-khong-kem-audio,NXB 223,2012,195
https://cdn1.fahasa.com/media/catalog/product/9/7/9786043356366.jpg,Collins English For Exams - Vocabulary For IELTS (2022),142000,49,9780085479620,"Lorem ipsum dolor sit amet, consectetur adipiscing elit. Nam congue vel tellus non luctus. Vestibulum vitae nunc lorem. Sed lacinia lectus vel augue imperdiet ultricies. Donec id venenatis ex, vitae pretium ligula. Sed nulla eros, dignissim at feugiat non, posuere sit amet urna. Ut eu porttitor tellus. Cras eu massa nulla. Morbi porta fermentum elit eu iaculis. Pellentesque hendrerit venenatis purus at feugiat. Pellentesque vitae feugiat purus. Donec mattis rhoncus lacinia. Sed quam diam, molestie id laoreet eu, lacinia ac turpis. Cras tincidunt lobortis elit quis aliquam. Proin et massa libero.

Aliquam id pharetra arcu. Vivamus vitae mattis ligula. Sed efficitur urna vitae scelerisque tempor. Proin purus magna, vulputate eu ligula a, vehicula malesuada enim. Curabitur aliquet rutrum enim et tincidunt. Vestibulum ante ipsum primis in faucibus orci luctus et ultrices posuere cubilia curae; Vivamus pharetra enim leo, nec molestie nibh consectetur quis. Class aptent taciti sociosqu ad litora torquent per conubia nostra, per inceptos himenaeos. Nunc quis maximus elit, vitae pulvinar urna. Integer at mi elit. Phasellus vitae rutrum sem. Vivamus et mauris ac nisl congue congue eu eget elit. Nullam at quam velit. Pellentesque dictum, diam nec tempor aliquet, tortor justo fermentum sapien, at condimentum turpis elit vel sapien. Aenean rutrum tellus sodales tortor viverra eleifend.

Donec facilisis, diam efficitur maximus ultrices, enim lectus rutrum elit, eget malesuada mi justo dapibus enim. Maecenas finibus euismod nulla quis dignissim. Sed dictum ante rutrum turpis euismod laoreet. Sed placerat tellus leo. In ut lobortis lorem. Nullam vitae lectus egestas urna tincidunt aliquet. Ut sagittis vel enim eget malesuada. Cras in congue tortor. Interdum et malesuada fames ac ante ipsum primis in faucibus. Nunc tempus consequat neque, et eleifend nulla aliquam eu.",Author 224,7,collins-english-for-exams-vocabulary-for-ielts-2022,NXB 224,2025,477
https://cdn1.fahasa.com/media/catalog/product/i/m/image_227755.jpg,Collins - Get Ready For Ielts - Reading (Pre-Intermediate A2+),122000,49,9780085479621,"Lorem ipsum dolor sit amet, consectetur adipiscing elit. Nam congue vel tellus non luctus. Vestibulum vitae nunc lorem. Sed lacinia lectus vel augue imperdiet ultricies. Donec id venenatis ex, vitae pretium ligula. Sed nulla eros, dignissim at feugiat non, posuere sit amet urna. Ut eu porttitor tellus. Cras eu massa nulla. Morbi porta fermentum elit eu iaculis. Pellentesque hendrerit venenatis purus at feugiat. Pellentesque vitae feugiat purus. Donec mattis rhoncus lacinia. Sed quam diam, molestie id laoreet eu, lacinia ac turpis. Cras tincidunt lobortis elit quis aliquam. Proin et massa libero.

Aliquam id pharetra arcu. Vivamus vitae mattis ligula. Sed efficitur urna vitae scelerisque tempor. Proin purus magna, vulputate eu ligula a, vehicula malesuada enim. Curabitur aliquet rutrum enim et tincidunt. Vestibulum ante ipsum primis in faucibus orci luctus et ultrices posuere cubilia curae; Vivamus pharetra enim leo, nec molestie nibh consectetur quis. Class aptent taciti sociosqu ad litora torquent per conubia nostra, per inceptos himenaeos. Nunc quis maximus elit, vitae pulvinar urna. Integer at mi elit. Phasellus vitae rutrum sem. Vivamus et mauris ac nisl congue congue eu eget elit. Nullam at quam velit. Pellentesque dictum, diam nec tempor aliquet, tortor justo fermentum sapien, at condimentum turpis elit vel sapien. Aenean rutrum tellus sodales tortor viverra eleifend.

Donec facilisis, diam efficitur maximus ultrices, enim lectus rutrum elit, eget malesuada mi justo dapibus enim. Maecenas finibus euismod nulla quis dignissim. Sed dictum ante rutrum turpis euismod laoreet. Sed placerat tellus leo. In ut lobortis lorem. Nullam vitae lectus egestas urna tincidunt aliquet. Ut sagittis vel enim eget malesuada. Cras in congue tortor. Interdum et malesuada fames ac ante ipsum primis in faucibus. Nunc tempus consequat neque, et eleifend nulla aliquam eu.",Author 225,5,collins-get-ready-for-ielts-reading-pre-intermediate-a2-plus,NXB 225,2021,108
https://cdn1.fahasa.com/media/catalog/product/8/9/8935309503155.jpg,Hackers Ielts - Speaking (Tái Bản 2022),160300,49,9780085479622,"Lorem ipsum dolor sit amet, consectetur adipiscing elit. Nam congue vel tellus non luctus. Vestibulum vitae nunc lorem. Sed lacinia lectus vel augue imperdiet ultricies. Donec id venenatis ex, vitae pretium ligula. Sed nulla eros, dignissim at feugiat non, posuere sit amet urna. Ut eu porttitor tellus. Cras eu massa nulla. Morbi porta fermentum elit eu iaculis. Pellentesque hendrerit venenatis purus at feugiat. Pellentesque vitae feugiat purus. Donec mattis rhoncus lacinia. Sed quam diam, molestie id laoreet eu, lacinia ac turpis. Cras tincidunt lobortis elit quis aliquam. Proin et massa libero.

Aliquam id pharetra arcu. Vivamus vitae mattis ligula. Sed efficitur urna vitae scelerisque tempor. Proin purus magna, vulputate eu ligula a, vehicula malesuada enim. Curabitur aliquet rutrum enim et tincidunt. Vestibulum ante ipsum primis in faucibus orci luctus et ultrices posuere cubilia curae; Vivamus pharetra enim leo, nec molestie nibh consectetur quis. Class aptent taciti sociosqu ad litora torquent per conubia nostra, per inceptos himenaeos. Nunc quis maximus elit, vitae pulvinar urna. Integer at mi elit. Phasellus vitae rutrum sem. Vivamus et mauris ac nisl congue congue eu eget elit. Nullam at quam velit. Pellentesque dictum, diam nec tempor aliquet, tortor justo fermentum sapien, at condimentum turpis elit vel sapien. Aenean rutrum tellus sodales tortor viverra eleifend.

Donec facilisis, diam efficitur maximus ultrices, enim lectus rutrum elit, eget malesuada mi justo dapibus enim. Maecenas finibus euismod nulla quis dignissim. Sed dictum ante rutrum turpis euismod laoreet. Sed placerat tellus leo. In ut lobortis lorem. Nullam vitae lectus egestas urna tincidunt aliquet. Ut sagittis vel enim eget malesuada. Cras in congue tortor. Interdum et malesuada fames ac ante ipsum primis in faucibus. Nunc tempus consequat neque, et eleifend nulla aliquam eu.",Author 226,4,hackers-ielts-speaking-tai-ban-2022,NXB 226,2016,399
https://cdn1.fahasa.com/media/catalog/product/7/2/72428bed575948509d65df6d36cb329a.jpg,Combo Sách Destination - Grammar And Vocabulary with Answer Key - B1 + B2 (Bộ 2 Cuốn),324000,49,9780085479623,"Lorem ipsum dolor sit amet, consectetur adipiscing elit. Nam congue vel tellus non luctus. Vestibulum vitae nunc lorem. Sed lacinia lectus vel augue imperdiet ultricies. Donec id venenatis ex, vitae pretium ligula. Sed nulla eros, dignissim at feugiat non, posuere sit amet urna. Ut eu porttitor tellus. Cras eu massa nulla. Morbi porta fermentum elit eu iaculis. Pellentesque hendrerit venenatis purus at feugiat. Pellentesque vitae feugiat purus. Donec mattis rhoncus lacinia. Sed quam diam, molestie id laoreet eu, lacinia ac turpis. Cras tincidunt lobortis elit quis aliquam. Proin et massa libero.

Aliquam id pharetra arcu. Vivamus vitae mattis ligula. Sed efficitur urna vitae scelerisque tempor. Proin purus magna, vulputate eu ligula a, vehicula malesuada enim. Curabitur aliquet rutrum enim et tincidunt. Vestibulum ante ipsum primis in faucibus orci luctus et ultrices posuere cubilia curae; Vivamus pharetra enim leo, nec molestie nibh consectetur quis. Class aptent taciti sociosqu ad litora torquent per conubia nostra, per inceptos himenaeos. Nunc quis maximus elit, vitae pulvinar urna. Integer at mi elit. Phasellus vitae rutrum sem. Vivamus et mauris ac nisl congue congue eu eget elit. Nullam at quam velit. Pellentesque dictum, diam nec tempor aliquet, tortor justo fermentum sapien, at condimentum turpis elit vel sapien. Aenean rutrum tellus sodales tortor viverra eleifend.

Donec facilisis, diam efficitur maximus ultrices, enim lectus rutrum elit, eget malesuada mi justo dapibus enim. Maecenas finibus euismod nulla quis dignissim. Sed dictum ante rutrum turpis euismod laoreet. Sed placerat tellus leo. In ut lobortis lorem. Nullam vitae lectus egestas urna tincidunt aliquet. Ut sagittis vel enim eget malesuada. Cras in congue tortor. Interdum et malesuada fames ac ante ipsum primis in faucibus. Nunc tempus consequat neque, et eleifend nulla aliquam eu.",Author 227,9,combo-sach-destination-grammar-and-vocabulary-with-answer-key-b1-b2-bo-2-cuon,NXB 227,2010,447
https://cdn1.fahasa.com/media/catalog/product/8/7/8794069304309.jpg,Đố Bạn Tìm Được Tôi - Trái Chuối Chạy Trốn,41500,49,9780085479624,"Lorem ipsum dolor sit amet, consectetur adipiscing elit. Nam congue vel tellus non luctus. Vestibulum vitae nunc lorem. Sed lacinia lectus vel augue imperdiet ultricies. Donec id venenatis ex, vitae pretium ligula. Sed nulla eros, dignissim at feugiat non, posuere sit amet urna. Ut eu porttitor tellus. Cras eu massa nulla. Morbi porta fermentum elit eu iaculis. Pellentesque hendrerit venenatis purus at feugiat. Pellentesque vitae feugiat purus. Donec mattis rhoncus lacinia. Sed quam diam, molestie id laoreet eu, lacinia ac turpis. Cras tincidunt lobortis elit quis aliquam. Proin et massa libero.

Aliquam id pharetra arcu. Vivamus vitae mattis ligula. Sed efficitur urna vitae scelerisque tempor. Proin purus magna, vulputate eu ligula a, vehicula malesuada enim. Curabitur aliquet rutrum enim et tincidunt. Vestibulum ante ipsum primis in faucibus orci luctus et ultrices posuere cubilia curae; Vivamus pharetra enim leo, nec molestie nibh consectetur quis. Class aptent taciti sociosqu ad litora torquent per conubia nostra, per inceptos himenaeos. Nunc quis maximus elit, vitae pulvinar urna. Integer at mi elit. Phasellus vitae rutrum sem. Vivamus et mauris ac nisl congue congue eu eget elit. Nullam at quam velit. Pellentesque dictum, diam nec tempor aliquet, tortor justo fermentum sapien, at condimentum turpis elit vel sapien. Aenean rutrum tellus sodales tortor viverra eleifend.

Donec facilisis, diam efficitur maximus ultrices, enim lectus rutrum elit, eget malesuada mi justo dapibus enim. Maecenas finibus euismod nulla quis dignissim. Sed dictum ante rutrum turpis euismod laoreet. Sed placerat tellus leo. In ut lobortis lorem. Nullam vitae lectus egestas urna tincidunt aliquet. Ut sagittis vel enim eget malesuada. Cras in congue tortor. Interdum et malesuada fames ac ante ipsum primis in faucibus. Nunc tempus consequat neque, et eleifend nulla aliquam eu.",Author 228,4,do-ban-tim-duoc-toi-trai-chuoi-chay-tron,NXB 228,2008,442
https://cdn1.fahasa.com/media/catalog/product/8/7/8794069304316.jpg,Đố Bạn Tìm Được Tôi - Giải Cứu Trái Tim,41500,49,9780085479625,"Lorem ipsum dolor sit amet, consectetur adipiscing elit. Nam congue vel tellus non luctus. Vestibulum vitae nunc lorem. Sed lacinia lectus vel augue imperdiet ultricies. Donec id venenatis ex, vitae pretium ligula. Sed nulla eros, dignissim at feugiat non, posuere sit amet urna. Ut eu porttitor tellus. Cras eu massa nulla. Morbi porta fermentum elit eu iaculis. Pellentesque hendrerit venenatis purus at feugiat. Pellentesque vitae feugiat purus. Donec mattis rhoncus lacinia. Sed quam diam, molestie id laoreet eu, lacinia ac turpis. Cras tincidunt lobortis elit quis aliquam. Proin et massa libero.

Aliquam id pharetra arcu. Vivamus vitae mattis ligula. Sed efficitur urna vitae scelerisque tempor. Proin purus magna, vulputate eu ligula a, vehicula malesuada enim. Curabitur aliquet rutrum enim et tincidunt. Vestibulum ante ipsum primis in faucibus orci luctus et ultrices posuere cubilia curae; Vivamus pharetra enim leo, nec molestie nibh consectetur quis. Class aptent taciti sociosqu ad litora torquent per conubia nostra, per inceptos himenaeos. Nunc quis maximus elit, vitae pulvinar urna. Integer at mi elit. Phasellus vitae rutrum sem. Vivamus et mauris ac nisl congue congue eu eget elit. Nullam at quam velit. Pellentesque dictum, diam nec tempor aliquet, tortor justo fermentum sapien, at condimentum turpis elit vel sapien. Aenean rutrum tellus sodales tortor viverra eleifend.

Donec facilisis, diam efficitur maximus ultrices, enim lectus rutrum elit, eget malesuada mi justo dapibus enim. Maecenas finibus euismod nulla quis dignissim. Sed dictum ante rutrum turpis euismod laoreet. Sed placerat tellus leo. In ut lobortis lorem. Nullam vitae lectus egestas urna tincidunt aliquet. Ut sagittis vel enim eget malesuada. Cras in congue tortor. Interdum et malesuada fames ac ante ipsum primis in faucibus. Nunc tempus consequat neque, et eleifend nulla aliquam eu.",Author 229,5,do-ban-tim-duoc-toi-giai-cuu-trai-tim,NXB 229,2015,434
https://cdn1.fahasa.com/media/catalog/product/8/9/8935236433587.jpg,Take Note! Sổ Tay Ngữ Pháp Tiếng Anh,60000,49,9780085479626,"Lorem ipsum dolor sit amet, consectetur adipiscing elit. Nam congue vel tellus non luctus. Vestibulum vitae nunc lorem. Sed lacinia lectus vel augue imperdiet ultricies. Donec id venenatis ex, vitae pretium ligula. Sed nulla eros, dignissim at feugiat non, posuere sit amet urna. Ut eu porttitor tellus. Cras eu massa nulla. Morbi porta fermentum elit eu iaculis. Pellentesque hendrerit venenatis purus at feugiat. Pellentesque vitae feugiat purus. Donec mattis rhoncus lacinia. Sed quam diam, molestie id laoreet eu, lacinia ac turpis. Cras tincidunt lobortis elit quis aliquam. Proin et massa libero.

Aliquam id pharetra arcu. Vivamus vitae mattis ligula. Sed efficitur urna vitae scelerisque tempor. Proin purus magna, vulputate eu ligula a, vehicula malesuada enim. Curabitur aliquet rutrum enim et tincidunt. Vestibulum ante ipsum primis in faucibus orci luctus et ultrices posuere cubilia curae; Vivamus pharetra enim leo, nec molestie nibh consectetur quis. Class aptent taciti sociosqu ad litora torquent per conubia nostra, per inceptos himenaeos. Nunc quis maximus elit, vitae pulvinar urna. Integer at mi elit. Phasellus vitae rutrum sem. Vivamus et mauris ac nisl congue congue eu eget elit. Nullam at quam velit. Pellentesque dictum, diam nec tempor aliquet, tortor justo fermentum sapien, at condimentum turpis elit vel sapien. Aenean rutrum tellus sodales tortor viverra eleifend.

Donec facilisis, diam efficitur maximus ultrices, enim lectus rutrum elit, eget malesuada mi justo dapibus enim. Maecenas finibus euismod nulla quis dignissim. Sed dictum ante rutrum turpis euismod laoreet. Sed placerat tellus leo. In ut lobortis lorem. Nullam vitae lectus egestas urna tincidunt aliquet. Ut sagittis vel enim eget malesuada. Cras in congue tortor. Interdum et malesuada fames ac ante ipsum primis in faucibus. Nunc tempus consequat neque, et eleifend nulla aliquam eu.",Author 230,7,take-note-so-tay-ngu-phap-tieng-anh,NXB 230,2000,289
https://cdn1.fahasa.com/media/catalog/product/8/7/8794069304361.jpg,Đố Bạn Tìm Được Tôi - Vương Miên Thông Thái,41500,49,9780085479627,"Lorem ipsum dolor sit amet, consectetur adipiscing elit. Nam congue vel tellus non luctus. Vestibulum vitae nunc lorem. Sed lacinia lectus vel augue imperdiet ultricies. Donec id venenatis ex, vitae pretium ligula. Sed nulla eros, dignissim at feugiat non, posuere sit amet urna. Ut eu porttitor tellus. Cras eu massa nulla. Morbi porta fermentum elit eu iaculis. Pellentesque hendrerit venenatis purus at feugiat. Pellentesque vitae feugiat purus. Donec mattis rhoncus lacinia. Sed quam diam, molestie id laoreet eu, lacinia ac turpis. Cras tincidunt lobortis elit quis aliquam. Proin et massa libero.

Aliquam id pharetra arcu. Vivamus vitae mattis ligula. Sed efficitur urna vitae scelerisque tempor. Proin purus magna, vulputate eu ligula a, vehicula malesuada enim. Curabitur aliquet rutrum enim et tincidunt. Vestibulum ante ipsum primis in faucibus orci luctus et ultrices posuere cubilia curae; Vivamus pharetra enim leo, nec molestie nibh consectetur quis. Class aptent taciti sociosqu ad litora torquent per conubia nostra, per inceptos himenaeos. Nunc quis maximus elit, vitae pulvinar urna. Integer at mi elit. Phasellus vitae rutrum sem. Vivamus et mauris ac nisl congue congue eu eget elit. Nullam at quam velit. Pellentesque dictum, diam nec tempor aliquet, tortor justo fermentum sapien, at condimentum turpis elit vel sapien. Aenean rutrum tellus sodales tortor viverra eleifend.

Donec facilisis, diam efficitur maximus ultrices, enim lectus rutrum elit, eget malesuada mi justo dapibus enim. Maecenas finibus euismod nulla quis dignissim. Sed dictum ante rutrum turpis euismod laoreet. Sed placerat tellus leo. In ut lobortis lorem. Nullam vitae lectus egestas urna tincidunt aliquet. Ut sagittis vel enim eget malesuada. Cras in congue tortor. Interdum et malesuada fames ac ante ipsum primis in faucibus. Nunc tempus consequat neque, et eleifend nulla aliquam eu.",Author 231,6,do-ban-tim-duoc-toi-vuong-mien-thong-thai,NXB 231,2013,114
https://cdn1.fahasa.com/media/catalog/product/e/3/e346e3ae319463d657af285406f899a2.jpg,Essential Words For The IELTS 3rd Edition (Tái Bản),151840,49,9780085479628,"Lorem ipsum dolor sit amet, consectetur adipiscing elit. Nam congue vel tellus non luctus. Vestibulum vitae nunc lorem. Sed lacinia lectus vel augue imperdiet ultricies. Donec id venenatis ex, vitae pretium ligula. Sed nulla eros, dignissim at feugiat non, posuere sit amet urna. Ut eu porttitor tellus. Cras eu massa nulla. Morbi porta fermentum elit eu iaculis. Pellentesque hendrerit venenatis purus at feugiat. Pellentesque vitae feugiat purus. Donec mattis rhoncus lacinia. Sed quam diam, molestie id laoreet eu, lacinia ac turpis. Cras tincidunt lobortis elit quis aliquam. Proin et massa libero.

Aliquam id pharetra arcu. Vivamus vitae mattis ligula. Sed efficitur urna vitae scelerisque tempor. Proin purus magna, vulputate eu ligula a, vehicula malesuada enim. Curabitur aliquet rutrum enim et tincidunt. Vestibulum ante ipsum primis in faucibus orci luctus et ultrices posuere cubilia curae; Vivamus pharetra enim leo, nec molestie nibh consectetur quis. Class aptent taciti sociosqu ad litora torquent per conubia nostra, per inceptos himenaeos. Nunc quis maximus elit, vitae pulvinar urna. Integer at mi elit. Phasellus vitae rutrum sem. Vivamus et mauris ac nisl congue congue eu eget elit. Nullam at quam velit. Pellentesque dictum, diam nec tempor aliquet, tortor justo fermentum sapien, at condimentum turpis elit vel sapien. Aenean rutrum tellus sodales tortor viverra eleifend.

Donec facilisis, diam efficitur maximus ultrices, enim lectus rutrum elit, eget malesuada mi justo dapibus enim. Maecenas finibus euismod nulla quis dignissim. Sed dictum ante rutrum turpis euismod laoreet. Sed placerat tellus leo. In ut lobortis lorem. Nullam vitae lectus egestas urna tincidunt aliquet. Ut sagittis vel enim eget malesuada. Cras in congue tortor. Interdum et malesuada fames ac ante ipsum primis in faucibus. Nunc tempus consequat neque, et eleifend nulla aliquam eu.",Author 232,8,essential-words-for-the-ielts-3rd-edition-tai-ban,NXB 232,2008,348
https://cdn1.fahasa.com/media/catalog/product/9/7/9786045846919.jpg,SPECIALIZED English For Tourims,208000,49,9780085479629,"Lorem ipsum dolor sit amet, consectetur adipiscing elit. Nam congue vel tellus non luctus. Vestibulum vitae nunc lorem. Sed lacinia lectus vel augue imperdiet ultricies. Donec id venenatis ex, vitae pretium ligula. Sed nulla eros, dignissim at feugiat non, posuere sit amet urna. Ut eu porttitor tellus. Cras eu massa nulla. Morbi porta fermentum elit eu iaculis. Pellentesque hendrerit venenatis purus at feugiat. Pellentesque vitae feugiat purus. Donec mattis rhoncus lacinia. Sed quam diam, molestie id laoreet eu, lacinia ac turpis. Cras tincidunt lobortis elit quis aliquam. Proin et massa libero.

Aliquam id pharetra arcu. Vivamus vitae mattis ligula. Sed efficitur urna vitae scelerisque tempor. Proin purus magna, vulputate eu ligula a, vehicula malesuada enim. Curabitur aliquet rutrum enim et tincidunt. Vestibulum ante ipsum primis in faucibus orci luctus et ultrices posuere cubilia curae; Vivamus pharetra enim leo, nec molestie nibh consectetur quis. Class aptent taciti sociosqu ad litora torquent per conubia nostra, per inceptos himenaeos. Nunc quis maximus elit, vitae pulvinar urna. Integer at mi elit. Phasellus vitae rutrum sem. Vivamus et mauris ac nisl congue congue eu eget elit. Nullam at quam velit. Pellentesque dictum, diam nec tempor aliquet, tortor justo fermentum sapien, at condimentum turpis elit vel sapien. Aenean rutrum tellus sodales tortor viverra eleifend.

Donec facilisis, diam efficitur maximus ultrices, enim lectus rutrum elit, eget malesuada mi justo dapibus enim. Maecenas finibus euismod nulla quis dignissim. Sed dictum ante rutrum turpis euismod laoreet. Sed placerat tellus leo. In ut lobortis lorem. Nullam vitae lectus egestas urna tincidunt aliquet. Ut sagittis vel enim eget malesuada. Cras in congue tortor. Interdum et malesuada fames ac ante ipsum primis in faucibus. Nunc tempus consequat neque, et eleifend nulla aliquam eu.",Author 233,9,specialized-english-for-tourism,NXB 233,2002,154
https://cdn1.fahasa.com/media/catalog/product/i/m/image_197606.jpg,Học Từ Vựng Tiếng Anh Theo Chủ Đề - Tập 2,78000,49,9780085479630,"Lorem ipsum dolor sit amet, consectetur adipiscing elit. Nam congue vel tellus non luctus. Vestibulum vitae nunc lorem. Sed lacinia lectus vel augue imperdiet ultricies. Donec id venenatis ex, vitae pretium ligula. Sed nulla eros, dignissim at feugiat non, posuere sit amet urna. Ut eu porttitor tellus. Cras eu massa nulla. Morbi porta fermentum elit eu iaculis. Pellentesque hendrerit venenatis purus at feugiat. Pellentesque vitae feugiat purus. Donec mattis rhoncus lacinia. Sed quam diam, molestie id laoreet eu, lacinia ac turpis. Cras tincidunt lobortis elit quis aliquam. Proin et massa libero.

Aliquam id pharetra arcu. Vivamus vitae mattis ligula. Sed efficitur urna vitae scelerisque tempor. Proin purus magna, vulputate eu ligula a, vehicula malesuada enim. Curabitur aliquet rutrum enim et tincidunt. Vestibulum ante ipsum primis in faucibus orci luctus et ultrices posuere cubilia curae; Vivamus pharetra enim leo, nec molestie nibh consectetur quis. Class aptent taciti sociosqu ad litora torquent per conubia nostra, per inceptos himenaeos. Nunc quis maximus elit, vitae pulvinar urna. Integer at mi elit. Phasellus vitae rutrum sem. Vivamus et mauris ac nisl congue congue eu eget elit. Nullam at quam velit. Pellentesque dictum, diam nec tempor aliquet, tortor justo fermentum sapien, at condimentum turpis elit vel sapien. Aenean rutrum tellus sodales tortor viverra eleifend.

Donec facilisis, diam efficitur maximus ultrices, enim lectus rutrum elit, eget malesuada mi justo dapibus enim. Maecenas finibus euismod nulla quis dignissim. Sed dictum ante rutrum turpis euismod laoreet. Sed placerat tellus leo. In ut lobortis lorem. Nullam vitae lectus egestas urna tincidunt aliquet. Ut sagittis vel enim eget malesuada. Cras in congue tortor. Interdum et malesuada fames ac ante ipsum primis in faucibus. Nunc tempus consequat neque, et eleifend nulla aliquam eu.",Author 234,8,hoc-tu-vung-tieng-anh-theo-chu-de-tap-2,NXB 234,2005,251
https://cdn1.fahasa.com/media/catalog/product/i/m/image_223755.jpg,Mind Map English Vocabulary - Từ Vựng Tiếng Anh Qua Sơ Đồ Tư Duy,162000,49,9780085479631,"Lorem ipsum dolor sit amet, consectetur adipiscing elit. Nam congue vel tellus non luctus. Vestibulum vitae nunc lorem. Sed lacinia lectus vel augue imperdiet ultricies. Donec id venenatis ex, vitae pretium ligula. Sed nulla eros, dignissim at feugiat non, posuere sit amet urna. Ut eu porttitor tellus. Cras eu massa nulla. Morbi porta fermentum elit eu iaculis. Pellentesque hendrerit venenatis purus at feugiat. Pellentesque vitae feugiat purus. Donec mattis rhoncus lacinia. Sed quam diam, molestie id laoreet eu, lacinia ac turpis. Cras tincidunt lobortis elit quis aliquam. Proin et massa libero.

Aliquam id pharetra arcu. Vivamus vitae mattis ligula. Sed efficitur urna vitae scelerisque tempor. Proin purus magna, vulputate eu ligula a, vehicula malesuada enim. Curabitur aliquet rutrum enim et tincidunt. Vestibulum ante ipsum primis in faucibus orci luctus et ultrices posuere cubilia curae; Vivamus pharetra enim leo, nec molestie nibh consectetur quis. Class aptent taciti sociosqu ad litora torquent per conubia nostra, per inceptos himenaeos. Nunc quis maximus elit, vitae pulvinar urna. Integer at mi elit. Phasellus vitae rutrum sem. Vivamus et mauris ac nisl congue congue eu eget elit. Nullam at quam velit. Pellentesque dictum, diam nec tempor aliquet, tortor justo fermentum sapien, at condimentum turpis elit vel sapien. Aenean rutrum tellus sodales tortor viverra eleifend.

Donec facilisis, diam efficitur maximus ultrices, enim lectus rutrum elit, eget malesuada mi justo dapibus enim. Maecenas finibus euismod nulla quis dignissim. Sed dictum ante rutrum turpis euismod laoreet. Sed placerat tellus leo. In ut lobortis lorem. Nullam vitae lectus egestas urna tincidunt aliquet. Ut sagittis vel enim eget malesuada. Cras in congue tortor. Interdum et malesuada fames ac ante ipsum primis in faucibus. Nunc tempus consequat neque, et eleifend nulla aliquam eu.",Author 235,2,mind-map-english-vocabulary-tu-vung-tieng-anh-qua-so-do-tu-duy,NXB 235,2001,255
https://cdn1.fahasa.com/media/catalog/product/8/9/8935343700565.jpg,Vở Luyện Viết Tiếng Anh Starters (Tập Viết Tiếng Anh Theo Cambridge),44500,49,9780085479632,"Lorem ipsum dolor sit amet, consectetur adipiscing elit. Nam congue vel tellus non luctus. Vestibulum vitae nunc lorem. Sed lacinia lectus vel augue imperdiet ultricies. Donec id venenatis ex, vitae pretium ligula. Sed nulla eros, dignissim at feugiat non, posuere sit amet urna. Ut eu porttitor tellus. Cras eu massa nulla. Morbi porta fermentum elit eu iaculis. Pellentesque hendrerit venenatis purus at feugiat. Pellentesque vitae feugiat purus. Donec mattis rhoncus lacinia. Sed quam diam, molestie id laoreet eu, lacinia ac turpis. Cras tincidunt lobortis elit quis aliquam. Proin et massa libero.

Aliquam id pharetra arcu. Vivamus vitae mattis ligula. Sed efficitur urna vitae scelerisque tempor. Proin purus magna, vulputate eu ligula a, vehicula malesuada enim. Curabitur aliquet rutrum enim et tincidunt. Vestibulum ante ipsum primis in faucibus orci luctus et ultrices posuere cubilia curae; Vivamus pharetra enim leo, nec molestie nibh consectetur quis. Class aptent taciti sociosqu ad litora torquent per conubia nostra, per inceptos himenaeos. Nunc quis maximus elit, vitae pulvinar urna. Integer at mi elit. Phasellus vitae rutrum sem. Vivamus et mauris ac nisl congue congue eu eget elit. Nullam at quam velit. Pellentesque dictum, diam nec tempor aliquet, tortor justo fermentum sapien, at condimentum turpis elit vel sapien. Aenean rutrum tellus sodales tortor viverra eleifend.

Donec facilisis, diam efficitur maximus ultrices, enim lectus rutrum elit, eget malesuada mi justo dapibus enim. Maecenas finibus euismod nulla quis dignissim. Sed dictum ante rutrum turpis euismod laoreet. Sed placerat tellus leo. In ut lobortis lorem. Nullam vitae lectus egestas urna tincidunt aliquet. Ut sagittis vel enim eget malesuada. Cras in congue tortor. Interdum et malesuada fames ac ante ipsum primis in faucibus. Nunc tempus consequat neque, et eleifend nulla aliquam eu.",Author 236,9,vo-luyen-viet-tieng-anh-starters-tap-viet-tieng-anh-theo-cambridge,NXB 236,2001,115
https://cdn1.fahasa.com/media/catalog/product/i/m/image_192146.jpg,Cambridge Ielts 13 Academic With Answers (Savina),150000,49,9780085479633,"Lorem ipsum dolor sit amet, consectetur adipiscing elit. Nam congue vel tellus non luctus. Vestibulum vitae nunc lorem. Sed lacinia lectus vel augue imperdiet ultricies. Donec id venenatis ex, vitae pretium ligula. Sed nulla eros, dignissim at feugiat non, posuere sit amet urna. Ut eu porttitor tellus. Cras eu massa nulla. Morbi porta fermentum elit eu iaculis. Pellentesque hendrerit venenatis purus at feugiat. Pellentesque vitae feugiat purus. Donec mattis rhoncus lacinia. Sed quam diam, molestie id laoreet eu, lacinia ac turpis. Cras tincidunt lobortis elit quis aliquam. Proin et massa libero.

Aliquam id pharetra arcu. Vivamus vitae mattis ligula. Sed efficitur urna vitae scelerisque tempor. Proin purus magna, vulputate eu ligula a, vehicula malesuada enim. Curabitur aliquet rutrum enim et tincidunt. Vestibulum ante ipsum primis in faucibus orci luctus et ultrices posuere cubilia curae; Vivamus pharetra enim leo, nec molestie nibh consectetur quis. Class aptent taciti sociosqu ad litora torquent per conubia nostra, per inceptos himenaeos. Nunc quis maximus elit, vitae pulvinar urna. Integer at mi elit. Phasellus vitae rutrum sem. Vivamus et mauris ac nisl congue congue eu eget elit. Nullam at quam velit. Pellentesque dictum, diam nec tempor aliquet, tortor justo fermentum sapien, at condimentum turpis elit vel sapien. Aenean rutrum tellus sodales tortor viverra eleifend.

Donec facilisis, diam efficitur maximus ultrices, enim lectus rutrum elit, eget malesuada mi justo dapibus enim. Maecenas finibus euismod nulla quis dignissim. Sed dictum ante rutrum turpis euismod laoreet. Sed placerat tellus leo. In ut lobortis lorem. Nullam vitae lectus egestas urna tincidunt aliquet. Ut sagittis vel enim eget malesuada. Cras in congue tortor. Interdum et malesuada fames ac ante ipsum primis in faucibus. Nunc tempus consequat neque, et eleifend nulla aliquam eu.",Author 237,2,cambridge-ielts-13-academic-with-answers-savina,NXB 237,2000,405
https://cdn1.fahasa.com/media/catalog/product/i/m/image_215208.jpg,Collins Listening For Ielts (2020),129500,49,9780085479634,"Lorem ipsum dolor sit amet, consectetur adipiscing elit. Nam congue vel tellus non luctus. Vestibulum vitae nunc lorem. Sed lacinia lectus vel augue imperdiet ultricies. Donec id venenatis ex, vitae pretium ligula. Sed nulla eros, dignissim at feugiat non, posuere sit amet urna. Ut eu porttitor tellus. Cras eu massa nulla. Morbi porta fermentum elit eu iaculis. Pellentesque hendrerit venenatis purus at feugiat. Pellentesque vitae feugiat purus. Donec mattis rhoncus lacinia. Sed quam diam, molestie id laoreet eu, lacinia ac turpis. Cras tincidunt lobortis elit quis aliquam. Proin et massa libero.

Aliquam id pharetra arcu. Vivamus vitae mattis ligula. Sed efficitur urna vitae scelerisque tempor. Proin purus magna, vulputate eu ligula a, vehicula malesuada enim. Curabitur aliquet rutrum enim et tincidunt. Vestibulum ante ipsum primis in faucibus orci luctus et ultrices posuere cubilia curae; Vivamus pharetra enim leo, nec molestie nibh consectetur quis. Class aptent taciti sociosqu ad litora torquent per conubia nostra, per inceptos himenaeos. Nunc quis maximus elit, vitae pulvinar urna. Integer at mi elit. Phasellus vitae rutrum sem. Vivamus et mauris ac nisl congue congue eu eget elit. Nullam at quam velit. Pellentesque dictum, diam nec tempor aliquet, tortor justo fermentum sapien, at condimentum turpis elit vel sapien. Aenean rutrum tellus sodales tortor viverra eleifend.

Donec facilisis, diam efficitur maximus ultrices, enim lectus rutrum elit, eget malesuada mi justo dapibus enim. Maecenas finibus euismod nulla quis dignissim. Sed dictum ante rutrum turpis euismod laoreet. Sed placerat tellus leo. In ut lobortis lorem. Nullam vitae lectus egestas urna tincidunt aliquet. Ut sagittis vel enim eget malesuada. Cras in congue tortor. Interdum et malesuada fames ac ante ipsum primis in faucibus. Nunc tempus consequat neque, et eleifend nulla aliquam eu.",Author 238,7,collins-listening-for-ielts-2020,NXB 238,2014,459
