image_url,title,price,category_id,isbn,description,author,in_stock,url_slug,publisher,publish_year,page_count
https://cdn1.fahasa.com/media/catalog/product/8/9/8935309505609_1.jpg,Bộ Thẻ Flashcard Non Sông Một Dải,59250,40,9780085481116,"Lorem ipsum dolor sit amet, consectetur adipiscing elit. Nam congue vel tellus non luctus. Vestibulum vitae nunc lorem. Sed lacinia lectus vel augue imperdiet ultricies. Donec id venenatis ex, vitae pretium ligula. Sed nulla eros, dignissim at feugiat non, posuere sit amet urna. Ut eu porttitor tellus. Cras eu massa nulla. Morbi porta fermentum elit eu iaculis. Pellentesque hendrerit venenatis purus at feugiat. Pellentesque vitae feugiat purus. Donec mattis rhoncus lacinia. Sed quam diam, molestie id laoreet eu, lacinia ac turpis. Cras tincidunt lobortis elit quis aliquam. Proin et massa libero.

Aliquam id pharetra arcu. Vivamus vitae mattis ligula. Sed efficitur urna vitae scelerisque tempor. Proin purus magna, vulputate eu ligula a, vehicula malesuada enim. Curabitur aliquet rutrum enim et tincidunt. Vestibulum ante ipsum primis in faucibus orci luctus et ultrices posuere cubilia curae; Vivamus pharetra enim leo, nec molestie nibh consectetur quis. Class aptent taciti sociosqu ad litora torquent per conubia nostra, per inceptos himenaeos. Nunc quis maximus elit, vitae pulvinar urna. Integer at mi elit. Phasellus vitae rutrum sem. Vivamus et mauris ac nisl congue congue eu eget elit. Nullam at quam velit. Pellentesque dictum, diam nec tempor aliquet, tortor justo fermentum sapien, at condimentum turpis elit vel sapien. Aenean rutrum tellus sodales tortor viverra eleifend.

Donec facilisis, diam efficitur maximus ultrices, enim lectus rutrum elit, eget malesuada mi justo dapibus enim. Maecenas finibus euismod nulla quis dignissim. Sed dictum ante rutrum turpis euismod laoreet. Sed placerat tellus leo. In ut lobortis lorem. Nullam vitae lectus egestas urna tincidunt aliquet. Ut sagittis vel enim eget malesuada. Cras in congue tortor. Interdum et malesuada fames ac ante ipsum primis in faucibus. Nunc tempus consequat neque, et eleifend nulla aliquam eu.",Author 1,10,bo-the-flashcard-non-song-mot-dai,NXB 1,2014,11
https://cdn1.fahasa.com/media/catalog/product/8/9/8935236431941.jpg,Flash Card - Giáo Dục Sớm Thẻ Thông Minh Chuẩn Glenn Doman - Dạy Trẻ Về Thế Giới Xung Quanh (Tái Bản 2023),254000,40,9780085481117,"Lorem ipsum dolor sit amet, consectetur adipiscing elit. Nam congue vel tellus non luctus. Vestibulum vitae nunc lorem. Sed lacinia lectus vel augue imperdiet ultricies. Donec id venenatis ex, vitae pretium ligula. Sed nulla eros, dignissim at feugiat non, posuere sit amet urna. Ut eu porttitor tellus. Cras eu massa nulla. Morbi porta fermentum elit eu iaculis. Pellentesque hendrerit venenatis purus at feugiat. Pellentesque vitae feugiat purus. Donec mattis rhoncus lacinia. Sed quam diam, molestie id laoreet eu, lacinia ac turpis. Cras tincidunt lobortis elit quis aliquam. Proin et massa libero.

Aliquam id pharetra arcu. Vivamus vitae mattis ligula. Sed efficitur urna vitae scelerisque tempor. Proin purus magna, vulputate eu ligula a, vehicula malesuada enim. Curabitur aliquet rutrum enim et tincidunt. Vestibulum ante ipsum primis in faucibus orci luctus et ultrices posuere cubilia curae; Vivamus pharetra enim leo, nec molestie nibh consectetur quis. Class aptent taciti sociosqu ad litora torquent per conubia nostra, per inceptos himenaeos. Nunc quis maximus elit, vitae pulvinar urna. Integer at mi elit. Phasellus vitae rutrum sem. Vivamus et mauris ac nisl congue congue eu eget elit. Nullam at quam velit. Pellentesque dictum, diam nec tempor aliquet, tortor justo fermentum sapien, at condimentum turpis elit vel sapien. Aenean rutrum tellus sodales tortor viverra eleifend.

Donec facilisis, diam efficitur maximus ultrices, enim lectus rutrum elit, eget malesuada mi justo dapibus enim. Maecenas finibus euismod nulla quis dignissim. Sed dictum ante rutrum turpis euismod laoreet. Sed placerat tellus leo. In ut lobortis lorem. Nullam vitae lectus egestas urna tincidunt aliquet. Ut sagittis vel enim eget malesuada. Cras in congue tortor. Interdum et malesuada fames ac ante ipsum primis in faucibus. Nunc tempus consequat neque, et eleifend nulla aliquam eu.",Author 2,13,flash-card-giao-duc-som-the-thong-minh-chuan-glenn-doman-day-tre-ve-the-gioi-xung-quanh-tai-ban-2023,NXB 2,2020,18
https://cdn1.fahasa.com/media/catalog/product/8/9/8935343701036.jpg,Flash Card - Thẻ Học Thông Minh Theo Phương Pháp Giáo Dục Sớm Glenn Doman - Cơ Thể Và Cảm Xúc - Body And Feelings,36000,40,9780085481118,"Lorem ipsum dolor sit amet, consectetur adipiscing elit. Nam congue vel tellus non luctus. Vestibulum vitae nunc lorem. Sed lacinia lectus vel augue imperdiet ultricies. Donec id venenatis ex, vitae pretium ligula. Sed nulla eros, dignissim at feugiat non, posuere sit amet urna. Ut eu porttitor tellus. Cras eu massa nulla. Morbi porta fermentum elit eu iaculis. Pellentesque hendrerit venenatis purus at feugiat. Pellentesque vitae feugiat purus. Donec mattis rhoncus lacinia. Sed quam diam, molestie id laoreet eu, lacinia ac turpis. Cras tincidunt lobortis elit quis aliquam. Proin et massa libero.

Aliquam id pharetra arcu. Vivamus vitae mattis ligula. Sed efficitur urna vitae scelerisque tempor. Proin purus magna, vulputate eu ligula a, vehicula malesuada enim. Curabitur aliquet rutrum enim et tincidunt. Vestibulum ante ipsum primis in faucibus orci luctus et ultrices posuere cubilia curae; Vivamus pharetra enim leo, nec molestie nibh consectetur quis. Class aptent taciti sociosqu ad litora torquent per conubia nostra, per inceptos himenaeos. Nunc quis maximus elit, vitae pulvinar urna. Integer at mi elit. Phasellus vitae rutrum sem. Vivamus et mauris ac nisl congue congue eu eget elit. Nullam at quam velit. Pellentesque dictum, diam nec tempor aliquet, tortor justo fermentum sapien, at condimentum turpis elit vel sapien. Aenean rutrum tellus sodales tortor viverra eleifend.

Donec facilisis, diam efficitur maximus ultrices, enim lectus rutrum elit, eget malesuada mi justo dapibus enim. Maecenas finibus euismod nulla quis dignissim. Sed dictum ante rutrum turpis euismod laoreet. Sed placerat tellus leo. In ut lobortis lorem. Nullam vitae lectus egestas urna tincidunt aliquet. Ut sagittis vel enim eget malesuada. Cras in congue tortor. Interdum et malesuada fames ac ante ipsum primis in faucibus. Nunc tempus consequat neque, et eleifend nulla aliquam eu.",Author 3,11,flash-card-the-hoc-thong-minh-theo-phuong-phap-giao-duc-som-glenn-doman-co-the-va-cam-xuc-body-and-feelings,NXB 3,2011,5
https://cdn1.fahasa.com/media/catalog/product/8/9/8935343701074.jpg,Flash Card - Thẻ Học Thông Minh Theo Phương Pháp Giáo Dục Sớm Glenn Doman - Màu Sắc Và Hình Khối - Colors And Shapes,36000,40,9780085481119,"Lorem ipsum dolor sit amet, consectetur adipiscing elit. Nam congue vel tellus non luctus. Vestibulum vitae nunc lorem. Sed lacinia lectus vel augue imperdiet ultricies. Donec id venenatis ex, vitae pretium ligula. Sed nulla eros, dignissim at feugiat non, posuere sit amet urna. Ut eu porttitor tellus. Cras eu massa nulla. Morbi porta fermentum elit eu iaculis. Pellentesque hendrerit venenatis purus at feugiat. Pellentesque vitae feugiat purus. Donec mattis rhoncus lacinia. Sed quam diam, molestie id laoreet eu, lacinia ac turpis. Cras tincidunt lobortis elit quis aliquam. Proin et massa libero.

Aliquam id pharetra arcu. Vivamus vitae mattis ligula. Sed efficitur urna vitae scelerisque tempor. Proin purus magna, vulputate eu ligula a, vehicula malesuada enim. Curabitur aliquet rutrum enim et tincidunt. Vestibulum ante ipsum primis in faucibus orci luctus et ultrices posuere cubilia curae; Vivamus pharetra enim leo, nec molestie nibh consectetur quis. Class aptent taciti sociosqu ad litora torquent per conubia nostra, per inceptos himenaeos. Nunc quis maximus elit, vitae pulvinar urna. Integer at mi elit. Phasellus vitae rutrum sem. Vivamus et mauris ac nisl congue congue eu eget elit. Nullam at quam velit. Pellentesque dictum, diam nec tempor aliquet, tortor justo fermentum sapien, at condimentum turpis elit vel sapien. Aenean rutrum tellus sodales tortor viverra eleifend.

Donec facilisis, diam efficitur maximus ultrices, enim lectus rutrum elit, eget malesuada mi justo dapibus enim. Maecenas finibus euismod nulla quis dignissim. Sed dictum ante rutrum turpis euismod laoreet. Sed placerat tellus leo. In ut lobortis lorem. Nullam vitae lectus egestas urna tincidunt aliquet. Ut sagittis vel enim eget malesuada. Cras in congue tortor. Interdum et malesuada fames ac ante ipsum primis in faucibus. Nunc tempus consequat neque, et eleifend nulla aliquam eu.",Author 4,14,flash-card-the-hoc-thong-minh-theo-phuong-phap-giao-duc-som-glenn-doman-mau-sac-va-hinh-khoi-colors-and-shapes,NXB 4,2017,12
https://cdn1.fahasa.com/media/catalog/product/9/7/9786044929033.jpg,Cất Tiếng Thành Lời,152000,40,9780085481120,"Lorem ipsum dolor sit amet, consectetur adipiscing elit. Nam congue vel tellus non luctus. Vestibulum vitae nunc lorem. Sed lacinia lectus vel augue imperdiet ultricies. Donec id venenatis ex, vitae pretium ligula. Sed nulla eros, dignissim at feugiat non, posuere sit amet urna. Ut eu porttitor tellus. Cras eu massa nulla. Morbi porta fermentum elit eu iaculis. Pellentesque hendrerit venenatis purus at feugiat. Pellentesque vitae feugiat purus. Donec mattis rhoncus lacinia. Sed quam diam, molestie id laoreet eu, lacinia ac turpis. Cras tincidunt lobortis elit quis aliquam. Proin et massa libero.

Aliquam id pharetra arcu. Vivamus vitae mattis ligula. Sed efficitur urna vitae scelerisque tempor. Proin purus magna, vulputate eu ligula a, vehicula malesuada enim. Curabitur aliquet rutrum enim et tincidunt. Vestibulum ante ipsum primis in faucibus orci luctus et ultrices posuere cubilia curae; Vivamus pharetra enim leo, nec molestie nibh consectetur quis. Class aptent taciti sociosqu ad litora torquent per conubia nostra, per inceptos himenaeos. Nunc quis maximus elit, vitae pulvinar urna. Integer at mi elit. Phasellus vitae rutrum sem. Vivamus et mauris ac nisl congue congue eu eget elit. Nullam at quam velit. Pellentesque dictum, diam nec tempor aliquet, tortor justo fermentum sapien, at condimentum turpis elit vel sapien. Aenean rutrum tellus sodales tortor viverra eleifend.

Donec facilisis, diam efficitur maximus ultrices, enim lectus rutrum elit, eget malesuada mi justo dapibus enim. Maecenas finibus euismod nulla quis dignissim. Sed dictum ante rutrum turpis euismod laoreet. Sed placerat tellus leo. In ut lobortis lorem. Nullam vitae lectus egestas urna tincidunt aliquet. Ut sagittis vel enim eget malesuada. Cras in congue tortor. Interdum et malesuada fames ac ante ipsum primis in faucibus. Nunc tempus consequat neque, et eleifend nulla aliquam eu.",Author 5,20,cat-tieng-thanh-loi,NXB 5,2018,6
https://cdn1.fahasa.com/media/catalog/product/i/m/image_195509_1_49900.jpg,Flashcard Dạy Trẻ Theo Phương Pháp Glenn Doman - Cờ Các Quốc Gia Trên Thế Giới,48000,40,9780085481121,"Lorem ipsum dolor sit amet, consectetur adipiscing elit. Nam congue vel tellus non luctus. Vestibulum vitae nunc lorem. Sed lacinia lectus vel augue imperdiet ultricies. Donec id venenatis ex, vitae pretium ligula. Sed nulla eros, dignissim at feugiat non, posuere sit amet urna. Ut eu porttitor tellus. Cras eu massa nulla. Morbi porta fermentum elit eu iaculis. Pellentesque hendrerit venenatis purus at feugiat. Pellentesque vitae feugiat purus. Donec mattis rhoncus lacinia. Sed quam diam, molestie id laoreet eu, lacinia ac turpis. Cras tincidunt lobortis elit quis aliquam. Proin et massa libero.

Aliquam id pharetra arcu. Vivamus vitae mattis ligula. Sed efficitur urna vitae scelerisque tempor. Proin purus magna, vulputate eu ligula a, vehicula malesuada enim. Curabitur aliquet rutrum enim et tincidunt. Vestibulum ante ipsum primis in faucibus orci luctus et ultrices posuere cubilia curae; Vivamus pharetra enim leo, nec molestie nibh consectetur quis. Class aptent taciti sociosqu ad litora torquent per conubia nostra, per inceptos himenaeos. Nunc quis maximus elit, vitae pulvinar urna. Integer at mi elit. Phasellus vitae rutrum sem. Vivamus et mauris ac nisl congue congue eu eget elit. Nullam at quam velit. Pellentesque dictum, diam nec tempor aliquet, tortor justo fermentum sapien, at condimentum turpis elit vel sapien. Aenean rutrum tellus sodales tortor viverra eleifend.

Donec facilisis, diam efficitur maximus ultrices, enim lectus rutrum elit, eget malesuada mi justo dapibus enim. Maecenas finibus euismod nulla quis dignissim. Sed dictum ante rutrum turpis euismod laoreet. Sed placerat tellus leo. In ut lobortis lorem. Nullam vitae lectus egestas urna tincidunt aliquet. Ut sagittis vel enim eget malesuada. Cras in congue tortor. Interdum et malesuada fames ac ante ipsum primis in faucibus. Nunc tempus consequat neque, et eleifend nulla aliquam eu.",Author 6,4,flashcard-day-tre-theo-phuong-phap-glenn-doman-co-cac-quoc-gia-tren-the-gioi,NXB 6,2025,15
https://cdn1.fahasa.com/media/catalog/product/i/m/image_195509_1_49903.jpg,Flashcard Dạy Trẻ Theo Phương Pháp Glenn Doman - Rau Củ Quả,48000,40,9780085481122,"Lorem ipsum dolor sit amet, consectetur adipiscing elit. Nam congue vel tellus non luctus. Vestibulum vitae nunc lorem. Sed lacinia lectus vel augue imperdiet ultricies. Donec id venenatis ex, vitae pretium ligula. Sed nulla eros, dignissim at feugiat non, posuere sit amet urna. Ut eu porttitor tellus. Cras eu massa nulla. Morbi porta fermentum elit eu iaculis. Pellentesque hendrerit venenatis purus at feugiat. Pellentesque vitae feugiat purus. Donec mattis rhoncus lacinia. Sed quam diam, molestie id laoreet eu, lacinia ac turpis. Cras tincidunt lobortis elit quis aliquam. Proin et massa libero.

Aliquam id pharetra arcu. Vivamus vitae mattis ligula. Sed efficitur urna vitae scelerisque tempor. Proin purus magna, vulputate eu ligula a, vehicula malesuada enim. Curabitur aliquet rutrum enim et tincidunt. Vestibulum ante ipsum primis in faucibus orci luctus et ultrices posuere cubilia curae; Vivamus pharetra enim leo, nec molestie nibh consectetur quis. Class aptent taciti sociosqu ad litora torquent per conubia nostra, per inceptos himenaeos. Nunc quis maximus elit, vitae pulvinar urna. Integer at mi elit. Phasellus vitae rutrum sem. Vivamus et mauris ac nisl congue congue eu eget elit. Nullam at quam velit. Pellentesque dictum, diam nec tempor aliquet, tortor justo fermentum sapien, at condimentum turpis elit vel sapien. Aenean rutrum tellus sodales tortor viverra eleifend.

Donec facilisis, diam efficitur maximus ultrices, enim lectus rutrum elit, eget malesuada mi justo dapibus enim. Maecenas finibus euismod nulla quis dignissim. Sed dictum ante rutrum turpis euismod laoreet. Sed placerat tellus leo. In ut lobortis lorem. Nullam vitae lectus egestas urna tincidunt aliquet. Ut sagittis vel enim eget malesuada. Cras in congue tortor. Interdum et malesuada fames ac ante ipsum primis in faucibus. Nunc tempus consequat neque, et eleifend nulla aliquam eu.",Author 7,5,flashcard-day-tre-theo-phuong-phap-glenn-doman-rau-cu-qua,NXB 7,2017,7
https://cdn1.fahasa.com/media/catalog/product/i/m/image_195509_1_49902.jpg,Flashcard Dạy Trẻ Theo Phương Pháp Glenn Doman - Màu Sắc Và Hình Khối,48000,40,9780085481123,"Lorem ipsum dolor sit amet, consectetur adipiscing elit. Nam congue vel tellus non luctus. Vestibulum vitae nunc lorem. Sed lacinia lectus vel augue imperdiet ultricies. Donec id venenatis ex, vitae pretium ligula. Sed nulla eros, dignissim at feugiat non, posuere sit amet urna. Ut eu porttitor tellus. Cras eu massa nulla. Morbi porta fermentum elit eu iaculis. Pellentesque hendrerit venenatis purus at feugiat. Pellentesque vitae feugiat purus. Donec mattis rhoncus lacinia. Sed quam diam, molestie id laoreet eu, lacinia ac turpis. Cras tincidunt lobortis elit quis aliquam. Proin et massa libero.

Aliquam id pharetra arcu. Vivamus vitae mattis ligula. Sed efficitur urna vitae scelerisque tempor. Proin purus magna, vulputate eu ligula a, vehicula malesuada enim. Curabitur aliquet rutrum enim et tincidunt. Vestibulum ante ipsum primis in faucibus orci luctus et ultrices posuere cubilia curae; Vivamus pharetra enim leo, nec molestie nibh consectetur quis. Class aptent taciti sociosqu ad litora torquent per conubia nostra, per inceptos himenaeos. Nunc quis maximus elit, vitae pulvinar urna. Integer at mi elit. Phasellus vitae rutrum sem. Vivamus et mauris ac nisl congue congue eu eget elit. Nullam at quam velit. Pellentesque dictum, diam nec tempor aliquet, tortor justo fermentum sapien, at condimentum turpis elit vel sapien. Aenean rutrum tellus sodales tortor viverra eleifend.

Donec facilisis, diam efficitur maximus ultrices, enim lectus rutrum elit, eget malesuada mi justo dapibus enim. Maecenas finibus euismod nulla quis dignissim. Sed dictum ante rutrum turpis euismod laoreet. Sed placerat tellus leo. In ut lobortis lorem. Nullam vitae lectus egestas urna tincidunt aliquet. Ut sagittis vel enim eget malesuada. Cras in congue tortor. Interdum et malesuada fames ac ante ipsum primis in faucibus. Nunc tempus consequat neque, et eleifend nulla aliquam eu.",Author 8,4,flashcard-day-tre-theo-phuong-phap-glenn-doman-mau-sac-va-hinh-khoi,NXB 8,2003,13
https://cdn1.fahasa.com/media/catalog/product/9/7/9786044963198.jpg,Flashcard Hình Dạng Và Màu Sắc - Shapes And Colors,49000,40,9780085481124,"Lorem ipsum dolor sit amet, consectetur adipiscing elit. Nam congue vel tellus non luctus. Vestibulum vitae nunc lorem. Sed lacinia lectus vel augue imperdiet ultricies. Donec id venenatis ex, vitae pretium ligula. Sed nulla eros, dignissim at feugiat non, posuere sit amet urna. Ut eu porttitor tellus. Cras eu massa nulla. Morbi porta fermentum elit eu iaculis. Pellentesque hendrerit venenatis purus at feugiat. Pellentesque vitae feugiat purus. Donec mattis rhoncus lacinia. Sed quam diam, molestie id laoreet eu, lacinia ac turpis. Cras tincidunt lobortis elit quis aliquam. Proin et massa libero.

Aliquam id pharetra arcu. Vivamus vitae mattis ligula. Sed efficitur urna vitae scelerisque tempor. Proin purus magna, vulputate eu ligula a, vehicula malesuada enim. Curabitur aliquet rutrum enim et tincidunt. Vestibulum ante ipsum primis in faucibus orci luctus et ultrices posuere cubilia curae; Vivamus pharetra enim leo, nec molestie nibh consectetur quis. Class aptent taciti sociosqu ad litora torquent per conubia nostra, per inceptos himenaeos. Nunc quis maximus elit, vitae pulvinar urna. Integer at mi elit. Phasellus vitae rutrum sem. Vivamus et mauris ac nisl congue congue eu eget elit. Nullam at quam velit. Pellentesque dictum, diam nec tempor aliquet, tortor justo fermentum sapien, at condimentum turpis elit vel sapien. Aenean rutrum tellus sodales tortor viverra eleifend.

Donec facilisis, diam efficitur maximus ultrices, enim lectus rutrum elit, eget malesuada mi justo dapibus enim. Maecenas finibus euismod nulla quis dignissim. Sed dictum ante rutrum turpis euismod laoreet. Sed placerat tellus leo. In ut lobortis lorem. Nullam vitae lectus egestas urna tincidunt aliquet. Ut sagittis vel enim eget malesuada. Cras in congue tortor. Interdum et malesuada fames ac ante ipsum primis in faucibus. Nunc tempus consequat neque, et eleifend nulla aliquam eu.",Author 9,5,flashcard-hinh-dang-va-mau-sac-shapes-and-colors,NXB 9,2014,14
https://cdn1.fahasa.com/media/catalog/product/9/7/9786044963242.jpg,Flashcard Cơ Thể Và Cảm Xúc - Body And Feelings,49000,40,9780085481125,"Lorem ipsum dolor sit amet, consectetur adipiscing elit. Nam congue vel tellus non luctus. Vestibulum vitae nunc lorem. Sed lacinia lectus vel augue imperdiet ultricies. Donec id venenatis ex, vitae pretium ligula. Sed nulla eros, dignissim at feugiat non, posuere sit amet urna. Ut eu porttitor tellus. Cras eu massa nulla. Morbi porta fermentum elit eu iaculis. Pellentesque hendrerit venenatis purus at feugiat. Pellentesque vitae feugiat purus. Donec mattis rhoncus lacinia. Sed quam diam, molestie id laoreet eu, lacinia ac turpis. Cras tincidunt lobortis elit quis aliquam. Proin et massa libero.

Aliquam id pharetra arcu. Vivamus vitae mattis ligula. Sed efficitur urna vitae scelerisque tempor. Proin purus magna, vulputate eu ligula a, vehicula malesuada enim. Curabitur aliquet rutrum enim et tincidunt. Vestibulum ante ipsum primis in faucibus orci luctus et ultrices posuere cubilia curae; Vivamus pharetra enim leo, nec molestie nibh consectetur quis. Class aptent taciti sociosqu ad litora torquent per conubia nostra, per inceptos himenaeos. Nunc quis maximus elit, vitae pulvinar urna. Integer at mi elit. Phasellus vitae rutrum sem. Vivamus et mauris ac nisl congue congue eu eget elit. Nullam at quam velit. Pellentesque dictum, diam nec tempor aliquet, tortor justo fermentum sapien, at condimentum turpis elit vel sapien. Aenean rutrum tellus sodales tortor viverra eleifend.

Donec facilisis, diam efficitur maximus ultrices, enim lectus rutrum elit, eget malesuada mi justo dapibus enim. Maecenas finibus euismod nulla quis dignissim. Sed dictum ante rutrum turpis euismod laoreet. Sed placerat tellus leo. In ut lobortis lorem. Nullam vitae lectus egestas urna tincidunt aliquet. Ut sagittis vel enim eget malesuada. Cras in congue tortor. Interdum et malesuada fames ac ante ipsum primis in faucibus. Nunc tempus consequat neque, et eleifend nulla aliquam eu.",Author 10,12,flashcard-co-the-va-cam-xuc-body-and-feelings,NXB 10,2018,16
https://cdn1.fahasa.com/media/catalog/product/9/7/9786045546567.jpg,Bộ Thẻ Tự Học - Khởi Đầu Tự Tin: Phép Nhân Không Khó,120930,40,9780085481126,"Lorem ipsum dolor sit amet, consectetur adipiscing elit. Nam congue vel tellus non luctus. Vestibulum vitae nunc lorem. Sed lacinia lectus vel augue imperdiet ultricies. Donec id venenatis ex, vitae pretium ligula. Sed nulla eros, dignissim at feugiat non, posuere sit amet urna. Ut eu porttitor tellus. Cras eu massa nulla. Morbi porta fermentum elit eu iaculis. Pellentesque hendrerit venenatis purus at feugiat. Pellentesque vitae feugiat purus. Donec mattis rhoncus lacinia. Sed quam diam, molestie id laoreet eu, lacinia ac turpis. Cras tincidunt lobortis elit quis aliquam. Proin et massa libero.

Aliquam id pharetra arcu. Vivamus vitae mattis ligula. Sed efficitur urna vitae scelerisque tempor. Proin purus magna, vulputate eu ligula a, vehicula malesuada enim. Curabitur aliquet rutrum enim et tincidunt. Vestibulum ante ipsum primis in faucibus orci luctus et ultrices posuere cubilia curae; Vivamus pharetra enim leo, nec molestie nibh consectetur quis. Class aptent taciti sociosqu ad litora torquent per conubia nostra, per inceptos himenaeos. Nunc quis maximus elit, vitae pulvinar urna. Integer at mi elit. Phasellus vitae rutrum sem. Vivamus et mauris ac nisl congue congue eu eget elit. Nullam at quam velit. Pellentesque dictum, diam nec tempor aliquet, tortor justo fermentum sapien, at condimentum turpis elit vel sapien. Aenean rutrum tellus sodales tortor viverra eleifend.

Donec facilisis, diam efficitur maximus ultrices, enim lectus rutrum elit, eget malesuada mi justo dapibus enim. Maecenas finibus euismod nulla quis dignissim. Sed dictum ante rutrum turpis euismod laoreet. Sed placerat tellus leo. In ut lobortis lorem. Nullam vitae lectus egestas urna tincidunt aliquet. Ut sagittis vel enim eget malesuada. Cras in congue tortor. Interdum et malesuada fames ac ante ipsum primis in faucibus. Nunc tempus consequat neque, et eleifend nulla aliquam eu.",Author 11,5,bo-the-tu-hoc-khoi-au-tu-tin-phep-nhan-khong-kho,NXB 11,2025,4
https://cdn1.fahasa.com/media/catalog/product/9/7/9786326115628.jpg,Cất Tiếng Thành Lời,49000,40,9780085481127,"Lorem ipsum dolor sit amet, consectetur adipiscing elit. Nam congue vel tellus non luctus. Vestibulum vitae nunc lorem. Sed lacinia lectus vel augue imperdiet ultricies. Donec id venenatis ex, vitae pretium ligula. Sed nulla eros, dignissim at feugiat non, posuere sit amet urna. Ut eu porttitor tellus. Cras eu massa nulla. Morbi porta fermentum elit eu iaculis. Pellentesque hendrerit venenatis purus at feugiat. Pellentesque vitae feugiat purus. Donec mattis rhoncus lacinia. Sed quam diam, molestie id laoreet eu, lacinia ac turpis. Cras tincidunt lobortis elit quis aliquam. Proin et massa libero.

Aliquam id pharetra arcu. Vivamus vitae mattis ligula. Sed efficitur urna vitae scelerisque tempor. Proin purus magna, vulputate eu ligula a, vehicula malesuada enim. Curabitur aliquet rutrum enim et tincidunt. Vestibulum ante ipsum primis in faucibus orci luctus et ultrices posuere cubilia curae; Vivamus pharetra enim leo, nec molestie nibh consectetur quis. Class aptent taciti sociosqu ad litora torquent per conubia nostra, per inceptos himenaeos. Nunc quis maximus elit, vitae pulvinar urna. Integer at mi elit. Phasellus vitae rutrum sem. Vivamus et mauris ac nisl congue congue eu eget elit. Nullam at quam velit. Pellentesque dictum, diam nec tempor aliquet, tortor justo fermentum sapien, at condimentum turpis elit vel sapien. Aenean rutrum tellus sodales tortor viverra eleifend.

Donec facilisis, diam efficitur maximus ultrices, enim lectus rutrum elit, eget malesuada mi justo dapibus enim. Maecenas finibus euismod nulla quis dignissim. Sed dictum ante rutrum turpis euismod laoreet. Sed placerat tellus leo. In ut lobortis lorem. Nullam vitae lectus egestas urna tincidunt aliquet. Ut sagittis vel enim eget malesuada. Cras in congue tortor. Interdum et malesuada fames ac ante ipsum primis in faucibus. Nunc tempus consequat neque, et eleifend nulla aliquam eu.",Author 12,5,cat-tieng-thanh-loi,NXB 12,2017,18
https://cdn1.fahasa.com/media/catalog/product/9/7/9786044963273.jpg,Flashcard Bảng Chữ Cái Tiếng Việt,66000,40,9780085481128,"Lorem ipsum dolor sit amet, consectetur adipiscing elit. Nam congue vel tellus non luctus. Vestibulum vitae nunc lorem. Sed lacinia lectus vel augue imperdiet ultricies. Donec id venenatis ex, vitae pretium ligula. Sed nulla eros, dignissim at feugiat non, posuere sit amet urna. Ut eu porttitor tellus. Cras eu massa nulla. Morbi porta fermentum elit eu iaculis. Pellentesque hendrerit venenatis purus at feugiat. Pellentesque vitae feugiat purus. Donec mattis rhoncus lacinia. Sed quam diam, molestie id laoreet eu, lacinia ac turpis. Cras tincidunt lobortis elit quis aliquam. Proin et massa libero.

Aliquam id pharetra arcu. Vivamus vitae mattis ligula. Sed efficitur urna vitae scelerisque tempor. Proin purus magna, vulputate eu ligula a, vehicula malesuada enim. Curabitur aliquet rutrum enim et tincidunt. Vestibulum ante ipsum primis in faucibus orci luctus et ultrices posuere cubilia curae; Vivamus pharetra enim leo, nec molestie nibh consectetur quis. Class aptent taciti sociosqu ad litora torquent per conubia nostra, per inceptos himenaeos. Nunc quis maximus elit, vitae pulvinar urna. Integer at mi elit. Phasellus vitae rutrum sem. Vivamus et mauris ac nisl congue congue eu eget elit. Nullam at quam velit. Pellentesque dictum, diam nec tempor aliquet, tortor justo fermentum sapien, at condimentum turpis elit vel sapien. Aenean rutrum tellus sodales tortor viverra eleifend.

Donec facilisis, diam efficitur maximus ultrices, enim lectus rutrum elit, eget malesuada mi justo dapibus enim. Maecenas finibus euismod nulla quis dignissim. Sed dictum ante rutrum turpis euismod laoreet. Sed placerat tellus leo. In ut lobortis lorem. Nullam vitae lectus egestas urna tincidunt aliquet. Ut sagittis vel enim eget malesuada. Cras in congue tortor. Interdum et malesuada fames ac ante ipsum primis in faucibus. Nunc tempus consequat neque, et eleifend nulla aliquam eu.",Author 13,20,flashcard-bang-chu-cai-tieng-viet,NXB 13,2003,19
https://cdn1.fahasa.com/media/catalog/product/8/9/8935210307941_1.jpg,Thẻ Học Thông Minh Cho Bé Vào Lớp 1 - Chữ Cái Tiếng Anh 1 (Tái Bản 2025),24000,40,9780085481129,"Lorem ipsum dolor sit amet, consectetur adipiscing elit. Nam congue vel tellus non luctus. Vestibulum vitae nunc lorem. Sed lacinia lectus vel augue imperdiet ultricies. Donec id venenatis ex, vitae pretium ligula. Sed nulla eros, dignissim at feugiat non, posuere sit amet urna. Ut eu porttitor tellus. Cras eu massa nulla. Morbi porta fermentum elit eu iaculis. Pellentesque hendrerit venenatis purus at feugiat. Pellentesque vitae feugiat purus. Donec mattis rhoncus lacinia. Sed quam diam, molestie id laoreet eu, lacinia ac turpis. Cras tincidunt lobortis elit quis aliquam. Proin et massa libero.

Aliquam id pharetra arcu. Vivamus vitae mattis ligula. Sed efficitur urna vitae scelerisque tempor. Proin purus magna, vulputate eu ligula a, vehicula malesuada enim. Curabitur aliquet rutrum enim et tincidunt. Vestibulum ante ipsum primis in faucibus orci luctus et ultrices posuere cubilia curae; Vivamus pharetra enim leo, nec molestie nibh consectetur quis. Class aptent taciti sociosqu ad litora torquent per conubia nostra, per inceptos himenaeos. Nunc quis maximus elit, vitae pulvinar urna. Integer at mi elit. Phasellus vitae rutrum sem. Vivamus et mauris ac nisl congue congue eu eget elit. Nullam at quam velit. Pellentesque dictum, diam nec tempor aliquet, tortor justo fermentum sapien, at condimentum turpis elit vel sapien. Aenean rutrum tellus sodales tortor viverra eleifend.

Donec facilisis, diam efficitur maximus ultrices, enim lectus rutrum elit, eget malesuada mi justo dapibus enim. Maecenas finibus euismod nulla quis dignissim. Sed dictum ante rutrum turpis euismod laoreet. Sed placerat tellus leo. In ut lobortis lorem. Nullam vitae lectus egestas urna tincidunt aliquet. Ut sagittis vel enim eget malesuada. Cras in congue tortor. Interdum et malesuada fames ac ante ipsum primis in faucibus. Nunc tempus consequat neque, et eleifend nulla aliquam eu.",Author 14,8,the-hoc-thong-minh-cho-be-vao-lop-1-chu-cai-tieng-anh-1-tai-ban-2025,NXB 14,2012,13
https://cdn1.fahasa.com/media/catalog/product/8/9/8935343701012.jpg,Flash Card - Thẻ Học Thông Minh Theo Phương Pháp Giáo Dục Sớm Glenn Doman - Chữ Cái Và Chữ Ghép Tiếng Việt,64000,40,9780085481130,"Lorem ipsum dolor sit amet, consectetur adipiscing elit. Nam congue vel tellus non luctus. Vestibulum vitae nunc lorem. Sed lacinia lectus vel augue imperdiet ultricies. Donec id venenatis ex, vitae pretium ligula. Sed nulla eros, dignissim at feugiat non, posuere sit amet urna. Ut eu porttitor tellus. Cras eu massa nulla. Morbi porta fermentum elit eu iaculis. Pellentesque hendrerit venenatis purus at feugiat. Pellentesque vitae feugiat purus. Donec mattis rhoncus lacinia. Sed quam diam, molestie id laoreet eu, lacinia ac turpis. Cras tincidunt lobortis elit quis aliquam. Proin et massa libero.

Aliquam id pharetra arcu. Vivamus vitae mattis ligula. Sed efficitur urna vitae scelerisque tempor. Proin purus magna, vulputate eu ligula a, vehicula malesuada enim. Curabitur aliquet rutrum enim et tincidunt. Vestibulum ante ipsum primis in faucibus orci luctus et ultrices posuere cubilia curae; Vivamus pharetra enim leo, nec molestie nibh consectetur quis. Class aptent taciti sociosqu ad litora torquent per conubia nostra, per inceptos himenaeos. Nunc quis maximus elit, vitae pulvinar urna. Integer at mi elit. Phasellus vitae rutrum sem. Vivamus et mauris ac nisl congue congue eu eget elit. Nullam at quam velit. Pellentesque dictum, diam nec tempor aliquet, tortor justo fermentum sapien, at condimentum turpis elit vel sapien. Aenean rutrum tellus sodales tortor viverra eleifend.

Donec facilisis, diam efficitur maximus ultrices, enim lectus rutrum elit, eget malesuada mi justo dapibus enim. Maecenas finibus euismod nulla quis dignissim. Sed dictum ante rutrum turpis euismod laoreet. Sed placerat tellus leo. In ut lobortis lorem. Nullam vitae lectus egestas urna tincidunt aliquet. Ut sagittis vel enim eget malesuada. Cras in congue tortor. Interdum et malesuada fames ac ante ipsum primis in faucibus. Nunc tempus consequat neque, et eleifend nulla aliquam eu.",Author 15,11,flash-card-the-hoc-thong-minh-theo-phuong-phap-giao-duc-som-glenn-doman-chu-cai-va-chu-ghep-tieng-viet,NXB 15,2014,19
https://cdn1.fahasa.com/media/catalog/product/9/7/9786326069815.jpg,Flash Card - Bộ Thẻ Số Đếm - Numbers - Song Ngữ Việt-Anh,19500,40,9780085481131,"Lorem ipsum dolor sit amet, consectetur adipiscing elit. Nam congue vel tellus non luctus. Vestibulum vitae nunc lorem. Sed lacinia lectus vel augue imperdiet ultricies. Donec id venenatis ex, vitae pretium ligula. Sed nulla eros, dignissim at feugiat non, posuere sit amet urna. Ut eu porttitor tellus. Cras eu massa nulla. Morbi porta fermentum elit eu iaculis. Pellentesque hendrerit venenatis purus at feugiat. Pellentesque vitae feugiat purus. Donec mattis rhoncus lacinia. Sed quam diam, molestie id laoreet eu, lacinia ac turpis. Cras tincidunt lobortis elit quis aliquam. Proin et massa libero.

Aliquam id pharetra arcu. Vivamus vitae mattis ligula. Sed efficitur urna vitae scelerisque tempor. Proin purus magna, vulputate eu ligula a, vehicula malesuada enim. Curabitur aliquet rutrum enim et tincidunt. Vestibulum ante ipsum primis in faucibus orci luctus et ultrices posuere cubilia curae; Vivamus pharetra enim leo, nec molestie nibh consectetur quis. Class aptent taciti sociosqu ad litora torquent per conubia nostra, per inceptos himenaeos. Nunc quis maximus elit, vitae pulvinar urna. Integer at mi elit. Phasellus vitae rutrum sem. Vivamus et mauris ac nisl congue congue eu eget elit. Nullam at quam velit. Pellentesque dictum, diam nec tempor aliquet, tortor justo fermentum sapien, at condimentum turpis elit vel sapien. Aenean rutrum tellus sodales tortor viverra eleifend.

Donec facilisis, diam efficitur maximus ultrices, enim lectus rutrum elit, eget malesuada mi justo dapibus enim. Maecenas finibus euismod nulla quis dignissim. Sed dictum ante rutrum turpis euismod laoreet. Sed placerat tellus leo. In ut lobortis lorem. Nullam vitae lectus egestas urna tincidunt aliquet. Ut sagittis vel enim eget malesuada. Cras in congue tortor. Interdum et malesuada fames ac ante ipsum primis in faucibus. Nunc tempus consequat neque, et eleifend nulla aliquam eu.",Author 16,7,flash-card-bo-the-so-em-numbers-song-ngu-viet-anh,NXB 16,2018,5
https://cdn1.fahasa.com/media/catalog/product/9/7/9786326069822.jpg,Flash Card - Bộ Thẻ Động Vật Hoang Dã - Wild Animals - Song Ngữ Việt-Anh,19500,40,9780085481132,"Lorem ipsum dolor sit amet, consectetur adipiscing elit. Nam congue vel tellus non luctus. Vestibulum vitae nunc lorem. Sed lacinia lectus vel augue imperdiet ultricies. Donec id venenatis ex, vitae pretium ligula. Sed nulla eros, dignissim at feugiat non, posuere sit amet urna. Ut eu porttitor tellus. Cras eu massa nulla. Morbi porta fermentum elit eu iaculis. Pellentesque hendrerit venenatis purus at feugiat. Pellentesque vitae feugiat purus. Donec mattis rhoncus lacinia. Sed quam diam, molestie id laoreet eu, lacinia ac turpis. Cras tincidunt lobortis elit quis aliquam. Proin et massa libero.

Aliquam id pharetra arcu. Vivamus vitae mattis ligula. Sed efficitur urna vitae scelerisque tempor. Proin purus magna, vulputate eu ligula a, vehicula malesuada enim. Curabitur aliquet rutrum enim et tincidunt. Vestibulum ante ipsum primis in faucibus orci luctus et ultrices posuere cubilia curae; Vivamus pharetra enim leo, nec molestie nibh consectetur quis. Class aptent taciti sociosqu ad litora torquent per conubia nostra, per inceptos himenaeos. Nunc quis maximus elit, vitae pulvinar urna. Integer at mi elit. Phasellus vitae rutrum sem. Vivamus et mauris ac nisl congue congue eu eget elit. Nullam at quam velit. Pellentesque dictum, diam nec tempor aliquet, tortor justo fermentum sapien, at condimentum turpis elit vel sapien. Aenean rutrum tellus sodales tortor viverra eleifend.

Donec facilisis, diam efficitur maximus ultrices, enim lectus rutrum elit, eget malesuada mi justo dapibus enim. Maecenas finibus euismod nulla quis dignissim. Sed dictum ante rutrum turpis euismod laoreet. Sed placerat tellus leo. In ut lobortis lorem. Nullam vitae lectus egestas urna tincidunt aliquet. Ut sagittis vel enim eget malesuada. Cras in congue tortor. Interdum et malesuada fames ac ante ipsum primis in faucibus. Nunc tempus consequat neque, et eleifend nulla aliquam eu.",Author 17,3,flash-card-bo-the-ong-vat-hoang-da-wild-animals-song-ngu-viet-anh,NXB 17,2002,16
https://cdn1.fahasa.com/media/catalog/product/8/9/8935343701043.jpg,Flash Card - Thẻ Học Thông Minh Theo Phương Pháp Giáo Dục Sớm Glenn Doman - Động Vật Hoang Dã - Wild Animals,36000,40,9780085481133,"Lorem ipsum dolor sit amet, consectetur adipiscing elit. Nam congue vel tellus non luctus. Vestibulum vitae nunc lorem. Sed lacinia lectus vel augue imperdiet ultricies. Donec id venenatis ex, vitae pretium ligula. Sed nulla eros, dignissim at feugiat non, posuere sit amet urna. Ut eu porttitor tellus. Cras eu massa nulla. Morbi porta fermentum elit eu iaculis. Pellentesque hendrerit venenatis purus at feugiat. Pellentesque vitae feugiat purus. Donec mattis rhoncus lacinia. Sed quam diam, molestie id laoreet eu, lacinia ac turpis. Cras tincidunt lobortis elit quis aliquam. Proin et massa libero.

Aliquam id pharetra arcu. Vivamus vitae mattis ligula. Sed efficitur urna vitae scelerisque tempor. Proin purus magna, vulputate eu ligula a, vehicula malesuada enim. Curabitur aliquet rutrum enim et tincidunt. Vestibulum ante ipsum primis in faucibus orci luctus et ultrices posuere cubilia curae; Vivamus pharetra enim leo, nec molestie nibh consectetur quis. Class aptent taciti sociosqu ad litora torquent per conubia nostra, per inceptos himenaeos. Nunc quis maximus elit, vitae pulvinar urna. Integer at mi elit. Phasellus vitae rutrum sem. Vivamus et mauris ac nisl congue congue eu eget elit. Nullam at quam velit. Pellentesque dictum, diam nec tempor aliquet, tortor justo fermentum sapien, at condimentum turpis elit vel sapien. Aenean rutrum tellus sodales tortor viverra eleifend.

Donec facilisis, diam efficitur maximus ultrices, enim lectus rutrum elit, eget malesuada mi justo dapibus enim. Maecenas finibus euismod nulla quis dignissim. Sed dictum ante rutrum turpis euismod laoreet. Sed placerat tellus leo. In ut lobortis lorem. Nullam vitae lectus egestas urna tincidunt aliquet. Ut sagittis vel enim eget malesuada. Cras in congue tortor. Interdum et malesuada fames ac ante ipsum primis in faucibus. Nunc tempus consequat neque, et eleifend nulla aliquam eu.",Author 18,16,flash-card-the-hoc-thong-minh-theo-phuong-phap-giao-duc-som-glenn-doman-ong-vat-hoang-da-wild-animals,NXB 18,2022,19
https://cdn1.fahasa.com/media/catalog/product/9/7/9786326069839.jpg,Flash Card - Bộ Thẻ Trái Cây - Fruits - Song Ngữ Việt-Anh,19500,40,9780085481134,"Lorem ipsum dolor sit amet, consectetur adipiscing elit. Nam congue vel tellus non luctus. Vestibulum vitae nunc lorem. Sed lacinia lectus vel augue imperdiet ultricies. Donec id venenatis ex, vitae pretium ligula. Sed nulla eros, dignissim at feugiat non, posuere sit amet urna. Ut eu porttitor tellus. Cras eu massa nulla. Morbi porta fermentum elit eu iaculis. Pellentesque hendrerit venenatis purus at feugiat. Pellentesque vitae feugiat purus. Donec mattis rhoncus lacinia. Sed quam diam, molestie id laoreet eu, lacinia ac turpis. Cras tincidunt lobortis elit quis aliquam. Proin et massa libero.

Aliquam id pharetra arcu. Vivamus vitae mattis ligula. Sed efficitur urna vitae scelerisque tempor. Proin purus magna, vulputate eu ligula a, vehicula malesuada enim. Curabitur aliquet rutrum enim et tincidunt. Vestibulum ante ipsum primis in faucibus orci luctus et ultrices posuere cubilia curae; Vivamus pharetra enim leo, nec molestie nibh consectetur quis. Class aptent taciti sociosqu ad litora torquent per conubia nostra, per inceptos himenaeos. Nunc quis maximus elit, vitae pulvinar urna. Integer at mi elit. Phasellus vitae rutrum sem. Vivamus et mauris ac nisl congue congue eu eget elit. Nullam at quam velit. Pellentesque dictum, diam nec tempor aliquet, tortor justo fermentum sapien, at condimentum turpis elit vel sapien. Aenean rutrum tellus sodales tortor viverra eleifend.

Donec facilisis, diam efficitur maximus ultrices, enim lectus rutrum elit, eget malesuada mi justo dapibus enim. Maecenas finibus euismod nulla quis dignissim. Sed dictum ante rutrum turpis euismod laoreet. Sed placerat tellus leo. In ut lobortis lorem. Nullam vitae lectus egestas urna tincidunt aliquet. Ut sagittis vel enim eget malesuada. Cras in congue tortor. Interdum et malesuada fames ac ante ipsum primis in faucibus. Nunc tempus consequat neque, et eleifend nulla aliquam eu.",Author 19,19,flash-card-bo-the-trai-cay-fruits-song-ngu-viet-anh,NXB 19,2013,9
https://cdn1.fahasa.com/media/catalog/product/8/9/8935343701050.jpg,Flash Card - Thẻ Học Thông Minh Theo Phương Pháp Giáo Dục Sớm Glenn Doman - Động Vật Nuôi - Farm Animals,36000,40,9780085481135,"Lorem ipsum dolor sit amet, consectetur adipiscing elit. Nam congue vel tellus non luctus. Vestibulum vitae nunc lorem. Sed lacinia lectus vel augue imperdiet ultricies. Donec id venenatis ex, vitae pretium ligula. Sed nulla eros, dignissim at feugiat non, posuere sit amet urna. Ut eu porttitor tellus. Cras eu massa nulla. Morbi porta fermentum elit eu iaculis. Pellentesque hendrerit venenatis purus at feugiat. Pellentesque vitae feugiat purus. Donec mattis rhoncus lacinia. Sed quam diam, molestie id laoreet eu, lacinia ac turpis. Cras tincidunt lobortis elit quis aliquam. Proin et massa libero.

Aliquam id pharetra arcu. Vivamus vitae mattis ligula. Sed efficitur urna vitae scelerisque tempor. Proin purus magna, vulputate eu ligula a, vehicula malesuada enim. Curabitur aliquet rutrum enim et tincidunt. Vestibulum ante ipsum primis in faucibus orci luctus et ultrices posuere cubilia curae; Vivamus pharetra enim leo, nec molestie nibh consectetur quis. Class aptent taciti sociosqu ad litora torquent per conubia nostra, per inceptos himenaeos. Nunc quis maximus elit, vitae pulvinar urna. Integer at mi elit. Phasellus vitae rutrum sem. Vivamus et mauris ac nisl congue congue eu eget elit. Nullam at quam velit. Pellentesque dictum, diam nec tempor aliquet, tortor justo fermentum sapien, at condimentum turpis elit vel sapien. Aenean rutrum tellus sodales tortor viverra eleifend.

Donec facilisis, diam efficitur maximus ultrices, enim lectus rutrum elit, eget malesuada mi justo dapibus enim. Maecenas finibus euismod nulla quis dignissim. Sed dictum ante rutrum turpis euismod laoreet. Sed placerat tellus leo. In ut lobortis lorem. Nullam vitae lectus egestas urna tincidunt aliquet. Ut sagittis vel enim eget malesuada. Cras in congue tortor. Interdum et malesuada fames ac ante ipsum primis in faucibus. Nunc tempus consequat neque, et eleifend nulla aliquam eu.",Author 20,9,flash-card-the-hoc-thong-minh-theo-phuong-phap-giao-duc-som-glenn-doman-ong-vat-nuoi-farm-animals,NXB 20,2023,14
https://cdn1.fahasa.com/media/catalog/product/9/7/9786326069846.jpg,Flash Card - Bộ Thẻ Vật Nuôi - Domestic Animals - Song Ngữ Việt-Anh,19500,40,9780085481136,"Lorem ipsum dolor sit amet, consectetur adipiscing elit. Nam congue vel tellus non luctus. Vestibulum vitae nunc lorem. Sed lacinia lectus vel augue imperdiet ultricies. Donec id venenatis ex, vitae pretium ligula. Sed nulla eros, dignissim at feugiat non, posuere sit amet urna. Ut eu porttitor tellus. Cras eu massa nulla. Morbi porta fermentum elit eu iaculis. Pellentesque hendrerit venenatis purus at feugiat. Pellentesque vitae feugiat purus. Donec mattis rhoncus lacinia. Sed quam diam, molestie id laoreet eu, lacinia ac turpis. Cras tincidunt lobortis elit quis aliquam. Proin et massa libero.

Aliquam id pharetra arcu. Vivamus vitae mattis ligula. Sed efficitur urna vitae scelerisque tempor. Proin purus magna, vulputate eu ligula a, vehicula malesuada enim. Curabitur aliquet rutrum enim et tincidunt. Vestibulum ante ipsum primis in faucibus orci luctus et ultrices posuere cubilia curae; Vivamus pharetra enim leo, nec molestie nibh consectetur quis. Class aptent taciti sociosqu ad litora torquent per conubia nostra, per inceptos himenaeos. Nunc quis maximus elit, vitae pulvinar urna. Integer at mi elit. Phasellus vitae rutrum sem. Vivamus et mauris ac nisl congue congue eu eget elit. Nullam at quam velit. Pellentesque dictum, diam nec tempor aliquet, tortor justo fermentum sapien, at condimentum turpis elit vel sapien. Aenean rutrum tellus sodales tortor viverra eleifend.

Donec facilisis, diam efficitur maximus ultrices, enim lectus rutrum elit, eget malesuada mi justo dapibus enim. Maecenas finibus euismod nulla quis dignissim. Sed dictum ante rutrum turpis euismod laoreet. Sed placerat tellus leo. In ut lobortis lorem. Nullam vitae lectus egestas urna tincidunt aliquet. Ut sagittis vel enim eget malesuada. Cras in congue tortor. Interdum et malesuada fames ac ante ipsum primis in faucibus. Nunc tempus consequat neque, et eleifend nulla aliquam eu.",Author 21,10,flash-card-bo-the-vat-nuoi-domestic-animals-song-ngu-viet-anh,NXB 21,2010,8
https://cdn1.fahasa.com/media/catalog/product/8/9/8935343701067.jpg,Flash Card - Thẻ Học Thông Minh Theo Phương Pháp Giáo Dục Sớm Glenn Doman - Các Loài Hoa Và Trái Cây - Flowers And Fruits,36000,40,9780085481137,"Lorem ipsum dolor sit amet, consectetur adipiscing elit. Nam congue vel tellus non luctus. Vestibulum vitae nunc lorem. Sed lacinia lectus vel augue imperdiet ultricies. Donec id venenatis ex, vitae pretium ligula. Sed nulla eros, dignissim at feugiat non, posuere sit amet urna. Ut eu porttitor tellus. Cras eu massa nulla. Morbi porta fermentum elit eu iaculis. Pellentesque hendrerit venenatis purus at feugiat. Pellentesque vitae feugiat purus. Donec mattis rhoncus lacinia. Sed quam diam, molestie id laoreet eu, lacinia ac turpis. Cras tincidunt lobortis elit quis aliquam. Proin et massa libero.

Aliquam id pharetra arcu. Vivamus vitae mattis ligula. Sed efficitur urna vitae scelerisque tempor. Proin purus magna, vulputate eu ligula a, vehicula malesuada enim. Curabitur aliquet rutrum enim et tincidunt. Vestibulum ante ipsum primis in faucibus orci luctus et ultrices posuere cubilia curae; Vivamus pharetra enim leo, nec molestie nibh consectetur quis. Class aptent taciti sociosqu ad litora torquent per conubia nostra, per inceptos himenaeos. Nunc quis maximus elit, vitae pulvinar urna. Integer at mi elit. Phasellus vitae rutrum sem. Vivamus et mauris ac nisl congue congue eu eget elit. Nullam at quam velit. Pellentesque dictum, diam nec tempor aliquet, tortor justo fermentum sapien, at condimentum turpis elit vel sapien. Aenean rutrum tellus sodales tortor viverra eleifend.

Donec facilisis, diam efficitur maximus ultrices, enim lectus rutrum elit, eget malesuada mi justo dapibus enim. Maecenas finibus euismod nulla quis dignissim. Sed dictum ante rutrum turpis euismod laoreet. Sed placerat tellus leo. In ut lobortis lorem. Nullam vitae lectus egestas urna tincidunt aliquet. Ut sagittis vel enim eget malesuada. Cras in congue tortor. Interdum et malesuada fames ac ante ipsum primis in faucibus. Nunc tempus consequat neque, et eleifend nulla aliquam eu.",Author 22,14,flash-card-the-hoc-thong-minh-theo-phuong-phap-giao-duc-som-glenn-doman-cac-loai-hoa-va-trai-cay-flowers-and-fruits,NXB 22,2006,8
https://cdn1.fahasa.com/media/catalog/product/9/7/9786326069853.jpg,Flash Card - Bộ Thẻ Bảng Chữ Cái Tiếng Việt - Cùng Bé Học Chữ Cái - Song Ngữ Việt-Anh,23500,40,9780085481138,"Lorem ipsum dolor sit amet, consectetur adipiscing elit. Nam congue vel tellus non luctus. Vestibulum vitae nunc lorem. Sed lacinia lectus vel augue imperdiet ultricies. Donec id venenatis ex, vitae pretium ligula. Sed nulla eros, dignissim at feugiat non, posuere sit amet urna. Ut eu porttitor tellus. Cras eu massa nulla. Morbi porta fermentum elit eu iaculis. Pellentesque hendrerit venenatis purus at feugiat. Pellentesque vitae feugiat purus. Donec mattis rhoncus lacinia. Sed quam diam, molestie id laoreet eu, lacinia ac turpis. Cras tincidunt lobortis elit quis aliquam. Proin et massa libero.

Aliquam id pharetra arcu. Vivamus vitae mattis ligula. Sed efficitur urna vitae scelerisque tempor. Proin purus magna, vulputate eu ligula a, vehicula malesuada enim. Curabitur aliquet rutrum enim et tincidunt. Vestibulum ante ipsum primis in faucibus orci luctus et ultrices posuere cubilia curae; Vivamus pharetra enim leo, nec molestie nibh consectetur quis. Class aptent taciti sociosqu ad litora torquent per conubia nostra, per inceptos himenaeos. Nunc quis maximus elit, vitae pulvinar urna. Integer at mi elit. Phasellus vitae rutrum sem. Vivamus et mauris ac nisl congue congue eu eget elit. Nullam at quam velit. Pellentesque dictum, diam nec tempor aliquet, tortor justo fermentum sapien, at condimentum turpis elit vel sapien. Aenean rutrum tellus sodales tortor viverra eleifend.

Donec facilisis, diam efficitur maximus ultrices, enim lectus rutrum elit, eget malesuada mi justo dapibus enim. Maecenas finibus euismod nulla quis dignissim. Sed dictum ante rutrum turpis euismod laoreet. Sed placerat tellus leo. In ut lobortis lorem. Nullam vitae lectus egestas urna tincidunt aliquet. Ut sagittis vel enim eget malesuada. Cras in congue tortor. Interdum et malesuada fames ac ante ipsum primis in faucibus. Nunc tempus consequat neque, et eleifend nulla aliquam eu.",Author 23,15,flash-card-bo-the-bang-chu-cai-tieng-viet-cung-be-hoc-chu-cai-song-ngu-viet-anh,NXB 23,2004,5
https://cdn1.fahasa.com/media/catalog/product/9/7/9786326069860.jpg,Flash Card - Bộ Thẻ Quốc Kỳ - Flags Of The World - Song Ngữ Việt-Anh,19500,40,9780085481139,"Lorem ipsum dolor sit amet, consectetur adipiscing elit. Nam congue vel tellus non luctus. Vestibulum vitae nunc lorem. Sed lacinia lectus vel augue imperdiet ultricies. Donec id venenatis ex, vitae pretium ligula. Sed nulla eros, dignissim at feugiat non, posuere sit amet urna. Ut eu porttitor tellus. Cras eu massa nulla. Morbi porta fermentum elit eu iaculis. Pellentesque hendrerit venenatis purus at feugiat. Pellentesque vitae feugiat purus. Donec mattis rhoncus lacinia. Sed quam diam, molestie id laoreet eu, lacinia ac turpis. Cras tincidunt lobortis elit quis aliquam. Proin et massa libero.

Aliquam id pharetra arcu. Vivamus vitae mattis ligula. Sed efficitur urna vitae scelerisque tempor. Proin purus magna, vulputate eu ligula a, vehicula malesuada enim. Curabitur aliquet rutrum enim et tincidunt. Vestibulum ante ipsum primis in faucibus orci luctus et ultrices posuere cubilia curae; Vivamus pharetra enim leo, nec molestie nibh consectetur quis. Class aptent taciti sociosqu ad litora torquent per conubia nostra, per inceptos himenaeos. Nunc quis maximus elit, vitae pulvinar urna. Integer at mi elit. Phasellus vitae rutrum sem. Vivamus et mauris ac nisl congue congue eu eget elit. Nullam at quam velit. Pellentesque dictum, diam nec tempor aliquet, tortor justo fermentum sapien, at condimentum turpis elit vel sapien. Aenean rutrum tellus sodales tortor viverra eleifend.

Donec facilisis, diam efficitur maximus ultrices, enim lectus rutrum elit, eget malesuada mi justo dapibus enim. Maecenas finibus euismod nulla quis dignissim. Sed dictum ante rutrum turpis euismod laoreet. Sed placerat tellus leo. In ut lobortis lorem. Nullam vitae lectus egestas urna tincidunt aliquet. Ut sagittis vel enim eget malesuada. Cras in congue tortor. Interdum et malesuada fames ac ante ipsum primis in faucibus. Nunc tempus consequat neque, et eleifend nulla aliquam eu.",Author 24,20,flash-card-bo-the-quoc-ky-flags-of-the-world-song-ngu-viet-anh,NXB 24,2015,9
https://cdn1.fahasa.com/media/catalog/product/8/9/8935343701081.jpg,Flash Card - Thẻ Học Thông Minh Theo Phương Pháp Giáo Dục Sớm Glenn Doman - Phương Tiện Giao Thông - Transportation,36000,40,9780085481140,"Lorem ipsum dolor sit amet, consectetur adipiscing elit. Nam congue vel tellus non luctus. Vestibulum vitae nunc lorem. Sed lacinia lectus vel augue imperdiet ultricies. Donec id venenatis ex, vitae pretium ligula. Sed nulla eros, dignissim at feugiat non, posuere sit amet urna. Ut eu porttitor tellus. Cras eu massa nulla. Morbi porta fermentum elit eu iaculis. Pellentesque hendrerit venenatis purus at feugiat. Pellentesque vitae feugiat purus. Donec mattis rhoncus lacinia. Sed quam diam, molestie id laoreet eu, lacinia ac turpis. Cras tincidunt lobortis elit quis aliquam. Proin et massa libero.

Aliquam id pharetra arcu. Vivamus vitae mattis ligula. Sed efficitur urna vitae scelerisque tempor. Proin purus magna, vulputate eu ligula a, vehicula malesuada enim. Curabitur aliquet rutrum enim et tincidunt. Vestibulum ante ipsum primis in faucibus orci luctus et ultrices posuere cubilia curae; Vivamus pharetra enim leo, nec molestie nibh consectetur quis. Class aptent taciti sociosqu ad litora torquent per conubia nostra, per inceptos himenaeos. Nunc quis maximus elit, vitae pulvinar urna. Integer at mi elit. Phasellus vitae rutrum sem. Vivamus et mauris ac nisl congue congue eu eget elit. Nullam at quam velit. Pellentesque dictum, diam nec tempor aliquet, tortor justo fermentum sapien, at condimentum turpis elit vel sapien. Aenean rutrum tellus sodales tortor viverra eleifend.

Donec facilisis, diam efficitur maximus ultrices, enim lectus rutrum elit, eget malesuada mi justo dapibus enim. Maecenas finibus euismod nulla quis dignissim. Sed dictum ante rutrum turpis euismod laoreet. Sed placerat tellus leo. In ut lobortis lorem. Nullam vitae lectus egestas urna tincidunt aliquet. Ut sagittis vel enim eget malesuada. Cras in congue tortor. Interdum et malesuada fames ac ante ipsum primis in faucibus. Nunc tempus consequat neque, et eleifend nulla aliquam eu.",Author 25,5,flash-card-the-hoc-thong-minh-theo-phuong-phap-giao-duc-som-glenn-doman-phuong-tien-giao-thong-transportation,NXB 25,2002,14
https://cdn1.fahasa.com/media/catalog/product/8/9/8936065770836.jpg,Bé Làm Quen Với Thế Giới Xung Quanh - Thẻ Học Thông Minh - Song Ngữ Anh-Việt,60000,40,9780085481141,"Lorem ipsum dolor sit amet, consectetur adipiscing elit. Nam congue vel tellus non luctus. Vestibulum vitae nunc lorem. Sed lacinia lectus vel augue imperdiet ultricies. Donec id venenatis ex, vitae pretium ligula. Sed nulla eros, dignissim at feugiat non, posuere sit amet urna. Ut eu porttitor tellus. Cras eu massa nulla. Morbi porta fermentum elit eu iaculis. Pellentesque hendrerit venenatis purus at feugiat. Pellentesque vitae feugiat purus. Donec mattis rhoncus lacinia. Sed quam diam, molestie id laoreet eu, lacinia ac turpis. Cras tincidunt lobortis elit quis aliquam. Proin et massa libero.

Aliquam id pharetra arcu. Vivamus vitae mattis ligula. Sed efficitur urna vitae scelerisque tempor. Proin purus magna, vulputate eu ligula a, vehicula malesuada enim. Curabitur aliquet rutrum enim et tincidunt. Vestibulum ante ipsum primis in faucibus orci luctus et ultrices posuere cubilia curae; Vivamus pharetra enim leo, nec molestie nibh consectetur quis. Class aptent taciti sociosqu ad litora torquent per conubia nostra, per inceptos himenaeos. Nunc quis maximus elit, vitae pulvinar urna. Integer at mi elit. Phasellus vitae rutrum sem. Vivamus et mauris ac nisl congue congue eu eget elit. Nullam at quam velit. Pellentesque dictum, diam nec tempor aliquet, tortor justo fermentum sapien, at condimentum turpis elit vel sapien. Aenean rutrum tellus sodales tortor viverra eleifend.

Donec facilisis, diam efficitur maximus ultrices, enim lectus rutrum elit, eget malesuada mi justo dapibus enim. Maecenas finibus euismod nulla quis dignissim. Sed dictum ante rutrum turpis euismod laoreet. Sed placerat tellus leo. In ut lobortis lorem. Nullam vitae lectus egestas urna tincidunt aliquet. Ut sagittis vel enim eget malesuada. Cras in congue tortor. Interdum et malesuada fames ac ante ipsum primis in faucibus. Nunc tempus consequat neque, et eleifend nulla aliquam eu.",Author 26,11,be-lam-quen-voi-the-gioi-xung-quanh-the-hoc-thong-minh-song-ngu-anh-viet,NXB 26,2002,11
https://cdn1.fahasa.com/media/catalog/product/8/9/8935343701098.jpg,Flash Card - Thẻ Học Thông Minh Theo Phương Pháp Giáo Dục Sớm Glenn Doman - Rau Củ - Vegetables,36000,40,9780085481142,"Lorem ipsum dolor sit amet, consectetur adipiscing elit. Nam congue vel tellus non luctus. Vestibulum vitae nunc lorem. Sed lacinia lectus vel augue imperdiet ultricies. Donec id venenatis ex, vitae pretium ligula. Sed nulla eros, dignissim at feugiat non, posuere sit amet urna. Ut eu porttitor tellus. Cras eu massa nulla. Morbi porta fermentum elit eu iaculis. Pellentesque hendrerit venenatis purus at feugiat. Pellentesque vitae feugiat purus. Donec mattis rhoncus lacinia. Sed quam diam, molestie id laoreet eu, lacinia ac turpis. Cras tincidunt lobortis elit quis aliquam. Proin et massa libero.

Aliquam id pharetra arcu. Vivamus vitae mattis ligula. Sed efficitur urna vitae scelerisque tempor. Proin purus magna, vulputate eu ligula a, vehicula malesuada enim. Curabitur aliquet rutrum enim et tincidunt. Vestibulum ante ipsum primis in faucibus orci luctus et ultrices posuere cubilia curae; Vivamus pharetra enim leo, nec molestie nibh consectetur quis. Class aptent taciti sociosqu ad litora torquent per conubia nostra, per inceptos himenaeos. Nunc quis maximus elit, vitae pulvinar urna. Integer at mi elit. Phasellus vitae rutrum sem. Vivamus et mauris ac nisl congue congue eu eget elit. Nullam at quam velit. Pellentesque dictum, diam nec tempor aliquet, tortor justo fermentum sapien, at condimentum turpis elit vel sapien. Aenean rutrum tellus sodales tortor viverra eleifend.

Donec facilisis, diam efficitur maximus ultrices, enim lectus rutrum elit, eget malesuada mi justo dapibus enim. Maecenas finibus euismod nulla quis dignissim. Sed dictum ante rutrum turpis euismod laoreet. Sed placerat tellus leo. In ut lobortis lorem. Nullam vitae lectus egestas urna tincidunt aliquet. Ut sagittis vel enim eget malesuada. Cras in congue tortor. Interdum et malesuada fames ac ante ipsum primis in faucibus. Nunc tempus consequat neque, et eleifend nulla aliquam eu.",Author 27,17,flash-card-the-hoc-thong-minh-theo-phuong-phap-giao-duc-som-glenn-doman-rau-cu-vegetables,NXB 27,2017,3
https://cdn1.fahasa.com/media/catalog/product/8/9/8935343701104.jpg,Flash Card - Thẻ Học Thông Minh Theo Phương Pháp Giáo Dục Sớm Glenn Doman - Số Đếm - Numbers,36000,40,9780085481143,"Lorem ipsum dolor sit amet, consectetur adipiscing elit. Nam congue vel tellus non luctus. Vestibulum vitae nunc lorem. Sed lacinia lectus vel augue imperdiet ultricies. Donec id venenatis ex, vitae pretium ligula. Sed nulla eros, dignissim at feugiat non, posuere sit amet urna. Ut eu porttitor tellus. Cras eu massa nulla. Morbi porta fermentum elit eu iaculis. Pellentesque hendrerit venenatis purus at feugiat. Pellentesque vitae feugiat purus. Donec mattis rhoncus lacinia. Sed quam diam, molestie id laoreet eu, lacinia ac turpis. Cras tincidunt lobortis elit quis aliquam. Proin et massa libero.

Aliquam id pharetra arcu. Vivamus vitae mattis ligula. Sed efficitur urna vitae scelerisque tempor. Proin purus magna, vulputate eu ligula a, vehicula malesuada enim. Curabitur aliquet rutrum enim et tincidunt. Vestibulum ante ipsum primis in faucibus orci luctus et ultrices posuere cubilia curae; Vivamus pharetra enim leo, nec molestie nibh consectetur quis. Class aptent taciti sociosqu ad litora torquent per conubia nostra, per inceptos himenaeos. Nunc quis maximus elit, vitae pulvinar urna. Integer at mi elit. Phasellus vitae rutrum sem. Vivamus et mauris ac nisl congue congue eu eget elit. Nullam at quam velit. Pellentesque dictum, diam nec tempor aliquet, tortor justo fermentum sapien, at condimentum turpis elit vel sapien. Aenean rutrum tellus sodales tortor viverra eleifend.

Donec facilisis, diam efficitur maximus ultrices, enim lectus rutrum elit, eget malesuada mi justo dapibus enim. Maecenas finibus euismod nulla quis dignissim. Sed dictum ante rutrum turpis euismod laoreet. Sed placerat tellus leo. In ut lobortis lorem. Nullam vitae lectus egestas urna tincidunt aliquet. Ut sagittis vel enim eget malesuada. Cras in congue tortor. Interdum et malesuada fames ac ante ipsum primis in faucibus. Nunc tempus consequat neque, et eleifend nulla aliquam eu.",Author 28,20,flash-card-the-hoc-thong-minh-theo-phuong-phap-giao-duc-som-glenn-doman-so-em-numbers,NXB 28,2006,13
https://cdn1.fahasa.com/media/catalog/product/8/9/8935230007975.jpg,Flashcard Bảng Chữ Cái Tiếng Việt - Cùng Bé Học Chữ Cái,63000,40,9780085481144,"Lorem ipsum dolor sit amet, consectetur adipiscing elit. Nam congue vel tellus non luctus. Vestibulum vitae nunc lorem. Sed lacinia lectus vel augue imperdiet ultricies. Donec id venenatis ex, vitae pretium ligula. Sed nulla eros, dignissim at feugiat non, posuere sit amet urna. Ut eu porttitor tellus. Cras eu massa nulla. Morbi porta fermentum elit eu iaculis. Pellentesque hendrerit venenatis purus at feugiat. Pellentesque vitae feugiat purus. Donec mattis rhoncus lacinia. Sed quam diam, molestie id laoreet eu, lacinia ac turpis. Cras tincidunt lobortis elit quis aliquam. Proin et massa libero.

Aliquam id pharetra arcu. Vivamus vitae mattis ligula. Sed efficitur urna vitae scelerisque tempor. Proin purus magna, vulputate eu ligula a, vehicula malesuada enim. Curabitur aliquet rutrum enim et tincidunt. Vestibulum ante ipsum primis in faucibus orci luctus et ultrices posuere cubilia curae; Vivamus pharetra enim leo, nec molestie nibh consectetur quis. Class aptent taciti sociosqu ad litora torquent per conubia nostra, per inceptos himenaeos. Nunc quis maximus elit, vitae pulvinar urna. Integer at mi elit. Phasellus vitae rutrum sem. Vivamus et mauris ac nisl congue congue eu eget elit. Nullam at quam velit. Pellentesque dictum, diam nec tempor aliquet, tortor justo fermentum sapien, at condimentum turpis elit vel sapien. Aenean rutrum tellus sodales tortor viverra eleifend.

Donec facilisis, diam efficitur maximus ultrices, enim lectus rutrum elit, eget malesuada mi justo dapibus enim. Maecenas finibus euismod nulla quis dignissim. Sed dictum ante rutrum turpis euismod laoreet. Sed placerat tellus leo. In ut lobortis lorem. Nullam vitae lectus egestas urna tincidunt aliquet. Ut sagittis vel enim eget malesuada. Cras in congue tortor. Interdum et malesuada fames ac ante ipsum primis in faucibus. Nunc tempus consequat neque, et eleifend nulla aliquam eu.",Author 29,16,flashcard-bang-chu-cai-tieng-viet-cung-be-hoc-chu-cai,NXB 29,2021,13
https://cdn1.fahasa.com/media/catalog/product/3/3/33_1_3.jpg,Thẻ Thông Minh - Bộ Rau Củ,34000,40,9780085481145,"Lorem ipsum dolor sit amet, consectetur adipiscing elit. Nam congue vel tellus non luctus. Vestibulum vitae nunc lorem. Sed lacinia lectus vel augue imperdiet ultricies. Donec id venenatis ex, vitae pretium ligula. Sed nulla eros, dignissim at feugiat non, posuere sit amet urna. Ut eu porttitor tellus. Cras eu massa nulla. Morbi porta fermentum elit eu iaculis. Pellentesque hendrerit venenatis purus at feugiat. Pellentesque vitae feugiat purus. Donec mattis rhoncus lacinia. Sed quam diam, molestie id laoreet eu, lacinia ac turpis. Cras tincidunt lobortis elit quis aliquam. Proin et massa libero.

Aliquam id pharetra arcu. Vivamus vitae mattis ligula. Sed efficitur urna vitae scelerisque tempor. Proin purus magna, vulputate eu ligula a, vehicula malesuada enim. Curabitur aliquet rutrum enim et tincidunt. Vestibulum ante ipsum primis in faucibus orci luctus et ultrices posuere cubilia curae; Vivamus pharetra enim leo, nec molestie nibh consectetur quis. Class aptent taciti sociosqu ad litora torquent per conubia nostra, per inceptos himenaeos. Nunc quis maximus elit, vitae pulvinar urna. Integer at mi elit. Phasellus vitae rutrum sem. Vivamus et mauris ac nisl congue congue eu eget elit. Nullam at quam velit. Pellentesque dictum, diam nec tempor aliquet, tortor justo fermentum sapien, at condimentum turpis elit vel sapien. Aenean rutrum tellus sodales tortor viverra eleifend.

Donec facilisis, diam efficitur maximus ultrices, enim lectus rutrum elit, eget malesuada mi justo dapibus enim. Maecenas finibus euismod nulla quis dignissim. Sed dictum ante rutrum turpis euismod laoreet. Sed placerat tellus leo. In ut lobortis lorem. Nullam vitae lectus egestas urna tincidunt aliquet. Ut sagittis vel enim eget malesuada. Cras in congue tortor. Interdum et malesuada fames ac ante ipsum primis in faucibus. Nunc tempus consequat neque, et eleifend nulla aliquam eu.",Author 30,17,the-thong-minh-bo-rau-cu,NXB 30,2013,11
https://cdn1.fahasa.com/media/catalog/product/8/9/8931805424192.jpg,Flashcard - Bộ Thẻ Thông Minh - Bé Học Toán (1-6 Tuổi) (Tái Bản 2024),25500,40,9780085481146,"Lorem ipsum dolor sit amet, consectetur adipiscing elit. Nam congue vel tellus non luctus. Vestibulum vitae nunc lorem. Sed lacinia lectus vel augue imperdiet ultricies. Donec id venenatis ex, vitae pretium ligula. Sed nulla eros, dignissim at feugiat non, posuere sit amet urna. Ut eu porttitor tellus. Cras eu massa nulla. Morbi porta fermentum elit eu iaculis. Pellentesque hendrerit venenatis purus at feugiat. Pellentesque vitae feugiat purus. Donec mattis rhoncus lacinia. Sed quam diam, molestie id laoreet eu, lacinia ac turpis. Cras tincidunt lobortis elit quis aliquam. Proin et massa libero.

Aliquam id pharetra arcu. Vivamus vitae mattis ligula. Sed efficitur urna vitae scelerisque tempor. Proin purus magna, vulputate eu ligula a, vehicula malesuada enim. Curabitur aliquet rutrum enim et tincidunt. Vestibulum ante ipsum primis in faucibus orci luctus et ultrices posuere cubilia curae; Vivamus pharetra enim leo, nec molestie nibh consectetur quis. Class aptent taciti sociosqu ad litora torquent per conubia nostra, per inceptos himenaeos. Nunc quis maximus elit, vitae pulvinar urna. Integer at mi elit. Phasellus vitae rutrum sem. Vivamus et mauris ac nisl congue congue eu eget elit. Nullam at quam velit. Pellentesque dictum, diam nec tempor aliquet, tortor justo fermentum sapien, at condimentum turpis elit vel sapien. Aenean rutrum tellus sodales tortor viverra eleifend.

Donec facilisis, diam efficitur maximus ultrices, enim lectus rutrum elit, eget malesuada mi justo dapibus enim. Maecenas finibus euismod nulla quis dignissim. Sed dictum ante rutrum turpis euismod laoreet. Sed placerat tellus leo. In ut lobortis lorem. Nullam vitae lectus egestas urna tincidunt aliquet. Ut sagittis vel enim eget malesuada. Cras in congue tortor. Interdum et malesuada fames ac ante ipsum primis in faucibus. Nunc tempus consequat neque, et eleifend nulla aliquam eu.",Author 31,11,flashcard-bo-the-thong-minh-be-hoc-toan-1-6-tuoi-tai-ban-2024,NXB 31,2000,10
https://cdn1.fahasa.com/media/catalog/product/8/9/8935230007982.jpg,Flashcard Động Vật Nuôi - Domestic Animals,47000,40,9780085481147,"Lorem ipsum dolor sit amet, consectetur adipiscing elit. Nam congue vel tellus non luctus. Vestibulum vitae nunc lorem. Sed lacinia lectus vel augue imperdiet ultricies. Donec id venenatis ex, vitae pretium ligula. Sed nulla eros, dignissim at feugiat non, posuere sit amet urna. Ut eu porttitor tellus. Cras eu massa nulla. Morbi porta fermentum elit eu iaculis. Pellentesque hendrerit venenatis purus at feugiat. Pellentesque vitae feugiat purus. Donec mattis rhoncus lacinia. Sed quam diam, molestie id laoreet eu, lacinia ac turpis. Cras tincidunt lobortis elit quis aliquam. Proin et massa libero.

Aliquam id pharetra arcu. Vivamus vitae mattis ligula. Sed efficitur urna vitae scelerisque tempor. Proin purus magna, vulputate eu ligula a, vehicula malesuada enim. Curabitur aliquet rutrum enim et tincidunt. Vestibulum ante ipsum primis in faucibus orci luctus et ultrices posuere cubilia curae; Vivamus pharetra enim leo, nec molestie nibh consectetur quis. Class aptent taciti sociosqu ad litora torquent per conubia nostra, per inceptos himenaeos. Nunc quis maximus elit, vitae pulvinar urna. Integer at mi elit. Phasellus vitae rutrum sem. Vivamus et mauris ac nisl congue congue eu eget elit. Nullam at quam velit. Pellentesque dictum, diam nec tempor aliquet, tortor justo fermentum sapien, at condimentum turpis elit vel sapien. Aenean rutrum tellus sodales tortor viverra eleifend.

Donec facilisis, diam efficitur maximus ultrices, enim lectus rutrum elit, eget malesuada mi justo dapibus enim. Maecenas finibus euismod nulla quis dignissim. Sed dictum ante rutrum turpis euismod laoreet. Sed placerat tellus leo. In ut lobortis lorem. Nullam vitae lectus egestas urna tincidunt aliquet. Ut sagittis vel enim eget malesuada. Cras in congue tortor. Interdum et malesuada fames ac ante ipsum primis in faucibus. Nunc tempus consequat neque, et eleifend nulla aliquam eu.",Author 32,14,flashcard-ong-vat-nuoi-domestic-animals,NXB 32,2018,5
https://cdn1.fahasa.com/media/catalog/product/i/m/image_191023.jpg,Bộ Đồ Vật - Thẻ Thông Minh,34000,40,9780085481148,"Lorem ipsum dolor sit amet, consectetur adipiscing elit. Nam congue vel tellus non luctus. Vestibulum vitae nunc lorem. Sed lacinia lectus vel augue imperdiet ultricies. Donec id venenatis ex, vitae pretium ligula. Sed nulla eros, dignissim at feugiat non, posuere sit amet urna. Ut eu porttitor tellus. Cras eu massa nulla. Morbi porta fermentum elit eu iaculis. Pellentesque hendrerit venenatis purus at feugiat. Pellentesque vitae feugiat purus. Donec mattis rhoncus lacinia. Sed quam diam, molestie id laoreet eu, lacinia ac turpis. Cras tincidunt lobortis elit quis aliquam. Proin et massa libero.

Aliquam id pharetra arcu. Vivamus vitae mattis ligula. Sed efficitur urna vitae scelerisque tempor. Proin purus magna, vulputate eu ligula a, vehicula malesuada enim. Curabitur aliquet rutrum enim et tincidunt. Vestibulum ante ipsum primis in faucibus orci luctus et ultrices posuere cubilia curae; Vivamus pharetra enim leo, nec molestie nibh consectetur quis. Class aptent taciti sociosqu ad litora torquent per conubia nostra, per inceptos himenaeos. Nunc quis maximus elit, vitae pulvinar urna. Integer at mi elit. Phasellus vitae rutrum sem. Vivamus et mauris ac nisl congue congue eu eget elit. Nullam at quam velit. Pellentesque dictum, diam nec tempor aliquet, tortor justo fermentum sapien, at condimentum turpis elit vel sapien. Aenean rutrum tellus sodales tortor viverra eleifend.

Donec facilisis, diam efficitur maximus ultrices, enim lectus rutrum elit, eget malesuada mi justo dapibus enim. Maecenas finibus euismod nulla quis dignissim. Sed dictum ante rutrum turpis euismod laoreet. Sed placerat tellus leo. In ut lobortis lorem. Nullam vitae lectus egestas urna tincidunt aliquet. Ut sagittis vel enim eget malesuada. Cras in congue tortor. Interdum et malesuada fames ac ante ipsum primis in faucibus. Nunc tempus consequat neque, et eleifend nulla aliquam eu.",Author 33,6,bo-o-vat-the-thong-minh,NXB 33,2014,8
https://cdn1.fahasa.com/media/catalog/product/9/7/9786047764112.jpg,Fruit - Flash Card - Bộ Thẻ Quả,187000,40,9780085481149,"Lorem ipsum dolor sit amet, consectetur adipiscing elit. Nam congue vel tellus non luctus. Vestibulum vitae nunc lorem. Sed lacinia lectus vel augue imperdiet ultricies. Donec id venenatis ex, vitae pretium ligula. Sed nulla eros, dignissim at feugiat non, posuere sit amet urna. Ut eu porttitor tellus. Cras eu massa nulla. Morbi porta fermentum elit eu iaculis. Pellentesque hendrerit venenatis purus at feugiat. Pellentesque vitae feugiat purus. Donec mattis rhoncus lacinia. Sed quam diam, molestie id laoreet eu, lacinia ac turpis. Cras tincidunt lobortis elit quis aliquam. Proin et massa libero.

Aliquam id pharetra arcu. Vivamus vitae mattis ligula. Sed efficitur urna vitae scelerisque tempor. Proin purus magna, vulputate eu ligula a, vehicula malesuada enim. Curabitur aliquet rutrum enim et tincidunt. Vestibulum ante ipsum primis in faucibus orci luctus et ultrices posuere cubilia curae; Vivamus pharetra enim leo, nec molestie nibh consectetur quis. Class aptent taciti sociosqu ad litora torquent per conubia nostra, per inceptos himenaeos. Nunc quis maximus elit, vitae pulvinar urna. Integer at mi elit. Phasellus vitae rutrum sem. Vivamus et mauris ac nisl congue congue eu eget elit. Nullam at quam velit. Pellentesque dictum, diam nec tempor aliquet, tortor justo fermentum sapien, at condimentum turpis elit vel sapien. Aenean rutrum tellus sodales tortor viverra eleifend.

Donec facilisis, diam efficitur maximus ultrices, enim lectus rutrum elit, eget malesuada mi justo dapibus enim. Maecenas finibus euismod nulla quis dignissim. Sed dictum ante rutrum turpis euismod laoreet. Sed placerat tellus leo. In ut lobortis lorem. Nullam vitae lectus egestas urna tincidunt aliquet. Ut sagittis vel enim eget malesuada. Cras in congue tortor. Interdum et malesuada fames ac ante ipsum primis in faucibus. Nunc tempus consequat neque, et eleifend nulla aliquam eu.",Author 34,11,fruit-flash-card-bo-the-qua,NXB 34,2015,5
https://cdn1.fahasa.com/media/catalog/product/8/9/8935230008002.jpg,Flashcard Trái Cây - Fruits,47000,40,9780085481150,"Lorem ipsum dolor sit amet, consectetur adipiscing elit. Nam congue vel tellus non luctus. Vestibulum vitae nunc lorem. Sed lacinia lectus vel augue imperdiet ultricies. Donec id venenatis ex, vitae pretium ligula. Sed nulla eros, dignissim at feugiat non, posuere sit amet urna. Ut eu porttitor tellus. Cras eu massa nulla. Morbi porta fermentum elit eu iaculis. Pellentesque hendrerit venenatis purus at feugiat. Pellentesque vitae feugiat purus. Donec mattis rhoncus lacinia. Sed quam diam, molestie id laoreet eu, lacinia ac turpis. Cras tincidunt lobortis elit quis aliquam. Proin et massa libero.

Aliquam id pharetra arcu. Vivamus vitae mattis ligula. Sed efficitur urna vitae scelerisque tempor. Proin purus magna, vulputate eu ligula a, vehicula malesuada enim. Curabitur aliquet rutrum enim et tincidunt. Vestibulum ante ipsum primis in faucibus orci luctus et ultrices posuere cubilia curae; Vivamus pharetra enim leo, nec molestie nibh consectetur quis. Class aptent taciti sociosqu ad litora torquent per conubia nostra, per inceptos himenaeos. Nunc quis maximus elit, vitae pulvinar urna. Integer at mi elit. Phasellus vitae rutrum sem. Vivamus et mauris ac nisl congue congue eu eget elit. Nullam at quam velit. Pellentesque dictum, diam nec tempor aliquet, tortor justo fermentum sapien, at condimentum turpis elit vel sapien. Aenean rutrum tellus sodales tortor viverra eleifend.

Donec facilisis, diam efficitur maximus ultrices, enim lectus rutrum elit, eget malesuada mi justo dapibus enim. Maecenas finibus euismod nulla quis dignissim. Sed dictum ante rutrum turpis euismod laoreet. Sed placerat tellus leo. In ut lobortis lorem. Nullam vitae lectus egestas urna tincidunt aliquet. Ut sagittis vel enim eget malesuada. Cras in congue tortor. Interdum et malesuada fames ac ante ipsum primis in faucibus. Nunc tempus consequat neque, et eleifend nulla aliquam eu.",Author 35,12,flashcard-trai-cay-fruits,NXB 35,2022,20
https://cdn1.fahasa.com/media/catalog/product/i/m/image_195509_1_10884.jpg,Thẻ Thông Minh - Bộ Động Vật,34000,40,9780085481151,"Lorem ipsum dolor sit amet, consectetur adipiscing elit. Nam congue vel tellus non luctus. Vestibulum vitae nunc lorem. Sed lacinia lectus vel augue imperdiet ultricies. Donec id venenatis ex, vitae pretium ligula. Sed nulla eros, dignissim at feugiat non, posuere sit amet urna. Ut eu porttitor tellus. Cras eu massa nulla. Morbi porta fermentum elit eu iaculis. Pellentesque hendrerit venenatis purus at feugiat. Pellentesque vitae feugiat purus. Donec mattis rhoncus lacinia. Sed quam diam, molestie id laoreet eu, lacinia ac turpis. Cras tincidunt lobortis elit quis aliquam. Proin et massa libero.

Aliquam id pharetra arcu. Vivamus vitae mattis ligula. Sed efficitur urna vitae scelerisque tempor. Proin purus magna, vulputate eu ligula a, vehicula malesuada enim. Curabitur aliquet rutrum enim et tincidunt. Vestibulum ante ipsum primis in faucibus orci luctus et ultrices posuere cubilia curae; Vivamus pharetra enim leo, nec molestie nibh consectetur quis. Class aptent taciti sociosqu ad litora torquent per conubia nostra, per inceptos himenaeos. Nunc quis maximus elit, vitae pulvinar urna. Integer at mi elit. Phasellus vitae rutrum sem. Vivamus et mauris ac nisl congue congue eu eget elit. Nullam at quam velit. Pellentesque dictum, diam nec tempor aliquet, tortor justo fermentum sapien, at condimentum turpis elit vel sapien. Aenean rutrum tellus sodales tortor viverra eleifend.

Donec facilisis, diam efficitur maximus ultrices, enim lectus rutrum elit, eget malesuada mi justo dapibus enim. Maecenas finibus euismod nulla quis dignissim. Sed dictum ante rutrum turpis euismod laoreet. Sed placerat tellus leo. In ut lobortis lorem. Nullam vitae lectus egestas urna tincidunt aliquet. Ut sagittis vel enim eget malesuada. Cras in congue tortor. Interdum et malesuada fames ac ante ipsum primis in faucibus. Nunc tempus consequat neque, et eleifend nulla aliquam eu.",Author 36,17,the-thong-minh-bo-ong-vat,NXB 36,2021,8
https://cdn1.fahasa.com/media/catalog/product/i/m/image_216370.jpg,Flashcard - Dạy Trẻ Học Toán Dotcard - Tập 1 (Tái Bản 2020),238000,40,9780085481152,"Lorem ipsum dolor sit amet, consectetur adipiscing elit. Nam congue vel tellus non luctus. Vestibulum vitae nunc lorem. Sed lacinia lectus vel augue imperdiet ultricies. Donec id venenatis ex, vitae pretium ligula. Sed nulla eros, dignissim at feugiat non, posuere sit amet urna. Ut eu porttitor tellus. Cras eu massa nulla. Morbi porta fermentum elit eu iaculis. Pellentesque hendrerit venenatis purus at feugiat. Pellentesque vitae feugiat purus. Donec mattis rhoncus lacinia. Sed quam diam, molestie id laoreet eu, lacinia ac turpis. Cras tincidunt lobortis elit quis aliquam. Proin et massa libero.

Aliquam id pharetra arcu. Vivamus vitae mattis ligula. Sed efficitur urna vitae scelerisque tempor. Proin purus magna, vulputate eu ligula a, vehicula malesuada enim. Curabitur aliquet rutrum enim et tincidunt. Vestibulum ante ipsum primis in faucibus orci luctus et ultrices posuere cubilia curae; Vivamus pharetra enim leo, nec molestie nibh consectetur quis. Class aptent taciti sociosqu ad litora torquent per conubia nostra, per inceptos himenaeos. Nunc quis maximus elit, vitae pulvinar urna. Integer at mi elit. Phasellus vitae rutrum sem. Vivamus et mauris ac nisl congue congue eu eget elit. Nullam at quam velit. Pellentesque dictum, diam nec tempor aliquet, tortor justo fermentum sapien, at condimentum turpis elit vel sapien. Aenean rutrum tellus sodales tortor viverra eleifend.

Donec facilisis, diam efficitur maximus ultrices, enim lectus rutrum elit, eget malesuada mi justo dapibus enim. Maecenas finibus euismod nulla quis dignissim. Sed dictum ante rutrum turpis euismod laoreet. Sed placerat tellus leo. In ut lobortis lorem. Nullam vitae lectus egestas urna tincidunt aliquet. Ut sagittis vel enim eget malesuada. Cras in congue tortor. Interdum et malesuada fames ac ante ipsum primis in faucibus. Nunc tempus consequat neque, et eleifend nulla aliquam eu.",Author 37,20,flashcard-day-tre-hoc-toan-dotcard-tap-1-tai-ban-2020,NXB 37,2024,18
https://cdn1.fahasa.com/media/catalog/product/8/9/8935230008064.jpg,Flashcard Số Dếm - Numbers,47000,40,9780085481153,"Lorem ipsum dolor sit amet, consectetur adipiscing elit. Nam congue vel tellus non luctus. Vestibulum vitae nunc lorem. Sed lacinia lectus vel augue imperdiet ultricies. Donec id venenatis ex, vitae pretium ligula. Sed nulla eros, dignissim at feugiat non, posuere sit amet urna. Ut eu porttitor tellus. Cras eu massa nulla. Morbi porta fermentum elit eu iaculis. Pellentesque hendrerit venenatis purus at feugiat. Pellentesque vitae feugiat purus. Donec mattis rhoncus lacinia. Sed quam diam, molestie id laoreet eu, lacinia ac turpis. Cras tincidunt lobortis elit quis aliquam. Proin et massa libero.

Aliquam id pharetra arcu. Vivamus vitae mattis ligula. Sed efficitur urna vitae scelerisque tempor. Proin purus magna, vulputate eu ligula a, vehicula malesuada enim. Curabitur aliquet rutrum enim et tincidunt. Vestibulum ante ipsum primis in faucibus orci luctus et ultrices posuere cubilia curae; Vivamus pharetra enim leo, nec molestie nibh consectetur quis. Class aptent taciti sociosqu ad litora torquent per conubia nostra, per inceptos himenaeos. Nunc quis maximus elit, vitae pulvinar urna. Integer at mi elit. Phasellus vitae rutrum sem. Vivamus et mauris ac nisl congue congue eu eget elit. Nullam at quam velit. Pellentesque dictum, diam nec tempor aliquet, tortor justo fermentum sapien, at condimentum turpis elit vel sapien. Aenean rutrum tellus sodales tortor viverra eleifend.

Donec facilisis, diam efficitur maximus ultrices, enim lectus rutrum elit, eget malesuada mi justo dapibus enim. Maecenas finibus euismod nulla quis dignissim. Sed dictum ante rutrum turpis euismod laoreet. Sed placerat tellus leo. In ut lobortis lorem. Nullam vitae lectus egestas urna tincidunt aliquet. Ut sagittis vel enim eget malesuada. Cras in congue tortor. Interdum et malesuada fames ac ante ipsum primis in faucibus. Nunc tempus consequat neque, et eleifend nulla aliquam eu.",Author 38,4,flashcard-so-dem-numbers,NXB 38,2019,19
https://cdn1.fahasa.com/media/catalog/product/i/m/image_195509_1_18066.jpg,Thẻ Học Thông Minh - Quốc Kỳ Các Nước Châu Mỹ Và Châu Úc,42500,40,9780085481154,"Lorem ipsum dolor sit amet, consectetur adipiscing elit. Nam congue vel tellus non luctus. Vestibulum vitae nunc lorem. Sed lacinia lectus vel augue imperdiet ultricies. Donec id venenatis ex, vitae pretium ligula. Sed nulla eros, dignissim at feugiat non, posuere sit amet urna. Ut eu porttitor tellus. Cras eu massa nulla. Morbi porta fermentum elit eu iaculis. Pellentesque hendrerit venenatis purus at feugiat. Pellentesque vitae feugiat purus. Donec mattis rhoncus lacinia. Sed quam diam, molestie id laoreet eu, lacinia ac turpis. Cras tincidunt lobortis elit quis aliquam. Proin et massa libero.

Aliquam id pharetra arcu. Vivamus vitae mattis ligula. Sed efficitur urna vitae scelerisque tempor. Proin purus magna, vulputate eu ligula a, vehicula malesuada enim. Curabitur aliquet rutrum enim et tincidunt. Vestibulum ante ipsum primis in faucibus orci luctus et ultrices posuere cubilia curae; Vivamus pharetra enim leo, nec molestie nibh consectetur quis. Class aptent taciti sociosqu ad litora torquent per conubia nostra, per inceptos himenaeos. Nunc quis maximus elit, vitae pulvinar urna. Integer at mi elit. Phasellus vitae rutrum sem. Vivamus et mauris ac nisl congue congue eu eget elit. Nullam at quam velit. Pellentesque dictum, diam nec tempor aliquet, tortor justo fermentum sapien, at condimentum turpis elit vel sapien. Aenean rutrum tellus sodales tortor viverra eleifend.

Donec facilisis, diam efficitur maximus ultrices, enim lectus rutrum elit, eget malesuada mi justo dapibus enim. Maecenas finibus euismod nulla quis dignissim. Sed dictum ante rutrum turpis euismod laoreet. Sed placerat tellus leo. In ut lobortis lorem. Nullam vitae lectus egestas urna tincidunt aliquet. Ut sagittis vel enim eget malesuada. Cras in congue tortor. Interdum et malesuada fames ac ante ipsum primis in faucibus. Nunc tempus consequat neque, et eleifend nulla aliquam eu.",Author 39,4,the-hoc-thong-minh-quoc-ky-cac-nuoc-chau-my-va-chau-uc,NXB 39,2010,18
https://cdn1.fahasa.com/media/catalog/product/9/7/9786044124940-_1_.jpg,"Flash Card Tiếng Anh - Từ Phức Tạp, Từ Ghép, Cụm Từ Và Câu",110500,40,9780085481155,"Lorem ipsum dolor sit amet, consectetur adipiscing elit. Nam congue vel tellus non luctus. Vestibulum vitae nunc lorem. Sed lacinia lectus vel augue imperdiet ultricies. Donec id venenatis ex, vitae pretium ligula. Sed nulla eros, dignissim at feugiat non, posuere sit amet urna. Ut eu porttitor tellus. Cras eu massa nulla. Morbi porta fermentum elit eu iaculis. Pellentesque hendrerit venenatis purus at feugiat. Pellentesque vitae feugiat purus. Donec mattis rhoncus lacinia. Sed quam diam, molestie id laoreet eu, lacinia ac turpis. Cras tincidunt lobortis elit quis aliquam. Proin et massa libero.

Aliquam id pharetra arcu. Vivamus vitae mattis ligula. Sed efficitur urna vitae scelerisque tempor. Proin purus magna, vulputate eu ligula a, vehicula malesuada enim. Curabitur aliquet rutrum enim et tincidunt. Vestibulum ante ipsum primis in faucibus orci luctus et ultrices posuere cubilia curae; Vivamus pharetra enim leo, nec molestie nibh consectetur quis. Class aptent taciti sociosqu ad litora torquent per conubia nostra, per inceptos himenaeos. Nunc quis maximus elit, vitae pulvinar urna. Integer at mi elit. Phasellus vitae rutrum sem. Vivamus et mauris ac nisl congue congue eu eget elit. Nullam at quam velit. Pellentesque dictum, diam nec tempor aliquet, tortor justo fermentum sapien, at condimentum turpis elit vel sapien. Aenean rutrum tellus sodales tortor viverra eleifend.

Donec facilisis, diam efficitur maximus ultrices, enim lectus rutrum elit, eget malesuada mi justo dapibus enim. Maecenas finibus euismod nulla quis dignissim. Sed dictum ante rutrum turpis euismod laoreet. Sed placerat tellus leo. In ut lobortis lorem. Nullam vitae lectus egestas urna tincidunt aliquet. Ut sagittis vel enim eget malesuada. Cras in congue tortor. Interdum et malesuada fames ac ante ipsum primis in faucibus. Nunc tempus consequat neque, et eleifend nulla aliquam eu.",Author 40,11,flash-card-tieng-anh-tu-phuc-tap-tu-ghep-cum-tu-va-cau,NXB 40,2000,13
https://cdn1.fahasa.com/media/catalog/product/i/m/img_6738.jpg,Flashcard - Bộ Thẻ Thông Minh - Bé Học Toán (1-6 Tuổi) (Tái Bản 2025),34000,40,9780085481156,"Lorem ipsum dolor sit amet, consectetur adipiscing elit. Nam congue vel tellus non luctus. Vestibulum vitae nunc lorem. Sed lacinia lectus vel augue imperdiet ultricies. Donec id venenatis ex, vitae pretium ligula. Sed nulla eros, dignissim at feugiat non, posuere sit amet urna. Ut eu porttitor tellus. Cras eu massa nulla. Morbi porta fermentum elit eu iaculis. Pellentesque hendrerit venenatis purus at feugiat. Pellentesque vitae feugiat purus. Donec mattis rhoncus lacinia. Sed quam diam, molestie id laoreet eu, lacinia ac turpis. Cras tincidunt lobortis elit quis aliquam. Proin et massa libero.

Aliquam id pharetra arcu. Vivamus vitae mattis ligula. Sed efficitur urna vitae scelerisque tempor. Proin purus magna, vulputate eu ligula a, vehicula malesuada enim. Curabitur aliquet rutrum enim et tincidunt. Vestibulum ante ipsum primis in faucibus orci luctus et ultrices posuere cubilia curae; Vivamus pharetra enim leo, nec molestie nibh consectetur quis. Class aptent taciti sociosqu ad litora torquent per conubia nostra, per inceptos himenaeos. Nunc quis maximus elit, vitae pulvinar urna. Integer at mi elit. Phasellus vitae rutrum sem. Vivamus et mauris ac nisl congue congue eu eget elit. Nullam at quam velit. Pellentesque dictum, diam nec tempor aliquet, tortor justo fermentum sapien, at condimentum turpis elit vel sapien. Aenean rutrum tellus sodales tortor viverra eleifend.

Donec facilisis, diam efficitur maximus ultrices, enim lectus rutrum elit, eget malesuada mi justo dapibus enim. Maecenas finibus euismod nulla quis dignissim. Sed dictum ante rutrum turpis euismod laoreet. Sed placerat tellus leo. In ut lobortis lorem. Nullam vitae lectus egestas urna tincidunt aliquet. Ut sagittis vel enim eget malesuada. Cras in congue tortor. Interdum et malesuada fames ac ante ipsum primis in faucibus. Nunc tempus consequat neque, et eleifend nulla aliquam eu.",Author 41,19,flashcard-bo-the-thong-minh-be-hoc-toan-1-6-tuoi-tai-ban-2025,NXB 41,2002,12
https://cdn1.fahasa.com/media/catalog/product/i/m/image_227753.jpg,Flash Card Bảng Chữ Cái Tiếng Việt Đầu Tiên Cho Bé (Tái Bản),64500,40,9780085481157,"Lorem ipsum dolor sit amet, consectetur adipiscing elit. Nam congue vel tellus non luctus. Vestibulum vitae nunc lorem. Sed lacinia lectus vel augue imperdiet ultricies. Donec id venenatis ex, vitae pretium ligula. Sed nulla eros, dignissim at feugiat non, posuere sit amet urna. Ut eu porttitor tellus. Cras eu massa nulla. Morbi porta fermentum elit eu iaculis. Pellentesque hendrerit venenatis purus at feugiat. Pellentesque vitae feugiat purus. Donec mattis rhoncus lacinia. Sed quam diam, molestie id laoreet eu, lacinia ac turpis. Cras tincidunt lobortis elit quis aliquam. Proin et massa libero.

Aliquam id pharetra arcu. Vivamus vitae mattis ligula. Sed efficitur urna vitae scelerisque tempor. Proin purus magna, vulputate eu ligula a, vehicula malesuada enim. Curabitur aliquet rutrum enim et tincidunt. Vestibulum ante ipsum primis in faucibus orci luctus et ultrices posuere cubilia curae; Vivamus pharetra enim leo, nec molestie nibh consectetur quis. Class aptent taciti sociosqu ad litora torquent per conubia nostra, per inceptos himenaeos. Nunc quis maximus elit, vitae pulvinar urna. Integer at mi elit. Phasellus vitae rutrum sem. Vivamus et mauris ac nisl congue congue eu eget elit. Nullam at quam velit. Pellentesque dictum, diam nec tempor aliquet, tortor justo fermentum sapien, at condimentum turpis elit vel sapien. Aenean rutrum tellus sodales tortor viverra eleifend.

Donec facilisis, diam efficitur maximus ultrices, enim lectus rutrum elit, eget malesuada mi justo dapibus enim. Maecenas finibus euismod nulla quis dignissim. Sed dictum ante rutrum turpis euismod laoreet. Sed placerat tellus leo. In ut lobortis lorem. Nullam vitae lectus egestas urna tincidunt aliquet. Ut sagittis vel enim eget malesuada. Cras in congue tortor. Interdum et malesuada fames ac ante ipsum primis in faucibus. Nunc tempus consequat neque, et eleifend nulla aliquam eu.",Author 42,8,flash-card-bang-chu-cai-tieng-viet-au-tien-cho-be-tai-ban,NXB 42,2002,8
https://cdn1.fahasa.com/media/catalog/product/i/m/img_6743_1.jpg,Flashcard - Bộ Thẻ Học Ghép Vần Tiếng Việt - Chữ Cái-Chữ Ghép Và Dấu Thanh (Tái Bản 2025),34000,40,9780085481158,"Lorem ipsum dolor sit amet, consectetur adipiscing elit. Nam congue vel tellus non luctus. Vestibulum vitae nunc lorem. Sed lacinia lectus vel augue imperdiet ultricies. Donec id venenatis ex, vitae pretium ligula. Sed nulla eros, dignissim at feugiat non, posuere sit amet urna. Ut eu porttitor tellus. Cras eu massa nulla. Morbi porta fermentum elit eu iaculis. Pellentesque hendrerit venenatis purus at feugiat. Pellentesque vitae feugiat purus. Donec mattis rhoncus lacinia. Sed quam diam, molestie id laoreet eu, lacinia ac turpis. Cras tincidunt lobortis elit quis aliquam. Proin et massa libero.

Aliquam id pharetra arcu. Vivamus vitae mattis ligula. Sed efficitur urna vitae scelerisque tempor. Proin purus magna, vulputate eu ligula a, vehicula malesuada enim. Curabitur aliquet rutrum enim et tincidunt. Vestibulum ante ipsum primis in faucibus orci luctus et ultrices posuere cubilia curae; Vivamus pharetra enim leo, nec molestie nibh consectetur quis. Class aptent taciti sociosqu ad litora torquent per conubia nostra, per inceptos himenaeos. Nunc quis maximus elit, vitae pulvinar urna. Integer at mi elit. Phasellus vitae rutrum sem. Vivamus et mauris ac nisl congue congue eu eget elit. Nullam at quam velit. Pellentesque dictum, diam nec tempor aliquet, tortor justo fermentum sapien, at condimentum turpis elit vel sapien. Aenean rutrum tellus sodales tortor viverra eleifend.

Donec facilisis, diam efficitur maximus ultrices, enim lectus rutrum elit, eget malesuada mi justo dapibus enim. Maecenas finibus euismod nulla quis dignissim. Sed dictum ante rutrum turpis euismod laoreet. Sed placerat tellus leo. In ut lobortis lorem. Nullam vitae lectus egestas urna tincidunt aliquet. Ut sagittis vel enim eget malesuada. Cras in congue tortor. Interdum et malesuada fames ac ante ipsum primis in faucibus. Nunc tempus consequat neque, et eleifend nulla aliquam eu.",Author 43,7,flashcard-bo-the-hoc-ghep-van-tieng-viet-chu-cai-chu-ghep-va-dau-thanh-tai-ban-2025,NXB 43,2000,11
https://cdn1.fahasa.com/media/catalog/product/8/9/8931805024545.jpg,Flashcard Thông Minh - Chữ Cái-Âm-Vần Chuẩn Tiểu Học - Bộ Thẻ Học Tiếng Việt Sớm Theo Phương Pháp Glenn Doman,30500,40,9780085481159,"Lorem ipsum dolor sit amet, consectetur adipiscing elit. Nam congue vel tellus non luctus. Vestibulum vitae nunc lorem. Sed lacinia lectus vel augue imperdiet ultricies. Donec id venenatis ex, vitae pretium ligula. Sed nulla eros, dignissim at feugiat non, posuere sit amet urna. Ut eu porttitor tellus. Cras eu massa nulla. Morbi porta fermentum elit eu iaculis. Pellentesque hendrerit venenatis purus at feugiat. Pellentesque vitae feugiat purus. Donec mattis rhoncus lacinia. Sed quam diam, molestie id laoreet eu, lacinia ac turpis. Cras tincidunt lobortis elit quis aliquam. Proin et massa libero.

Aliquam id pharetra arcu. Vivamus vitae mattis ligula. Sed efficitur urna vitae scelerisque tempor. Proin purus magna, vulputate eu ligula a, vehicula malesuada enim. Curabitur aliquet rutrum enim et tincidunt. Vestibulum ante ipsum primis in faucibus orci luctus et ultrices posuere cubilia curae; Vivamus pharetra enim leo, nec molestie nibh consectetur quis. Class aptent taciti sociosqu ad litora torquent per conubia nostra, per inceptos himenaeos. Nunc quis maximus elit, vitae pulvinar urna. Integer at mi elit. Phasellus vitae rutrum sem. Vivamus et mauris ac nisl congue congue eu eget elit. Nullam at quam velit. Pellentesque dictum, diam nec tempor aliquet, tortor justo fermentum sapien, at condimentum turpis elit vel sapien. Aenean rutrum tellus sodales tortor viverra eleifend.

Donec facilisis, diam efficitur maximus ultrices, enim lectus rutrum elit, eget malesuada mi justo dapibus enim. Maecenas finibus euismod nulla quis dignissim. Sed dictum ante rutrum turpis euismod laoreet. Sed placerat tellus leo. In ut lobortis lorem. Nullam vitae lectus egestas urna tincidunt aliquet. Ut sagittis vel enim eget malesuada. Cras in congue tortor. Interdum et malesuada fames ac ante ipsum primis in faucibus. Nunc tempus consequat neque, et eleifend nulla aliquam eu.",Author 44,4,flashcard-thong-minh-chu-cai-am-van-chuan-tieu-hoc-bo-the-hoc-tieng-viet-som-theo-phuong-phap-glenn-doman,NXB 44,2019,16
https://cdn1.fahasa.com/media/catalog/product/i/m/image_195509_1_49899.jpg,Flashcard Dạy Trẻ Theo Phương Pháp Glenn Doman - Động Vật Hoang Dã,48000,40,9780085481160,"Lorem ipsum dolor sit amet, consectetur adipiscing elit. Nam congue vel tellus non luctus. Vestibulum vitae nunc lorem. Sed lacinia lectus vel augue imperdiet ultricies. Donec id venenatis ex, vitae pretium ligula. Sed nulla eros, dignissim at feugiat non, posuere sit amet urna. Ut eu porttitor tellus. Cras eu massa nulla. Morbi porta fermentum elit eu iaculis. Pellentesque hendrerit venenatis purus at feugiat. Pellentesque vitae feugiat purus. Donec mattis rhoncus lacinia. Sed quam diam, molestie id laoreet eu, lacinia ac turpis. Cras tincidunt lobortis elit quis aliquam. Proin et massa libero.

Aliquam id pharetra arcu. Vivamus vitae mattis ligula. Sed efficitur urna vitae scelerisque tempor. Proin purus magna, vulputate eu ligula a, vehicula malesuada enim. Curabitur aliquet rutrum enim et tincidunt. Vestibulum ante ipsum primis in faucibus orci luctus et ultrices posuere cubilia curae; Vivamus pharetra enim leo, nec molestie nibh consectetur quis. Class aptent taciti sociosqu ad litora torquent per conubia nostra, per inceptos himenaeos. Nunc quis maximus elit, vitae pulvinar urna. Integer at mi elit. Phasellus vitae rutrum sem. Vivamus et mauris ac nisl congue congue eu eget elit. Nullam at quam velit. Pellentesque dictum, diam nec tempor aliquet, tortor justo fermentum sapien, at condimentum turpis elit vel sapien. Aenean rutrum tellus sodales tortor viverra eleifend.

Donec facilisis, diam efficitur maximus ultrices, enim lectus rutrum elit, eget malesuada mi justo dapibus enim. Maecenas finibus euismod nulla quis dignissim. Sed dictum ante rutrum turpis euismod laoreet. Sed placerat tellus leo. In ut lobortis lorem. Nullam vitae lectus egestas urna tincidunt aliquet. Ut sagittis vel enim eget malesuada. Cras in congue tortor. Interdum et malesuada fames ac ante ipsum primis in faucibus. Nunc tempus consequat neque, et eleifend nulla aliquam eu.",Author 45,4,flashcard-day-tre-theo-phuong-phap-glenn-doman-ong-vat-hoang-da,NXB 45,2025,10
https://cdn1.fahasa.com/media/catalog/product/9/7/9786044942148.jpg,Flash Card Chữ Cái Và Chữ Ghép,21000,40,9780085481161,"Lorem ipsum dolor sit amet, consectetur adipiscing elit. Nam congue vel tellus non luctus. Vestibulum vitae nunc lorem. Sed lacinia lectus vel augue imperdiet ultricies. Donec id venenatis ex, vitae pretium ligula. Sed nulla eros, dignissim at feugiat non, posuere sit amet urna. Ut eu porttitor tellus. Cras eu massa nulla. Morbi porta fermentum elit eu iaculis. Pellentesque hendrerit venenatis purus at feugiat. Pellentesque vitae feugiat purus. Donec mattis rhoncus lacinia. Sed quam diam, molestie id laoreet eu, lacinia ac turpis. Cras tincidunt lobortis elit quis aliquam. Proin et massa libero.

Aliquam id pharetra arcu. Vivamus vitae mattis ligula. Sed efficitur urna vitae scelerisque tempor. Proin purus magna, vulputate eu ligula a, vehicula malesuada enim. Curabitur aliquet rutrum enim et tincidunt. Vestibulum ante ipsum primis in faucibus orci luctus et ultrices posuere cubilia curae; Vivamus pharetra enim leo, nec molestie nibh consectetur quis. Class aptent taciti sociosqu ad litora torquent per conubia nostra, per inceptos himenaeos. Nunc quis maximus elit, vitae pulvinar urna. Integer at mi elit. Phasellus vitae rutrum sem. Vivamus et mauris ac nisl congue congue eu eget elit. Nullam at quam velit. Pellentesque dictum, diam nec tempor aliquet, tortor justo fermentum sapien, at condimentum turpis elit vel sapien. Aenean rutrum tellus sodales tortor viverra eleifend.

Donec facilisis, diam efficitur maximus ultrices, enim lectus rutrum elit, eget malesuada mi justo dapibus enim. Maecenas finibus euismod nulla quis dignissim. Sed dictum ante rutrum turpis euismod laoreet. Sed placerat tellus leo. In ut lobortis lorem. Nullam vitae lectus egestas urna tincidunt aliquet. Ut sagittis vel enim eget malesuada. Cras in congue tortor. Interdum et malesuada fames ac ante ipsum primis in faucibus. Nunc tempus consequat neque, et eleifend nulla aliquam eu.",Author 46,15,flash-card-chu-cai-va-chu-ghep,NXB 46,2024,19
https://cdn1.fahasa.com/media/catalog/product/9/7/9786044942155.jpg,Flash Card Số Đếm,21000,40,9780085481162,"Lorem ipsum dolor sit amet, consectetur adipiscing elit. Nam congue vel tellus non luctus. Vestibulum vitae nunc lorem. Sed lacinia lectus vel augue imperdiet ultricies. Donec id venenatis ex, vitae pretium ligula. Sed nulla eros, dignissim at feugiat non, posuere sit amet urna. Ut eu porttitor tellus. Cras eu massa nulla. Morbi porta fermentum elit eu iaculis. Pellentesque hendrerit venenatis purus at feugiat. Pellentesque vitae feugiat purus. Donec mattis rhoncus lacinia. Sed quam diam, molestie id laoreet eu, lacinia ac turpis. Cras tincidunt lobortis elit quis aliquam. Proin et massa libero.

Aliquam id pharetra arcu. Vivamus vitae mattis ligula. Sed efficitur urna vitae scelerisque tempor. Proin purus magna, vulputate eu ligula a, vehicula malesuada enim. Curabitur aliquet rutrum enim et tincidunt. Vestibulum ante ipsum primis in faucibus orci luctus et ultrices posuere cubilia curae; Vivamus pharetra enim leo, nec molestie nibh consectetur quis. Class aptent taciti sociosqu ad litora torquent per conubia nostra, per inceptos himenaeos. Nunc quis maximus elit, vitae pulvinar urna. Integer at mi elit. Phasellus vitae rutrum sem. Vivamus et mauris ac nisl congue congue eu eget elit. Nullam at quam velit. Pellentesque dictum, diam nec tempor aliquet, tortor justo fermentum sapien, at condimentum turpis elit vel sapien. Aenean rutrum tellus sodales tortor viverra eleifend.

Donec facilisis, diam efficitur maximus ultrices, enim lectus rutrum elit, eget malesuada mi justo dapibus enim. Maecenas finibus euismod nulla quis dignissim. Sed dictum ante rutrum turpis euismod laoreet. Sed placerat tellus leo. In ut lobortis lorem. Nullam vitae lectus egestas urna tincidunt aliquet. Ut sagittis vel enim eget malesuada. Cras in congue tortor. Interdum et malesuada fames ac ante ipsum primis in faucibus. Nunc tempus consequat neque, et eleifend nulla aliquam eu.",Author 47,4,flash-card-so-em,NXB 47,2019,6
https://cdn1.fahasa.com/media/catalog/product/i/m/image_195509_1_49901.jpg,Flashcard Dạy Trẻ Theo Phương Pháp Glenn Doman - Số Đếm,48000,40,9780085481163,"Lorem ipsum dolor sit amet, consectetur adipiscing elit. Nam congue vel tellus non luctus. Vestibulum vitae nunc lorem. Sed lacinia lectus vel augue imperdiet ultricies. Donec id venenatis ex, vitae pretium ligula. Sed nulla eros, dignissim at feugiat non, posuere sit amet urna. Ut eu porttitor tellus. Cras eu massa nulla. Morbi porta fermentum elit eu iaculis. Pellentesque hendrerit venenatis purus at feugiat. Pellentesque vitae feugiat purus. Donec mattis rhoncus lacinia. Sed quam diam, molestie id laoreet eu, lacinia ac turpis. Cras tincidunt lobortis elit quis aliquam. Proin et massa libero.

Aliquam id pharetra arcu. Vivamus vitae mattis ligula. Sed efficitur urna vitae scelerisque tempor. Proin purus magna, vulputate eu ligula a, vehicula malesuada enim. Curabitur aliquet rutrum enim et tincidunt. Vestibulum ante ipsum primis in faucibus orci luctus et ultrices posuere cubilia curae; Vivamus pharetra enim leo, nec molestie nibh consectetur quis. Class aptent taciti sociosqu ad litora torquent per conubia nostra, per inceptos himenaeos. Nunc quis maximus elit, vitae pulvinar urna. Integer at mi elit. Phasellus vitae rutrum sem. Vivamus et mauris ac nisl congue congue eu eget elit. Nullam at quam velit. Pellentesque dictum, diam nec tempor aliquet, tortor justo fermentum sapien, at condimentum turpis elit vel sapien. Aenean rutrum tellus sodales tortor viverra eleifend.

Donec facilisis, diam efficitur maximus ultrices, enim lectus rutrum elit, eget malesuada mi justo dapibus enim. Maecenas finibus euismod nulla quis dignissim. Sed dictum ante rutrum turpis euismod laoreet. Sed placerat tellus leo. In ut lobortis lorem. Nullam vitae lectus egestas urna tincidunt aliquet. Ut sagittis vel enim eget malesuada. Cras in congue tortor. Interdum et malesuada fames ac ante ipsum primis in faucibus. Nunc tempus consequat neque, et eleifend nulla aliquam eu.",Author 48,13,flashcard-day-tre-theo-phuong-phap-glenn-doman-so-em,NXB 48,2013,9
https://cdn1.fahasa.com/media/catalog/product/8/9/8935210306685.jpg,"Từ Vựng Đầu Đời Của Bé - Số Đếm, Màu Sắc, Hình Dạng",87000,39,9780085481164,"Lorem ipsum dolor sit amet, consectetur adipiscing elit. Nam congue vel tellus non luctus. Vestibulum vitae nunc lorem. Sed lacinia lectus vel augue imperdiet ultricies. Donec id venenatis ex, vitae pretium ligula. Sed nulla eros, dignissim at feugiat non, posuere sit amet urna. Ut eu porttitor tellus. Cras eu massa nulla. Morbi porta fermentum elit eu iaculis. Pellentesque hendrerit venenatis purus at feugiat. Pellentesque vitae feugiat purus. Donec mattis rhoncus lacinia. Sed quam diam, molestie id laoreet eu, lacinia ac turpis. Cras tincidunt lobortis elit quis aliquam. Proin et massa libero.

Aliquam id pharetra arcu. Vivamus vitae mattis ligula. Sed efficitur urna vitae scelerisque tempor. Proin purus magna, vulputate eu ligula a, vehicula malesuada enim. Curabitur aliquet rutrum enim et tincidunt. Vestibulum ante ipsum primis in faucibus orci luctus et ultrices posuere cubilia curae; Vivamus pharetra enim leo, nec molestie nibh consectetur quis. Class aptent taciti sociosqu ad litora torquent per conubia nostra, per inceptos himenaeos. Nunc quis maximus elit, vitae pulvinar urna. Integer at mi elit. Phasellus vitae rutrum sem. Vivamus et mauris ac nisl congue congue eu eget elit. Nullam at quam velit. Pellentesque dictum, diam nec tempor aliquet, tortor justo fermentum sapien, at condimentum turpis elit vel sapien. Aenean rutrum tellus sodales tortor viverra eleifend.

Donec facilisis, diam efficitur maximus ultrices, enim lectus rutrum elit, eget malesuada mi justo dapibus enim. Maecenas finibus euismod nulla quis dignissim. Sed dictum ante rutrum turpis euismod laoreet. Sed placerat tellus leo. In ut lobortis lorem. Nullam vitae lectus egestas urna tincidunt aliquet. Ut sagittis vel enim eget malesuada. Cras in congue tortor. Interdum et malesuada fames ac ante ipsum primis in faucibus. Nunc tempus consequat neque, et eleifend nulla aliquam eu.",Author 49,20,tu-vung-au-oi-cua-be-so-em-mau-sac-hinh-dang,NXB 49,2002,12
https://cdn1.fahasa.com/media/catalog/product/8/9/8935210306692.jpg,Từ Vựng Đầu Đời Của Bé - 100 Phương Tiện Đầu Tiên Của Bé,87000,39,9780085481165,"Lorem ipsum dolor sit amet, consectetur adipiscing elit. Nam congue vel tellus non luctus. Vestibulum vitae nunc lorem. Sed lacinia lectus vel augue imperdiet ultricies. Donec id venenatis ex, vitae pretium ligula. Sed nulla eros, dignissim at feugiat non, posuere sit amet urna. Ut eu porttitor tellus. Cras eu massa nulla. Morbi porta fermentum elit eu iaculis. Pellentesque hendrerit venenatis purus at feugiat. Pellentesque vitae feugiat purus. Donec mattis rhoncus lacinia. Sed quam diam, molestie id laoreet eu, lacinia ac turpis. Cras tincidunt lobortis elit quis aliquam. Proin et massa libero.

Aliquam id pharetra arcu. Vivamus vitae mattis ligula. Sed efficitur urna vitae scelerisque tempor. Proin purus magna, vulputate eu ligula a, vehicula malesuada enim. Curabitur aliquet rutrum enim et tincidunt. Vestibulum ante ipsum primis in faucibus orci luctus et ultrices posuere cubilia curae; Vivamus pharetra enim leo, nec molestie nibh consectetur quis. Class aptent taciti sociosqu ad litora torquent per conubia nostra, per inceptos himenaeos. Nunc quis maximus elit, vitae pulvinar urna. Integer at mi elit. Phasellus vitae rutrum sem. Vivamus et mauris ac nisl congue congue eu eget elit. Nullam at quam velit. Pellentesque dictum, diam nec tempor aliquet, tortor justo fermentum sapien, at condimentum turpis elit vel sapien. Aenean rutrum tellus sodales tortor viverra eleifend.

Donec facilisis, diam efficitur maximus ultrices, enim lectus rutrum elit, eget malesuada mi justo dapibus enim. Maecenas finibus euismod nulla quis dignissim. Sed dictum ante rutrum turpis euismod laoreet. Sed placerat tellus leo. In ut lobortis lorem. Nullam vitae lectus egestas urna tincidunt aliquet. Ut sagittis vel enim eget malesuada. Cras in congue tortor. Interdum et malesuada fames ac ante ipsum primis in faucibus. Nunc tempus consequat neque, et eleifend nulla aliquam eu.",Author 50,20,tu-vung-au-oi-cua-be-100-phuong-tien-au-tien-cua-be,NXB 50,2005,15
https://cdn1.fahasa.com/media/catalog/product/8/9/8935210306739.jpg,Từ Vựng Đầu Đời Của Bé - 100 Từ Vựng Đầu Tiên,87000,39,9780085481166,"Lorem ipsum dolor sit amet, consectetur adipiscing elit. Nam congue vel tellus non luctus. Vestibulum vitae nunc lorem. Sed lacinia lectus vel augue imperdiet ultricies. Donec id venenatis ex, vitae pretium ligula. Sed nulla eros, dignissim at feugiat non, posuere sit amet urna. Ut eu porttitor tellus. Cras eu massa nulla. Morbi porta fermentum elit eu iaculis. Pellentesque hendrerit venenatis purus at feugiat. Pellentesque vitae feugiat purus. Donec mattis rhoncus lacinia. Sed quam diam, molestie id laoreet eu, lacinia ac turpis. Cras tincidunt lobortis elit quis aliquam. Proin et massa libero.

Aliquam id pharetra arcu. Vivamus vitae mattis ligula. Sed efficitur urna vitae scelerisque tempor. Proin purus magna, vulputate eu ligula a, vehicula malesuada enim. Curabitur aliquet rutrum enim et tincidunt. Vestibulum ante ipsum primis in faucibus orci luctus et ultrices posuere cubilia curae; Vivamus pharetra enim leo, nec molestie nibh consectetur quis. Class aptent taciti sociosqu ad litora torquent per conubia nostra, per inceptos himenaeos. Nunc quis maximus elit, vitae pulvinar urna. Integer at mi elit. Phasellus vitae rutrum sem. Vivamus et mauris ac nisl congue congue eu eget elit. Nullam at quam velit. Pellentesque dictum, diam nec tempor aliquet, tortor justo fermentum sapien, at condimentum turpis elit vel sapien. Aenean rutrum tellus sodales tortor viverra eleifend.

Donec facilisis, diam efficitur maximus ultrices, enim lectus rutrum elit, eget malesuada mi justo dapibus enim. Maecenas finibus euismod nulla quis dignissim. Sed dictum ante rutrum turpis euismod laoreet. Sed placerat tellus leo. In ut lobortis lorem. Nullam vitae lectus egestas urna tincidunt aliquet. Ut sagittis vel enim eget malesuada. Cras in congue tortor. Interdum et malesuada fames ac ante ipsum primis in faucibus. Nunc tempus consequat neque, et eleifend nulla aliquam eu.",Author 51,20,tu-vung-au-oi-cua-be-100-tu-vung-au-tien,NXB 51,2007,3
https://cdn1.fahasa.com/media/catalog/product/8/9/8935074134141.jpg,My First 1000 Words - 1000 Từ Tiếng Anh Đầu Tiên,51000,39,9780085481167,"Lorem ipsum dolor sit amet, consectetur adipiscing elit. Nam congue vel tellus non luctus. Vestibulum vitae nunc lorem. Sed lacinia lectus vel augue imperdiet ultricies. Donec id venenatis ex, vitae pretium ligula. Sed nulla eros, dignissim at feugiat non, posuere sit amet urna. Ut eu porttitor tellus. Cras eu massa nulla. Morbi porta fermentum elit eu iaculis. Pellentesque hendrerit venenatis purus at feugiat. Pellentesque vitae feugiat purus. Donec mattis rhoncus lacinia. Sed quam diam, molestie id laoreet eu, lacinia ac turpis. Cras tincidunt lobortis elit quis aliquam. Proin et massa libero.

Aliquam id pharetra arcu. Vivamus vitae mattis ligula. Sed efficitur urna vitae scelerisque tempor. Proin purus magna, vulputate eu ligula a, vehicula malesuada enim. Curabitur aliquet rutrum enim et tincidunt. Vestibulum ante ipsum primis in faucibus orci luctus et ultrices posuere cubilia curae; Vivamus pharetra enim leo, nec molestie nibh consectetur quis. Class aptent taciti sociosqu ad litora torquent per conubia nostra, per inceptos himenaeos. Nunc quis maximus elit, vitae pulvinar urna. Integer at mi elit. Phasellus vitae rutrum sem. Vivamus et mauris ac nisl congue congue eu eget elit. Nullam at quam velit. Pellentesque dictum, diam nec tempor aliquet, tortor justo fermentum sapien, at condimentum turpis elit vel sapien. Aenean rutrum tellus sodales tortor viverra eleifend.

Donec facilisis, diam efficitur maximus ultrices, enim lectus rutrum elit, eget malesuada mi justo dapibus enim. Maecenas finibus euismod nulla quis dignissim. Sed dictum ante rutrum turpis euismod laoreet. Sed placerat tellus leo. In ut lobortis lorem. Nullam vitae lectus egestas urna tincidunt aliquet. Ut sagittis vel enim eget malesuada. Cras in congue tortor. Interdum et malesuada fames ac ante ipsum primis in faucibus. Nunc tempus consequat neque, et eleifend nulla aliquam eu.",Author 52,13,my-first-1000-words-1000-tu-tieng-anh-au-tien,NXB 52,2023,19
https://cdn1.fahasa.com/media/catalog/product/z/6/z6158516368028_63f5bd82ebd4d5652322065bbdf24fb3.jpg,Từ Điển Tiếng Việt Dành Cho Học Sinh - Khổ Nhỏ,52000,39,9780085481168,"Lorem ipsum dolor sit amet, consectetur adipiscing elit. Nam congue vel tellus non luctus. Vestibulum vitae nunc lorem. Sed lacinia lectus vel augue imperdiet ultricies. Donec id venenatis ex, vitae pretium ligula. Sed nulla eros, dignissim at feugiat non, posuere sit amet urna. Ut eu porttitor tellus. Cras eu massa nulla. Morbi porta fermentum elit eu iaculis. Pellentesque hendrerit venenatis purus at feugiat. Pellentesque vitae feugiat purus. Donec mattis rhoncus lacinia. Sed quam diam, molestie id laoreet eu, lacinia ac turpis. Cras tincidunt lobortis elit quis aliquam. Proin et massa libero.

Aliquam id pharetra arcu. Vivamus vitae mattis ligula. Sed efficitur urna vitae scelerisque tempor. Proin purus magna, vulputate eu ligula a, vehicula malesuada enim. Curabitur aliquet rutrum enim et tincidunt. Vestibulum ante ipsum primis in faucibus orci luctus et ultrices posuere cubilia curae; Vivamus pharetra enim leo, nec molestie nibh consectetur quis. Class aptent taciti sociosqu ad litora torquent per conubia nostra, per inceptos himenaeos. Nunc quis maximus elit, vitae pulvinar urna. Integer at mi elit. Phasellus vitae rutrum sem. Vivamus et mauris ac nisl congue congue eu eget elit. Nullam at quam velit. Pellentesque dictum, diam nec tempor aliquet, tortor justo fermentum sapien, at condimentum turpis elit vel sapien. Aenean rutrum tellus sodales tortor viverra eleifend.

Donec facilisis, diam efficitur maximus ultrices, enim lectus rutrum elit, eget malesuada mi justo dapibus enim. Maecenas finibus euismod nulla quis dignissim. Sed dictum ante rutrum turpis euismod laoreet. Sed placerat tellus leo. In ut lobortis lorem. Nullam vitae lectus egestas urna tincidunt aliquet. Ut sagittis vel enim eget malesuada. Cras in congue tortor. Interdum et malesuada fames ac ante ipsum primis in faucibus. Nunc tempus consequat neque, et eleifend nulla aliquam eu.",Author 53,18,tu-ien-tieng-viet-danh-cho-hoc-sinh-kho-nho,NXB 53,2009,16
https://cdn1.fahasa.com/media/catalog/product/8/9/8935212363471.jpg,Từ Điển Bằng Tranh Dành Cho Trẻ Em - Màu Sắc Và Hình Dạng,20000,39,9780085481169,"Lorem ipsum dolor sit amet, consectetur adipiscing elit. Nam congue vel tellus non luctus. Vestibulum vitae nunc lorem. Sed lacinia lectus vel augue imperdiet ultricies. Donec id venenatis ex, vitae pretium ligula. Sed nulla eros, dignissim at feugiat non, posuere sit amet urna. Ut eu porttitor tellus. Cras eu massa nulla. Morbi porta fermentum elit eu iaculis. Pellentesque hendrerit venenatis purus at feugiat. Pellentesque vitae feugiat purus. Donec mattis rhoncus lacinia. Sed quam diam, molestie id laoreet eu, lacinia ac turpis. Cras tincidunt lobortis elit quis aliquam. Proin et massa libero.

Aliquam id pharetra arcu. Vivamus vitae mattis ligula. Sed efficitur urna vitae scelerisque tempor. Proin purus magna, vulputate eu ligula a, vehicula malesuada enim. Curabitur aliquet rutrum enim et tincidunt. Vestibulum ante ipsum primis in faucibus orci luctus et ultrices posuere cubilia curae; Vivamus pharetra enim leo, nec molestie nibh consectetur quis. Class aptent taciti sociosqu ad litora torquent per conubia nostra, per inceptos himenaeos. Nunc quis maximus elit, vitae pulvinar urna. Integer at mi elit. Phasellus vitae rutrum sem. Vivamus et mauris ac nisl congue congue eu eget elit. Nullam at quam velit. Pellentesque dictum, diam nec tempor aliquet, tortor justo fermentum sapien, at condimentum turpis elit vel sapien. Aenean rutrum tellus sodales tortor viverra eleifend.

Donec facilisis, diam efficitur maximus ultrices, enim lectus rutrum elit, eget malesuada mi justo dapibus enim. Maecenas finibus euismod nulla quis dignissim. Sed dictum ante rutrum turpis euismod laoreet. Sed placerat tellus leo. In ut lobortis lorem. Nullam vitae lectus egestas urna tincidunt aliquet. Ut sagittis vel enim eget malesuada. Cras in congue tortor. Interdum et malesuada fames ac ante ipsum primis in faucibus. Nunc tempus consequat neque, et eleifend nulla aliquam eu.",Author 54,13,tu-ien-bang-tranh-danh-cho-tre-em-mau-sac-va-hinh-dang,NXB 54,2009,6
https://cdn1.fahasa.com/media/catalog/product/8/9/8935236429337.jpg,Từ Điển Bằng Tranh - Cờ Các Quốc Gia Trên Thế Giới (Tái Bản 2023),92000,39,9780085481170,"Lorem ipsum dolor sit amet, consectetur adipiscing elit. Nam congue vel tellus non luctus. Vestibulum vitae nunc lorem. Sed lacinia lectus vel augue imperdiet ultricies. Donec id venenatis ex, vitae pretium ligula. Sed nulla eros, dignissim at feugiat non, posuere sit amet urna. Ut eu porttitor tellus. Cras eu massa nulla. Morbi porta fermentum elit eu iaculis. Pellentesque hendrerit venenatis purus at feugiat. Pellentesque vitae feugiat purus. Donec mattis rhoncus lacinia. Sed quam diam, molestie id laoreet eu, lacinia ac turpis. Cras tincidunt lobortis elit quis aliquam. Proin et massa libero.

Aliquam id pharetra arcu. Vivamus vitae mattis ligula. Sed efficitur urna vitae scelerisque tempor. Proin purus magna, vulputate eu ligula a, vehicula malesuada enim. Curabitur aliquet rutrum enim et tincidunt. Vestibulum ante ipsum primis in faucibus orci luctus et ultrices posuere cubilia curae; Vivamus pharetra enim leo, nec molestie nibh consectetur quis. Class aptent taciti sociosqu ad litora torquent per conubia nostra, per inceptos himenaeos. Nunc quis maximus elit, vitae pulvinar urna. Integer at mi elit. Phasellus vitae rutrum sem. Vivamus et mauris ac nisl congue congue eu eget elit. Nullam at quam velit. Pellentesque dictum, diam nec tempor aliquet, tortor justo fermentum sapien, at condimentum turpis elit vel sapien. Aenean rutrum tellus sodales tortor viverra eleifend.

Donec facilisis, diam efficitur maximus ultrices, enim lectus rutrum elit, eget malesuada mi justo dapibus enim. Maecenas finibus euismod nulla quis dignissim. Sed dictum ante rutrum turpis euismod laoreet. Sed placerat tellus leo. In ut lobortis lorem. Nullam vitae lectus egestas urna tincidunt aliquet. Ut sagittis vel enim eget malesuada. Cras in congue tortor. Interdum et malesuada fames ac ante ipsum primis in faucibus. Nunc tempus consequat neque, et eleifend nulla aliquam eu.",Author 55,7,tu-ien-bang-tranh-co-cac-quoc-gia-tren-the-gioi-tai-ban-2023,NXB 55,2015,17
https://cdn1.fahasa.com/media/catalog/product/i/m/image_221496.jpg,Bộ Sách Baby's First Picture Dictionary - Từ Điển Bằng Hình Đầu Tiên Của Bé (Bộ 9 Cuốn),171360,39,9780085481171,"Lorem ipsum dolor sit amet, consectetur adipiscing elit. Nam congue vel tellus non luctus. Vestibulum vitae nunc lorem. Sed lacinia lectus vel augue imperdiet ultricies. Donec id venenatis ex, vitae pretium ligula. Sed nulla eros, dignissim at feugiat non, posuere sit amet urna. Ut eu porttitor tellus. Cras eu massa nulla. Morbi porta fermentum elit eu iaculis. Pellentesque hendrerit venenatis purus at feugiat. Pellentesque vitae feugiat purus. Donec mattis rhoncus lacinia. Sed quam diam, molestie id laoreet eu, lacinia ac turpis. Cras tincidunt lobortis elit quis aliquam. Proin et massa libero.

Aliquam id pharetra arcu. Vivamus vitae mattis ligula. Sed efficitur urna vitae scelerisque tempor. Proin purus magna, vulputate eu ligula a, vehicula malesuada enim. Curabitur aliquet rutrum enim et tincidunt. Vestibulum ante ipsum primis in faucibus orci luctus et ultrices posuere cubilia curae; Vivamus pharetra enim leo, nec molestie nibh consectetur quis. Class aptent taciti sociosqu ad litora torquent per conubia nostra, per inceptos himenaeos. Nunc quis maximus elit, vitae pulvinar urna. Integer at mi elit. Phasellus vitae rutrum sem. Vivamus et mauris ac nisl congue congue eu eget elit. Nullam at quam velit. Pellentesque dictum, diam nec tempor aliquet, tortor justo fermentum sapien, at condimentum turpis elit vel sapien. Aenean rutrum tellus sodales tortor viverra eleifend.

Donec facilisis, diam efficitur maximus ultrices, enim lectus rutrum elit, eget malesuada mi justo dapibus enim. Maecenas finibus euismod nulla quis dignissim. Sed dictum ante rutrum turpis euismod laoreet. Sed placerat tellus leo. In ut lobortis lorem. Nullam vitae lectus egestas urna tincidunt aliquet. Ut sagittis vel enim eget malesuada. Cras in congue tortor. Interdum et malesuada fames ac ante ipsum primis in faucibus. Nunc tempus consequat neque, et eleifend nulla aliquam eu.",Author 56,19,bo-sach-baby-s-first-picture-dictionary-tu-ien-bang-hinh-au-tien-cua-be-bo-9-cuon,NXB 56,2007,9
https://cdn1.fahasa.com/media/catalog/product/8/9/8935210306708.jpg,Từ Vựng Đầu Đời Của Bé - 100 Con Số Đầu Tiên,87000,39,9780085481172,"Lorem ipsum dolor sit amet, consectetur adipiscing elit. Nam congue vel tellus non luctus. Vestibulum vitae nunc lorem. Sed lacinia lectus vel augue imperdiet ultricies. Donec id venenatis ex, vitae pretium ligula. Sed nulla eros, dignissim at feugiat non, posuere sit amet urna. Ut eu porttitor tellus. Cras eu massa nulla. Morbi porta fermentum elit eu iaculis. Pellentesque hendrerit venenatis purus at feugiat. Pellentesque vitae feugiat purus. Donec mattis rhoncus lacinia. Sed quam diam, molestie id laoreet eu, lacinia ac turpis. Cras tincidunt lobortis elit quis aliquam. Proin et massa libero.

Aliquam id pharetra arcu. Vivamus vitae mattis ligula. Sed efficitur urna vitae scelerisque tempor. Proin purus magna, vulputate eu ligula a, vehicula malesuada enim. Curabitur aliquet rutrum enim et tincidunt. Vestibulum ante ipsum primis in faucibus orci luctus et ultrices posuere cubilia curae; Vivamus pharetra enim leo, nec molestie nibh consectetur quis. Class aptent taciti sociosqu ad litora torquent per conubia nostra, per inceptos himenaeos. Nunc quis maximus elit, vitae pulvinar urna. Integer at mi elit. Phasellus vitae rutrum sem. Vivamus et mauris ac nisl congue congue eu eget elit. Nullam at quam velit. Pellentesque dictum, diam nec tempor aliquet, tortor justo fermentum sapien, at condimentum turpis elit vel sapien. Aenean rutrum tellus sodales tortor viverra eleifend.

Donec facilisis, diam efficitur maximus ultrices, enim lectus rutrum elit, eget malesuada mi justo dapibus enim. Maecenas finibus euismod nulla quis dignissim. Sed dictum ante rutrum turpis euismod laoreet. Sed placerat tellus leo. In ut lobortis lorem. Nullam vitae lectus egestas urna tincidunt aliquet. Ut sagittis vel enim eget malesuada. Cras in congue tortor. Interdum et malesuada fames ac ante ipsum primis in faucibus. Nunc tempus consequat neque, et eleifend nulla aliquam eu.",Author 57,20,tu-vung-au-oi-cua-be-100-con-so-au-tien,NXB 57,2008,14
https://cdn1.fahasa.com/media/catalog/product/8/9/8935210306722.jpg,Từ Vựng Đầu Đời Của Bé - 100 Từ Vựng Đầu Tiên Về Trang Trại,87000,39,9780085481173,"Lorem ipsum dolor sit amet, consectetur adipiscing elit. Nam congue vel tellus non luctus. Vestibulum vitae nunc lorem. Sed lacinia lectus vel augue imperdiet ultricies. Donec id venenatis ex, vitae pretium ligula. Sed nulla eros, dignissim at feugiat non, posuere sit amet urna. Ut eu porttitor tellus. Cras eu massa nulla. Morbi porta fermentum elit eu iaculis. Pellentesque hendrerit venenatis purus at feugiat. Pellentesque vitae feugiat purus. Donec mattis rhoncus lacinia. Sed quam diam, molestie id laoreet eu, lacinia ac turpis. Cras tincidunt lobortis elit quis aliquam. Proin et massa libero.

Aliquam id pharetra arcu. Vivamus vitae mattis ligula. Sed efficitur urna vitae scelerisque tempor. Proin purus magna, vulputate eu ligula a, vehicula malesuada enim. Curabitur aliquet rutrum enim et tincidunt. Vestibulum ante ipsum primis in faucibus orci luctus et ultrices posuere cubilia curae; Vivamus pharetra enim leo, nec molestie nibh consectetur quis. Class aptent taciti sociosqu ad litora torquent per conubia nostra, per inceptos himenaeos. Nunc quis maximus elit, vitae pulvinar urna. Integer at mi elit. Phasellus vitae rutrum sem. Vivamus et mauris ac nisl congue congue eu eget elit. Nullam at quam velit. Pellentesque dictum, diam nec tempor aliquet, tortor justo fermentum sapien, at condimentum turpis elit vel sapien. Aenean rutrum tellus sodales tortor viverra eleifend.

Donec facilisis, diam efficitur maximus ultrices, enim lectus rutrum elit, eget malesuada mi justo dapibus enim. Maecenas finibus euismod nulla quis dignissim. Sed dictum ante rutrum turpis euismod laoreet. Sed placerat tellus leo. In ut lobortis lorem. Nullam vitae lectus egestas urna tincidunt aliquet. Ut sagittis vel enim eget malesuada. Cras in congue tortor. Interdum et malesuada fames ac ante ipsum primis in faucibus. Nunc tempus consequat neque, et eleifend nulla aliquam eu.",Author 58,7,tu-vung-au-oi-cua-be-100-tu-vung-au-tien-ve-trang-trai,NXB 58,2024,12
https://cdn1.fahasa.com/media/catalog/product/8/9/8935212367684.jpg,Kéo Đẩy Tìm Kiếm - 100 Từ Vựng Song Ngữ Việt-Anh Cho Bé,144000,39,9780085481174,"Lorem ipsum dolor sit amet, consectetur adipiscing elit. Nam congue vel tellus non luctus. Vestibulum vitae nunc lorem. Sed lacinia lectus vel augue imperdiet ultricies. Donec id venenatis ex, vitae pretium ligula. Sed nulla eros, dignissim at feugiat non, posuere sit amet urna. Ut eu porttitor tellus. Cras eu massa nulla. Morbi porta fermentum elit eu iaculis. Pellentesque hendrerit venenatis purus at feugiat. Pellentesque vitae feugiat purus. Donec mattis rhoncus lacinia. Sed quam diam, molestie id laoreet eu, lacinia ac turpis. Cras tincidunt lobortis elit quis aliquam. Proin et massa libero.

Aliquam id pharetra arcu. Vivamus vitae mattis ligula. Sed efficitur urna vitae scelerisque tempor. Proin purus magna, vulputate eu ligula a, vehicula malesuada enim. Curabitur aliquet rutrum enim et tincidunt. Vestibulum ante ipsum primis in faucibus orci luctus et ultrices posuere cubilia curae; Vivamus pharetra enim leo, nec molestie nibh consectetur quis. Class aptent taciti sociosqu ad litora torquent per conubia nostra, per inceptos himenaeos. Nunc quis maximus elit, vitae pulvinar urna. Integer at mi elit. Phasellus vitae rutrum sem. Vivamus et mauris ac nisl congue congue eu eget elit. Nullam at quam velit. Pellentesque dictum, diam nec tempor aliquet, tortor justo fermentum sapien, at condimentum turpis elit vel sapien. Aenean rutrum tellus sodales tortor viverra eleifend.

Donec facilisis, diam efficitur maximus ultrices, enim lectus rutrum elit, eget malesuada mi justo dapibus enim. Maecenas finibus euismod nulla quis dignissim. Sed dictum ante rutrum turpis euismod laoreet. Sed placerat tellus leo. In ut lobortis lorem. Nullam vitae lectus egestas urna tincidunt aliquet. Ut sagittis vel enim eget malesuada. Cras in congue tortor. Interdum et malesuada fames ac ante ipsum primis in faucibus. Nunc tempus consequat neque, et eleifend nulla aliquam eu.",Author 59,14,keo-ay-tim-kiem-100-tu-vung-song-ngu-viet-anh-cho-be,NXB 59,2022,20
https://cdn1.fahasa.com/media/catalog/product/i/m/image_188749.jpg,Từ Điển Hình Ảnh Cho Bé - Chữ Cái (Tái Bản 2019),27000,39,9780085481175,"Lorem ipsum dolor sit amet, consectetur adipiscing elit. Nam congue vel tellus non luctus. Vestibulum vitae nunc lorem. Sed lacinia lectus vel augue imperdiet ultricies. Donec id venenatis ex, vitae pretium ligula. Sed nulla eros, dignissim at feugiat non, posuere sit amet urna. Ut eu porttitor tellus. Cras eu massa nulla. Morbi porta fermentum elit eu iaculis. Pellentesque hendrerit venenatis purus at feugiat. Pellentesque vitae feugiat purus. Donec mattis rhoncus lacinia. Sed quam diam, molestie id laoreet eu, lacinia ac turpis. Cras tincidunt lobortis elit quis aliquam. Proin et massa libero.

Aliquam id pharetra arcu. Vivamus vitae mattis ligula. Sed efficitur urna vitae scelerisque tempor. Proin purus magna, vulputate eu ligula a, vehicula malesuada enim. Curabitur aliquet rutrum enim et tincidunt. Vestibulum ante ipsum primis in faucibus orci luctus et ultrices posuere cubilia curae; Vivamus pharetra enim leo, nec molestie nibh consectetur quis. Class aptent taciti sociosqu ad litora torquent per conubia nostra, per inceptos himenaeos. Nunc quis maximus elit, vitae pulvinar urna. Integer at mi elit. Phasellus vitae rutrum sem. Vivamus et mauris ac nisl congue congue eu eget elit. Nullam at quam velit. Pellentesque dictum, diam nec tempor aliquet, tortor justo fermentum sapien, at condimentum turpis elit vel sapien. Aenean rutrum tellus sodales tortor viverra eleifend.

Donec facilisis, diam efficitur maximus ultrices, enim lectus rutrum elit, eget malesuada mi justo dapibus enim. Maecenas finibus euismod nulla quis dignissim. Sed dictum ante rutrum turpis euismod laoreet. Sed placerat tellus leo. In ut lobortis lorem. Nullam vitae lectus egestas urna tincidunt aliquet. Ut sagittis vel enim eget malesuada. Cras in congue tortor. Interdum et malesuada fames ac ante ipsum primis in faucibus. Nunc tempus consequat neque, et eleifend nulla aliquam eu.",Author 60,7,tu-ien-hinh-anh-cho-be-chu-cai-tai-ban-2019,NXB 60,2004,4
https://cdn1.fahasa.com/media/catalog/product/i/m/image_188756.jpg,Từ Điển Hình Ảnh Cho Bé - Đồ Chơi (Tái Bản 2019),27000,39,9780085481176,"Lorem ipsum dolor sit amet, consectetur adipiscing elit. Nam congue vel tellus non luctus. Vestibulum vitae nunc lorem. Sed lacinia lectus vel augue imperdiet ultricies. Donec id venenatis ex, vitae pretium ligula. Sed nulla eros, dignissim at feugiat non, posuere sit amet urna. Ut eu porttitor tellus. Cras eu massa nulla. Morbi porta fermentum elit eu iaculis. Pellentesque hendrerit venenatis purus at feugiat. Pellentesque vitae feugiat purus. Donec mattis rhoncus lacinia. Sed quam diam, molestie id laoreet eu, lacinia ac turpis. Cras tincidunt lobortis elit quis aliquam. Proin et massa libero.

Aliquam id pharetra arcu. Vivamus vitae mattis ligula. Sed efficitur urna vitae scelerisque tempor. Proin purus magna, vulputate eu ligula a, vehicula malesuada enim. Curabitur aliquet rutrum enim et tincidunt. Vestibulum ante ipsum primis in faucibus orci luctus et ultrices posuere cubilia curae; Vivamus pharetra enim leo, nec molestie nibh consectetur quis. Class aptent taciti sociosqu ad litora torquent per conubia nostra, per inceptos himenaeos. Nunc quis maximus elit, vitae pulvinar urna. Integer at mi elit. Phasellus vitae rutrum sem. Vivamus et mauris ac nisl congue congue eu eget elit. Nullam at quam velit. Pellentesque dictum, diam nec tempor aliquet, tortor justo fermentum sapien, at condimentum turpis elit vel sapien. Aenean rutrum tellus sodales tortor viverra eleifend.

Donec facilisis, diam efficitur maximus ultrices, enim lectus rutrum elit, eget malesuada mi justo dapibus enim. Maecenas finibus euismod nulla quis dignissim. Sed dictum ante rutrum turpis euismod laoreet. Sed placerat tellus leo. In ut lobortis lorem. Nullam vitae lectus egestas urna tincidunt aliquet. Ut sagittis vel enim eget malesuada. Cras in congue tortor. Interdum et malesuada fames ac ante ipsum primis in faucibus. Nunc tempus consequat neque, et eleifend nulla aliquam eu.",Author 61,8,tu-ien-hinh-anh-cho-be-o-choi-tai-ban-2019,NXB 61,2009,4
https://cdn1.fahasa.com/media/catalog/product/i/m/image_240042.jpg,Từ Điển Bằng Hình Đầu Tiên Của Bé - Means Of Transport - Phương Tiện Giao Thông,19040,39,9780085481177,"Lorem ipsum dolor sit amet, consectetur adipiscing elit. Nam congue vel tellus non luctus. Vestibulum vitae nunc lorem. Sed lacinia lectus vel augue imperdiet ultricies. Donec id venenatis ex, vitae pretium ligula. Sed nulla eros, dignissim at feugiat non, posuere sit amet urna. Ut eu porttitor tellus. Cras eu massa nulla. Morbi porta fermentum elit eu iaculis. Pellentesque hendrerit venenatis purus at feugiat. Pellentesque vitae feugiat purus. Donec mattis rhoncus lacinia. Sed quam diam, molestie id laoreet eu, lacinia ac turpis. Cras tincidunt lobortis elit quis aliquam. Proin et massa libero.

Aliquam id pharetra arcu. Vivamus vitae mattis ligula. Sed efficitur urna vitae scelerisque tempor. Proin purus magna, vulputate eu ligula a, vehicula malesuada enim. Curabitur aliquet rutrum enim et tincidunt. Vestibulum ante ipsum primis in faucibus orci luctus et ultrices posuere cubilia curae; Vivamus pharetra enim leo, nec molestie nibh consectetur quis. Class aptent taciti sociosqu ad litora torquent per conubia nostra, per inceptos himenaeos. Nunc quis maximus elit, vitae pulvinar urna. Integer at mi elit. Phasellus vitae rutrum sem. Vivamus et mauris ac nisl congue congue eu eget elit. Nullam at quam velit. Pellentesque dictum, diam nec tempor aliquet, tortor justo fermentum sapien, at condimentum turpis elit vel sapien. Aenean rutrum tellus sodales tortor viverra eleifend.

Donec facilisis, diam efficitur maximus ultrices, enim lectus rutrum elit, eget malesuada mi justo dapibus enim. Maecenas finibus euismod nulla quis dignissim. Sed dictum ante rutrum turpis euismod laoreet. Sed placerat tellus leo. In ut lobortis lorem. Nullam vitae lectus egestas urna tincidunt aliquet. Ut sagittis vel enim eget malesuada. Cras in congue tortor. Interdum et malesuada fames ac ante ipsum primis in faucibus. Nunc tempus consequat neque, et eleifend nulla aliquam eu.",Author 62,6,tu-ien-bang-hinh-au-tien-cua-be-means-of-transport-phuong-tien-giao-thong,NXB 62,2015,16
https://cdn1.fahasa.com/media/catalog/product/8/9/8935212363426.jpg,Từ Điển Bằng Tranh Dành Cho Trẻ Em - Thức Ăn,20000,39,9780085481178,"Lorem ipsum dolor sit amet, consectetur adipiscing elit. Nam congue vel tellus non luctus. Vestibulum vitae nunc lorem. Sed lacinia lectus vel augue imperdiet ultricies. Donec id venenatis ex, vitae pretium ligula. Sed nulla eros, dignissim at feugiat non, posuere sit amet urna. Ut eu porttitor tellus. Cras eu massa nulla. Morbi porta fermentum elit eu iaculis. Pellentesque hendrerit venenatis purus at feugiat. Pellentesque vitae feugiat purus. Donec mattis rhoncus lacinia. Sed quam diam, molestie id laoreet eu, lacinia ac turpis. Cras tincidunt lobortis elit quis aliquam. Proin et massa libero.

Aliquam id pharetra arcu. Vivamus vitae mattis ligula. Sed efficitur urna vitae scelerisque tempor. Proin purus magna, vulputate eu ligula a, vehicula malesuada enim. Curabitur aliquet rutrum enim et tincidunt. Vestibulum ante ipsum primis in faucibus orci luctus et ultrices posuere cubilia curae; Vivamus pharetra enim leo, nec molestie nibh consectetur quis. Class aptent taciti sociosqu ad litora torquent per conubia nostra, per inceptos himenaeos. Nunc quis maximus elit, vitae pulvinar urna. Integer at mi elit. Phasellus vitae rutrum sem. Vivamus et mauris ac nisl congue congue eu eget elit. Nullam at quam velit. Pellentesque dictum, diam nec tempor aliquet, tortor justo fermentum sapien, at condimentum turpis elit vel sapien. Aenean rutrum tellus sodales tortor viverra eleifend.

Donec facilisis, diam efficitur maximus ultrices, enim lectus rutrum elit, eget malesuada mi justo dapibus enim. Maecenas finibus euismod nulla quis dignissim. Sed dictum ante rutrum turpis euismod laoreet. Sed placerat tellus leo. In ut lobortis lorem. Nullam vitae lectus egestas urna tincidunt aliquet. Ut sagittis vel enim eget malesuada. Cras in congue tortor. Interdum et malesuada fames ac ante ipsum primis in faucibus. Nunc tempus consequat neque, et eleifend nulla aliquam eu.",Author 63,10,tu-ien-bang-tranh-danh-cho-tre-em-thuc-an,NXB 63,2015,5
https://cdn1.fahasa.com/media/catalog/product/i/m/image_188757.jpg,Từ Điển Hình Ảnh Cho Bé - Số Đếm (Tái Bản 2019),27000,39,9780085481179,"Lorem ipsum dolor sit amet, consectetur adipiscing elit. Nam congue vel tellus non luctus. Vestibulum vitae nunc lorem. Sed lacinia lectus vel augue imperdiet ultricies. Donec id venenatis ex, vitae pretium ligula. Sed nulla eros, dignissim at feugiat non, posuere sit amet urna. Ut eu porttitor tellus. Cras eu massa nulla. Morbi porta fermentum elit eu iaculis. Pellentesque hendrerit venenatis purus at feugiat. Pellentesque vitae feugiat purus. Donec mattis rhoncus lacinia. Sed quam diam, molestie id laoreet eu, lacinia ac turpis. Cras tincidunt lobortis elit quis aliquam. Proin et massa libero.

Aliquam id pharetra arcu. Vivamus vitae mattis ligula. Sed efficitur urna vitae scelerisque tempor. Proin purus magna, vulputate eu ligula a, vehicula malesuada enim. Curabitur aliquet rutrum enim et tincidunt. Vestibulum ante ipsum primis in faucibus orci luctus et ultrices posuere cubilia curae; Vivamus pharetra enim leo, nec molestie nibh consectetur quis. Class aptent taciti sociosqu ad litora torquent per conubia nostra, per inceptos himenaeos. Nunc quis maximus elit, vitae pulvinar urna. Integer at mi elit. Phasellus vitae rutrum sem. Vivamus et mauris ac nisl congue congue eu eget elit. Nullam at quam velit. Pellentesque dictum, diam nec tempor aliquet, tortor justo fermentum sapien, at condimentum turpis elit vel sapien. Aenean rutrum tellus sodales tortor viverra eleifend.

Donec facilisis, diam efficitur maximus ultrices, enim lectus rutrum elit, eget malesuada mi justo dapibus enim. Maecenas finibus euismod nulla quis dignissim. Sed dictum ante rutrum turpis euismod laoreet. Sed placerat tellus leo. In ut lobortis lorem. Nullam vitae lectus egestas urna tincidunt aliquet. Ut sagittis vel enim eget malesuada. Cras in congue tortor. Interdum et malesuada fames ac ante ipsum primis in faucibus. Nunc tempus consequat neque, et eleifend nulla aliquam eu.",Author 64,16,tu-ien-hinh-anh-cho-be-so-em-tai-ban-2019,NXB 64,2014,10
https://cdn1.fahasa.com/media/catalog/product/i/m/image_240043.jpg,Từ Điển Bằng Hình Đầu Tiên Của Bé - My Body - Cơ Thể,19040,39,9780085481180,"Lorem ipsum dolor sit amet, consectetur adipiscing elit. Nam congue vel tellus non luctus. Vestibulum vitae nunc lorem. Sed lacinia lectus vel augue imperdiet ultricies. Donec id venenatis ex, vitae pretium ligula. Sed nulla eros, dignissim at feugiat non, posuere sit amet urna. Ut eu porttitor tellus. Cras eu massa nulla. Morbi porta fermentum elit eu iaculis. Pellentesque hendrerit venenatis purus at feugiat. Pellentesque vitae feugiat purus. Donec mattis rhoncus lacinia. Sed quam diam, molestie id laoreet eu, lacinia ac turpis. Cras tincidunt lobortis elit quis aliquam. Proin et massa libero.

Aliquam id pharetra arcu. Vivamus vitae mattis ligula. Sed efficitur urna vitae scelerisque tempor. Proin purus magna, vulputate eu ligula a, vehicula malesuada enim. Curabitur aliquet rutrum enim et tincidunt. Vestibulum ante ipsum primis in faucibus orci luctus et ultrices posuere cubilia curae; Vivamus pharetra enim leo, nec molestie nibh consectetur quis. Class aptent taciti sociosqu ad litora torquent per conubia nostra, per inceptos himenaeos. Nunc quis maximus elit, vitae pulvinar urna. Integer at mi elit. Phasellus vitae rutrum sem. Vivamus et mauris ac nisl congue congue eu eget elit. Nullam at quam velit. Pellentesque dictum, diam nec tempor aliquet, tortor justo fermentum sapien, at condimentum turpis elit vel sapien. Aenean rutrum tellus sodales tortor viverra eleifend.

Donec facilisis, diam efficitur maximus ultrices, enim lectus rutrum elit, eget malesuada mi justo dapibus enim. Maecenas finibus euismod nulla quis dignissim. Sed dictum ante rutrum turpis euismod laoreet. Sed placerat tellus leo. In ut lobortis lorem. Nullam vitae lectus egestas urna tincidunt aliquet. Ut sagittis vel enim eget malesuada. Cras in congue tortor. Interdum et malesuada fames ac ante ipsum primis in faucibus. Nunc tempus consequat neque, et eleifend nulla aliquam eu.",Author 65,6,tu-ien-bang-hinh-au-tien-cua-be-my-body-co-the,NXB 65,2017,10
https://cdn1.fahasa.com/media/catalog/product/8/9/8935212363433.jpg,Từ Điển Bằng Tranh Dành Cho Trẻ Em - Các Loài Hoa,20000,39,9780085481181,"Lorem ipsum dolor sit amet, consectetur adipiscing elit. Nam congue vel tellus non luctus. Vestibulum vitae nunc lorem. Sed lacinia lectus vel augue imperdiet ultricies. Donec id venenatis ex, vitae pretium ligula. Sed nulla eros, dignissim at feugiat non, posuere sit amet urna. Ut eu porttitor tellus. Cras eu massa nulla. Morbi porta fermentum elit eu iaculis. Pellentesque hendrerit venenatis purus at feugiat. Pellentesque vitae feugiat purus. Donec mattis rhoncus lacinia. Sed quam diam, molestie id laoreet eu, lacinia ac turpis. Cras tincidunt lobortis elit quis aliquam. Proin et massa libero.

Aliquam id pharetra arcu. Vivamus vitae mattis ligula. Sed efficitur urna vitae scelerisque tempor. Proin purus magna, vulputate eu ligula a, vehicula malesuada enim. Curabitur aliquet rutrum enim et tincidunt. Vestibulum ante ipsum primis in faucibus orci luctus et ultrices posuere cubilia curae; Vivamus pharetra enim leo, nec molestie nibh consectetur quis. Class aptent taciti sociosqu ad litora torquent per conubia nostra, per inceptos himenaeos. Nunc quis maximus elit, vitae pulvinar urna. Integer at mi elit. Phasellus vitae rutrum sem. Vivamus et mauris ac nisl congue congue eu eget elit. Nullam at quam velit. Pellentesque dictum, diam nec tempor aliquet, tortor justo fermentum sapien, at condimentum turpis elit vel sapien. Aenean rutrum tellus sodales tortor viverra eleifend.

Donec facilisis, diam efficitur maximus ultrices, enim lectus rutrum elit, eget malesuada mi justo dapibus enim. Maecenas finibus euismod nulla quis dignissim. Sed dictum ante rutrum turpis euismod laoreet. Sed placerat tellus leo. In ut lobortis lorem. Nullam vitae lectus egestas urna tincidunt aliquet. Ut sagittis vel enim eget malesuada. Cras in congue tortor. Interdum et malesuada fames ac ante ipsum primis in faucibus. Nunc tempus consequat neque, et eleifend nulla aliquam eu.",Author 66,12,tu-ien-bang-tranh-danh-cho-tre-em-cac-loai-hoa,NXB 66,2012,14
https://cdn1.fahasa.com/media/catalog/product/i/m/image_188758.jpg,Từ Điển Hình Ảnh Cho Bé - Phương Tiện (Tái Bản 2019),27000,39,9780085481182,"Lorem ipsum dolor sit amet, consectetur adipiscing elit. Nam congue vel tellus non luctus. Vestibulum vitae nunc lorem. Sed lacinia lectus vel augue imperdiet ultricies. Donec id venenatis ex, vitae pretium ligula. Sed nulla eros, dignissim at feugiat non, posuere sit amet urna. Ut eu porttitor tellus. Cras eu massa nulla. Morbi porta fermentum elit eu iaculis. Pellentesque hendrerit venenatis purus at feugiat. Pellentesque vitae feugiat purus. Donec mattis rhoncus lacinia. Sed quam diam, molestie id laoreet eu, lacinia ac turpis. Cras tincidunt lobortis elit quis aliquam. Proin et massa libero.

Aliquam id pharetra arcu. Vivamus vitae mattis ligula. Sed efficitur urna vitae scelerisque tempor. Proin purus magna, vulputate eu ligula a, vehicula malesuada enim. Curabitur aliquet rutrum enim et tincidunt. Vestibulum ante ipsum primis in faucibus orci luctus et ultrices posuere cubilia curae; Vivamus pharetra enim leo, nec molestie nibh consectetur quis. Class aptent taciti sociosqu ad litora torquent per conubia nostra, per inceptos himenaeos. Nunc quis maximus elit, vitae pulvinar urna. Integer at mi elit. Phasellus vitae rutrum sem. Vivamus et mauris ac nisl congue congue eu eget elit. Nullam at quam velit. Pellentesque dictum, diam nec tempor aliquet, tortor justo fermentum sapien, at condimentum turpis elit vel sapien. Aenean rutrum tellus sodales tortor viverra eleifend.

Donec facilisis, diam efficitur maximus ultrices, enim lectus rutrum elit, eget malesuada mi justo dapibus enim. Maecenas finibus euismod nulla quis dignissim. Sed dictum ante rutrum turpis euismod laoreet. Sed placerat tellus leo. In ut lobortis lorem. Nullam vitae lectus egestas urna tincidunt aliquet. Ut sagittis vel enim eget malesuada. Cras in congue tortor. Interdum et malesuada fames ac ante ipsum primis in faucibus. Nunc tempus consequat neque, et eleifend nulla aliquam eu.",Author 67,16,tu-ien-hinh-anh-cho-be-phuong-tien-tai-ban-2019,NXB 67,2009,14
https://cdn1.fahasa.com/media/catalog/product/i/m/image_240044.jpg,Từ Điển Bằng Hình Đầu Tiên Của Bé - Colours - Màu Sắc,19040,39,9780085481183,"Lorem ipsum dolor sit amet, consectetur adipiscing elit. Nam congue vel tellus non luctus. Vestibulum vitae nunc lorem. Sed lacinia lectus vel augue imperdiet ultricies. Donec id venenatis ex, vitae pretium ligula. Sed nulla eros, dignissim at feugiat non, posuere sit amet urna. Ut eu porttitor tellus. Cras eu massa nulla. Morbi porta fermentum elit eu iaculis. Pellentesque hendrerit venenatis purus at feugiat. Pellentesque vitae feugiat purus. Donec mattis rhoncus lacinia. Sed quam diam, molestie id laoreet eu, lacinia ac turpis. Cras tincidunt lobortis elit quis aliquam. Proin et massa libero.

Aliquam id pharetra arcu. Vivamus vitae mattis ligula. Sed efficitur urna vitae scelerisque tempor. Proin purus magna, vulputate eu ligula a, vehicula malesuada enim. Curabitur aliquet rutrum enim et tincidunt. Vestibulum ante ipsum primis in faucibus orci luctus et ultrices posuere cubilia curae; Vivamus pharetra enim leo, nec molestie nibh consectetur quis. Class aptent taciti sociosqu ad litora torquent per conubia nostra, per inceptos himenaeos. Nunc quis maximus elit, vitae pulvinar urna. Integer at mi elit. Phasellus vitae rutrum sem. Vivamus et mauris ac nisl congue congue eu eget elit. Nullam at quam velit. Pellentesque dictum, diam nec tempor aliquet, tortor justo fermentum sapien, at condimentum turpis elit vel sapien. Aenean rutrum tellus sodales tortor viverra eleifend.

Donec facilisis, diam efficitur maximus ultrices, enim lectus rutrum elit, eget malesuada mi justo dapibus enim. Maecenas finibus euismod nulla quis dignissim. Sed dictum ante rutrum turpis euismod laoreet. Sed placerat tellus leo. In ut lobortis lorem. Nullam vitae lectus egestas urna tincidunt aliquet. Ut sagittis vel enim eget malesuada. Cras in congue tortor. Interdum et malesuada fames ac ante ipsum primis in faucibus. Nunc tempus consequat neque, et eleifend nulla aliquam eu.",Author 68,19,tu-ien-bang-hinh-au-tien-cua-be-colours-mau-sac,NXB 68,2016,11
https://cdn1.fahasa.com/media/catalog/product/8/9/8935212363440.jpg,Từ Điển Bằng Tranh Dành Cho Trẻ Em - Vật Dụng Gia Đình,20000,39,9780085481184,"Lorem ipsum dolor sit amet, consectetur adipiscing elit. Nam congue vel tellus non luctus. Vestibulum vitae nunc lorem. Sed lacinia lectus vel augue imperdiet ultricies. Donec id venenatis ex, vitae pretium ligula. Sed nulla eros, dignissim at feugiat non, posuere sit amet urna. Ut eu porttitor tellus. Cras eu massa nulla. Morbi porta fermentum elit eu iaculis. Pellentesque hendrerit venenatis purus at feugiat. Pellentesque vitae feugiat purus. Donec mattis rhoncus lacinia. Sed quam diam, molestie id laoreet eu, lacinia ac turpis. Cras tincidunt lobortis elit quis aliquam. Proin et massa libero.

Aliquam id pharetra arcu. Vivamus vitae mattis ligula. Sed efficitur urna vitae scelerisque tempor. Proin purus magna, vulputate eu ligula a, vehicula malesuada enim. Curabitur aliquet rutrum enim et tincidunt. Vestibulum ante ipsum primis in faucibus orci luctus et ultrices posuere cubilia curae; Vivamus pharetra enim leo, nec molestie nibh consectetur quis. Class aptent taciti sociosqu ad litora torquent per conubia nostra, per inceptos himenaeos. Nunc quis maximus elit, vitae pulvinar urna. Integer at mi elit. Phasellus vitae rutrum sem. Vivamus et mauris ac nisl congue congue eu eget elit. Nullam at quam velit. Pellentesque dictum, diam nec tempor aliquet, tortor justo fermentum sapien, at condimentum turpis elit vel sapien. Aenean rutrum tellus sodales tortor viverra eleifend.

Donec facilisis, diam efficitur maximus ultrices, enim lectus rutrum elit, eget malesuada mi justo dapibus enim. Maecenas finibus euismod nulla quis dignissim. Sed dictum ante rutrum turpis euismod laoreet. Sed placerat tellus leo. In ut lobortis lorem. Nullam vitae lectus egestas urna tincidunt aliquet. Ut sagittis vel enim eget malesuada. Cras in congue tortor. Interdum et malesuada fames ac ante ipsum primis in faucibus. Nunc tempus consequat neque, et eleifend nulla aliquam eu.",Author 69,15,tu-ien-bang-tranh-danh-cho-tre-em-vat-dung-gia-inh,NXB 69,2007,15
https://cdn1.fahasa.com/media/catalog/product/i/m/image_189896.jpg,"Từ Điển Bằng Hình - Hoa, Quả, Rau Củ (Tái Bản 2018)",72000,39,9780085481185,"Lorem ipsum dolor sit amet, consectetur adipiscing elit. Nam congue vel tellus non luctus. Vestibulum vitae nunc lorem. Sed lacinia lectus vel augue imperdiet ultricies. Donec id venenatis ex, vitae pretium ligula. Sed nulla eros, dignissim at feugiat non, posuere sit amet urna. Ut eu porttitor tellus. Cras eu massa nulla. Morbi porta fermentum elit eu iaculis. Pellentesque hendrerit venenatis purus at feugiat. Pellentesque vitae feugiat purus. Donec mattis rhoncus lacinia. Sed quam diam, molestie id laoreet eu, lacinia ac turpis. Cras tincidunt lobortis elit quis aliquam. Proin et massa libero.

Aliquam id pharetra arcu. Vivamus vitae mattis ligula. Sed efficitur urna vitae scelerisque tempor. Proin purus magna, vulputate eu ligula a, vehicula malesuada enim. Curabitur aliquet rutrum enim et tincidunt. Vestibulum ante ipsum primis in faucibus orci luctus et ultrices posuere cubilia curae; Vivamus pharetra enim leo, nec molestie nibh consectetur quis. Class aptent taciti sociosqu ad litora torquent per conubia nostra, per inceptos himenaeos. Nunc quis maximus elit, vitae pulvinar urna. Integer at mi elit. Phasellus vitae rutrum sem. Vivamus et mauris ac nisl congue congue eu eget elit. Nullam at quam velit. Pellentesque dictum, diam nec tempor aliquet, tortor justo fermentum sapien, at condimentum turpis elit vel sapien. Aenean rutrum tellus sodales tortor viverra eleifend.

Donec facilisis, diam efficitur maximus ultrices, enim lectus rutrum elit, eget malesuada mi justo dapibus enim. Maecenas finibus euismod nulla quis dignissim. Sed dictum ante rutrum turpis euismod laoreet. Sed placerat tellus leo. In ut lobortis lorem. Nullam vitae lectus egestas urna tincidunt aliquet. Ut sagittis vel enim eget malesuada. Cras in congue tortor. Interdum et malesuada fames ac ante ipsum primis in faucibus. Nunc tempus consequat neque, et eleifend nulla aliquam eu.",Author 70,19,tu-ien-bang-hinh-hoa-qua-rau-cu-tai-ban-2018,NXB 70,2018,13
https://cdn1.fahasa.com/media/catalog/product/i/m/image_240045.jpg,Từ Điển Bằng Hình Đầu Tiên Của Bé - Flowers - Hoa,19040,39,9780085481186,"Lorem ipsum dolor sit amet, consectetur adipiscing elit. Nam congue vel tellus non luctus. Vestibulum vitae nunc lorem. Sed lacinia lectus vel augue imperdiet ultricies. Donec id venenatis ex, vitae pretium ligula. Sed nulla eros, dignissim at feugiat non, posuere sit amet urna. Ut eu porttitor tellus. Cras eu massa nulla. Morbi porta fermentum elit eu iaculis. Pellentesque hendrerit venenatis purus at feugiat. Pellentesque vitae feugiat purus. Donec mattis rhoncus lacinia. Sed quam diam, molestie id laoreet eu, lacinia ac turpis. Cras tincidunt lobortis elit quis aliquam. Proin et massa libero.

Aliquam id pharetra arcu. Vivamus vitae mattis ligula. Sed efficitur urna vitae scelerisque tempor. Proin purus magna, vulputate eu ligula a, vehicula malesuada enim. Curabitur aliquet rutrum enim et tincidunt. Vestibulum ante ipsum primis in faucibus orci luctus et ultrices posuere cubilia curae; Vivamus pharetra enim leo, nec molestie nibh consectetur quis. Class aptent taciti sociosqu ad litora torquent per conubia nostra, per inceptos himenaeos. Nunc quis maximus elit, vitae pulvinar urna. Integer at mi elit. Phasellus vitae rutrum sem. Vivamus et mauris ac nisl congue congue eu eget elit. Nullam at quam velit. Pellentesque dictum, diam nec tempor aliquet, tortor justo fermentum sapien, at condimentum turpis elit vel sapien. Aenean rutrum tellus sodales tortor viverra eleifend.

Donec facilisis, diam efficitur maximus ultrices, enim lectus rutrum elit, eget malesuada mi justo dapibus enim. Maecenas finibus euismod nulla quis dignissim. Sed dictum ante rutrum turpis euismod laoreet. Sed placerat tellus leo. In ut lobortis lorem. Nullam vitae lectus egestas urna tincidunt aliquet. Ut sagittis vel enim eget malesuada. Cras in congue tortor. Interdum et malesuada fames ac ante ipsum primis in faucibus. Nunc tempus consequat neque, et eleifend nulla aliquam eu.",Author 71,3,tu-ien-bang-hinh-au-tien-cua-be-flowers-hoa,NXB 71,2005,20
https://cdn1.fahasa.com/media/catalog/product/8/9/8935212363488.jpg,Từ Điển Bằng Tranh Dành Cho Trẻ Em - Quốc Kỳ,20000,39,9780085481187,"Lorem ipsum dolor sit amet, consectetur adipiscing elit. Nam congue vel tellus non luctus. Vestibulum vitae nunc lorem. Sed lacinia lectus vel augue imperdiet ultricies. Donec id venenatis ex, vitae pretium ligula. Sed nulla eros, dignissim at feugiat non, posuere sit amet urna. Ut eu porttitor tellus. Cras eu massa nulla. Morbi porta fermentum elit eu iaculis. Pellentesque hendrerit venenatis purus at feugiat. Pellentesque vitae feugiat purus. Donec mattis rhoncus lacinia. Sed quam diam, molestie id laoreet eu, lacinia ac turpis. Cras tincidunt lobortis elit quis aliquam. Proin et massa libero.

Aliquam id pharetra arcu. Vivamus vitae mattis ligula. Sed efficitur urna vitae scelerisque tempor. Proin purus magna, vulputate eu ligula a, vehicula malesuada enim. Curabitur aliquet rutrum enim et tincidunt. Vestibulum ante ipsum primis in faucibus orci luctus et ultrices posuere cubilia curae; Vivamus pharetra enim leo, nec molestie nibh consectetur quis. Class aptent taciti sociosqu ad litora torquent per conubia nostra, per inceptos himenaeos. Nunc quis maximus elit, vitae pulvinar urna. Integer at mi elit. Phasellus vitae rutrum sem. Vivamus et mauris ac nisl congue congue eu eget elit. Nullam at quam velit. Pellentesque dictum, diam nec tempor aliquet, tortor justo fermentum sapien, at condimentum turpis elit vel sapien. Aenean rutrum tellus sodales tortor viverra eleifend.

Donec facilisis, diam efficitur maximus ultrices, enim lectus rutrum elit, eget malesuada mi justo dapibus enim. Maecenas finibus euismod nulla quis dignissim. Sed dictum ante rutrum turpis euismod laoreet. Sed placerat tellus leo. In ut lobortis lorem. Nullam vitae lectus egestas urna tincidunt aliquet. Ut sagittis vel enim eget malesuada. Cras in congue tortor. Interdum et malesuada fames ac ante ipsum primis in faucibus. Nunc tempus consequat neque, et eleifend nulla aliquam eu.",Author 72,19,tu-ien-bang-tranh-danh-cho-tre-em-quoc-ky,NXB 72,2005,16
https://cdn1.fahasa.com/media/catalog/product/i/m/image_195509_1_11278.jpg,Bộ Sách Từ Điển Bằng Hình Cho Bé (Song Ngữ Anh-Việt) - Bộ 10 Cuốn,127500,39,9780085481188,"Lorem ipsum dolor sit amet, consectetur adipiscing elit. Nam congue vel tellus non luctus. Vestibulum vitae nunc lorem. Sed lacinia lectus vel augue imperdiet ultricies. Donec id venenatis ex, vitae pretium ligula. Sed nulla eros, dignissim at feugiat non, posuere sit amet urna. Ut eu porttitor tellus. Cras eu massa nulla. Morbi porta fermentum elit eu iaculis. Pellentesque hendrerit venenatis purus at feugiat. Pellentesque vitae feugiat purus. Donec mattis rhoncus lacinia. Sed quam diam, molestie id laoreet eu, lacinia ac turpis. Cras tincidunt lobortis elit quis aliquam. Proin et massa libero.

Aliquam id pharetra arcu. Vivamus vitae mattis ligula. Sed efficitur urna vitae scelerisque tempor. Proin purus magna, vulputate eu ligula a, vehicula malesuada enim. Curabitur aliquet rutrum enim et tincidunt. Vestibulum ante ipsum primis in faucibus orci luctus et ultrices posuere cubilia curae; Vivamus pharetra enim leo, nec molestie nibh consectetur quis. Class aptent taciti sociosqu ad litora torquent per conubia nostra, per inceptos himenaeos. Nunc quis maximus elit, vitae pulvinar urna. Integer at mi elit. Phasellus vitae rutrum sem. Vivamus et mauris ac nisl congue congue eu eget elit. Nullam at quam velit. Pellentesque dictum, diam nec tempor aliquet, tortor justo fermentum sapien, at condimentum turpis elit vel sapien. Aenean rutrum tellus sodales tortor viverra eleifend.

Donec facilisis, diam efficitur maximus ultrices, enim lectus rutrum elit, eget malesuada mi justo dapibus enim. Maecenas finibus euismod nulla quis dignissim. Sed dictum ante rutrum turpis euismod laoreet. Sed placerat tellus leo. In ut lobortis lorem. Nullam vitae lectus egestas urna tincidunt aliquet. Ut sagittis vel enim eget malesuada. Cras in congue tortor. Interdum et malesuada fames ac ante ipsum primis in faucibus. Nunc tempus consequat neque, et eleifend nulla aliquam eu.",Author 73,12,bo-sach-tu-ien-bang-hinh-cho-be-song-ngu-anh-viet-bo-10-cuon,NXB 73,2011,12
https://cdn1.fahasa.com/media/catalog/product/i/m/image_240047.jpg,Từ Điển Bằng Hình Đầu Tiên Của Bé - Opposite - Đối Lập,19040,39,9780085481189,"Lorem ipsum dolor sit amet, consectetur adipiscing elit. Nam congue vel tellus non luctus. Vestibulum vitae nunc lorem. Sed lacinia lectus vel augue imperdiet ultricies. Donec id venenatis ex, vitae pretium ligula. Sed nulla eros, dignissim at feugiat non, posuere sit amet urna. Ut eu porttitor tellus. Cras eu massa nulla. Morbi porta fermentum elit eu iaculis. Pellentesque hendrerit venenatis purus at feugiat. Pellentesque vitae feugiat purus. Donec mattis rhoncus lacinia. Sed quam diam, molestie id laoreet eu, lacinia ac turpis. Cras tincidunt lobortis elit quis aliquam. Proin et massa libero.

Aliquam id pharetra arcu. Vivamus vitae mattis ligula. Sed efficitur urna vitae scelerisque tempor. Proin purus magna, vulputate eu ligula a, vehicula malesuada enim. Curabitur aliquet rutrum enim et tincidunt. Vestibulum ante ipsum primis in faucibus orci luctus et ultrices posuere cubilia curae; Vivamus pharetra enim leo, nec molestie nibh consectetur quis. Class aptent taciti sociosqu ad litora torquent per conubia nostra, per inceptos himenaeos. Nunc quis maximus elit, vitae pulvinar urna. Integer at mi elit. Phasellus vitae rutrum sem. Vivamus et mauris ac nisl congue congue eu eget elit. Nullam at quam velit. Pellentesque dictum, diam nec tempor aliquet, tortor justo fermentum sapien, at condimentum turpis elit vel sapien. Aenean rutrum tellus sodales tortor viverra eleifend.

Donec facilisis, diam efficitur maximus ultrices, enim lectus rutrum elit, eget malesuada mi justo dapibus enim. Maecenas finibus euismod nulla quis dignissim. Sed dictum ante rutrum turpis euismod laoreet. Sed placerat tellus leo. In ut lobortis lorem. Nullam vitae lectus egestas urna tincidunt aliquet. Ut sagittis vel enim eget malesuada. Cras in congue tortor. Interdum et malesuada fames ac ante ipsum primis in faucibus. Nunc tempus consequat neque, et eleifend nulla aliquam eu.",Author 74,5,tu-ien-bang-hinh-au-tien-cua-be-opposite-oi-lap,NXB 74,2004,16
https://cdn1.fahasa.com/media/catalog/product/z/4/z4178446243587_3dcd7394e7d27d85613618f57cb3ea7a.jpg,Bộ Từ Điển Bằng Tranh Dành Cho Trẻ Em 1 (Bộ 6 Cuốn),120000,39,9780085481190,"Lorem ipsum dolor sit amet, consectetur adipiscing elit. Nam congue vel tellus non luctus. Vestibulum vitae nunc lorem. Sed lacinia lectus vel augue imperdiet ultricies. Donec id venenatis ex, vitae pretium ligula. Sed nulla eros, dignissim at feugiat non, posuere sit amet urna. Ut eu porttitor tellus. Cras eu massa nulla. Morbi porta fermentum elit eu iaculis. Pellentesque hendrerit venenatis purus at feugiat. Pellentesque vitae feugiat purus. Donec mattis rhoncus lacinia. Sed quam diam, molestie id laoreet eu, lacinia ac turpis. Cras tincidunt lobortis elit quis aliquam. Proin et massa libero.

Aliquam id pharetra arcu. Vivamus vitae mattis ligula. Sed efficitur urna vitae scelerisque tempor. Proin purus magna, vulputate eu ligula a, vehicula malesuada enim. Curabitur aliquet rutrum enim et tincidunt. Vestibulum ante ipsum primis in faucibus orci luctus et ultrices posuere cubilia curae; Vivamus pharetra enim leo, nec molestie nibh consectetur quis. Class aptent taciti sociosqu ad litora torquent per conubia nostra, per inceptos himenaeos. Nunc quis maximus elit, vitae pulvinar urna. Integer at mi elit. Phasellus vitae rutrum sem. Vivamus et mauris ac nisl congue congue eu eget elit. Nullam at quam velit. Pellentesque dictum, diam nec tempor aliquet, tortor justo fermentum sapien, at condimentum turpis elit vel sapien. Aenean rutrum tellus sodales tortor viverra eleifend.

Donec facilisis, diam efficitur maximus ultrices, enim lectus rutrum elit, eget malesuada mi justo dapibus enim. Maecenas finibus euismod nulla quis dignissim. Sed dictum ante rutrum turpis euismod laoreet. Sed placerat tellus leo. In ut lobortis lorem. Nullam vitae lectus egestas urna tincidunt aliquet. Ut sagittis vel enim eget malesuada. Cras in congue tortor. Interdum et malesuada fames ac ante ipsum primis in faucibus. Nunc tempus consequat neque, et eleifend nulla aliquam eu.",Author 75,17,bo-tu-ien-bang-tranh-danh-cho-tre-em-1-bo-6-cuon,NXB 75,2020,10
https://cdn1.fahasa.com/media/catalog/product/i/m/image_195509_1_17829.jpg,Tớ Chọn Người Mẹ Này (2+),46500,39,9780085481191,"Lorem ipsum dolor sit amet, consectetur adipiscing elit. Nam congue vel tellus non luctus. Vestibulum vitae nunc lorem. Sed lacinia lectus vel augue imperdiet ultricies. Donec id venenatis ex, vitae pretium ligula. Sed nulla eros, dignissim at feugiat non, posuere sit amet urna. Ut eu porttitor tellus. Cras eu massa nulla. Morbi porta fermentum elit eu iaculis. Pellentesque hendrerit venenatis purus at feugiat. Pellentesque vitae feugiat purus. Donec mattis rhoncus lacinia. Sed quam diam, molestie id laoreet eu, lacinia ac turpis. Cras tincidunt lobortis elit quis aliquam. Proin et massa libero.

Aliquam id pharetra arcu. Vivamus vitae mattis ligula. Sed efficitur urna vitae scelerisque tempor. Proin purus magna, vulputate eu ligula a, vehicula malesuada enim. Curabitur aliquet rutrum enim et tincidunt. Vestibulum ante ipsum primis in faucibus orci luctus et ultrices posuere cubilia curae; Vivamus pharetra enim leo, nec molestie nibh consectetur quis. Class aptent taciti sociosqu ad litora torquent per conubia nostra, per inceptos himenaeos. Nunc quis maximus elit, vitae pulvinar urna. Integer at mi elit. Phasellus vitae rutrum sem. Vivamus et mauris ac nisl congue congue eu eget elit. Nullam at quam velit. Pellentesque dictum, diam nec tempor aliquet, tortor justo fermentum sapien, at condimentum turpis elit vel sapien. Aenean rutrum tellus sodales tortor viverra eleifend.

Donec facilisis, diam efficitur maximus ultrices, enim lectus rutrum elit, eget malesuada mi justo dapibus enim. Maecenas finibus euismod nulla quis dignissim. Sed dictum ante rutrum turpis euismod laoreet. Sed placerat tellus leo. In ut lobortis lorem. Nullam vitae lectus egestas urna tincidunt aliquet. Ut sagittis vel enim eget malesuada. Cras in congue tortor. Interdum et malesuada fames ac ante ipsum primis in faucibus. Nunc tempus consequat neque, et eleifend nulla aliquam eu.",Author 76,16,to-chon-nguoi-me-nay-2,NXB 76,2022,20
https://cdn1.fahasa.com/media/catalog/product/i/m/image_240048.jpg,Từ Điển Bằng Hình Đầu Tiên Của Bé - Shapes - Hình Dạng,19040,39,9780085481192,"Lorem ipsum dolor sit amet, consectetur adipiscing elit. Nam congue vel tellus non luctus. Vestibulum vitae nunc lorem. Sed lacinia lectus vel augue imperdiet ultricies. Donec id venenatis ex, vitae pretium ligula. Sed nulla eros, dignissim at feugiat non, posuere sit amet urna. Ut eu porttitor tellus. Cras eu massa nulla. Morbi porta fermentum elit eu iaculis. Pellentesque hendrerit venenatis purus at feugiat. Pellentesque vitae feugiat purus. Donec mattis rhoncus lacinia. Sed quam diam, molestie id laoreet eu, lacinia ac turpis. Cras tincidunt lobortis elit quis aliquam. Proin et massa libero.

Aliquam id pharetra arcu. Vivamus vitae mattis ligula. Sed efficitur urna vitae scelerisque tempor. Proin purus magna, vulputate eu ligula a, vehicula malesuada enim. Curabitur aliquet rutrum enim et tincidunt. Vestibulum ante ipsum primis in faucibus orci luctus et ultrices posuere cubilia curae; Vivamus pharetra enim leo, nec molestie nibh consectetur quis. Class aptent taciti sociosqu ad litora torquent per conubia nostra, per inceptos himenaeos. Nunc quis maximus elit, vitae pulvinar urna. Integer at mi elit. Phasellus vitae rutrum sem. Vivamus et mauris ac nisl congue congue eu eget elit. Nullam at quam velit. Pellentesque dictum, diam nec tempor aliquet, tortor justo fermentum sapien, at condimentum turpis elit vel sapien. Aenean rutrum tellus sodales tortor viverra eleifend.

Donec facilisis, diam efficitur maximus ultrices, enim lectus rutrum elit, eget malesuada mi justo dapibus enim. Maecenas finibus euismod nulla quis dignissim. Sed dictum ante rutrum turpis euismod laoreet. Sed placerat tellus leo. In ut lobortis lorem. Nullam vitae lectus egestas urna tincidunt aliquet. Ut sagittis vel enim eget malesuada. Cras in congue tortor. Interdum et malesuada fames ac ante ipsum primis in faucibus. Nunc tempus consequat neque, et eleifend nulla aliquam eu.",Author 77,16,tu-ien-bang-hinh-au-tien-cua-be-shapes-hinh-dang,NXB 77,2003,6
https://cdn1.fahasa.com/media/catalog/product/z/4/z4178446235171_a85a2d3595a1d395f995ae8a0e2531c6.jpg,Bộ Từ Điển Bằng Tranh Dành Cho Trẻ Em 2 (Bộ 6 Cuốn),120000,39,9780085481193,"Lorem ipsum dolor sit amet, consectetur adipiscing elit. Nam congue vel tellus non luctus. Vestibulum vitae nunc lorem. Sed lacinia lectus vel augue imperdiet ultricies. Donec id venenatis ex, vitae pretium ligula. Sed nulla eros, dignissim at feugiat non, posuere sit amet urna. Ut eu porttitor tellus. Cras eu massa nulla. Morbi porta fermentum elit eu iaculis. Pellentesque hendrerit venenatis purus at feugiat. Pellentesque vitae feugiat purus. Donec mattis rhoncus lacinia. Sed quam diam, molestie id laoreet eu, lacinia ac turpis. Cras tincidunt lobortis elit quis aliquam. Proin et massa libero.

Aliquam id pharetra arcu. Vivamus vitae mattis ligula. Sed efficitur urna vitae scelerisque tempor. Proin purus magna, vulputate eu ligula a, vehicula malesuada enim. Curabitur aliquet rutrum enim et tincidunt. Vestibulum ante ipsum primis in faucibus orci luctus et ultrices posuere cubilia curae; Vivamus pharetra enim leo, nec molestie nibh consectetur quis. Class aptent taciti sociosqu ad litora torquent per conubia nostra, per inceptos himenaeos. Nunc quis maximus elit, vitae pulvinar urna. Integer at mi elit. Phasellus vitae rutrum sem. Vivamus et mauris ac nisl congue congue eu eget elit. Nullam at quam velit. Pellentesque dictum, diam nec tempor aliquet, tortor justo fermentum sapien, at condimentum turpis elit vel sapien. Aenean rutrum tellus sodales tortor viverra eleifend.

Donec facilisis, diam efficitur maximus ultrices, enim lectus rutrum elit, eget malesuada mi justo dapibus enim. Maecenas finibus euismod nulla quis dignissim. Sed dictum ante rutrum turpis euismod laoreet. Sed placerat tellus leo. In ut lobortis lorem. Nullam vitae lectus egestas urna tincidunt aliquet. Ut sagittis vel enim eget malesuada. Cras in congue tortor. Interdum et malesuada fames ac ante ipsum primis in faucibus. Nunc tempus consequat neque, et eleifend nulla aliquam eu.",Author 78,3,bo-tu-ien-bang-tranh-danh-cho-tre-em-2-bo-6-cuon,NXB 78,2011,8
https://cdn1.fahasa.com/media/catalog/product/i/m/image_195509_1_31103.jpg,Từ Điển Bằng Hình Cho Trẻ Mầm Non - Những Từ Đầu Tiên (Tái Bản 2019),127500,39,9780085481194,"Lorem ipsum dolor sit amet, consectetur adipiscing elit. Nam congue vel tellus non luctus. Vestibulum vitae nunc lorem. Sed lacinia lectus vel augue imperdiet ultricies. Donec id venenatis ex, vitae pretium ligula. Sed nulla eros, dignissim at feugiat non, posuere sit amet urna. Ut eu porttitor tellus. Cras eu massa nulla. Morbi porta fermentum elit eu iaculis. Pellentesque hendrerit venenatis purus at feugiat. Pellentesque vitae feugiat purus. Donec mattis rhoncus lacinia. Sed quam diam, molestie id laoreet eu, lacinia ac turpis. Cras tincidunt lobortis elit quis aliquam. Proin et massa libero.

Aliquam id pharetra arcu. Vivamus vitae mattis ligula. Sed efficitur urna vitae scelerisque tempor. Proin purus magna, vulputate eu ligula a, vehicula malesuada enim. Curabitur aliquet rutrum enim et tincidunt. Vestibulum ante ipsum primis in faucibus orci luctus et ultrices posuere cubilia curae; Vivamus pharetra enim leo, nec molestie nibh consectetur quis. Class aptent taciti sociosqu ad litora torquent per conubia nostra, per inceptos himenaeos. Nunc quis maximus elit, vitae pulvinar urna. Integer at mi elit. Phasellus vitae rutrum sem. Vivamus et mauris ac nisl congue congue eu eget elit. Nullam at quam velit. Pellentesque dictum, diam nec tempor aliquet, tortor justo fermentum sapien, at condimentum turpis elit vel sapien. Aenean rutrum tellus sodales tortor viverra eleifend.

Donec facilisis, diam efficitur maximus ultrices, enim lectus rutrum elit, eget malesuada mi justo dapibus enim. Maecenas finibus euismod nulla quis dignissim. Sed dictum ante rutrum turpis euismod laoreet. Sed placerat tellus leo. In ut lobortis lorem. Nullam vitae lectus egestas urna tincidunt aliquet. Ut sagittis vel enim eget malesuada. Cras in congue tortor. Interdum et malesuada fames ac ante ipsum primis in faucibus. Nunc tempus consequat neque, et eleifend nulla aliquam eu.",Author 79,16,tu-ien-bang-hinh-cho-tre-mam-non-nhung-tu-au-tien-tai-ban-2019,NXB 79,2000,18
https://cdn1.fahasa.com/media/catalog/product/i/m/image_244718_1_5020.jpg,Từ Điển Bằng Hình Cho Trẻ Mầm Non - Động Vật (Tái Bản 2020),127500,39,9780085481195,"Lorem ipsum dolor sit amet, consectetur adipiscing elit. Nam congue vel tellus non luctus. Vestibulum vitae nunc lorem. Sed lacinia lectus vel augue imperdiet ultricies. Donec id venenatis ex, vitae pretium ligula. Sed nulla eros, dignissim at feugiat non, posuere sit amet urna. Ut eu porttitor tellus. Cras eu massa nulla. Morbi porta fermentum elit eu iaculis. Pellentesque hendrerit venenatis purus at feugiat. Pellentesque vitae feugiat purus. Donec mattis rhoncus lacinia. Sed quam diam, molestie id laoreet eu, lacinia ac turpis. Cras tincidunt lobortis elit quis aliquam. Proin et massa libero.

Aliquam id pharetra arcu. Vivamus vitae mattis ligula. Sed efficitur urna vitae scelerisque tempor. Proin purus magna, vulputate eu ligula a, vehicula malesuada enim. Curabitur aliquet rutrum enim et tincidunt. Vestibulum ante ipsum primis in faucibus orci luctus et ultrices posuere cubilia curae; Vivamus pharetra enim leo, nec molestie nibh consectetur quis. Class aptent taciti sociosqu ad litora torquent per conubia nostra, per inceptos himenaeos. Nunc quis maximus elit, vitae pulvinar urna. Integer at mi elit. Phasellus vitae rutrum sem. Vivamus et mauris ac nisl congue congue eu eget elit. Nullam at quam velit. Pellentesque dictum, diam nec tempor aliquet, tortor justo fermentum sapien, at condimentum turpis elit vel sapien. Aenean rutrum tellus sodales tortor viverra eleifend.

Donec facilisis, diam efficitur maximus ultrices, enim lectus rutrum elit, eget malesuada mi justo dapibus enim. Maecenas finibus euismod nulla quis dignissim. Sed dictum ante rutrum turpis euismod laoreet. Sed placerat tellus leo. In ut lobortis lorem. Nullam vitae lectus egestas urna tincidunt aliquet. Ut sagittis vel enim eget malesuada. Cras in congue tortor. Interdum et malesuada fames ac ante ipsum primis in faucibus. Nunc tempus consequat neque, et eleifend nulla aliquam eu.",Author 80,6,tu-ien-bang-hinh-cho-tre-mam-non-ong-vat-tai-ban-2020,NXB 80,2013,15
https://cdn1.fahasa.com/media/catalog/product/8/9/8931805678175.jpg,Từ Điển Bằng Hình - Phương Tiện Giao Thông,44000,39,9780085481196,"Lorem ipsum dolor sit amet, consectetur adipiscing elit. Nam congue vel tellus non luctus. Vestibulum vitae nunc lorem. Sed lacinia lectus vel augue imperdiet ultricies. Donec id venenatis ex, vitae pretium ligula. Sed nulla eros, dignissim at feugiat non, posuere sit amet urna. Ut eu porttitor tellus. Cras eu massa nulla. Morbi porta fermentum elit eu iaculis. Pellentesque hendrerit venenatis purus at feugiat. Pellentesque vitae feugiat purus. Donec mattis rhoncus lacinia. Sed quam diam, molestie id laoreet eu, lacinia ac turpis. Cras tincidunt lobortis elit quis aliquam. Proin et massa libero.

Aliquam id pharetra arcu. Vivamus vitae mattis ligula. Sed efficitur urna vitae scelerisque tempor. Proin purus magna, vulputate eu ligula a, vehicula malesuada enim. Curabitur aliquet rutrum enim et tincidunt. Vestibulum ante ipsum primis in faucibus orci luctus et ultrices posuere cubilia curae; Vivamus pharetra enim leo, nec molestie nibh consectetur quis. Class aptent taciti sociosqu ad litora torquent per conubia nostra, per inceptos himenaeos. Nunc quis maximus elit, vitae pulvinar urna. Integer at mi elit. Phasellus vitae rutrum sem. Vivamus et mauris ac nisl congue congue eu eget elit. Nullam at quam velit. Pellentesque dictum, diam nec tempor aliquet, tortor justo fermentum sapien, at condimentum turpis elit vel sapien. Aenean rutrum tellus sodales tortor viverra eleifend.

Donec facilisis, diam efficitur maximus ultrices, enim lectus rutrum elit, eget malesuada mi justo dapibus enim. Maecenas finibus euismod nulla quis dignissim. Sed dictum ante rutrum turpis euismod laoreet. Sed placerat tellus leo. In ut lobortis lorem. Nullam vitae lectus egestas urna tincidunt aliquet. Ut sagittis vel enim eget malesuada. Cras in congue tortor. Interdum et malesuada fames ac ante ipsum primis in faucibus. Nunc tempus consequat neque, et eleifend nulla aliquam eu.",Author 81,9,tu-ien-bang-hinh-phuong-tien-giao-thong,NXB 81,2004,13
https://cdn1.fahasa.com/media/catalog/product/i/m/image_195509_1_43904.jpg,Từ Điển Hình Ảnh Cho Bé - Chữ Cái Tiếng Anh,25500,39,9780085481197,"Lorem ipsum dolor sit amet, consectetur adipiscing elit. Nam congue vel tellus non luctus. Vestibulum vitae nunc lorem. Sed lacinia lectus vel augue imperdiet ultricies. Donec id venenatis ex, vitae pretium ligula. Sed nulla eros, dignissim at feugiat non, posuere sit amet urna. Ut eu porttitor tellus. Cras eu massa nulla. Morbi porta fermentum elit eu iaculis. Pellentesque hendrerit venenatis purus at feugiat. Pellentesque vitae feugiat purus. Donec mattis rhoncus lacinia. Sed quam diam, molestie id laoreet eu, lacinia ac turpis. Cras tincidunt lobortis elit quis aliquam. Proin et massa libero.

Aliquam id pharetra arcu. Vivamus vitae mattis ligula. Sed efficitur urna vitae scelerisque tempor. Proin purus magna, vulputate eu ligula a, vehicula malesuada enim. Curabitur aliquet rutrum enim et tincidunt. Vestibulum ante ipsum primis in faucibus orci luctus et ultrices posuere cubilia curae; Vivamus pharetra enim leo, nec molestie nibh consectetur quis. Class aptent taciti sociosqu ad litora torquent per conubia nostra, per inceptos himenaeos. Nunc quis maximus elit, vitae pulvinar urna. Integer at mi elit. Phasellus vitae rutrum sem. Vivamus et mauris ac nisl congue congue eu eget elit. Nullam at quam velit. Pellentesque dictum, diam nec tempor aliquet, tortor justo fermentum sapien, at condimentum turpis elit vel sapien. Aenean rutrum tellus sodales tortor viverra eleifend.

Donec facilisis, diam efficitur maximus ultrices, enim lectus rutrum elit, eget malesuada mi justo dapibus enim. Maecenas finibus euismod nulla quis dignissim. Sed dictum ante rutrum turpis euismod laoreet. Sed placerat tellus leo. In ut lobortis lorem. Nullam vitae lectus egestas urna tincidunt aliquet. Ut sagittis vel enim eget malesuada. Cras in congue tortor. Interdum et malesuada fames ac ante ipsum primis in faucibus. Nunc tempus consequat neque, et eleifend nulla aliquam eu.",Author 82,13,tu-ien-hinh-anh-cho-be-chu-cai-tieng-anh,NXB 82,2025,8
https://cdn1.fahasa.com/media/catalog/product/8/9/8935212359696.jpg,Bộ Từ Điển Bằng Hình Cho Bé (Bộ 6 Cuốn),134000,39,9780085481198,"Lorem ipsum dolor sit amet, consectetur adipiscing elit. Nam congue vel tellus non luctus. Vestibulum vitae nunc lorem. Sed lacinia lectus vel augue imperdiet ultricies. Donec id venenatis ex, vitae pretium ligula. Sed nulla eros, dignissim at feugiat non, posuere sit amet urna. Ut eu porttitor tellus. Cras eu massa nulla. Morbi porta fermentum elit eu iaculis. Pellentesque hendrerit venenatis purus at feugiat. Pellentesque vitae feugiat purus. Donec mattis rhoncus lacinia. Sed quam diam, molestie id laoreet eu, lacinia ac turpis. Cras tincidunt lobortis elit quis aliquam. Proin et massa libero.

Aliquam id pharetra arcu. Vivamus vitae mattis ligula. Sed efficitur urna vitae scelerisque tempor. Proin purus magna, vulputate eu ligula a, vehicula malesuada enim. Curabitur aliquet rutrum enim et tincidunt. Vestibulum ante ipsum primis in faucibus orci luctus et ultrices posuere cubilia curae; Vivamus pharetra enim leo, nec molestie nibh consectetur quis. Class aptent taciti sociosqu ad litora torquent per conubia nostra, per inceptos himenaeos. Nunc quis maximus elit, vitae pulvinar urna. Integer at mi elit. Phasellus vitae rutrum sem. Vivamus et mauris ac nisl congue congue eu eget elit. Nullam at quam velit. Pellentesque dictum, diam nec tempor aliquet, tortor justo fermentum sapien, at condimentum turpis elit vel sapien. Aenean rutrum tellus sodales tortor viverra eleifend.

Donec facilisis, diam efficitur maximus ultrices, enim lectus rutrum elit, eget malesuada mi justo dapibus enim. Maecenas finibus euismod nulla quis dignissim. Sed dictum ante rutrum turpis euismod laoreet. Sed placerat tellus leo. In ut lobortis lorem. Nullam vitae lectus egestas urna tincidunt aliquet. Ut sagittis vel enim eget malesuada. Cras in congue tortor. Interdum et malesuada fames ac ante ipsum primis in faucibus. Nunc tempus consequat neque, et eleifend nulla aliquam eu.",Author 83,9,bo-tu-ien-bang-hinh-cho-be-bo-6-cuon,NXB 83,2016,11
https://cdn1.fahasa.com/media/catalog/product/8/9/8931805678199.jpg,Từ Điển Bằng Hình - Động Vật Nuôi Và Thú Cưng,44000,39,9780085481199,"Lorem ipsum dolor sit amet, consectetur adipiscing elit. Nam congue vel tellus non luctus. Vestibulum vitae nunc lorem. Sed lacinia lectus vel augue imperdiet ultricies. Donec id venenatis ex, vitae pretium ligula. Sed nulla eros, dignissim at feugiat non, posuere sit amet urna. Ut eu porttitor tellus. Cras eu massa nulla. Morbi porta fermentum elit eu iaculis. Pellentesque hendrerit venenatis purus at feugiat. Pellentesque vitae feugiat purus. Donec mattis rhoncus lacinia. Sed quam diam, molestie id laoreet eu, lacinia ac turpis. Cras tincidunt lobortis elit quis aliquam. Proin et massa libero.

Aliquam id pharetra arcu. Vivamus vitae mattis ligula. Sed efficitur urna vitae scelerisque tempor. Proin purus magna, vulputate eu ligula a, vehicula malesuada enim. Curabitur aliquet rutrum enim et tincidunt. Vestibulum ante ipsum primis in faucibus orci luctus et ultrices posuere cubilia curae; Vivamus pharetra enim leo, nec molestie nibh consectetur quis. Class aptent taciti sociosqu ad litora torquent per conubia nostra, per inceptos himenaeos. Nunc quis maximus elit, vitae pulvinar urna. Integer at mi elit. Phasellus vitae rutrum sem. Vivamus et mauris ac nisl congue congue eu eget elit. Nullam at quam velit. Pellentesque dictum, diam nec tempor aliquet, tortor justo fermentum sapien, at condimentum turpis elit vel sapien. Aenean rutrum tellus sodales tortor viverra eleifend.

Donec facilisis, diam efficitur maximus ultrices, enim lectus rutrum elit, eget malesuada mi justo dapibus enim. Maecenas finibus euismod nulla quis dignissim. Sed dictum ante rutrum turpis euismod laoreet. Sed placerat tellus leo. In ut lobortis lorem. Nullam vitae lectus egestas urna tincidunt aliquet. Ut sagittis vel enim eget malesuada. Cras in congue tortor. Interdum et malesuada fames ac ante ipsum primis in faucibus. Nunc tempus consequat neque, et eleifend nulla aliquam eu.",Author 84,3,tu-ien-bang-hinh-ong-vat-nuoi-va-thu-cung,NXB 84,2012,15
https://cdn1.fahasa.com/media/catalog/product/i/m/image_195509_1_43905.jpg,Từ Điển Hình Ảnh Cho Bé - Trái Cây,25500,39,9780085481200,"Lorem ipsum dolor sit amet, consectetur adipiscing elit. Nam congue vel tellus non luctus. Vestibulum vitae nunc lorem. Sed lacinia lectus vel augue imperdiet ultricies. Donec id venenatis ex, vitae pretium ligula. Sed nulla eros, dignissim at feugiat non, posuere sit amet urna. Ut eu porttitor tellus. Cras eu massa nulla. Morbi porta fermentum elit eu iaculis. Pellentesque hendrerit venenatis purus at feugiat. Pellentesque vitae feugiat purus. Donec mattis rhoncus lacinia. Sed quam diam, molestie id laoreet eu, lacinia ac turpis. Cras tincidunt lobortis elit quis aliquam. Proin et massa libero.

Aliquam id pharetra arcu. Vivamus vitae mattis ligula. Sed efficitur urna vitae scelerisque tempor. Proin purus magna, vulputate eu ligula a, vehicula malesuada enim. Curabitur aliquet rutrum enim et tincidunt. Vestibulum ante ipsum primis in faucibus orci luctus et ultrices posuere cubilia curae; Vivamus pharetra enim leo, nec molestie nibh consectetur quis. Class aptent taciti sociosqu ad litora torquent per conubia nostra, per inceptos himenaeos. Nunc quis maximus elit, vitae pulvinar urna. Integer at mi elit. Phasellus vitae rutrum sem. Vivamus et mauris ac nisl congue congue eu eget elit. Nullam at quam velit. Pellentesque dictum, diam nec tempor aliquet, tortor justo fermentum sapien, at condimentum turpis elit vel sapien. Aenean rutrum tellus sodales tortor viverra eleifend.

Donec facilisis, diam efficitur maximus ultrices, enim lectus rutrum elit, eget malesuada mi justo dapibus enim. Maecenas finibus euismod nulla quis dignissim. Sed dictum ante rutrum turpis euismod laoreet. Sed placerat tellus leo. In ut lobortis lorem. Nullam vitae lectus egestas urna tincidunt aliquet. Ut sagittis vel enim eget malesuada. Cras in congue tortor. Interdum et malesuada fames ac ante ipsum primis in faucibus. Nunc tempus consequat neque, et eleifend nulla aliquam eu.",Author 85,7,tu-ien-hinh-anh-cho-be-trai-cay,NXB 85,2011,15
https://cdn1.fahasa.com/media/catalog/product/8/9/8935212358378.jpg,Từ Điển Bằng Hình Cho Bé - Các Loài Động Vật - Animals,22000,39,9780085481201,"Lorem ipsum dolor sit amet, consectetur adipiscing elit. Nam congue vel tellus non luctus. Vestibulum vitae nunc lorem. Sed lacinia lectus vel augue imperdiet ultricies. Donec id venenatis ex, vitae pretium ligula. Sed nulla eros, dignissim at feugiat non, posuere sit amet urna. Ut eu porttitor tellus. Cras eu massa nulla. Morbi porta fermentum elit eu iaculis. Pellentesque hendrerit venenatis purus at feugiat. Pellentesque vitae feugiat purus. Donec mattis rhoncus lacinia. Sed quam diam, molestie id laoreet eu, lacinia ac turpis. Cras tincidunt lobortis elit quis aliquam. Proin et massa libero.

Aliquam id pharetra arcu. Vivamus vitae mattis ligula. Sed efficitur urna vitae scelerisque tempor. Proin purus magna, vulputate eu ligula a, vehicula malesuada enim. Curabitur aliquet rutrum enim et tincidunt. Vestibulum ante ipsum primis in faucibus orci luctus et ultrices posuere cubilia curae; Vivamus pharetra enim leo, nec molestie nibh consectetur quis. Class aptent taciti sociosqu ad litora torquent per conubia nostra, per inceptos himenaeos. Nunc quis maximus elit, vitae pulvinar urna. Integer at mi elit. Phasellus vitae rutrum sem. Vivamus et mauris ac nisl congue congue eu eget elit. Nullam at quam velit. Pellentesque dictum, diam nec tempor aliquet, tortor justo fermentum sapien, at condimentum turpis elit vel sapien. Aenean rutrum tellus sodales tortor viverra eleifend.

Donec facilisis, diam efficitur maximus ultrices, enim lectus rutrum elit, eget malesuada mi justo dapibus enim. Maecenas finibus euismod nulla quis dignissim. Sed dictum ante rutrum turpis euismod laoreet. Sed placerat tellus leo. In ut lobortis lorem. Nullam vitae lectus egestas urna tincidunt aliquet. Ut sagittis vel enim eget malesuada. Cras in congue tortor. Interdum et malesuada fames ac ante ipsum primis in faucibus. Nunc tempus consequat neque, et eleifend nulla aliquam eu.",Author 86,7,tu-ien-bang-hinh-cho-be-cac-loai-ong-vat-animals,NXB 86,2007,14
https://cdn1.fahasa.com/media/catalog/product/8/9/8931805678182.jpg,Từ Điển Bằng Hình - Chữ Cái Và Số Đếm,44000,39,9780085481202,"Lorem ipsum dolor sit amet, consectetur adipiscing elit. Nam congue vel tellus non luctus. Vestibulum vitae nunc lorem. Sed lacinia lectus vel augue imperdiet ultricies. Donec id venenatis ex, vitae pretium ligula. Sed nulla eros, dignissim at feugiat non, posuere sit amet urna. Ut eu porttitor tellus. Cras eu massa nulla. Morbi porta fermentum elit eu iaculis. Pellentesque hendrerit venenatis purus at feugiat. Pellentesque vitae feugiat purus. Donec mattis rhoncus lacinia. Sed quam diam, molestie id laoreet eu, lacinia ac turpis. Cras tincidunt lobortis elit quis aliquam. Proin et massa libero.

Aliquam id pharetra arcu. Vivamus vitae mattis ligula. Sed efficitur urna vitae scelerisque tempor. Proin purus magna, vulputate eu ligula a, vehicula malesuada enim. Curabitur aliquet rutrum enim et tincidunt. Vestibulum ante ipsum primis in faucibus orci luctus et ultrices posuere cubilia curae; Vivamus pharetra enim leo, nec molestie nibh consectetur quis. Class aptent taciti sociosqu ad litora torquent per conubia nostra, per inceptos himenaeos. Nunc quis maximus elit, vitae pulvinar urna. Integer at mi elit. Phasellus vitae rutrum sem. Vivamus et mauris ac nisl congue congue eu eget elit. Nullam at quam velit. Pellentesque dictum, diam nec tempor aliquet, tortor justo fermentum sapien, at condimentum turpis elit vel sapien. Aenean rutrum tellus sodales tortor viverra eleifend.

Donec facilisis, diam efficitur maximus ultrices, enim lectus rutrum elit, eget malesuada mi justo dapibus enim. Maecenas finibus euismod nulla quis dignissim. Sed dictum ante rutrum turpis euismod laoreet. Sed placerat tellus leo. In ut lobortis lorem. Nullam vitae lectus egestas urna tincidunt aliquet. Ut sagittis vel enim eget malesuada. Cras in congue tortor. Interdum et malesuada fames ac ante ipsum primis in faucibus. Nunc tempus consequat neque, et eleifend nulla aliquam eu.",Author 87,15,tu-ien-bang-hinh-chu-cai-va-so-em,NXB 87,2016,18
https://cdn1.fahasa.com/media/catalog/product/i/m/image_195509_1_43906.jpg,Từ Điển Hình Ảnh Cho Bé - Rau Củ,25500,39,9780085481203,"Lorem ipsum dolor sit amet, consectetur adipiscing elit. Nam congue vel tellus non luctus. Vestibulum vitae nunc lorem. Sed lacinia lectus vel augue imperdiet ultricies. Donec id venenatis ex, vitae pretium ligula. Sed nulla eros, dignissim at feugiat non, posuere sit amet urna. Ut eu porttitor tellus. Cras eu massa nulla. Morbi porta fermentum elit eu iaculis. Pellentesque hendrerit venenatis purus at feugiat. Pellentesque vitae feugiat purus. Donec mattis rhoncus lacinia. Sed quam diam, molestie id laoreet eu, lacinia ac turpis. Cras tincidunt lobortis elit quis aliquam. Proin et massa libero.

Aliquam id pharetra arcu. Vivamus vitae mattis ligula. Sed efficitur urna vitae scelerisque tempor. Proin purus magna, vulputate eu ligula a, vehicula malesuada enim. Curabitur aliquet rutrum enim et tincidunt. Vestibulum ante ipsum primis in faucibus orci luctus et ultrices posuere cubilia curae; Vivamus pharetra enim leo, nec molestie nibh consectetur quis. Class aptent taciti sociosqu ad litora torquent per conubia nostra, per inceptos himenaeos. Nunc quis maximus elit, vitae pulvinar urna. Integer at mi elit. Phasellus vitae rutrum sem. Vivamus et mauris ac nisl congue congue eu eget elit. Nullam at quam velit. Pellentesque dictum, diam nec tempor aliquet, tortor justo fermentum sapien, at condimentum turpis elit vel sapien. Aenean rutrum tellus sodales tortor viverra eleifend.

Donec facilisis, diam efficitur maximus ultrices, enim lectus rutrum elit, eget malesuada mi justo dapibus enim. Maecenas finibus euismod nulla quis dignissim. Sed dictum ante rutrum turpis euismod laoreet. Sed placerat tellus leo. In ut lobortis lorem. Nullam vitae lectus egestas urna tincidunt aliquet. Ut sagittis vel enim eget malesuada. Cras in congue tortor. Interdum et malesuada fames ac ante ipsum primis in faucibus. Nunc tempus consequat neque, et eleifend nulla aliquam eu.",Author 88,13,tu-ien-hinh-anh-cho-be-rau-cu,NXB 88,2022,15
https://cdn1.fahasa.com/media/catalog/product/8/9/8935212358408.jpg,Từ Điển Bằng Hình Cho Bé - Quốc Kỳ Trên Thế Giới - Flags,22000,39,9780085481204,"Lorem ipsum dolor sit amet, consectetur adipiscing elit. Nam congue vel tellus non luctus. Vestibulum vitae nunc lorem. Sed lacinia lectus vel augue imperdiet ultricies. Donec id venenatis ex, vitae pretium ligula. Sed nulla eros, dignissim at feugiat non, posuere sit amet urna. Ut eu porttitor tellus. Cras eu massa nulla. Morbi porta fermentum elit eu iaculis. Pellentesque hendrerit venenatis purus at feugiat. Pellentesque vitae feugiat purus. Donec mattis rhoncus lacinia. Sed quam diam, molestie id laoreet eu, lacinia ac turpis. Cras tincidunt lobortis elit quis aliquam. Proin et massa libero.

Aliquam id pharetra arcu. Vivamus vitae mattis ligula. Sed efficitur urna vitae scelerisque tempor. Proin purus magna, vulputate eu ligula a, vehicula malesuada enim. Curabitur aliquet rutrum enim et tincidunt. Vestibulum ante ipsum primis in faucibus orci luctus et ultrices posuere cubilia curae; Vivamus pharetra enim leo, nec molestie nibh consectetur quis. Class aptent taciti sociosqu ad litora torquent per conubia nostra, per inceptos himenaeos. Nunc quis maximus elit, vitae pulvinar urna. Integer at mi elit. Phasellus vitae rutrum sem. Vivamus et mauris ac nisl congue congue eu eget elit. Nullam at quam velit. Pellentesque dictum, diam nec tempor aliquet, tortor justo fermentum sapien, at condimentum turpis elit vel sapien. Aenean rutrum tellus sodales tortor viverra eleifend.

Donec facilisis, diam efficitur maximus ultrices, enim lectus rutrum elit, eget malesuada mi justo dapibus enim. Maecenas finibus euismod nulla quis dignissim. Sed dictum ante rutrum turpis euismod laoreet. Sed placerat tellus leo. In ut lobortis lorem. Nullam vitae lectus egestas urna tincidunt aliquet. Ut sagittis vel enim eget malesuada. Cras in congue tortor. Interdum et malesuada fames ac ante ipsum primis in faucibus. Nunc tempus consequat neque, et eleifend nulla aliquam eu.",Author 89,11,tu-ien-bang-hinh-cho-be-quoc-ky-tren-the-gioi-flags,NXB 89,2020,14
https://cdn1.fahasa.com/media/catalog/product/8/9/8935212358415.jpg,Từ Điển Bằng Hình Cho Bé - Các Loại Hoa Quả - Fruits,22000,39,9780085481205,"Lorem ipsum dolor sit amet, consectetur adipiscing elit. Nam congue vel tellus non luctus. Vestibulum vitae nunc lorem. Sed lacinia lectus vel augue imperdiet ultricies. Donec id venenatis ex, vitae pretium ligula. Sed nulla eros, dignissim at feugiat non, posuere sit amet urna. Ut eu porttitor tellus. Cras eu massa nulla. Morbi porta fermentum elit eu iaculis. Pellentesque hendrerit venenatis purus at feugiat. Pellentesque vitae feugiat purus. Donec mattis rhoncus lacinia. Sed quam diam, molestie id laoreet eu, lacinia ac turpis. Cras tincidunt lobortis elit quis aliquam. Proin et massa libero.

Aliquam id pharetra arcu. Vivamus vitae mattis ligula. Sed efficitur urna vitae scelerisque tempor. Proin purus magna, vulputate eu ligula a, vehicula malesuada enim. Curabitur aliquet rutrum enim et tincidunt. Vestibulum ante ipsum primis in faucibus orci luctus et ultrices posuere cubilia curae; Vivamus pharetra enim leo, nec molestie nibh consectetur quis. Class aptent taciti sociosqu ad litora torquent per conubia nostra, per inceptos himenaeos. Nunc quis maximus elit, vitae pulvinar urna. Integer at mi elit. Phasellus vitae rutrum sem. Vivamus et mauris ac nisl congue congue eu eget elit. Nullam at quam velit. Pellentesque dictum, diam nec tempor aliquet, tortor justo fermentum sapien, at condimentum turpis elit vel sapien. Aenean rutrum tellus sodales tortor viverra eleifend.

Donec facilisis, diam efficitur maximus ultrices, enim lectus rutrum elit, eget malesuada mi justo dapibus enim. Maecenas finibus euismod nulla quis dignissim. Sed dictum ante rutrum turpis euismod laoreet. Sed placerat tellus leo. In ut lobortis lorem. Nullam vitae lectus egestas urna tincidunt aliquet. Ut sagittis vel enim eget malesuada. Cras in congue tortor. Interdum et malesuada fames ac ante ipsum primis in faucibus. Nunc tempus consequat neque, et eleifend nulla aliquam eu.",Author 90,17,tu-ien-bang-hinh-cho-be-cac-loai-hoa-qua-fruits,NXB 90,2002,17
https://cdn1.fahasa.com/media/catalog/product/i/m/image_195509_1_43659_1.jpg,Từ Điển Bằng Hình - Song Ngữ Anh-Việt - Thế Giới Động Vật (Tái Bản 2023),42160,39,9780085481206,"Lorem ipsum dolor sit amet, consectetur adipiscing elit. Nam congue vel tellus non luctus. Vestibulum vitae nunc lorem. Sed lacinia lectus vel augue imperdiet ultricies. Donec id venenatis ex, vitae pretium ligula. Sed nulla eros, dignissim at feugiat non, posuere sit amet urna. Ut eu porttitor tellus. Cras eu massa nulla. Morbi porta fermentum elit eu iaculis. Pellentesque hendrerit venenatis purus at feugiat. Pellentesque vitae feugiat purus. Donec mattis rhoncus lacinia. Sed quam diam, molestie id laoreet eu, lacinia ac turpis. Cras tincidunt lobortis elit quis aliquam. Proin et massa libero.

Aliquam id pharetra arcu. Vivamus vitae mattis ligula. Sed efficitur urna vitae scelerisque tempor. Proin purus magna, vulputate eu ligula a, vehicula malesuada enim. Curabitur aliquet rutrum enim et tincidunt. Vestibulum ante ipsum primis in faucibus orci luctus et ultrices posuere cubilia curae; Vivamus pharetra enim leo, nec molestie nibh consectetur quis. Class aptent taciti sociosqu ad litora torquent per conubia nostra, per inceptos himenaeos. Nunc quis maximus elit, vitae pulvinar urna. Integer at mi elit. Phasellus vitae rutrum sem. Vivamus et mauris ac nisl congue congue eu eget elit. Nullam at quam velit. Pellentesque dictum, diam nec tempor aliquet, tortor justo fermentum sapien, at condimentum turpis elit vel sapien. Aenean rutrum tellus sodales tortor viverra eleifend.

Donec facilisis, diam efficitur maximus ultrices, enim lectus rutrum elit, eget malesuada mi justo dapibus enim. Maecenas finibus euismod nulla quis dignissim. Sed dictum ante rutrum turpis euismod laoreet. Sed placerat tellus leo. In ut lobortis lorem. Nullam vitae lectus egestas urna tincidunt aliquet. Ut sagittis vel enim eget malesuada. Cras in congue tortor. Interdum et malesuada fames ac ante ipsum primis in faucibus. Nunc tempus consequat neque, et eleifend nulla aliquam eu.",Author 91,7,tu-ien-bang-hinh-song-ngu-anh-viet-the-gioi-ong-vat-tai-ban-2023,NXB 91,2022,3
https://cdn1.fahasa.com/media/catalog/product/8/9/8931805678076.jpg,Từ Điển Hình Ảnh Cho Bé - Đồ Chơi,25500,39,9780085481207,"Lorem ipsum dolor sit amet, consectetur adipiscing elit. Nam congue vel tellus non luctus. Vestibulum vitae nunc lorem. Sed lacinia lectus vel augue imperdiet ultricies. Donec id venenatis ex, vitae pretium ligula. Sed nulla eros, dignissim at feugiat non, posuere sit amet urna. Ut eu porttitor tellus. Cras eu massa nulla. Morbi porta fermentum elit eu iaculis. Pellentesque hendrerit venenatis purus at feugiat. Pellentesque vitae feugiat purus. Donec mattis rhoncus lacinia. Sed quam diam, molestie id laoreet eu, lacinia ac turpis. Cras tincidunt lobortis elit quis aliquam. Proin et massa libero.

Aliquam id pharetra arcu. Vivamus vitae mattis ligula. Sed efficitur urna vitae scelerisque tempor. Proin purus magna, vulputate eu ligula a, vehicula malesuada enim. Curabitur aliquet rutrum enim et tincidunt. Vestibulum ante ipsum primis in faucibus orci luctus et ultrices posuere cubilia curae; Vivamus pharetra enim leo, nec molestie nibh consectetur quis. Class aptent taciti sociosqu ad litora torquent per conubia nostra, per inceptos himenaeos. Nunc quis maximus elit, vitae pulvinar urna. Integer at mi elit. Phasellus vitae rutrum sem. Vivamus et mauris ac nisl congue congue eu eget elit. Nullam at quam velit. Pellentesque dictum, diam nec tempor aliquet, tortor justo fermentum sapien, at condimentum turpis elit vel sapien. Aenean rutrum tellus sodales tortor viverra eleifend.

Donec facilisis, diam efficitur maximus ultrices, enim lectus rutrum elit, eget malesuada mi justo dapibus enim. Maecenas finibus euismod nulla quis dignissim. Sed dictum ante rutrum turpis euismod laoreet. Sed placerat tellus leo. In ut lobortis lorem. Nullam vitae lectus egestas urna tincidunt aliquet. Ut sagittis vel enim eget malesuada. Cras in congue tortor. Interdum et malesuada fames ac ante ipsum primis in faucibus. Nunc tempus consequat neque, et eleifend nulla aliquam eu.",Author 92,4,tu-ien-hinh-anh-cho-be-o-choi,NXB 92,2004,9
https://cdn1.fahasa.com/media/catalog/product/8/9/8935212358439.jpg,Từ Điển Bằng Hình Cho Bé - Các Loại Rau Củ - Vegetables,22000,39,9780085481208,"Lorem ipsum dolor sit amet, consectetur adipiscing elit. Nam congue vel tellus non luctus. Vestibulum vitae nunc lorem. Sed lacinia lectus vel augue imperdiet ultricies. Donec id venenatis ex, vitae pretium ligula. Sed nulla eros, dignissim at feugiat non, posuere sit amet urna. Ut eu porttitor tellus. Cras eu massa nulla. Morbi porta fermentum elit eu iaculis. Pellentesque hendrerit venenatis purus at feugiat. Pellentesque vitae feugiat purus. Donec mattis rhoncus lacinia. Sed quam diam, molestie id laoreet eu, lacinia ac turpis. Cras tincidunt lobortis elit quis aliquam. Proin et massa libero.

Aliquam id pharetra arcu. Vivamus vitae mattis ligula. Sed efficitur urna vitae scelerisque tempor. Proin purus magna, vulputate eu ligula a, vehicula malesuada enim. Curabitur aliquet rutrum enim et tincidunt. Vestibulum ante ipsum primis in faucibus orci luctus et ultrices posuere cubilia curae; Vivamus pharetra enim leo, nec molestie nibh consectetur quis. Class aptent taciti sociosqu ad litora torquent per conubia nostra, per inceptos himenaeos. Nunc quis maximus elit, vitae pulvinar urna. Integer at mi elit. Phasellus vitae rutrum sem. Vivamus et mauris ac nisl congue congue eu eget elit. Nullam at quam velit. Pellentesque dictum, diam nec tempor aliquet, tortor justo fermentum sapien, at condimentum turpis elit vel sapien. Aenean rutrum tellus sodales tortor viverra eleifend.

Donec facilisis, diam efficitur maximus ultrices, enim lectus rutrum elit, eget malesuada mi justo dapibus enim. Maecenas finibus euismod nulla quis dignissim. Sed dictum ante rutrum turpis euismod laoreet. Sed placerat tellus leo. In ut lobortis lorem. Nullam vitae lectus egestas urna tincidunt aliquet. Ut sagittis vel enim eget malesuada. Cras in congue tortor. Interdum et malesuada fames ac ante ipsum primis in faucibus. Nunc tempus consequat neque, et eleifend nulla aliquam eu.",Author 93,5,tu-ien-bang-hinh-cho-be-cac-loai-rau-cu-vegetables,NXB 93,2024,15
https://cdn1.fahasa.com/media/catalog/product/9/7/9786044770505.jpg,"Từ Điển Bằng Hình - Song Ngữ Anh-Việt - Hoa, Quả, Rau, Củ",42160,39,9780085481209,"Lorem ipsum dolor sit amet, consectetur adipiscing elit. Nam congue vel tellus non luctus. Vestibulum vitae nunc lorem. Sed lacinia lectus vel augue imperdiet ultricies. Donec id venenatis ex, vitae pretium ligula. Sed nulla eros, dignissim at feugiat non, posuere sit amet urna. Ut eu porttitor tellus. Cras eu massa nulla. Morbi porta fermentum elit eu iaculis. Pellentesque hendrerit venenatis purus at feugiat. Pellentesque vitae feugiat purus. Donec mattis rhoncus lacinia. Sed quam diam, molestie id laoreet eu, lacinia ac turpis. Cras tincidunt lobortis elit quis aliquam. Proin et massa libero.

Aliquam id pharetra arcu. Vivamus vitae mattis ligula. Sed efficitur urna vitae scelerisque tempor. Proin purus magna, vulputate eu ligula a, vehicula malesuada enim. Curabitur aliquet rutrum enim et tincidunt. Vestibulum ante ipsum primis in faucibus orci luctus et ultrices posuere cubilia curae; Vivamus pharetra enim leo, nec molestie nibh consectetur quis. Class aptent taciti sociosqu ad litora torquent per conubia nostra, per inceptos himenaeos. Nunc quis maximus elit, vitae pulvinar urna. Integer at mi elit. Phasellus vitae rutrum sem. Vivamus et mauris ac nisl congue congue eu eget elit. Nullam at quam velit. Pellentesque dictum, diam nec tempor aliquet, tortor justo fermentum sapien, at condimentum turpis elit vel sapien. Aenean rutrum tellus sodales tortor viverra eleifend.

Donec facilisis, diam efficitur maximus ultrices, enim lectus rutrum elit, eget malesuada mi justo dapibus enim. Maecenas finibus euismod nulla quis dignissim. Sed dictum ante rutrum turpis euismod laoreet. Sed placerat tellus leo. In ut lobortis lorem. Nullam vitae lectus egestas urna tincidunt aliquet. Ut sagittis vel enim eget malesuada. Cras in congue tortor. Interdum et malesuada fames ac ante ipsum primis in faucibus. Nunc tempus consequat neque, et eleifend nulla aliquam eu.",Author 94,6,tu-ien-bang-hinh-song-ngu-anh-viet-hoa-qua-rau-cu,NXB 94,2001,19
https://cdn1.fahasa.com/media/catalog/product/i/m/image_195509_1_43908.jpg,Từ Điển Hình Ảnh Cho Bé - Phương Tiện Giao Thông,25500,39,9780085481210,"Lorem ipsum dolor sit amet, consectetur adipiscing elit. Nam congue vel tellus non luctus. Vestibulum vitae nunc lorem. Sed lacinia lectus vel augue imperdiet ultricies. Donec id venenatis ex, vitae pretium ligula. Sed nulla eros, dignissim at feugiat non, posuere sit amet urna. Ut eu porttitor tellus. Cras eu massa nulla. Morbi porta fermentum elit eu iaculis. Pellentesque hendrerit venenatis purus at feugiat. Pellentesque vitae feugiat purus. Donec mattis rhoncus lacinia. Sed quam diam, molestie id laoreet eu, lacinia ac turpis. Cras tincidunt lobortis elit quis aliquam. Proin et massa libero.

Aliquam id pharetra arcu. Vivamus vitae mattis ligula. Sed efficitur urna vitae scelerisque tempor. Proin purus magna, vulputate eu ligula a, vehicula malesuada enim. Curabitur aliquet rutrum enim et tincidunt. Vestibulum ante ipsum primis in faucibus orci luctus et ultrices posuere cubilia curae; Vivamus pharetra enim leo, nec molestie nibh consectetur quis. Class aptent taciti sociosqu ad litora torquent per conubia nostra, per inceptos himenaeos. Nunc quis maximus elit, vitae pulvinar urna. Integer at mi elit. Phasellus vitae rutrum sem. Vivamus et mauris ac nisl congue congue eu eget elit. Nullam at quam velit. Pellentesque dictum, diam nec tempor aliquet, tortor justo fermentum sapien, at condimentum turpis elit vel sapien. Aenean rutrum tellus sodales tortor viverra eleifend.

Donec facilisis, diam efficitur maximus ultrices, enim lectus rutrum elit, eget malesuada mi justo dapibus enim. Maecenas finibus euismod nulla quis dignissim. Sed dictum ante rutrum turpis euismod laoreet. Sed placerat tellus leo. In ut lobortis lorem. Nullam vitae lectus egestas urna tincidunt aliquet. Ut sagittis vel enim eget malesuada. Cras in congue tortor. Interdum et malesuada fames ac ante ipsum primis in faucibus. Nunc tempus consequat neque, et eleifend nulla aliquam eu.",Author 95,13,tu-ien-hinh-anh-cho-be-phuong-tien-giao-thong,NXB 95,2023,4
https://cdn1.fahasa.com/media/catalog/product/8/9/8936067605532.jpg,Từ Điển Tranh Về Các Con Vật (2022),75000,39,9780085481211,"Lorem ipsum dolor sit amet, consectetur adipiscing elit. Nam congue vel tellus non luctus. Vestibulum vitae nunc lorem. Sed lacinia lectus vel augue imperdiet ultricies. Donec id venenatis ex, vitae pretium ligula. Sed nulla eros, dignissim at feugiat non, posuere sit amet urna. Ut eu porttitor tellus. Cras eu massa nulla. Morbi porta fermentum elit eu iaculis. Pellentesque hendrerit venenatis purus at feugiat. Pellentesque vitae feugiat purus. Donec mattis rhoncus lacinia. Sed quam diam, molestie id laoreet eu, lacinia ac turpis. Cras tincidunt lobortis elit quis aliquam. Proin et massa libero.

Aliquam id pharetra arcu. Vivamus vitae mattis ligula. Sed efficitur urna vitae scelerisque tempor. Proin purus magna, vulputate eu ligula a, vehicula malesuada enim. Curabitur aliquet rutrum enim et tincidunt. Vestibulum ante ipsum primis in faucibus orci luctus et ultrices posuere cubilia curae; Vivamus pharetra enim leo, nec molestie nibh consectetur quis. Class aptent taciti sociosqu ad litora torquent per conubia nostra, per inceptos himenaeos. Nunc quis maximus elit, vitae pulvinar urna. Integer at mi elit. Phasellus vitae rutrum sem. Vivamus et mauris ac nisl congue congue eu eget elit. Nullam at quam velit. Pellentesque dictum, diam nec tempor aliquet, tortor justo fermentum sapien, at condimentum turpis elit vel sapien. Aenean rutrum tellus sodales tortor viverra eleifend.

Donec facilisis, diam efficitur maximus ultrices, enim lectus rutrum elit, eget malesuada mi justo dapibus enim. Maecenas finibus euismod nulla quis dignissim. Sed dictum ante rutrum turpis euismod laoreet. Sed placerat tellus leo. In ut lobortis lorem. Nullam vitae lectus egestas urna tincidunt aliquet. Ut sagittis vel enim eget malesuada. Cras in congue tortor. Interdum et malesuada fames ac ante ipsum primis in faucibus. Nunc tempus consequat neque, et eleifend nulla aliquam eu.",Author 96,19,tu-ien-tranh-ve-cac-con-vat-2022,NXB 96,2013,17
https://cdn1.fahasa.com/media/catalog/product/8/9/8935072954147.jpg,Bé Yêu Tô Màu - Đội Chó Cứu Hộ Paw Patrol - Tập 3,9500,38,9780085481212,"Lorem ipsum dolor sit amet, consectetur adipiscing elit. Nam congue vel tellus non luctus. Vestibulum vitae nunc lorem. Sed lacinia lectus vel augue imperdiet ultricies. Donec id venenatis ex, vitae pretium ligula. Sed nulla eros, dignissim at feugiat non, posuere sit amet urna. Ut eu porttitor tellus. Cras eu massa nulla. Morbi porta fermentum elit eu iaculis. Pellentesque hendrerit venenatis purus at feugiat. Pellentesque vitae feugiat purus. Donec mattis rhoncus lacinia. Sed quam diam, molestie id laoreet eu, lacinia ac turpis. Cras tincidunt lobortis elit quis aliquam. Proin et massa libero.

Aliquam id pharetra arcu. Vivamus vitae mattis ligula. Sed efficitur urna vitae scelerisque tempor. Proin purus magna, vulputate eu ligula a, vehicula malesuada enim. Curabitur aliquet rutrum enim et tincidunt. Vestibulum ante ipsum primis in faucibus orci luctus et ultrices posuere cubilia curae; Vivamus pharetra enim leo, nec molestie nibh consectetur quis. Class aptent taciti sociosqu ad litora torquent per conubia nostra, per inceptos himenaeos. Nunc quis maximus elit, vitae pulvinar urna. Integer at mi elit. Phasellus vitae rutrum sem. Vivamus et mauris ac nisl congue congue eu eget elit. Nullam at quam velit. Pellentesque dictum, diam nec tempor aliquet, tortor justo fermentum sapien, at condimentum turpis elit vel sapien. Aenean rutrum tellus sodales tortor viverra eleifend.

Donec facilisis, diam efficitur maximus ultrices, enim lectus rutrum elit, eget malesuada mi justo dapibus enim. Maecenas finibus euismod nulla quis dignissim. Sed dictum ante rutrum turpis euismod laoreet. Sed placerat tellus leo. In ut lobortis lorem. Nullam vitae lectus egestas urna tincidunt aliquet. Ut sagittis vel enim eget malesuada. Cras in congue tortor. Interdum et malesuada fames ac ante ipsum primis in faucibus. Nunc tempus consequat neque, et eleifend nulla aliquam eu.",Author 97,12,be-yeu-to-mau-oi-cho-cuu-ho-paw-patrol-tap-3,NXB 97,2008,3
https://cdn1.fahasa.com/media/catalog/product/8/9/8935072954154.jpg,Bé Yêu Tô Màu - Đội Chó Cứu Hộ Paw Patrol - Tập 4,9500,38,9780085481213,"Lorem ipsum dolor sit amet, consectetur adipiscing elit. Nam congue vel tellus non luctus. Vestibulum vitae nunc lorem. Sed lacinia lectus vel augue imperdiet ultricies. Donec id venenatis ex, vitae pretium ligula. Sed nulla eros, dignissim at feugiat non, posuere sit amet urna. Ut eu porttitor tellus. Cras eu massa nulla. Morbi porta fermentum elit eu iaculis. Pellentesque hendrerit venenatis purus at feugiat. Pellentesque vitae feugiat purus. Donec mattis rhoncus lacinia. Sed quam diam, molestie id laoreet eu, lacinia ac turpis. Cras tincidunt lobortis elit quis aliquam. Proin et massa libero.

Aliquam id pharetra arcu. Vivamus vitae mattis ligula. Sed efficitur urna vitae scelerisque tempor. Proin purus magna, vulputate eu ligula a, vehicula malesuada enim. Curabitur aliquet rutrum enim et tincidunt. Vestibulum ante ipsum primis in faucibus orci luctus et ultrices posuere cubilia curae; Vivamus pharetra enim leo, nec molestie nibh consectetur quis. Class aptent taciti sociosqu ad litora torquent per conubia nostra, per inceptos himenaeos. Nunc quis maximus elit, vitae pulvinar urna. Integer at mi elit. Phasellus vitae rutrum sem. Vivamus et mauris ac nisl congue congue eu eget elit. Nullam at quam velit. Pellentesque dictum, diam nec tempor aliquet, tortor justo fermentum sapien, at condimentum turpis elit vel sapien. Aenean rutrum tellus sodales tortor viverra eleifend.

Donec facilisis, diam efficitur maximus ultrices, enim lectus rutrum elit, eget malesuada mi justo dapibus enim. Maecenas finibus euismod nulla quis dignissim. Sed dictum ante rutrum turpis euismod laoreet. Sed placerat tellus leo. In ut lobortis lorem. Nullam vitae lectus egestas urna tincidunt aliquet. Ut sagittis vel enim eget malesuada. Cras in congue tortor. Interdum et malesuada fames ac ante ipsum primis in faucibus. Nunc tempus consequat neque, et eleifend nulla aliquam eu.",Author 98,5,be-yeu-to-mau-oi-cho-cuu-ho-paw-patrol-tap-4,NXB 98,2003,5
https://cdn1.fahasa.com/media/catalog/product/8/9/8936036315394.jpg,Tập Tô Mẫu Giáo - Nét Cơ Bản 1 (Dành Cho 3-4 Tuổi),10000,38,9780085481214,"Lorem ipsum dolor sit amet, consectetur adipiscing elit. Nam congue vel tellus non luctus. Vestibulum vitae nunc lorem. Sed lacinia lectus vel augue imperdiet ultricies. Donec id venenatis ex, vitae pretium ligula. Sed nulla eros, dignissim at feugiat non, posuere sit amet urna. Ut eu porttitor tellus. Cras eu massa nulla. Morbi porta fermentum elit eu iaculis. Pellentesque hendrerit venenatis purus at feugiat. Pellentesque vitae feugiat purus. Donec mattis rhoncus lacinia. Sed quam diam, molestie id laoreet eu, lacinia ac turpis. Cras tincidunt lobortis elit quis aliquam. Proin et massa libero.

Aliquam id pharetra arcu. Vivamus vitae mattis ligula. Sed efficitur urna vitae scelerisque tempor. Proin purus magna, vulputate eu ligula a, vehicula malesuada enim. Curabitur aliquet rutrum enim et tincidunt. Vestibulum ante ipsum primis in faucibus orci luctus et ultrices posuere cubilia curae; Vivamus pharetra enim leo, nec molestie nibh consectetur quis. Class aptent taciti sociosqu ad litora torquent per conubia nostra, per inceptos himenaeos. Nunc quis maximus elit, vitae pulvinar urna. Integer at mi elit. Phasellus vitae rutrum sem. Vivamus et mauris ac nisl congue congue eu eget elit. Nullam at quam velit. Pellentesque dictum, diam nec tempor aliquet, tortor justo fermentum sapien, at condimentum turpis elit vel sapien. Aenean rutrum tellus sodales tortor viverra eleifend.

Donec facilisis, diam efficitur maximus ultrices, enim lectus rutrum elit, eget malesuada mi justo dapibus enim. Maecenas finibus euismod nulla quis dignissim. Sed dictum ante rutrum turpis euismod laoreet. Sed placerat tellus leo. In ut lobortis lorem. Nullam vitae lectus egestas urna tincidunt aliquet. Ut sagittis vel enim eget malesuada. Cras in congue tortor. Interdum et malesuada fames ac ante ipsum primis in faucibus. Nunc tempus consequat neque, et eleifend nulla aliquam eu.",Author 99,17,tap-to-mau-giao-net-co-ban-1-danh-cho-3-4-tuoi,NXB 99,2011,19
https://cdn1.fahasa.com/media/catalog/product/m/a/mau-cua-tet-1.jpg,Màu Của Tết - Kể Chuyện Tết Xưa Tô Màu Tết Nay,50000,38,9780085481215,"Lorem ipsum dolor sit amet, consectetur adipiscing elit. Nam congue vel tellus non luctus. Vestibulum vitae nunc lorem. Sed lacinia lectus vel augue imperdiet ultricies. Donec id venenatis ex, vitae pretium ligula. Sed nulla eros, dignissim at feugiat non, posuere sit amet urna. Ut eu porttitor tellus. Cras eu massa nulla. Morbi porta fermentum elit eu iaculis. Pellentesque hendrerit venenatis purus at feugiat. Pellentesque vitae feugiat purus. Donec mattis rhoncus lacinia. Sed quam diam, molestie id laoreet eu, lacinia ac turpis. Cras tincidunt lobortis elit quis aliquam. Proin et massa libero.

Aliquam id pharetra arcu. Vivamus vitae mattis ligula. Sed efficitur urna vitae scelerisque tempor. Proin purus magna, vulputate eu ligula a, vehicula malesuada enim. Curabitur aliquet rutrum enim et tincidunt. Vestibulum ante ipsum primis in faucibus orci luctus et ultrices posuere cubilia curae; Vivamus pharetra enim leo, nec molestie nibh consectetur quis. Class aptent taciti sociosqu ad litora torquent per conubia nostra, per inceptos himenaeos. Nunc quis maximus elit, vitae pulvinar urna. Integer at mi elit. Phasellus vitae rutrum sem. Vivamus et mauris ac nisl congue congue eu eget elit. Nullam at quam velit. Pellentesque dictum, diam nec tempor aliquet, tortor justo fermentum sapien, at condimentum turpis elit vel sapien. Aenean rutrum tellus sodales tortor viverra eleifend.

Donec facilisis, diam efficitur maximus ultrices, enim lectus rutrum elit, eget malesuada mi justo dapibus enim. Maecenas finibus euismod nulla quis dignissim. Sed dictum ante rutrum turpis euismod laoreet. Sed placerat tellus leo. In ut lobortis lorem. Nullam vitae lectus egestas urna tincidunt aliquet. Ut sagittis vel enim eget malesuada. Cras in congue tortor. Interdum et malesuada fames ac ante ipsum primis in faucibus. Nunc tempus consequat neque, et eleifend nulla aliquam eu.",Author 100,13,mau-cua-tet-ke-chuyen-tet-xua-to-mau-tet-nay,NXB 100,2009,20
https://cdn1.fahasa.com/media/catalog/product/8/9/8935072954154_thanh_ly.jpg,Bé Yêu Tô Màu Đội Chó Cứu Hộ Paw Patrol,9500,38,9780085481216,"Lorem ipsum dolor sit amet, consectetur adipiscing elit. Nam congue vel tellus non luctus. Vestibulum vitae nunc lorem. Sed lacinia lectus vel augue imperdiet ultricies. Donec id venenatis ex, vitae pretium ligula. Sed nulla eros, dignissim at feugiat non, posuere sit amet urna. Ut eu porttitor tellus. Cras eu massa nulla. Morbi porta fermentum elit eu iaculis. Pellentesque hendrerit venenatis purus at feugiat. Pellentesque vitae feugiat purus. Donec mattis rhoncus lacinia. Sed quam diam, molestie id laoreet eu, lacinia ac turpis. Cras tincidunt lobortis elit quis aliquam. Proin et massa libero.

Aliquam id pharetra arcu. Vivamus vitae mattis ligula. Sed efficitur urna vitae scelerisque tempor. Proin purus magna, vulputate eu ligula a, vehicula malesuada enim. Curabitur aliquet rutrum enim et tincidunt. Vestibulum ante ipsum primis in faucibus orci luctus et ultrices posuere cubilia curae; Vivamus pharetra enim leo, nec molestie nibh consectetur quis. Class aptent taciti sociosqu ad litora torquent per conubia nostra, per inceptos himenaeos. Nunc quis maximus elit, vitae pulvinar urna. Integer at mi elit. Phasellus vitae rutrum sem. Vivamus et mauris ac nisl congue congue eu eget elit. Nullam at quam velit. Pellentesque dictum, diam nec tempor aliquet, tortor justo fermentum sapien, at condimentum turpis elit vel sapien. Aenean rutrum tellus sodales tortor viverra eleifend.

Donec facilisis, diam efficitur maximus ultrices, enim lectus rutrum elit, eget malesuada mi justo dapibus enim. Maecenas finibus euismod nulla quis dignissim. Sed dictum ante rutrum turpis euismod laoreet. Sed placerat tellus leo. In ut lobortis lorem. Nullam vitae lectus egestas urna tincidunt aliquet. Ut sagittis vel enim eget malesuada. Cras in congue tortor. Interdum et malesuada fames ac ante ipsum primis in faucibus. Nunc tempus consequat neque, et eleifend nulla aliquam eu.",Author 101,19,be-yeu-to-mau-oi-cho-cuu-ho-paw-patrol,NXB 101,2024,6
https://cdn1.fahasa.com/media/catalog/product/8/9/8936067607161.jpg,Bé Tập Tô Màu - Động Vật (2022),9000,38,9780085481217,"Lorem ipsum dolor sit amet, consectetur adipiscing elit. Nam congue vel tellus non luctus. Vestibulum vitae nunc lorem. Sed lacinia lectus vel augue imperdiet ultricies. Donec id venenatis ex, vitae pretium ligula. Sed nulla eros, dignissim at feugiat non, posuere sit amet urna. Ut eu porttitor tellus. Cras eu massa nulla. Morbi porta fermentum elit eu iaculis. Pellentesque hendrerit venenatis purus at feugiat. Pellentesque vitae feugiat purus. Donec mattis rhoncus lacinia. Sed quam diam, molestie id laoreet eu, lacinia ac turpis. Cras tincidunt lobortis elit quis aliquam. Proin et massa libero.

Aliquam id pharetra arcu. Vivamus vitae mattis ligula. Sed efficitur urna vitae scelerisque tempor. Proin purus magna, vulputate eu ligula a, vehicula malesuada enim. Curabitur aliquet rutrum enim et tincidunt. Vestibulum ante ipsum primis in faucibus orci luctus et ultrices posuere cubilia curae; Vivamus pharetra enim leo, nec molestie nibh consectetur quis. Class aptent taciti sociosqu ad litora torquent per conubia nostra, per inceptos himenaeos. Nunc quis maximus elit, vitae pulvinar urna. Integer at mi elit. Phasellus vitae rutrum sem. Vivamus et mauris ac nisl congue congue eu eget elit. Nullam at quam velit. Pellentesque dictum, diam nec tempor aliquet, tortor justo fermentum sapien, at condimentum turpis elit vel sapien. Aenean rutrum tellus sodales tortor viverra eleifend.

Donec facilisis, diam efficitur maximus ultrices, enim lectus rutrum elit, eget malesuada mi justo dapibus enim. Maecenas finibus euismod nulla quis dignissim. Sed dictum ante rutrum turpis euismod laoreet. Sed placerat tellus leo. In ut lobortis lorem. Nullam vitae lectus egestas urna tincidunt aliquet. Ut sagittis vel enim eget malesuada. Cras in congue tortor. Interdum et malesuada fames ac ante ipsum primis in faucibus. Nunc tempus consequat neque, et eleifend nulla aliquam eu.",Author 102,3,be-tap-to-mau-ong-vat-2022,NXB 102,2015,7
https://cdn1.fahasa.com/media/catalog/product/8/9/8936230420399.jpg,Hành Trình Bí Mật Của Capybara - Khám Phá Xuyên Đại Dương Của Capybara,53720,38,9780085481218,"Lorem ipsum dolor sit amet, consectetur adipiscing elit. Nam congue vel tellus non luctus. Vestibulum vitae nunc lorem. Sed lacinia lectus vel augue imperdiet ultricies. Donec id venenatis ex, vitae pretium ligula. Sed nulla eros, dignissim at feugiat non, posuere sit amet urna. Ut eu porttitor tellus. Cras eu massa nulla. Morbi porta fermentum elit eu iaculis. Pellentesque hendrerit venenatis purus at feugiat. Pellentesque vitae feugiat purus. Donec mattis rhoncus lacinia. Sed quam diam, molestie id laoreet eu, lacinia ac turpis. Cras tincidunt lobortis elit quis aliquam. Proin et massa libero.

Aliquam id pharetra arcu. Vivamus vitae mattis ligula. Sed efficitur urna vitae scelerisque tempor. Proin purus magna, vulputate eu ligula a, vehicula malesuada enim. Curabitur aliquet rutrum enim et tincidunt. Vestibulum ante ipsum primis in faucibus orci luctus et ultrices posuere cubilia curae; Vivamus pharetra enim leo, nec molestie nibh consectetur quis. Class aptent taciti sociosqu ad litora torquent per conubia nostra, per inceptos himenaeos. Nunc quis maximus elit, vitae pulvinar urna. Integer at mi elit. Phasellus vitae rutrum sem. Vivamus et mauris ac nisl congue congue eu eget elit. Nullam at quam velit. Pellentesque dictum, diam nec tempor aliquet, tortor justo fermentum sapien, at condimentum turpis elit vel sapien. Aenean rutrum tellus sodales tortor viverra eleifend.

Donec facilisis, diam efficitur maximus ultrices, enim lectus rutrum elit, eget malesuada mi justo dapibus enim. Maecenas finibus euismod nulla quis dignissim. Sed dictum ante rutrum turpis euismod laoreet. Sed placerat tellus leo. In ut lobortis lorem. Nullam vitae lectus egestas urna tincidunt aliquet. Ut sagittis vel enim eget malesuada. Cras in congue tortor. Interdum et malesuada fames ac ante ipsum primis in faucibus. Nunc tempus consequat neque, et eleifend nulla aliquam eu.",Author 103,11,hanh-trinh-bi-mat-cua-capybara-kham-pha-xuyen-ai-duong-cua-capybara,NXB 103,2014,6
https://cdn1.fahasa.com/media/catalog/product/i/m/image_175268.jpg,200 Miếng Bóc Dán Thông Minh - Bảng Chữ Cái (Tái Bản 2018),44000,38,9780085481219,"Lorem ipsum dolor sit amet, consectetur adipiscing elit. Nam congue vel tellus non luctus. Vestibulum vitae nunc lorem. Sed lacinia lectus vel augue imperdiet ultricies. Donec id venenatis ex, vitae pretium ligula. Sed nulla eros, dignissim at feugiat non, posuere sit amet urna. Ut eu porttitor tellus. Cras eu massa nulla. Morbi porta fermentum elit eu iaculis. Pellentesque hendrerit venenatis purus at feugiat. Pellentesque vitae feugiat purus. Donec mattis rhoncus lacinia. Sed quam diam, molestie id laoreet eu, lacinia ac turpis. Cras tincidunt lobortis elit quis aliquam. Proin et massa libero.

Aliquam id pharetra arcu. Vivamus vitae mattis ligula. Sed efficitur urna vitae scelerisque tempor. Proin purus magna, vulputate eu ligula a, vehicula malesuada enim. Curabitur aliquet rutrum enim et tincidunt. Vestibulum ante ipsum primis in faucibus orci luctus et ultrices posuere cubilia curae; Vivamus pharetra enim leo, nec molestie nibh consectetur quis. Class aptent taciti sociosqu ad litora torquent per conubia nostra, per inceptos himenaeos. Nunc quis maximus elit, vitae pulvinar urna. Integer at mi elit. Phasellus vitae rutrum sem. Vivamus et mauris ac nisl congue congue eu eget elit. Nullam at quam velit. Pellentesque dictum, diam nec tempor aliquet, tortor justo fermentum sapien, at condimentum turpis elit vel sapien. Aenean rutrum tellus sodales tortor viverra eleifend.

Donec facilisis, diam efficitur maximus ultrices, enim lectus rutrum elit, eget malesuada mi justo dapibus enim. Maecenas finibus euismod nulla quis dignissim. Sed dictum ante rutrum turpis euismod laoreet. Sed placerat tellus leo. In ut lobortis lorem. Nullam vitae lectus egestas urna tincidunt aliquet. Ut sagittis vel enim eget malesuada. Cras in congue tortor. Interdum et malesuada fames ac ante ipsum primis in faucibus. Nunc tempus consequat neque, et eleifend nulla aliquam eu.",Author 104,10,200-mieng-boc-dan-thong-minh-bang-chu-cai-tai-ban-2018,NXB 104,2012,6
https://cdn1.fahasa.com/media/catalog/product/8/9/8935072954130.jpg,Bé Yêu Tô Màu - Đội Chó Cứu Hộ Paw Patrol - Tập 2,9500,38,9780085481220,"Lorem ipsum dolor sit amet, consectetur adipiscing elit. Nam congue vel tellus non luctus. Vestibulum vitae nunc lorem. Sed lacinia lectus vel augue imperdiet ultricies. Donec id venenatis ex, vitae pretium ligula. Sed nulla eros, dignissim at feugiat non, posuere sit amet urna. Ut eu porttitor tellus. Cras eu massa nulla. Morbi porta fermentum elit eu iaculis. Pellentesque hendrerit venenatis purus at feugiat. Pellentesque vitae feugiat purus. Donec mattis rhoncus lacinia. Sed quam diam, molestie id laoreet eu, lacinia ac turpis. Cras tincidunt lobortis elit quis aliquam. Proin et massa libero.

Aliquam id pharetra arcu. Vivamus vitae mattis ligula. Sed efficitur urna vitae scelerisque tempor. Proin purus magna, vulputate eu ligula a, vehicula malesuada enim. Curabitur aliquet rutrum enim et tincidunt. Vestibulum ante ipsum primis in faucibus orci luctus et ultrices posuere cubilia curae; Vivamus pharetra enim leo, nec molestie nibh consectetur quis. Class aptent taciti sociosqu ad litora torquent per conubia nostra, per inceptos himenaeos. Nunc quis maximus elit, vitae pulvinar urna. Integer at mi elit. Phasellus vitae rutrum sem. Vivamus et mauris ac nisl congue congue eu eget elit. Nullam at quam velit. Pellentesque dictum, diam nec tempor aliquet, tortor justo fermentum sapien, at condimentum turpis elit vel sapien. Aenean rutrum tellus sodales tortor viverra eleifend.

Donec facilisis, diam efficitur maximus ultrices, enim lectus rutrum elit, eget malesuada mi justo dapibus enim. Maecenas finibus euismod nulla quis dignissim. Sed dictum ante rutrum turpis euismod laoreet. Sed placerat tellus leo. In ut lobortis lorem. Nullam vitae lectus egestas urna tincidunt aliquet. Ut sagittis vel enim eget malesuada. Cras in congue tortor. Interdum et malesuada fames ac ante ipsum primis in faucibus. Nunc tempus consequat neque, et eleifend nulla aliquam eu.",Author 105,17,be-yeu-to-mau-oi-cho-cuu-ho-paw-patrol-tap-2,NXB 105,2002,10
https://cdn1.fahasa.com/media/catalog/product/8/9/8935343701142.jpg,Quà Cho Bé - Bé Tập Tô Màu - Các Nàng Công Chúa,12000,38,9780085481221,"Lorem ipsum dolor sit amet, consectetur adipiscing elit. Nam congue vel tellus non luctus. Vestibulum vitae nunc lorem. Sed lacinia lectus vel augue imperdiet ultricies. Donec id venenatis ex, vitae pretium ligula. Sed nulla eros, dignissim at feugiat non, posuere sit amet urna. Ut eu porttitor tellus. Cras eu massa nulla. Morbi porta fermentum elit eu iaculis. Pellentesque hendrerit venenatis purus at feugiat. Pellentesque vitae feugiat purus. Donec mattis rhoncus lacinia. Sed quam diam, molestie id laoreet eu, lacinia ac turpis. Cras tincidunt lobortis elit quis aliquam. Proin et massa libero.

Aliquam id pharetra arcu. Vivamus vitae mattis ligula. Sed efficitur urna vitae scelerisque tempor. Proin purus magna, vulputate eu ligula a, vehicula malesuada enim. Curabitur aliquet rutrum enim et tincidunt. Vestibulum ante ipsum primis in faucibus orci luctus et ultrices posuere cubilia curae; Vivamus pharetra enim leo, nec molestie nibh consectetur quis. Class aptent taciti sociosqu ad litora torquent per conubia nostra, per inceptos himenaeos. Nunc quis maximus elit, vitae pulvinar urna. Integer at mi elit. Phasellus vitae rutrum sem. Vivamus et mauris ac nisl congue congue eu eget elit. Nullam at quam velit. Pellentesque dictum, diam nec tempor aliquet, tortor justo fermentum sapien, at condimentum turpis elit vel sapien. Aenean rutrum tellus sodales tortor viverra eleifend.

Donec facilisis, diam efficitur maximus ultrices, enim lectus rutrum elit, eget malesuada mi justo dapibus enim. Maecenas finibus euismod nulla quis dignissim. Sed dictum ante rutrum turpis euismod laoreet. Sed placerat tellus leo. In ut lobortis lorem. Nullam vitae lectus egestas urna tincidunt aliquet. Ut sagittis vel enim eget malesuada. Cras in congue tortor. Interdum et malesuada fames ac ante ipsum primis in faucibus. Nunc tempus consequat neque, et eleifend nulla aliquam eu.",Author 106,13,qua-cho-be-be-tap-to-mau-cac-nang-cong-chua,NXB 106,2015,19
https://cdn1.fahasa.com/media/catalog/product/8/9/8935210285942.jpg,Bộ Sách Thú Vị Dành Cho Bé Nhập Môn Tập Tô - Bé Tập Tô Màu - Màu Hồng,28000,38,9780085481222,"Lorem ipsum dolor sit amet, consectetur adipiscing elit. Nam congue vel tellus non luctus. Vestibulum vitae nunc lorem. Sed lacinia lectus vel augue imperdiet ultricies. Donec id venenatis ex, vitae pretium ligula. Sed nulla eros, dignissim at feugiat non, posuere sit amet urna. Ut eu porttitor tellus. Cras eu massa nulla. Morbi porta fermentum elit eu iaculis. Pellentesque hendrerit venenatis purus at feugiat. Pellentesque vitae feugiat purus. Donec mattis rhoncus lacinia. Sed quam diam, molestie id laoreet eu, lacinia ac turpis. Cras tincidunt lobortis elit quis aliquam. Proin et massa libero.

Aliquam id pharetra arcu. Vivamus vitae mattis ligula. Sed efficitur urna vitae scelerisque tempor. Proin purus magna, vulputate eu ligula a, vehicula malesuada enim. Curabitur aliquet rutrum enim et tincidunt. Vestibulum ante ipsum primis in faucibus orci luctus et ultrices posuere cubilia curae; Vivamus pharetra enim leo, nec molestie nibh consectetur quis. Class aptent taciti sociosqu ad litora torquent per conubia nostra, per inceptos himenaeos. Nunc quis maximus elit, vitae pulvinar urna. Integer at mi elit. Phasellus vitae rutrum sem. Vivamus et mauris ac nisl congue congue eu eget elit. Nullam at quam velit. Pellentesque dictum, diam nec tempor aliquet, tortor justo fermentum sapien, at condimentum turpis elit vel sapien. Aenean rutrum tellus sodales tortor viverra eleifend.

Donec facilisis, diam efficitur maximus ultrices, enim lectus rutrum elit, eget malesuada mi justo dapibus enim. Maecenas finibus euismod nulla quis dignissim. Sed dictum ante rutrum turpis euismod laoreet. Sed placerat tellus leo. In ut lobortis lorem. Nullam vitae lectus egestas urna tincidunt aliquet. Ut sagittis vel enim eget malesuada. Cras in congue tortor. Interdum et malesuada fames ac ante ipsum primis in faucibus. Nunc tempus consequat neque, et eleifend nulla aliquam eu.",Author 107,16,bo-sach-thu-vi-danh-cho-be-nhap-mon-tap-to-be-tap-to-mau-mau-hong,NXB 107,2011,8
https://cdn1.fahasa.com/media/catalog/product/i/m/image_175266.jpg,200 Miếng Bóc Dán Thông Minh - Các Loài Động Vật (Tái Bản 2018),44000,38,9780085481223,"Lorem ipsum dolor sit amet, consectetur adipiscing elit. Nam congue vel tellus non luctus. Vestibulum vitae nunc lorem. Sed lacinia lectus vel augue imperdiet ultricies. Donec id venenatis ex, vitae pretium ligula. Sed nulla eros, dignissim at feugiat non, posuere sit amet urna. Ut eu porttitor tellus. Cras eu massa nulla. Morbi porta fermentum elit eu iaculis. Pellentesque hendrerit venenatis purus at feugiat. Pellentesque vitae feugiat purus. Donec mattis rhoncus lacinia. Sed quam diam, molestie id laoreet eu, lacinia ac turpis. Cras tincidunt lobortis elit quis aliquam. Proin et massa libero.

Aliquam id pharetra arcu. Vivamus vitae mattis ligula. Sed efficitur urna vitae scelerisque tempor. Proin purus magna, vulputate eu ligula a, vehicula malesuada enim. Curabitur aliquet rutrum enim et tincidunt. Vestibulum ante ipsum primis in faucibus orci luctus et ultrices posuere cubilia curae; Vivamus pharetra enim leo, nec molestie nibh consectetur quis. Class aptent taciti sociosqu ad litora torquent per conubia nostra, per inceptos himenaeos. Nunc quis maximus elit, vitae pulvinar urna. Integer at mi elit. Phasellus vitae rutrum sem. Vivamus et mauris ac nisl congue congue eu eget elit. Nullam at quam velit. Pellentesque dictum, diam nec tempor aliquet, tortor justo fermentum sapien, at condimentum turpis elit vel sapien. Aenean rutrum tellus sodales tortor viverra eleifend.

Donec facilisis, diam efficitur maximus ultrices, enim lectus rutrum elit, eget malesuada mi justo dapibus enim. Maecenas finibus euismod nulla quis dignissim. Sed dictum ante rutrum turpis euismod laoreet. Sed placerat tellus leo. In ut lobortis lorem. Nullam vitae lectus egestas urna tincidunt aliquet. Ut sagittis vel enim eget malesuada. Cras in congue tortor. Interdum et malesuada fames ac ante ipsum primis in faucibus. Nunc tempus consequat neque, et eleifend nulla aliquam eu.",Author 108,3,200-mieng-boc-dan-thong-minh-cac-loai-ong-vat-tai-ban-2018,NXB 108,2008,6
https://cdn1.fahasa.com/media/catalog/product/i/m/image_217654.jpg,Vở Ô Ly Tập Tô Chữ - Chữ Cái Viết Hoa (Dành Cho Bé Chuẩn Bị Vào Lớp 1),10000,38,9780085481224,"Lorem ipsum dolor sit amet, consectetur adipiscing elit. Nam congue vel tellus non luctus. Vestibulum vitae nunc lorem. Sed lacinia lectus vel augue imperdiet ultricies. Donec id venenatis ex, vitae pretium ligula. Sed nulla eros, dignissim at feugiat non, posuere sit amet urna. Ut eu porttitor tellus. Cras eu massa nulla. Morbi porta fermentum elit eu iaculis. Pellentesque hendrerit venenatis purus at feugiat. Pellentesque vitae feugiat purus. Donec mattis rhoncus lacinia. Sed quam diam, molestie id laoreet eu, lacinia ac turpis. Cras tincidunt lobortis elit quis aliquam. Proin et massa libero.

Aliquam id pharetra arcu. Vivamus vitae mattis ligula. Sed efficitur urna vitae scelerisque tempor. Proin purus magna, vulputate eu ligula a, vehicula malesuada enim. Curabitur aliquet rutrum enim et tincidunt. Vestibulum ante ipsum primis in faucibus orci luctus et ultrices posuere cubilia curae; Vivamus pharetra enim leo, nec molestie nibh consectetur quis. Class aptent taciti sociosqu ad litora torquent per conubia nostra, per inceptos himenaeos. Nunc quis maximus elit, vitae pulvinar urna. Integer at mi elit. Phasellus vitae rutrum sem. Vivamus et mauris ac nisl congue congue eu eget elit. Nullam at quam velit. Pellentesque dictum, diam nec tempor aliquet, tortor justo fermentum sapien, at condimentum turpis elit vel sapien. Aenean rutrum tellus sodales tortor viverra eleifend.

Donec facilisis, diam efficitur maximus ultrices, enim lectus rutrum elit, eget malesuada mi justo dapibus enim. Maecenas finibus euismod nulla quis dignissim. Sed dictum ante rutrum turpis euismod laoreet. Sed placerat tellus leo. In ut lobortis lorem. Nullam vitae lectus egestas urna tincidunt aliquet. Ut sagittis vel enim eget malesuada. Cras in congue tortor. Interdum et malesuada fames ac ante ipsum primis in faucibus. Nunc tempus consequat neque, et eleifend nulla aliquam eu.",Author 109,17,vo-o-ly-tap-to-chu-chu-cai-viet-hoa-danh-cho-be-chuan-bi-vao-lop-1,NXB 109,2017,8
https://cdn1.fahasa.com/media/catalog/product/8/9/8936071672704.jpg,Tôi Vẽ - Phương Pháp Tự Học Vẽ Truyện Tranh,80000,38,9780085481225,"Lorem ipsum dolor sit amet, consectetur adipiscing elit. Nam congue vel tellus non luctus. Vestibulum vitae nunc lorem. Sed lacinia lectus vel augue imperdiet ultricies. Donec id venenatis ex, vitae pretium ligula. Sed nulla eros, dignissim at feugiat non, posuere sit amet urna. Ut eu porttitor tellus. Cras eu massa nulla. Morbi porta fermentum elit eu iaculis. Pellentesque hendrerit venenatis purus at feugiat. Pellentesque vitae feugiat purus. Donec mattis rhoncus lacinia. Sed quam diam, molestie id laoreet eu, lacinia ac turpis. Cras tincidunt lobortis elit quis aliquam. Proin et massa libero.

Aliquam id pharetra arcu. Vivamus vitae mattis ligula. Sed efficitur urna vitae scelerisque tempor. Proin purus magna, vulputate eu ligula a, vehicula malesuada enim. Curabitur aliquet rutrum enim et tincidunt. Vestibulum ante ipsum primis in faucibus orci luctus et ultrices posuere cubilia curae; Vivamus pharetra enim leo, nec molestie nibh consectetur quis. Class aptent taciti sociosqu ad litora torquent per conubia nostra, per inceptos himenaeos. Nunc quis maximus elit, vitae pulvinar urna. Integer at mi elit. Phasellus vitae rutrum sem. Vivamus et mauris ac nisl congue congue eu eget elit. Nullam at quam velit. Pellentesque dictum, diam nec tempor aliquet, tortor justo fermentum sapien, at condimentum turpis elit vel sapien. Aenean rutrum tellus sodales tortor viverra eleifend.

Donec facilisis, diam efficitur maximus ultrices, enim lectus rutrum elit, eget malesuada mi justo dapibus enim. Maecenas finibus euismod nulla quis dignissim. Sed dictum ante rutrum turpis euismod laoreet. Sed placerat tellus leo. In ut lobortis lorem. Nullam vitae lectus egestas urna tincidunt aliquet. Ut sagittis vel enim eget malesuada. Cras in congue tortor. Interdum et malesuada fames ac ante ipsum primis in faucibus. Nunc tempus consequat neque, et eleifend nulla aliquam eu.",Author 110,7,toi-ve-phuong-phap-tu-hoc-ve-truyen-tranh,NXB 110,2005,8
https://cdn1.fahasa.com/media/catalog/product/t/_/t_-m_u-ng_y-t_t-mockup-m_u.jpg,Khám Phá Lễ Hội Truyền Thống Việt Nam - Tô Màu Ngày Tết - Tặng Kèm Sticker,70000,38,9780085481226,"Lorem ipsum dolor sit amet, consectetur adipiscing elit. Nam congue vel tellus non luctus. Vestibulum vitae nunc lorem. Sed lacinia lectus vel augue imperdiet ultricies. Donec id venenatis ex, vitae pretium ligula. Sed nulla eros, dignissim at feugiat non, posuere sit amet urna. Ut eu porttitor tellus. Cras eu massa nulla. Morbi porta fermentum elit eu iaculis. Pellentesque hendrerit venenatis purus at feugiat. Pellentesque vitae feugiat purus. Donec mattis rhoncus lacinia. Sed quam diam, molestie id laoreet eu, lacinia ac turpis. Cras tincidunt lobortis elit quis aliquam. Proin et massa libero.

Aliquam id pharetra arcu. Vivamus vitae mattis ligula. Sed efficitur urna vitae scelerisque tempor. Proin purus magna, vulputate eu ligula a, vehicula malesuada enim. Curabitur aliquet rutrum enim et tincidunt. Vestibulum ante ipsum primis in faucibus orci luctus et ultrices posuere cubilia curae; Vivamus pharetra enim leo, nec molestie nibh consectetur quis. Class aptent taciti sociosqu ad litora torquent per conubia nostra, per inceptos himenaeos. Nunc quis maximus elit, vitae pulvinar urna. Integer at mi elit. Phasellus vitae rutrum sem. Vivamus et mauris ac nisl congue congue eu eget elit. Nullam at quam velit. Pellentesque dictum, diam nec tempor aliquet, tortor justo fermentum sapien, at condimentum turpis elit vel sapien. Aenean rutrum tellus sodales tortor viverra eleifend.

Donec facilisis, diam efficitur maximus ultrices, enim lectus rutrum elit, eget malesuada mi justo dapibus enim. Maecenas finibus euismod nulla quis dignissim. Sed dictum ante rutrum turpis euismod laoreet. Sed placerat tellus leo. In ut lobortis lorem. Nullam vitae lectus egestas urna tincidunt aliquet. Ut sagittis vel enim eget malesuada. Cras in congue tortor. Interdum et malesuada fames ac ante ipsum primis in faucibus. Nunc tempus consequat neque, et eleifend nulla aliquam eu.",Author 111,7,kham-pha-le-hoi-truyen-thong-viet-nam-to-mau-ngay-tet-tang-kem-sticker,NXB 111,2017,9
https://cdn1.fahasa.com/media/catalog/product/8/9/8935212358149.jpg,Cuốn Sách Tô Màu Đầu Tiên Của Tớ - Khủng Long,20000,38,9780085481227,"Lorem ipsum dolor sit amet, consectetur adipiscing elit. Nam congue vel tellus non luctus. Vestibulum vitae nunc lorem. Sed lacinia lectus vel augue imperdiet ultricies. Donec id venenatis ex, vitae pretium ligula. Sed nulla eros, dignissim at feugiat non, posuere sit amet urna. Ut eu porttitor tellus. Cras eu massa nulla. Morbi porta fermentum elit eu iaculis. Pellentesque hendrerit venenatis purus at feugiat. Pellentesque vitae feugiat purus. Donec mattis rhoncus lacinia. Sed quam diam, molestie id laoreet eu, lacinia ac turpis. Cras tincidunt lobortis elit quis aliquam. Proin et massa libero.

Aliquam id pharetra arcu. Vivamus vitae mattis ligula. Sed efficitur urna vitae scelerisque tempor. Proin purus magna, vulputate eu ligula a, vehicula malesuada enim. Curabitur aliquet rutrum enim et tincidunt. Vestibulum ante ipsum primis in faucibus orci luctus et ultrices posuere cubilia curae; Vivamus pharetra enim leo, nec molestie nibh consectetur quis. Class aptent taciti sociosqu ad litora torquent per conubia nostra, per inceptos himenaeos. Nunc quis maximus elit, vitae pulvinar urna. Integer at mi elit. Phasellus vitae rutrum sem. Vivamus et mauris ac nisl congue congue eu eget elit. Nullam at quam velit. Pellentesque dictum, diam nec tempor aliquet, tortor justo fermentum sapien, at condimentum turpis elit vel sapien. Aenean rutrum tellus sodales tortor viverra eleifend.

Donec facilisis, diam efficitur maximus ultrices, enim lectus rutrum elit, eget malesuada mi justo dapibus enim. Maecenas finibus euismod nulla quis dignissim. Sed dictum ante rutrum turpis euismod laoreet. Sed placerat tellus leo. In ut lobortis lorem. Nullam vitae lectus egestas urna tincidunt aliquet. Ut sagittis vel enim eget malesuada. Cras in congue tortor. Interdum et malesuada fames ac ante ipsum primis in faucibus. Nunc tempus consequat neque, et eleifend nulla aliquam eu.",Author 112,12,cuon-sach-to-mau-au-tien-cua-to-khung-long,NXB 112,2022,8
https://cdn1.fahasa.com/media/catalog/product/i/m/image_244718_1_4379.jpg,Tô Màu Phát Triển Trí Não Bộ Cho Bé 1-5 Tuổi - Tập 3,13500,38,9780085481228,"Lorem ipsum dolor sit amet, consectetur adipiscing elit. Nam congue vel tellus non luctus. Vestibulum vitae nunc lorem. Sed lacinia lectus vel augue imperdiet ultricies. Donec id venenatis ex, vitae pretium ligula. Sed nulla eros, dignissim at feugiat non, posuere sit amet urna. Ut eu porttitor tellus. Cras eu massa nulla. Morbi porta fermentum elit eu iaculis. Pellentesque hendrerit venenatis purus at feugiat. Pellentesque vitae feugiat purus. Donec mattis rhoncus lacinia. Sed quam diam, molestie id laoreet eu, lacinia ac turpis. Cras tincidunt lobortis elit quis aliquam. Proin et massa libero.

Aliquam id pharetra arcu. Vivamus vitae mattis ligula. Sed efficitur urna vitae scelerisque tempor. Proin purus magna, vulputate eu ligula a, vehicula malesuada enim. Curabitur aliquet rutrum enim et tincidunt. Vestibulum ante ipsum primis in faucibus orci luctus et ultrices posuere cubilia curae; Vivamus pharetra enim leo, nec molestie nibh consectetur quis. Class aptent taciti sociosqu ad litora torquent per conubia nostra, per inceptos himenaeos. Nunc quis maximus elit, vitae pulvinar urna. Integer at mi elit. Phasellus vitae rutrum sem. Vivamus et mauris ac nisl congue congue eu eget elit. Nullam at quam velit. Pellentesque dictum, diam nec tempor aliquet, tortor justo fermentum sapien, at condimentum turpis elit vel sapien. Aenean rutrum tellus sodales tortor viverra eleifend.

Donec facilisis, diam efficitur maximus ultrices, enim lectus rutrum elit, eget malesuada mi justo dapibus enim. Maecenas finibus euismod nulla quis dignissim. Sed dictum ante rutrum turpis euismod laoreet. Sed placerat tellus leo. In ut lobortis lorem. Nullam vitae lectus egestas urna tincidunt aliquet. Ut sagittis vel enim eget malesuada. Cras in congue tortor. Interdum et malesuada fames ac ante ipsum primis in faucibus. Nunc tempus consequat neque, et eleifend nulla aliquam eu.",Author 113,7,to-mau-phat-trien-tri-nao-bo-cho-be-1-5-tuoi-tap-3,NXB 113,2004,14
https://cdn1.fahasa.com/media/catalog/product/8/9/8935212374866.jpg,Tô Màu Coco Wyo - Góc Nhỏ Ấm Áp,67000,38,9780085481229,"Lorem ipsum dolor sit amet, consectetur adipiscing elit. Nam congue vel tellus non luctus. Vestibulum vitae nunc lorem. Sed lacinia lectus vel augue imperdiet ultricies. Donec id venenatis ex, vitae pretium ligula. Sed nulla eros, dignissim at feugiat non, posuere sit amet urna. Ut eu porttitor tellus. Cras eu massa nulla. Morbi porta fermentum elit eu iaculis. Pellentesque hendrerit venenatis purus at feugiat. Pellentesque vitae feugiat purus. Donec mattis rhoncus lacinia. Sed quam diam, molestie id laoreet eu, lacinia ac turpis. Cras tincidunt lobortis elit quis aliquam. Proin et massa libero.

Aliquam id pharetra arcu. Vivamus vitae mattis ligula. Sed efficitur urna vitae scelerisque tempor. Proin purus magna, vulputate eu ligula a, vehicula malesuada enim. Curabitur aliquet rutrum enim et tincidunt. Vestibulum ante ipsum primis in faucibus orci luctus et ultrices posuere cubilia curae; Vivamus pharetra enim leo, nec molestie nibh consectetur quis. Class aptent taciti sociosqu ad litora torquent per conubia nostra, per inceptos himenaeos. Nunc quis maximus elit, vitae pulvinar urna. Integer at mi elit. Phasellus vitae rutrum sem. Vivamus et mauris ac nisl congue congue eu eget elit. Nullam at quam velit. Pellentesque dictum, diam nec tempor aliquet, tortor justo fermentum sapien, at condimentum turpis elit vel sapien. Aenean rutrum tellus sodales tortor viverra eleifend.

Donec facilisis, diam efficitur maximus ultrices, enim lectus rutrum elit, eget malesuada mi justo dapibus enim. Maecenas finibus euismod nulla quis dignissim. Sed dictum ante rutrum turpis euismod laoreet. Sed placerat tellus leo. In ut lobortis lorem. Nullam vitae lectus egestas urna tincidunt aliquet. Ut sagittis vel enim eget malesuada. Cras in congue tortor. Interdum et malesuada fames ac ante ipsum primis in faucibus. Nunc tempus consequat neque, et eleifend nulla aliquam eu.",Author 114,9,to-mau-coco-wyo-goc-nho-am-ap,NXB 114,2014,11
https://cdn1.fahasa.com/media/catalog/product/8/9/8935072955410.jpg,Bé Tô Màu Pokemon - Tập 2,9500,38,9780085481230,"Lorem ipsum dolor sit amet, consectetur adipiscing elit. Nam congue vel tellus non luctus. Vestibulum vitae nunc lorem. Sed lacinia lectus vel augue imperdiet ultricies. Donec id venenatis ex, vitae pretium ligula. Sed nulla eros, dignissim at feugiat non, posuere sit amet urna. Ut eu porttitor tellus. Cras eu massa nulla. Morbi porta fermentum elit eu iaculis. Pellentesque hendrerit venenatis purus at feugiat. Pellentesque vitae feugiat purus. Donec mattis rhoncus lacinia. Sed quam diam, molestie id laoreet eu, lacinia ac turpis. Cras tincidunt lobortis elit quis aliquam. Proin et massa libero.

Aliquam id pharetra arcu. Vivamus vitae mattis ligula. Sed efficitur urna vitae scelerisque tempor. Proin purus magna, vulputate eu ligula a, vehicula malesuada enim. Curabitur aliquet rutrum enim et tincidunt. Vestibulum ante ipsum primis in faucibus orci luctus et ultrices posuere cubilia curae; Vivamus pharetra enim leo, nec molestie nibh consectetur quis. Class aptent taciti sociosqu ad litora torquent per conubia nostra, per inceptos himenaeos. Nunc quis maximus elit, vitae pulvinar urna. Integer at mi elit. Phasellus vitae rutrum sem. Vivamus et mauris ac nisl congue congue eu eget elit. Nullam at quam velit. Pellentesque dictum, diam nec tempor aliquet, tortor justo fermentum sapien, at condimentum turpis elit vel sapien. Aenean rutrum tellus sodales tortor viverra eleifend.

Donec facilisis, diam efficitur maximus ultrices, enim lectus rutrum elit, eget malesuada mi justo dapibus enim. Maecenas finibus euismod nulla quis dignissim. Sed dictum ante rutrum turpis euismod laoreet. Sed placerat tellus leo. In ut lobortis lorem. Nullam vitae lectus egestas urna tincidunt aliquet. Ut sagittis vel enim eget malesuada. Cras in congue tortor. Interdum et malesuada fames ac ante ipsum primis in faucibus. Nunc tempus consequat neque, et eleifend nulla aliquam eu.",Author 115,5,be-to-mau-pokemon-tap-2,NXB 115,2000,13
https://cdn1.fahasa.com/media/catalog/product/8/9/8935235235526.jpg,Tô Màu Phát Triển Não Bộ Cho Bé 1-5 Tuổi - Tập 5,13500,38,9780085481231,"Lorem ipsum dolor sit amet, consectetur adipiscing elit. Nam congue vel tellus non luctus. Vestibulum vitae nunc lorem. Sed lacinia lectus vel augue imperdiet ultricies. Donec id venenatis ex, vitae pretium ligula. Sed nulla eros, dignissim at feugiat non, posuere sit amet urna. Ut eu porttitor tellus. Cras eu massa nulla. Morbi porta fermentum elit eu iaculis. Pellentesque hendrerit venenatis purus at feugiat. Pellentesque vitae feugiat purus. Donec mattis rhoncus lacinia. Sed quam diam, molestie id laoreet eu, lacinia ac turpis. Cras tincidunt lobortis elit quis aliquam. Proin et massa libero.

Aliquam id pharetra arcu. Vivamus vitae mattis ligula. Sed efficitur urna vitae scelerisque tempor. Proin purus magna, vulputate eu ligula a, vehicula malesuada enim. Curabitur aliquet rutrum enim et tincidunt. Vestibulum ante ipsum primis in faucibus orci luctus et ultrices posuere cubilia curae; Vivamus pharetra enim leo, nec molestie nibh consectetur quis. Class aptent taciti sociosqu ad litora torquent per conubia nostra, per inceptos himenaeos. Nunc quis maximus elit, vitae pulvinar urna. Integer at mi elit. Phasellus vitae rutrum sem. Vivamus et mauris ac nisl congue congue eu eget elit. Nullam at quam velit. Pellentesque dictum, diam nec tempor aliquet, tortor justo fermentum sapien, at condimentum turpis elit vel sapien. Aenean rutrum tellus sodales tortor viverra eleifend.

Donec facilisis, diam efficitur maximus ultrices, enim lectus rutrum elit, eget malesuada mi justo dapibus enim. Maecenas finibus euismod nulla quis dignissim. Sed dictum ante rutrum turpis euismod laoreet. Sed placerat tellus leo. In ut lobortis lorem. Nullam vitae lectus egestas urna tincidunt aliquet. Ut sagittis vel enim eget malesuada. Cras in congue tortor. Interdum et malesuada fames ac ante ipsum primis in faucibus. Nunc tempus consequat neque, et eleifend nulla aliquam eu.",Author 116,4,to-mau-phat-trien-nao-bo-cho-be-1-5-tuoi-tap-5,NXB 116,2002,16
https://cdn1.fahasa.com/media/catalog/product/i/m/image_217655_1.jpg,Vở Ô Ly Tập Tô Chữ - Chữ Cái Viết Thường (Dành Cho Bé Chuẩn Bị Vào Lớp 1) (Tái Bản 2024),10500,38,9780085481232,"Lorem ipsum dolor sit amet, consectetur adipiscing elit. Nam congue vel tellus non luctus. Vestibulum vitae nunc lorem. Sed lacinia lectus vel augue imperdiet ultricies. Donec id venenatis ex, vitae pretium ligula. Sed nulla eros, dignissim at feugiat non, posuere sit amet urna. Ut eu porttitor tellus. Cras eu massa nulla. Morbi porta fermentum elit eu iaculis. Pellentesque hendrerit venenatis purus at feugiat. Pellentesque vitae feugiat purus. Donec mattis rhoncus lacinia. Sed quam diam, molestie id laoreet eu, lacinia ac turpis. Cras tincidunt lobortis elit quis aliquam. Proin et massa libero.

Aliquam id pharetra arcu. Vivamus vitae mattis ligula. Sed efficitur urna vitae scelerisque tempor. Proin purus magna, vulputate eu ligula a, vehicula malesuada enim. Curabitur aliquet rutrum enim et tincidunt. Vestibulum ante ipsum primis in faucibus orci luctus et ultrices posuere cubilia curae; Vivamus pharetra enim leo, nec molestie nibh consectetur quis. Class aptent taciti sociosqu ad litora torquent per conubia nostra, per inceptos himenaeos. Nunc quis maximus elit, vitae pulvinar urna. Integer at mi elit. Phasellus vitae rutrum sem. Vivamus et mauris ac nisl congue congue eu eget elit. Nullam at quam velit. Pellentesque dictum, diam nec tempor aliquet, tortor justo fermentum sapien, at condimentum turpis elit vel sapien. Aenean rutrum tellus sodales tortor viverra eleifend.

Donec facilisis, diam efficitur maximus ultrices, enim lectus rutrum elit, eget malesuada mi justo dapibus enim. Maecenas finibus euismod nulla quis dignissim. Sed dictum ante rutrum turpis euismod laoreet. Sed placerat tellus leo. In ut lobortis lorem. Nullam vitae lectus egestas urna tincidunt aliquet. Ut sagittis vel enim eget malesuada. Cras in congue tortor. Interdum et malesuada fames ac ante ipsum primis in faucibus. Nunc tempus consequat neque, et eleifend nulla aliquam eu.",Author 117,20,vo-o-ly-tap-to-chu-chu-cai-viet-thuong-danh-cho-be-chuan-bi-vao-lop-1-tai-ban-2024,NXB 117,2008,19
https://cdn1.fahasa.com/media/catalog/product/z/7/z7041866667488_450a403f39a34ff7fa5627e2bac19b04.jpg,Sách Bóc Dán - Thời Trang Anime - Công Chúa Dâu Tây,40500,38,9780085481233,"Lorem ipsum dolor sit amet, consectetur adipiscing elit. Nam congue vel tellus non luctus. Vestibulum vitae nunc lorem. Sed lacinia lectus vel augue imperdiet ultricies. Donec id venenatis ex, vitae pretium ligula. Sed nulla eros, dignissim at feugiat non, posuere sit amet urna. Ut eu porttitor tellus. Cras eu massa nulla. Morbi porta fermentum elit eu iaculis. Pellentesque hendrerit venenatis purus at feugiat. Pellentesque vitae feugiat purus. Donec mattis rhoncus lacinia. Sed quam diam, molestie id laoreet eu, lacinia ac turpis. Cras tincidunt lobortis elit quis aliquam. Proin et massa libero.

Aliquam id pharetra arcu. Vivamus vitae mattis ligula. Sed efficitur urna vitae scelerisque tempor. Proin purus magna, vulputate eu ligula a, vehicula malesuada enim. Curabitur aliquet rutrum enim et tincidunt. Vestibulum ante ipsum primis in faucibus orci luctus et ultrices posuere cubilia curae; Vivamus pharetra enim leo, nec molestie nibh consectetur quis. Class aptent taciti sociosqu ad litora torquent per conubia nostra, per inceptos himenaeos. Nunc quis maximus elit, vitae pulvinar urna. Integer at mi elit. Phasellus vitae rutrum sem. Vivamus et mauris ac nisl congue congue eu eget elit. Nullam at quam velit. Pellentesque dictum, diam nec tempor aliquet, tortor justo fermentum sapien, at condimentum turpis elit vel sapien. Aenean rutrum tellus sodales tortor viverra eleifend.

Donec facilisis, diam efficitur maximus ultrices, enim lectus rutrum elit, eget malesuada mi justo dapibus enim. Maecenas finibus euismod nulla quis dignissim. Sed dictum ante rutrum turpis euismod laoreet. Sed placerat tellus leo. In ut lobortis lorem. Nullam vitae lectus egestas urna tincidunt aliquet. Ut sagittis vel enim eget malesuada. Cras in congue tortor. Interdum et malesuada fames ac ante ipsum primis in faucibus. Nunc tempus consequat neque, et eleifend nulla aliquam eu.",Author 118,5,sach-boc-dan-thoi-trang-anime-cong-chua-dau-tay,NXB 118,2010,20
https://cdn1.fahasa.com/media/catalog/product/z/7/z7044060417679_ed74f0bf0d178406fc0d887c490fbc60_1.jpg,Sách Bóc Dán - Thời Trang Anime - Công Chúa Nơ Hồng,40500,38,9780085481234,"Lorem ipsum dolor sit amet, consectetur adipiscing elit. Nam congue vel tellus non luctus. Vestibulum vitae nunc lorem. Sed lacinia lectus vel augue imperdiet ultricies. Donec id venenatis ex, vitae pretium ligula. Sed nulla eros, dignissim at feugiat non, posuere sit amet urna. Ut eu porttitor tellus. Cras eu massa nulla. Morbi porta fermentum elit eu iaculis. Pellentesque hendrerit venenatis purus at feugiat. Pellentesque vitae feugiat purus. Donec mattis rhoncus lacinia. Sed quam diam, molestie id laoreet eu, lacinia ac turpis. Cras tincidunt lobortis elit quis aliquam. Proin et massa libero.

Aliquam id pharetra arcu. Vivamus vitae mattis ligula. Sed efficitur urna vitae scelerisque tempor. Proin purus magna, vulputate eu ligula a, vehicula malesuada enim. Curabitur aliquet rutrum enim et tincidunt. Vestibulum ante ipsum primis in faucibus orci luctus et ultrices posuere cubilia curae; Vivamus pharetra enim leo, nec molestie nibh consectetur quis. Class aptent taciti sociosqu ad litora torquent per conubia nostra, per inceptos himenaeos. Nunc quis maximus elit, vitae pulvinar urna. Integer at mi elit. Phasellus vitae rutrum sem. Vivamus et mauris ac nisl congue congue eu eget elit. Nullam at quam velit. Pellentesque dictum, diam nec tempor aliquet, tortor justo fermentum sapien, at condimentum turpis elit vel sapien. Aenean rutrum tellus sodales tortor viverra eleifend.

Donec facilisis, diam efficitur maximus ultrices, enim lectus rutrum elit, eget malesuada mi justo dapibus enim. Maecenas finibus euismod nulla quis dignissim. Sed dictum ante rutrum turpis euismod laoreet. Sed placerat tellus leo. In ut lobortis lorem. Nullam vitae lectus egestas urna tincidunt aliquet. Ut sagittis vel enim eget malesuada. Cras in congue tortor. Interdum et malesuada fames ac ante ipsum primis in faucibus. Nunc tempus consequat neque, et eleifend nulla aliquam eu.",Author 119,10,sach-boc-dan-thoi-trang-anime-cong-chua-no-hong,NXB 119,2022,9
https://cdn1.fahasa.com/media/catalog/product/i/m/image_225229.jpg,Bé Tô Màu Super Wings - Quyển 3,10000,38,9780085481235,"Lorem ipsum dolor sit amet, consectetur adipiscing elit. Nam congue vel tellus non luctus. Vestibulum vitae nunc lorem. Sed lacinia lectus vel augue imperdiet ultricies. Donec id venenatis ex, vitae pretium ligula. Sed nulla eros, dignissim at feugiat non, posuere sit amet urna. Ut eu porttitor tellus. Cras eu massa nulla. Morbi porta fermentum elit eu iaculis. Pellentesque hendrerit venenatis purus at feugiat. Pellentesque vitae feugiat purus. Donec mattis rhoncus lacinia. Sed quam diam, molestie id laoreet eu, lacinia ac turpis. Cras tincidunt lobortis elit quis aliquam. Proin et massa libero.

Aliquam id pharetra arcu. Vivamus vitae mattis ligula. Sed efficitur urna vitae scelerisque tempor. Proin purus magna, vulputate eu ligula a, vehicula malesuada enim. Curabitur aliquet rutrum enim et tincidunt. Vestibulum ante ipsum primis in faucibus orci luctus et ultrices posuere cubilia curae; Vivamus pharetra enim leo, nec molestie nibh consectetur quis. Class aptent taciti sociosqu ad litora torquent per conubia nostra, per inceptos himenaeos. Nunc quis maximus elit, vitae pulvinar urna. Integer at mi elit. Phasellus vitae rutrum sem. Vivamus et mauris ac nisl congue congue eu eget elit. Nullam at quam velit. Pellentesque dictum, diam nec tempor aliquet, tortor justo fermentum sapien, at condimentum turpis elit vel sapien. Aenean rutrum tellus sodales tortor viverra eleifend.

Donec facilisis, diam efficitur maximus ultrices, enim lectus rutrum elit, eget malesuada mi justo dapibus enim. Maecenas finibus euismod nulla quis dignissim. Sed dictum ante rutrum turpis euismod laoreet. Sed placerat tellus leo. In ut lobortis lorem. Nullam vitae lectus egestas urna tincidunt aliquet. Ut sagittis vel enim eget malesuada. Cras in congue tortor. Interdum et malesuada fames ac ante ipsum primis in faucibus. Nunc tempus consequat neque, et eleifend nulla aliquam eu.",Author 120,8,be-to-mau-super-wings-quyen-3,NXB 120,2008,11
https://cdn1.fahasa.com/media/catalog/product/9/7/9786043909470.jpg,Sticker Bóc Dán Hình Thông Minh - Car - Các Hãng Xe Trên Thế Giới 3,39440,38,9780085481236,"Lorem ipsum dolor sit amet, consectetur adipiscing elit. Nam congue vel tellus non luctus. Vestibulum vitae nunc lorem. Sed lacinia lectus vel augue imperdiet ultricies. Donec id venenatis ex, vitae pretium ligula. Sed nulla eros, dignissim at feugiat non, posuere sit amet urna. Ut eu porttitor tellus. Cras eu massa nulla. Morbi porta fermentum elit eu iaculis. Pellentesque hendrerit venenatis purus at feugiat. Pellentesque vitae feugiat purus. Donec mattis rhoncus lacinia. Sed quam diam, molestie id laoreet eu, lacinia ac turpis. Cras tincidunt lobortis elit quis aliquam. Proin et massa libero.

Aliquam id pharetra arcu. Vivamus vitae mattis ligula. Sed efficitur urna vitae scelerisque tempor. Proin purus magna, vulputate eu ligula a, vehicula malesuada enim. Curabitur aliquet rutrum enim et tincidunt. Vestibulum ante ipsum primis in faucibus orci luctus et ultrices posuere cubilia curae; Vivamus pharetra enim leo, nec molestie nibh consectetur quis. Class aptent taciti sociosqu ad litora torquent per conubia nostra, per inceptos himenaeos. Nunc quis maximus elit, vitae pulvinar urna. Integer at mi elit. Phasellus vitae rutrum sem. Vivamus et mauris ac nisl congue congue eu eget elit. Nullam at quam velit. Pellentesque dictum, diam nec tempor aliquet, tortor justo fermentum sapien, at condimentum turpis elit vel sapien. Aenean rutrum tellus sodales tortor viverra eleifend.

Donec facilisis, diam efficitur maximus ultrices, enim lectus rutrum elit, eget malesuada mi justo dapibus enim. Maecenas finibus euismod nulla quis dignissim. Sed dictum ante rutrum turpis euismod laoreet. Sed placerat tellus leo. In ut lobortis lorem. Nullam vitae lectus egestas urna tincidunt aliquet. Ut sagittis vel enim eget malesuada. Cras in congue tortor. Interdum et malesuada fames ac ante ipsum primis in faucibus. Nunc tempus consequat neque, et eleifend nulla aliquam eu.",Author 121,12,sticker-boc-dan-hinh-thong-minh-car-cac-hang-xe-tren-the-gioi-3,NXB 121,2001,3
https://cdn1.fahasa.com/media/catalog/product/8/9/8935235246553.jpg,Tô Màu Phát Triển Não Bộ Cho Bé 1-5 Tuổi - Tập 17 - Gia Đình Yêu Dấu,13500,38,9780085481237,"Lorem ipsum dolor sit amet, consectetur adipiscing elit. Nam congue vel tellus non luctus. Vestibulum vitae nunc lorem. Sed lacinia lectus vel augue imperdiet ultricies. Donec id venenatis ex, vitae pretium ligula. Sed nulla eros, dignissim at feugiat non, posuere sit amet urna. Ut eu porttitor tellus. Cras eu massa nulla. Morbi porta fermentum elit eu iaculis. Pellentesque hendrerit venenatis purus at feugiat. Pellentesque vitae feugiat purus. Donec mattis rhoncus lacinia. Sed quam diam, molestie id laoreet eu, lacinia ac turpis. Cras tincidunt lobortis elit quis aliquam. Proin et massa libero.

Aliquam id pharetra arcu. Vivamus vitae mattis ligula. Sed efficitur urna vitae scelerisque tempor. Proin purus magna, vulputate eu ligula a, vehicula malesuada enim. Curabitur aliquet rutrum enim et tincidunt. Vestibulum ante ipsum primis in faucibus orci luctus et ultrices posuere cubilia curae; Vivamus pharetra enim leo, nec molestie nibh consectetur quis. Class aptent taciti sociosqu ad litora torquent per conubia nostra, per inceptos himenaeos. Nunc quis maximus elit, vitae pulvinar urna. Integer at mi elit. Phasellus vitae rutrum sem. Vivamus et mauris ac nisl congue congue eu eget elit. Nullam at quam velit. Pellentesque dictum, diam nec tempor aliquet, tortor justo fermentum sapien, at condimentum turpis elit vel sapien. Aenean rutrum tellus sodales tortor viverra eleifend.

Donec facilisis, diam efficitur maximus ultrices, enim lectus rutrum elit, eget malesuada mi justo dapibus enim. Maecenas finibus euismod nulla quis dignissim. Sed dictum ante rutrum turpis euismod laoreet. Sed placerat tellus leo. In ut lobortis lorem. Nullam vitae lectus egestas urna tincidunt aliquet. Ut sagittis vel enim eget malesuada. Cras in congue tortor. Interdum et malesuada fames ac ante ipsum primis in faucibus. Nunc tempus consequat neque, et eleifend nulla aliquam eu.",Author 122,14,to-mau-phat-trien-nao-bo-cho-be-1-5-tuoi-tap-17-gia-inh-yeu-dau,NXB 122,2012,16
https://cdn1.fahasa.com/media/catalog/product/i/m/image_225230.jpg,Bé Tô Màu Super Wings Quyển,37500,38,9780085481238,"Lorem ipsum dolor sit amet, consectetur adipiscing elit. Nam congue vel tellus non luctus. Vestibulum vitae nunc lorem. Sed lacinia lectus vel augue imperdiet ultricies. Donec id venenatis ex, vitae pretium ligula. Sed nulla eros, dignissim at feugiat non, posuere sit amet urna. Ut eu porttitor tellus. Cras eu massa nulla. Morbi porta fermentum elit eu iaculis. Pellentesque hendrerit venenatis purus at feugiat. Pellentesque vitae feugiat purus. Donec mattis rhoncus lacinia. Sed quam diam, molestie id laoreet eu, lacinia ac turpis. Cras tincidunt lobortis elit quis aliquam. Proin et massa libero.

Aliquam id pharetra arcu. Vivamus vitae mattis ligula. Sed efficitur urna vitae scelerisque tempor. Proin purus magna, vulputate eu ligula a, vehicula malesuada enim. Curabitur aliquet rutrum enim et tincidunt. Vestibulum ante ipsum primis in faucibus orci luctus et ultrices posuere cubilia curae; Vivamus pharetra enim leo, nec molestie nibh consectetur quis. Class aptent taciti sociosqu ad litora torquent per conubia nostra, per inceptos himenaeos. Nunc quis maximus elit, vitae pulvinar urna. Integer at mi elit. Phasellus vitae rutrum sem. Vivamus et mauris ac nisl congue congue eu eget elit. Nullam at quam velit. Pellentesque dictum, diam nec tempor aliquet, tortor justo fermentum sapien, at condimentum turpis elit vel sapien. Aenean rutrum tellus sodales tortor viverra eleifend.

Donec facilisis, diam efficitur maximus ultrices, enim lectus rutrum elit, eget malesuada mi justo dapibus enim. Maecenas finibus euismod nulla quis dignissim. Sed dictum ante rutrum turpis euismod laoreet. Sed placerat tellus leo. In ut lobortis lorem. Nullam vitae lectus egestas urna tincidunt aliquet. Ut sagittis vel enim eget malesuada. Cras in congue tortor. Interdum et malesuada fames ac ante ipsum primis in faucibus. Nunc tempus consequat neque, et eleifend nulla aliquam eu.",Author 123,13,be-to-mau-super-wings-quyen,NXB 123,2002,12
https://cdn1.fahasa.com/media/catalog/product/i/m/image_227614.jpg,Princess Sticker - Dán Hình Công Chúa - Công Chúa Xinh Đẹp,36000,38,9780085481239,"Lorem ipsum dolor sit amet, consectetur adipiscing elit. Nam congue vel tellus non luctus. Vestibulum vitae nunc lorem. Sed lacinia lectus vel augue imperdiet ultricies. Donec id venenatis ex, vitae pretium ligula. Sed nulla eros, dignissim at feugiat non, posuere sit amet urna. Ut eu porttitor tellus. Cras eu massa nulla. Morbi porta fermentum elit eu iaculis. Pellentesque hendrerit venenatis purus at feugiat. Pellentesque vitae feugiat purus. Donec mattis rhoncus lacinia. Sed quam diam, molestie id laoreet eu, lacinia ac turpis. Cras tincidunt lobortis elit quis aliquam. Proin et massa libero.

Aliquam id pharetra arcu. Vivamus vitae mattis ligula. Sed efficitur urna vitae scelerisque tempor. Proin purus magna, vulputate eu ligula a, vehicula malesuada enim. Curabitur aliquet rutrum enim et tincidunt. Vestibulum ante ipsum primis in faucibus orci luctus et ultrices posuere cubilia curae; Vivamus pharetra enim leo, nec molestie nibh consectetur quis. Class aptent taciti sociosqu ad litora torquent per conubia nostra, per inceptos himenaeos. Nunc quis maximus elit, vitae pulvinar urna. Integer at mi elit. Phasellus vitae rutrum sem. Vivamus et mauris ac nisl congue congue eu eget elit. Nullam at quam velit. Pellentesque dictum, diam nec tempor aliquet, tortor justo fermentum sapien, at condimentum turpis elit vel sapien. Aenean rutrum tellus sodales tortor viverra eleifend.

Donec facilisis, diam efficitur maximus ultrices, enim lectus rutrum elit, eget malesuada mi justo dapibus enim. Maecenas finibus euismod nulla quis dignissim. Sed dictum ante rutrum turpis euismod laoreet. Sed placerat tellus leo. In ut lobortis lorem. Nullam vitae lectus egestas urna tincidunt aliquet. Ut sagittis vel enim eget malesuada. Cras in congue tortor. Interdum et malesuada fames ac ante ipsum primis in faucibus. Nunc tempus consequat neque, et eleifend nulla aliquam eu.",Author 124,6,princess-sticker-dan-hinh-cong-chua-cong-chua-xinh-ep,NXB 124,2002,12
https://cdn1.fahasa.com/media/catalog/product/i/m/image_233227.jpg,Tập Tô Nét Cơ Bản (Tái Bản),8500,38,9780085481240,"Lorem ipsum dolor sit amet, consectetur adipiscing elit. Nam congue vel tellus non luctus. Vestibulum vitae nunc lorem. Sed lacinia lectus vel augue imperdiet ultricies. Donec id venenatis ex, vitae pretium ligula. Sed nulla eros, dignissim at feugiat non, posuere sit amet urna. Ut eu porttitor tellus. Cras eu massa nulla. Morbi porta fermentum elit eu iaculis. Pellentesque hendrerit venenatis purus at feugiat. Pellentesque vitae feugiat purus. Donec mattis rhoncus lacinia. Sed quam diam, molestie id laoreet eu, lacinia ac turpis. Cras tincidunt lobortis elit quis aliquam. Proin et massa libero.

Aliquam id pharetra arcu. Vivamus vitae mattis ligula. Sed efficitur urna vitae scelerisque tempor. Proin purus magna, vulputate eu ligula a, vehicula malesuada enim. Curabitur aliquet rutrum enim et tincidunt. Vestibulum ante ipsum primis in faucibus orci luctus et ultrices posuere cubilia curae; Vivamus pharetra enim leo, nec molestie nibh consectetur quis. Class aptent taciti sociosqu ad litora torquent per conubia nostra, per inceptos himenaeos. Nunc quis maximus elit, vitae pulvinar urna. Integer at mi elit. Phasellus vitae rutrum sem. Vivamus et mauris ac nisl congue congue eu eget elit. Nullam at quam velit. Pellentesque dictum, diam nec tempor aliquet, tortor justo fermentum sapien, at condimentum turpis elit vel sapien. Aenean rutrum tellus sodales tortor viverra eleifend.

Donec facilisis, diam efficitur maximus ultrices, enim lectus rutrum elit, eget malesuada mi justo dapibus enim. Maecenas finibus euismod nulla quis dignissim. Sed dictum ante rutrum turpis euismod laoreet. Sed placerat tellus leo. In ut lobortis lorem. Nullam vitae lectus egestas urna tincidunt aliquet. Ut sagittis vel enim eget malesuada. Cras in congue tortor. Interdum et malesuada fames ac ante ipsum primis in faucibus. Nunc tempus consequat neque, et eleifend nulla aliquam eu.",Author 125,14,tap-to-net-co-ban-tai-ban,NXB 125,2008,6
https://cdn1.fahasa.com/media/catalog/product/8/9/8935230000914.jpg,Ngôi Nhà Nhỏ Hạnh Phúc To Ở Đảo Mèo,51830,38,9780085481241,"Lorem ipsum dolor sit amet, consectetur adipiscing elit. Nam congue vel tellus non luctus. Vestibulum vitae nunc lorem. Sed lacinia lectus vel augue imperdiet ultricies. Donec id venenatis ex, vitae pretium ligula. Sed nulla eros, dignissim at feugiat non, posuere sit amet urna. Ut eu porttitor tellus. Cras eu massa nulla. Morbi porta fermentum elit eu iaculis. Pellentesque hendrerit venenatis purus at feugiat. Pellentesque vitae feugiat purus. Donec mattis rhoncus lacinia. Sed quam diam, molestie id laoreet eu, lacinia ac turpis. Cras tincidunt lobortis elit quis aliquam. Proin et massa libero.

Aliquam id pharetra arcu. Vivamus vitae mattis ligula. Sed efficitur urna vitae scelerisque tempor. Proin purus magna, vulputate eu ligula a, vehicula malesuada enim. Curabitur aliquet rutrum enim et tincidunt. Vestibulum ante ipsum primis in faucibus orci luctus et ultrices posuere cubilia curae; Vivamus pharetra enim leo, nec molestie nibh consectetur quis. Class aptent taciti sociosqu ad litora torquent per conubia nostra, per inceptos himenaeos. Nunc quis maximus elit, vitae pulvinar urna. Integer at mi elit. Phasellus vitae rutrum sem. Vivamus et mauris ac nisl congue congue eu eget elit. Nullam at quam velit. Pellentesque dictum, diam nec tempor aliquet, tortor justo fermentum sapien, at condimentum turpis elit vel sapien. Aenean rutrum tellus sodales tortor viverra eleifend.

Donec facilisis, diam efficitur maximus ultrices, enim lectus rutrum elit, eget malesuada mi justo dapibus enim. Maecenas finibus euismod nulla quis dignissim. Sed dictum ante rutrum turpis euismod laoreet. Sed placerat tellus leo. In ut lobortis lorem. Nullam vitae lectus egestas urna tincidunt aliquet. Ut sagittis vel enim eget malesuada. Cras in congue tortor. Interdum et malesuada fames ac ante ipsum primis in faucibus. Nunc tempus consequat neque, et eleifend nulla aliquam eu.",Author 126,15,ngoi-nha-nho-hanh-phuc-to-o-ao-meo,NXB 126,2006,14
https://cdn1.fahasa.com/media/catalog/product/t/o/to-mau-co-tich-viet-nam_banh-chung-banh-giay_bia.jpg,Tô Màu Cổ Tích Việt Nam - Sự Tích Bánh Chưng Bánh Giày,16000,38,9780085481242,"Lorem ipsum dolor sit amet, consectetur adipiscing elit. Nam congue vel tellus non luctus. Vestibulum vitae nunc lorem. Sed lacinia lectus vel augue imperdiet ultricies. Donec id venenatis ex, vitae pretium ligula. Sed nulla eros, dignissim at feugiat non, posuere sit amet urna. Ut eu porttitor tellus. Cras eu massa nulla. Morbi porta fermentum elit eu iaculis. Pellentesque hendrerit venenatis purus at feugiat. Pellentesque vitae feugiat purus. Donec mattis rhoncus lacinia. Sed quam diam, molestie id laoreet eu, lacinia ac turpis. Cras tincidunt lobortis elit quis aliquam. Proin et massa libero.

Aliquam id pharetra arcu. Vivamus vitae mattis ligula. Sed efficitur urna vitae scelerisque tempor. Proin purus magna, vulputate eu ligula a, vehicula malesuada enim. Curabitur aliquet rutrum enim et tincidunt. Vestibulum ante ipsum primis in faucibus orci luctus et ultrices posuere cubilia curae; Vivamus pharetra enim leo, nec molestie nibh consectetur quis. Class aptent taciti sociosqu ad litora torquent per conubia nostra, per inceptos himenaeos. Nunc quis maximus elit, vitae pulvinar urna. Integer at mi elit. Phasellus vitae rutrum sem. Vivamus et mauris ac nisl congue congue eu eget elit. Nullam at quam velit. Pellentesque dictum, diam nec tempor aliquet, tortor justo fermentum sapien, at condimentum turpis elit vel sapien. Aenean rutrum tellus sodales tortor viverra eleifend.

Donec facilisis, diam efficitur maximus ultrices, enim lectus rutrum elit, eget malesuada mi justo dapibus enim. Maecenas finibus euismod nulla quis dignissim. Sed dictum ante rutrum turpis euismod laoreet. Sed placerat tellus leo. In ut lobortis lorem. Nullam vitae lectus egestas urna tincidunt aliquet. Ut sagittis vel enim eget malesuada. Cras in congue tortor. Interdum et malesuada fames ac ante ipsum primis in faucibus. Nunc tempus consequat neque, et eleifend nulla aliquam eu.",Author 127,14,to-mau-co-tich-viet-nam-su-tich-banh-chung-banh-giay,NXB 127,2021,16
https://cdn1.fahasa.com/media/catalog/product/8/9/8935236436557.jpg,Dán Hình Và Tô Màu Công Chúa - Công Chúa Dịu Dàng (30 Tranh Tô Màu Và Sticker),38000,38,9780085481243,"Lorem ipsum dolor sit amet, consectetur adipiscing elit. Nam congue vel tellus non luctus. Vestibulum vitae nunc lorem. Sed lacinia lectus vel augue imperdiet ultricies. Donec id venenatis ex, vitae pretium ligula. Sed nulla eros, dignissim at feugiat non, posuere sit amet urna. Ut eu porttitor tellus. Cras eu massa nulla. Morbi porta fermentum elit eu iaculis. Pellentesque hendrerit venenatis purus at feugiat. Pellentesque vitae feugiat purus. Donec mattis rhoncus lacinia. Sed quam diam, molestie id laoreet eu, lacinia ac turpis. Cras tincidunt lobortis elit quis aliquam. Proin et massa libero.

Aliquam id pharetra arcu. Vivamus vitae mattis ligula. Sed efficitur urna vitae scelerisque tempor. Proin purus magna, vulputate eu ligula a, vehicula malesuada enim. Curabitur aliquet rutrum enim et tincidunt. Vestibulum ante ipsum primis in faucibus orci luctus et ultrices posuere cubilia curae; Vivamus pharetra enim leo, nec molestie nibh consectetur quis. Class aptent taciti sociosqu ad litora torquent per conubia nostra, per inceptos himenaeos. Nunc quis maximus elit, vitae pulvinar urna. Integer at mi elit. Phasellus vitae rutrum sem. Vivamus et mauris ac nisl congue congue eu eget elit. Nullam at quam velit. Pellentesque dictum, diam nec tempor aliquet, tortor justo fermentum sapien, at condimentum turpis elit vel sapien. Aenean rutrum tellus sodales tortor viverra eleifend.

Donec facilisis, diam efficitur maximus ultrices, enim lectus rutrum elit, eget malesuada mi justo dapibus enim. Maecenas finibus euismod nulla quis dignissim. Sed dictum ante rutrum turpis euismod laoreet. Sed placerat tellus leo. In ut lobortis lorem. Nullam vitae lectus egestas urna tincidunt aliquet. Ut sagittis vel enim eget malesuada. Cras in congue tortor. Interdum et malesuada fames ac ante ipsum primis in faucibus. Nunc tempus consequat neque, et eleifend nulla aliquam eu.",Author 128,16,dan-hinh-va-to-mau-cong-chua-cong-chua-diu-dang-30-tranh-to-mau-va-sticker,NXB 128,2000,20
https://cdn1.fahasa.com/media/catalog/product/8/9/8936067605884.jpg,Dành Cho Trẻ Mầm Non - Tập Tô Màu Mẫu Giáo - Chủ Đề Động Vật Dưới Nước (2022),7500,38,9780085481244,"Lorem ipsum dolor sit amet, consectetur adipiscing elit. Nam congue vel tellus non luctus. Vestibulum vitae nunc lorem. Sed lacinia lectus vel augue imperdiet ultricies. Donec id venenatis ex, vitae pretium ligula. Sed nulla eros, dignissim at feugiat non, posuere sit amet urna. Ut eu porttitor tellus. Cras eu massa nulla. Morbi porta fermentum elit eu iaculis. Pellentesque hendrerit venenatis purus at feugiat. Pellentesque vitae feugiat purus. Donec mattis rhoncus lacinia. Sed quam diam, molestie id laoreet eu, lacinia ac turpis. Cras tincidunt lobortis elit quis aliquam. Proin et massa libero.

Aliquam id pharetra arcu. Vivamus vitae mattis ligula. Sed efficitur urna vitae scelerisque tempor. Proin purus magna, vulputate eu ligula a, vehicula malesuada enim. Curabitur aliquet rutrum enim et tincidunt. Vestibulum ante ipsum primis in faucibus orci luctus et ultrices posuere cubilia curae; Vivamus pharetra enim leo, nec molestie nibh consectetur quis. Class aptent taciti sociosqu ad litora torquent per conubia nostra, per inceptos himenaeos. Nunc quis maximus elit, vitae pulvinar urna. Integer at mi elit. Phasellus vitae rutrum sem. Vivamus et mauris ac nisl congue congue eu eget elit. Nullam at quam velit. Pellentesque dictum, diam nec tempor aliquet, tortor justo fermentum sapien, at condimentum turpis elit vel sapien. Aenean rutrum tellus sodales tortor viverra eleifend.

Donec facilisis, diam efficitur maximus ultrices, enim lectus rutrum elit, eget malesuada mi justo dapibus enim. Maecenas finibus euismod nulla quis dignissim. Sed dictum ante rutrum turpis euismod laoreet. Sed placerat tellus leo. In ut lobortis lorem. Nullam vitae lectus egestas urna tincidunt aliquet. Ut sagittis vel enim eget malesuada. Cras in congue tortor. Interdum et malesuada fames ac ante ipsum primis in faucibus. Nunc tempus consequat neque, et eleifend nulla aliquam eu.",Author 129,5,danh-cho-tre-mam-non-tap-to-mau-mau-giao-chu-e-ong-vat-duoi-nuoc-2022,NXB 129,2014,6
https://cdn1.fahasa.com/media/catalog/product/i/m/image_217655.jpg,Vở Ô Ly Tập Tô Chữ - Chữ Cái Viết Thường (Dành Cho Bé Chuẩn Bị Vào Lớp 1),10000,38,9780085481245,"Lorem ipsum dolor sit amet, consectetur adipiscing elit. Nam congue vel tellus non luctus. Vestibulum vitae nunc lorem. Sed lacinia lectus vel augue imperdiet ultricies. Donec id venenatis ex, vitae pretium ligula. Sed nulla eros, dignissim at feugiat non, posuere sit amet urna. Ut eu porttitor tellus. Cras eu massa nulla. Morbi porta fermentum elit eu iaculis. Pellentesque hendrerit venenatis purus at feugiat. Pellentesque vitae feugiat purus. Donec mattis rhoncus lacinia. Sed quam diam, molestie id laoreet eu, lacinia ac turpis. Cras tincidunt lobortis elit quis aliquam. Proin et massa libero.

Aliquam id pharetra arcu. Vivamus vitae mattis ligula. Sed efficitur urna vitae scelerisque tempor. Proin purus magna, vulputate eu ligula a, vehicula malesuada enim. Curabitur aliquet rutrum enim et tincidunt. Vestibulum ante ipsum primis in faucibus orci luctus et ultrices posuere cubilia curae; Vivamus pharetra enim leo, nec molestie nibh consectetur quis. Class aptent taciti sociosqu ad litora torquent per conubia nostra, per inceptos himenaeos. Nunc quis maximus elit, vitae pulvinar urna. Integer at mi elit. Phasellus vitae rutrum sem. Vivamus et mauris ac nisl congue congue eu eget elit. Nullam at quam velit. Pellentesque dictum, diam nec tempor aliquet, tortor justo fermentum sapien, at condimentum turpis elit vel sapien. Aenean rutrum tellus sodales tortor viverra eleifend.

Donec facilisis, diam efficitur maximus ultrices, enim lectus rutrum elit, eget malesuada mi justo dapibus enim. Maecenas finibus euismod nulla quis dignissim. Sed dictum ante rutrum turpis euismod laoreet. Sed placerat tellus leo. In ut lobortis lorem. Nullam vitae lectus egestas urna tincidunt aliquet. Ut sagittis vel enim eget malesuada. Cras in congue tortor. Interdum et malesuada fames ac ante ipsum primis in faucibus. Nunc tempus consequat neque, et eleifend nulla aliquam eu.",Author 130,14,vo-o-ly-tap-to-chu-chu-cai-viet-thuong-danh-cho-be-chuan-bi-vao-lop-1,NXB 130,2019,9
https://cdn1.fahasa.com/media/catalog/product/i/m/image_195509_1_45918.jpg,300 Miếng Bóc Dán Thông Minh - Phát Triển Tư Duy,24000,38,9780085481246,"Lorem ipsum dolor sit amet, consectetur adipiscing elit. Nam congue vel tellus non luctus. Vestibulum vitae nunc lorem. Sed lacinia lectus vel augue imperdiet ultricies. Donec id venenatis ex, vitae pretium ligula. Sed nulla eros, dignissim at feugiat non, posuere sit amet urna. Ut eu porttitor tellus. Cras eu massa nulla. Morbi porta fermentum elit eu iaculis. Pellentesque hendrerit venenatis purus at feugiat. Pellentesque vitae feugiat purus. Donec mattis rhoncus lacinia. Sed quam diam, molestie id laoreet eu, lacinia ac turpis. Cras tincidunt lobortis elit quis aliquam. Proin et massa libero.

Aliquam id pharetra arcu. Vivamus vitae mattis ligula. Sed efficitur urna vitae scelerisque tempor. Proin purus magna, vulputate eu ligula a, vehicula malesuada enim. Curabitur aliquet rutrum enim et tincidunt. Vestibulum ante ipsum primis in faucibus orci luctus et ultrices posuere cubilia curae; Vivamus pharetra enim leo, nec molestie nibh consectetur quis. Class aptent taciti sociosqu ad litora torquent per conubia nostra, per inceptos himenaeos. Nunc quis maximus elit, vitae pulvinar urna. Integer at mi elit. Phasellus vitae rutrum sem. Vivamus et mauris ac nisl congue congue eu eget elit. Nullam at quam velit. Pellentesque dictum, diam nec tempor aliquet, tortor justo fermentum sapien, at condimentum turpis elit vel sapien. Aenean rutrum tellus sodales tortor viverra eleifend.

Donec facilisis, diam efficitur maximus ultrices, enim lectus rutrum elit, eget malesuada mi justo dapibus enim. Maecenas finibus euismod nulla quis dignissim. Sed dictum ante rutrum turpis euismod laoreet. Sed placerat tellus leo. In ut lobortis lorem. Nullam vitae lectus egestas urna tincidunt aliquet. Ut sagittis vel enim eget malesuada. Cras in congue tortor. Interdum et malesuada fames ac ante ipsum primis in faucibus. Nunc tempus consequat neque, et eleifend nulla aliquam eu.",Author 131,18,300-mieng-boc-dan-thong-minh-phat-trien-tu-duy,NXB 131,2012,11
https://cdn1.fahasa.com/media/catalog/product/i/m/image_195509_1_45919.jpg,300 Miếng Bóc Dán Thông Minh - Các Bộ Phận Cơ Thể,24000,38,9780085481247,"Lorem ipsum dolor sit amet, consectetur adipiscing elit. Nam congue vel tellus non luctus. Vestibulum vitae nunc lorem. Sed lacinia lectus vel augue imperdiet ultricies. Donec id venenatis ex, vitae pretium ligula. Sed nulla eros, dignissim at feugiat non, posuere sit amet urna. Ut eu porttitor tellus. Cras eu massa nulla. Morbi porta fermentum elit eu iaculis. Pellentesque hendrerit venenatis purus at feugiat. Pellentesque vitae feugiat purus. Donec mattis rhoncus lacinia. Sed quam diam, molestie id laoreet eu, lacinia ac turpis. Cras tincidunt lobortis elit quis aliquam. Proin et massa libero.

Aliquam id pharetra arcu. Vivamus vitae mattis ligula. Sed efficitur urna vitae scelerisque tempor. Proin purus magna, vulputate eu ligula a, vehicula malesuada enim. Curabitur aliquet rutrum enim et tincidunt. Vestibulum ante ipsum primis in faucibus orci luctus et ultrices posuere cubilia curae; Vivamus pharetra enim leo, nec molestie nibh consectetur quis. Class aptent taciti sociosqu ad litora torquent per conubia nostra, per inceptos himenaeos. Nunc quis maximus elit, vitae pulvinar urna. Integer at mi elit. Phasellus vitae rutrum sem. Vivamus et mauris ac nisl congue congue eu eget elit. Nullam at quam velit. Pellentesque dictum, diam nec tempor aliquet, tortor justo fermentum sapien, at condimentum turpis elit vel sapien. Aenean rutrum tellus sodales tortor viverra eleifend.

Donec facilisis, diam efficitur maximus ultrices, enim lectus rutrum elit, eget malesuada mi justo dapibus enim. Maecenas finibus euismod nulla quis dignissim. Sed dictum ante rutrum turpis euismod laoreet. Sed placerat tellus leo. In ut lobortis lorem. Nullam vitae lectus egestas urna tincidunt aliquet. Ut sagittis vel enim eget malesuada. Cras in congue tortor. Interdum et malesuada fames ac ante ipsum primis in faucibus. Nunc tempus consequat neque, et eleifend nulla aliquam eu.",Author 132,11,300-mieng-boc-dan-thong-minh-cac-bo-phan-co-the,NXB 132,2010,4
https://cdn1.fahasa.com/media/catalog/product/i/m/image_175269.jpg,200 Miếng Bóc Dán Thông Minh - Khủng Long (Tái Bản 2018),44000,38,9780085481248,"Lorem ipsum dolor sit amet, consectetur adipiscing elit. Nam congue vel tellus non luctus. Vestibulum vitae nunc lorem. Sed lacinia lectus vel augue imperdiet ultricies. Donec id venenatis ex, vitae pretium ligula. Sed nulla eros, dignissim at feugiat non, posuere sit amet urna. Ut eu porttitor tellus. Cras eu massa nulla. Morbi porta fermentum elit eu iaculis. Pellentesque hendrerit venenatis purus at feugiat. Pellentesque vitae feugiat purus. Donec mattis rhoncus lacinia. Sed quam diam, molestie id laoreet eu, lacinia ac turpis. Cras tincidunt lobortis elit quis aliquam. Proin et massa libero.

Aliquam id pharetra arcu. Vivamus vitae mattis ligula. Sed efficitur urna vitae scelerisque tempor. Proin purus magna, vulputate eu ligula a, vehicula malesuada enim. Curabitur aliquet rutrum enim et tincidunt. Vestibulum ante ipsum primis in faucibus orci luctus et ultrices posuere cubilia curae; Vivamus pharetra enim leo, nec molestie nibh consectetur quis. Class aptent taciti sociosqu ad litora torquent per conubia nostra, per inceptos himenaeos. Nunc quis maximus elit, vitae pulvinar urna. Integer at mi elit. Phasellus vitae rutrum sem. Vivamus et mauris ac nisl congue congue eu eget elit. Nullam at quam velit. Pellentesque dictum, diam nec tempor aliquet, tortor justo fermentum sapien, at condimentum turpis elit vel sapien. Aenean rutrum tellus sodales tortor viverra eleifend.

Donec facilisis, diam efficitur maximus ultrices, enim lectus rutrum elit, eget malesuada mi justo dapibus enim. Maecenas finibus euismod nulla quis dignissim. Sed dictum ante rutrum turpis euismod laoreet. Sed placerat tellus leo. In ut lobortis lorem. Nullam vitae lectus egestas urna tincidunt aliquet. Ut sagittis vel enim eget malesuada. Cras in congue tortor. Interdum et malesuada fames ac ante ipsum primis in faucibus. Nunc tempus consequat neque, et eleifend nulla aliquam eu.",Author 133,6,200-mieng-boc-dan-thong-minh-khung-long-tai-ban-2018,NXB 133,2004,3
https://cdn1.fahasa.com/media/catalog/product/i/m/image_175273.jpg,200 Miếng Bóc Dán Thông Minh - Phát Triển Chỉ Số Tình Cảm EQ Tập 2 (Dành Cho Trẻ 2-10 Tuổi) - Tái Bản 2018,44000,38,9780085481249,"Lorem ipsum dolor sit amet, consectetur adipiscing elit. Nam congue vel tellus non luctus. Vestibulum vitae nunc lorem. Sed lacinia lectus vel augue imperdiet ultricies. Donec id venenatis ex, vitae pretium ligula. Sed nulla eros, dignissim at feugiat non, posuere sit amet urna. Ut eu porttitor tellus. Cras eu massa nulla. Morbi porta fermentum elit eu iaculis. Pellentesque hendrerit venenatis purus at feugiat. Pellentesque vitae feugiat purus. Donec mattis rhoncus lacinia. Sed quam diam, molestie id laoreet eu, lacinia ac turpis. Cras tincidunt lobortis elit quis aliquam. Proin et massa libero.

Aliquam id pharetra arcu. Vivamus vitae mattis ligula. Sed efficitur urna vitae scelerisque tempor. Proin purus magna, vulputate eu ligula a, vehicula malesuada enim. Curabitur aliquet rutrum enim et tincidunt. Vestibulum ante ipsum primis in faucibus orci luctus et ultrices posuere cubilia curae; Vivamus pharetra enim leo, nec molestie nibh consectetur quis. Class aptent taciti sociosqu ad litora torquent per conubia nostra, per inceptos himenaeos. Nunc quis maximus elit, vitae pulvinar urna. Integer at mi elit. Phasellus vitae rutrum sem. Vivamus et mauris ac nisl congue congue eu eget elit. Nullam at quam velit. Pellentesque dictum, diam nec tempor aliquet, tortor justo fermentum sapien, at condimentum turpis elit vel sapien. Aenean rutrum tellus sodales tortor viverra eleifend.

Donec facilisis, diam efficitur maximus ultrices, enim lectus rutrum elit, eget malesuada mi justo dapibus enim. Maecenas finibus euismod nulla quis dignissim. Sed dictum ante rutrum turpis euismod laoreet. Sed placerat tellus leo. In ut lobortis lorem. Nullam vitae lectus egestas urna tincidunt aliquet. Ut sagittis vel enim eget malesuada. Cras in congue tortor. Interdum et malesuada fames ac ante ipsum primis in faucibus. Nunc tempus consequat neque, et eleifend nulla aliquam eu.",Author 134,12,200-mieng-boc-dan-thong-minh-phat-trien-chi-so-tinh-cam-eq-tap-2-danh-cho-tre-2-10-tuoi-tai-ban-2018,NXB 134,2001,18
https://cdn1.fahasa.com/media/catalog/product/8/9/8935212339193.jpg,200 Miếng Bóc Dán Thông Minh - Phát Triển Chỉ Số Thông Minh IQ Tập 1 (Dành Cho Trẻ 2-10 Tuổi) - Tái Bản 2018,44000,38,9780085481250,"Lorem ipsum dolor sit amet, consectetur adipiscing elit. Nam congue vel tellus non luctus. Vestibulum vitae nunc lorem. Sed lacinia lectus vel augue imperdiet ultricies. Donec id venenatis ex, vitae pretium ligula. Sed nulla eros, dignissim at feugiat non, posuere sit amet urna. Ut eu porttitor tellus. Cras eu massa nulla. Morbi porta fermentum elit eu iaculis. Pellentesque hendrerit venenatis purus at feugiat. Pellentesque vitae feugiat purus. Donec mattis rhoncus lacinia. Sed quam diam, molestie id laoreet eu, lacinia ac turpis. Cras tincidunt lobortis elit quis aliquam. Proin et massa libero.

Aliquam id pharetra arcu. Vivamus vitae mattis ligula. Sed efficitur urna vitae scelerisque tempor. Proin purus magna, vulputate eu ligula a, vehicula malesuada enim. Curabitur aliquet rutrum enim et tincidunt. Vestibulum ante ipsum primis in faucibus orci luctus et ultrices posuere cubilia curae; Vivamus pharetra enim leo, nec molestie nibh consectetur quis. Class aptent taciti sociosqu ad litora torquent per conubia nostra, per inceptos himenaeos. Nunc quis maximus elit, vitae pulvinar urna. Integer at mi elit. Phasellus vitae rutrum sem. Vivamus et mauris ac nisl congue congue eu eget elit. Nullam at quam velit. Pellentesque dictum, diam nec tempor aliquet, tortor justo fermentum sapien, at condimentum turpis elit vel sapien. Aenean rutrum tellus sodales tortor viverra eleifend.

Donec facilisis, diam efficitur maximus ultrices, enim lectus rutrum elit, eget malesuada mi justo dapibus enim. Maecenas finibus euismod nulla quis dignissim. Sed dictum ante rutrum turpis euismod laoreet. Sed placerat tellus leo. In ut lobortis lorem. Nullam vitae lectus egestas urna tincidunt aliquet. Ut sagittis vel enim eget malesuada. Cras in congue tortor. Interdum et malesuada fames ac ante ipsum primis in faucibus. Nunc tempus consequat neque, et eleifend nulla aliquam eu.",Author 135,11,200-mieng-boc-dan-thong-minh-phat-trien-chi-so-thong-minh-iq-tap-1-danh-cho-tre-2-10-tuoi-tai-ban-2018,NXB 135,2001,11
https://cdn1.fahasa.com/media/catalog/product/8/9/8935212358125.jpg,Cuốn Sách Tô Màu Đầu Tiên Của Tớ - Côn Trùng,20000,38,9780085481251,"Lorem ipsum dolor sit amet, consectetur adipiscing elit. Nam congue vel tellus non luctus. Vestibulum vitae nunc lorem. Sed lacinia lectus vel augue imperdiet ultricies. Donec id venenatis ex, vitae pretium ligula. Sed nulla eros, dignissim at feugiat non, posuere sit amet urna. Ut eu porttitor tellus. Cras eu massa nulla. Morbi porta fermentum elit eu iaculis. Pellentesque hendrerit venenatis purus at feugiat. Pellentesque vitae feugiat purus. Donec mattis rhoncus lacinia. Sed quam diam, molestie id laoreet eu, lacinia ac turpis. Cras tincidunt lobortis elit quis aliquam. Proin et massa libero.

Aliquam id pharetra arcu. Vivamus vitae mattis ligula. Sed efficitur urna vitae scelerisque tempor. Proin purus magna, vulputate eu ligula a, vehicula malesuada enim. Curabitur aliquet rutrum enim et tincidunt. Vestibulum ante ipsum primis in faucibus orci luctus et ultrices posuere cubilia curae; Vivamus pharetra enim leo, nec molestie nibh consectetur quis. Class aptent taciti sociosqu ad litora torquent per conubia nostra, per inceptos himenaeos. Nunc quis maximus elit, vitae pulvinar urna. Integer at mi elit. Phasellus vitae rutrum sem. Vivamus et mauris ac nisl congue congue eu eget elit. Nullam at quam velit. Pellentesque dictum, diam nec tempor aliquet, tortor justo fermentum sapien, at condimentum turpis elit vel sapien. Aenean rutrum tellus sodales tortor viverra eleifend.

Donec facilisis, diam efficitur maximus ultrices, enim lectus rutrum elit, eget malesuada mi justo dapibus enim. Maecenas finibus euismod nulla quis dignissim. Sed dictum ante rutrum turpis euismod laoreet. Sed placerat tellus leo. In ut lobortis lorem. Nullam vitae lectus egestas urna tincidunt aliquet. Ut sagittis vel enim eget malesuada. Cras in congue tortor. Interdum et malesuada fames ac ante ipsum primis in faucibus. Nunc tempus consequat neque, et eleifend nulla aliquam eu.",Author 136,16,cuon-sach-to-mau-au-tien-cua-to-con-trung,NXB 136,2025,16
https://cdn1.fahasa.com/media/catalog/product/i/m/image_195509_1_46467.jpg,Tập Tô Màu 2 (5-6 Tuổi) - Tái Bản 2020,8500,38,9780085481252,"Lorem ipsum dolor sit amet, consectetur adipiscing elit. Nam congue vel tellus non luctus. Vestibulum vitae nunc lorem. Sed lacinia lectus vel augue imperdiet ultricies. Donec id venenatis ex, vitae pretium ligula. Sed nulla eros, dignissim at feugiat non, posuere sit amet urna. Ut eu porttitor tellus. Cras eu massa nulla. Morbi porta fermentum elit eu iaculis. Pellentesque hendrerit venenatis purus at feugiat. Pellentesque vitae feugiat purus. Donec mattis rhoncus lacinia. Sed quam diam, molestie id laoreet eu, lacinia ac turpis. Cras tincidunt lobortis elit quis aliquam. Proin et massa libero.

Aliquam id pharetra arcu. Vivamus vitae mattis ligula. Sed efficitur urna vitae scelerisque tempor. Proin purus magna, vulputate eu ligula a, vehicula malesuada enim. Curabitur aliquet rutrum enim et tincidunt. Vestibulum ante ipsum primis in faucibus orci luctus et ultrices posuere cubilia curae; Vivamus pharetra enim leo, nec molestie nibh consectetur quis. Class aptent taciti sociosqu ad litora torquent per conubia nostra, per inceptos himenaeos. Nunc quis maximus elit, vitae pulvinar urna. Integer at mi elit. Phasellus vitae rutrum sem. Vivamus et mauris ac nisl congue congue eu eget elit. Nullam at quam velit. Pellentesque dictum, diam nec tempor aliquet, tortor justo fermentum sapien, at condimentum turpis elit vel sapien. Aenean rutrum tellus sodales tortor viverra eleifend.

Donec facilisis, diam efficitur maximus ultrices, enim lectus rutrum elit, eget malesuada mi justo dapibus enim. Maecenas finibus euismod nulla quis dignissim. Sed dictum ante rutrum turpis euismod laoreet. Sed placerat tellus leo. In ut lobortis lorem. Nullam vitae lectus egestas urna tincidunt aliquet. Ut sagittis vel enim eget malesuada. Cras in congue tortor. Interdum et malesuada fames ac ante ipsum primis in faucibus. Nunc tempus consequat neque, et eleifend nulla aliquam eu.",Author 137,19,tap-to-mau-2-5-6-tuoi-tai-ban-2020,NXB 137,2009,16
https://cdn1.fahasa.com/media/catalog/product/8/9/8935230006121.jpg,Bé Tô Màu Sáng Tạo - Động Vật Nuôi,24500,38,9780085481253,"Lorem ipsum dolor sit amet, consectetur adipiscing elit. Nam congue vel tellus non luctus. Vestibulum vitae nunc lorem. Sed lacinia lectus vel augue imperdiet ultricies. Donec id venenatis ex, vitae pretium ligula. Sed nulla eros, dignissim at feugiat non, posuere sit amet urna. Ut eu porttitor tellus. Cras eu massa nulla. Morbi porta fermentum elit eu iaculis. Pellentesque hendrerit venenatis purus at feugiat. Pellentesque vitae feugiat purus. Donec mattis rhoncus lacinia. Sed quam diam, molestie id laoreet eu, lacinia ac turpis. Cras tincidunt lobortis elit quis aliquam. Proin et massa libero.

Aliquam id pharetra arcu. Vivamus vitae mattis ligula. Sed efficitur urna vitae scelerisque tempor. Proin purus magna, vulputate eu ligula a, vehicula malesuada enim. Curabitur aliquet rutrum enim et tincidunt. Vestibulum ante ipsum primis in faucibus orci luctus et ultrices posuere cubilia curae; Vivamus pharetra enim leo, nec molestie nibh consectetur quis. Class aptent taciti sociosqu ad litora torquent per conubia nostra, per inceptos himenaeos. Nunc quis maximus elit, vitae pulvinar urna. Integer at mi elit. Phasellus vitae rutrum sem. Vivamus et mauris ac nisl congue congue eu eget elit. Nullam at quam velit. Pellentesque dictum, diam nec tempor aliquet, tortor justo fermentum sapien, at condimentum turpis elit vel sapien. Aenean rutrum tellus sodales tortor viverra eleifend.

Donec facilisis, diam efficitur maximus ultrices, enim lectus rutrum elit, eget malesuada mi justo dapibus enim. Maecenas finibus euismod nulla quis dignissim. Sed dictum ante rutrum turpis euismod laoreet. Sed placerat tellus leo. In ut lobortis lorem. Nullam vitae lectus egestas urna tincidunt aliquet. Ut sagittis vel enim eget malesuada. Cras in congue tortor. Interdum et malesuada fames ac ante ipsum primis in faucibus. Nunc tempus consequat neque, et eleifend nulla aliquam eu.",Author 138,5,be-to-mau-sang-tao-ong-vat-nuoi,NXB 138,2021,3
https://cdn1.fahasa.com/media/catalog/product/i/m/image_244718_1_4377.jpg,Tô Màu Phát Triển Trí Não Bộ Cho Bé 1-3 Tuổi - Tập 1,13500,38,9780085481254,"Lorem ipsum dolor sit amet, consectetur adipiscing elit. Nam congue vel tellus non luctus. Vestibulum vitae nunc lorem. Sed lacinia lectus vel augue imperdiet ultricies. Donec id venenatis ex, vitae pretium ligula. Sed nulla eros, dignissim at feugiat non, posuere sit amet urna. Ut eu porttitor tellus. Cras eu massa nulla. Morbi porta fermentum elit eu iaculis. Pellentesque hendrerit venenatis purus at feugiat. Pellentesque vitae feugiat purus. Donec mattis rhoncus lacinia. Sed quam diam, molestie id laoreet eu, lacinia ac turpis. Cras tincidunt lobortis elit quis aliquam. Proin et massa libero.

Aliquam id pharetra arcu. Vivamus vitae mattis ligula. Sed efficitur urna vitae scelerisque tempor. Proin purus magna, vulputate eu ligula a, vehicula malesuada enim. Curabitur aliquet rutrum enim et tincidunt. Vestibulum ante ipsum primis in faucibus orci luctus et ultrices posuere cubilia curae; Vivamus pharetra enim leo, nec molestie nibh consectetur quis. Class aptent taciti sociosqu ad litora torquent per conubia nostra, per inceptos himenaeos. Nunc quis maximus elit, vitae pulvinar urna. Integer at mi elit. Phasellus vitae rutrum sem. Vivamus et mauris ac nisl congue congue eu eget elit. Nullam at quam velit. Pellentesque dictum, diam nec tempor aliquet, tortor justo fermentum sapien, at condimentum turpis elit vel sapien. Aenean rutrum tellus sodales tortor viverra eleifend.

Donec facilisis, diam efficitur maximus ultrices, enim lectus rutrum elit, eget malesuada mi justo dapibus enim. Maecenas finibus euismod nulla quis dignissim. Sed dictum ante rutrum turpis euismod laoreet. Sed placerat tellus leo. In ut lobortis lorem. Nullam vitae lectus egestas urna tincidunt aliquet. Ut sagittis vel enim eget malesuada. Cras in congue tortor. Interdum et malesuada fames ac ante ipsum primis in faucibus. Nunc tempus consequat neque, et eleifend nulla aliquam eu.",Author 139,7,to-mau-phat-trien-tri-nao-bo-cho-be-1-3-tuoi-tap-1,NXB 139,2022,19
https://cdn1.fahasa.com/media/catalog/product/1/3/1374309911800.jpg,Bộ Sách Bé Tập Tô Phát Triển Tư Duy - Tập Tô-Tập Viết (Bộ 8 Cuốn),104000,38,9780085481255,"Lorem ipsum dolor sit amet, consectetur adipiscing elit. Nam congue vel tellus non luctus. Vestibulum vitae nunc lorem. Sed lacinia lectus vel augue imperdiet ultricies. Donec id venenatis ex, vitae pretium ligula. Sed nulla eros, dignissim at feugiat non, posuere sit amet urna. Ut eu porttitor tellus. Cras eu massa nulla. Morbi porta fermentum elit eu iaculis. Pellentesque hendrerit venenatis purus at feugiat. Pellentesque vitae feugiat purus. Donec mattis rhoncus lacinia. Sed quam diam, molestie id laoreet eu, lacinia ac turpis. Cras tincidunt lobortis elit quis aliquam. Proin et massa libero.

Aliquam id pharetra arcu. Vivamus vitae mattis ligula. Sed efficitur urna vitae scelerisque tempor. Proin purus magna, vulputate eu ligula a, vehicula malesuada enim. Curabitur aliquet rutrum enim et tincidunt. Vestibulum ante ipsum primis in faucibus orci luctus et ultrices posuere cubilia curae; Vivamus pharetra enim leo, nec molestie nibh consectetur quis. Class aptent taciti sociosqu ad litora torquent per conubia nostra, per inceptos himenaeos. Nunc quis maximus elit, vitae pulvinar urna. Integer at mi elit. Phasellus vitae rutrum sem. Vivamus et mauris ac nisl congue congue eu eget elit. Nullam at quam velit. Pellentesque dictum, diam nec tempor aliquet, tortor justo fermentum sapien, at condimentum turpis elit vel sapien. Aenean rutrum tellus sodales tortor viverra eleifend.

Donec facilisis, diam efficitur maximus ultrices, enim lectus rutrum elit, eget malesuada mi justo dapibus enim. Maecenas finibus euismod nulla quis dignissim. Sed dictum ante rutrum turpis euismod laoreet. Sed placerat tellus leo. In ut lobortis lorem. Nullam vitae lectus egestas urna tincidunt aliquet. Ut sagittis vel enim eget malesuada. Cras in congue tortor. Interdum et malesuada fames ac ante ipsum primis in faucibus. Nunc tempus consequat neque, et eleifend nulla aliquam eu.",Author 140,17,bo-sach-be-tap-to-phat-trien-tu-duy-tap-to-tap-viet-bo-8-cuon,NXB 140,2000,18
https://cdn1.fahasa.com/media/catalog/product/1/_/1_72_8.jpg,200 Miếng Bóc Dán Thông Minh - Phát Triển Chỉ Số Thông Minh Sáng Tạo CQ Tập 1 (Dành Cho Trẻ 2-10 Tuổi) - Tái Bản 2018,44000,38,9780085481256,"Lorem ipsum dolor sit amet, consectetur adipiscing elit. Nam congue vel tellus non luctus. Vestibulum vitae nunc lorem. Sed lacinia lectus vel augue imperdiet ultricies. Donec id venenatis ex, vitae pretium ligula. Sed nulla eros, dignissim at feugiat non, posuere sit amet urna. Ut eu porttitor tellus. Cras eu massa nulla. Morbi porta fermentum elit eu iaculis. Pellentesque hendrerit venenatis purus at feugiat. Pellentesque vitae feugiat purus. Donec mattis rhoncus lacinia. Sed quam diam, molestie id laoreet eu, lacinia ac turpis. Cras tincidunt lobortis elit quis aliquam. Proin et massa libero.

Aliquam id pharetra arcu. Vivamus vitae mattis ligula. Sed efficitur urna vitae scelerisque tempor. Proin purus magna, vulputate eu ligula a, vehicula malesuada enim. Curabitur aliquet rutrum enim et tincidunt. Vestibulum ante ipsum primis in faucibus orci luctus et ultrices posuere cubilia curae; Vivamus pharetra enim leo, nec molestie nibh consectetur quis. Class aptent taciti sociosqu ad litora torquent per conubia nostra, per inceptos himenaeos. Nunc quis maximus elit, vitae pulvinar urna. Integer at mi elit. Phasellus vitae rutrum sem. Vivamus et mauris ac nisl congue congue eu eget elit. Nullam at quam velit. Pellentesque dictum, diam nec tempor aliquet, tortor justo fermentum sapien, at condimentum turpis elit vel sapien. Aenean rutrum tellus sodales tortor viverra eleifend.

Donec facilisis, diam efficitur maximus ultrices, enim lectus rutrum elit, eget malesuada mi justo dapibus enim. Maecenas finibus euismod nulla quis dignissim. Sed dictum ante rutrum turpis euismod laoreet. Sed placerat tellus leo. In ut lobortis lorem. Nullam vitae lectus egestas urna tincidunt aliquet. Ut sagittis vel enim eget malesuada. Cras in congue tortor. Interdum et malesuada fames ac ante ipsum primis in faucibus. Nunc tempus consequat neque, et eleifend nulla aliquam eu.",Author 141,12,200-mieng-boc-dan-thong-minh-phat-trien-chi-so-thong-minh-sang-tao-cq-tap-1-danh-cho-tre-2-10-tuoi-tai-ban-2018,NXB 141,2024,8
https://cdn1.fahasa.com/media/catalog/product/8/9/8935212373548.jpg,Yêu Quá Việt Nam - Trò Chơi Dân Gian,20000,38,9780085481257,"Lorem ipsum dolor sit amet, consectetur adipiscing elit. Nam congue vel tellus non luctus. Vestibulum vitae nunc lorem. Sed lacinia lectus vel augue imperdiet ultricies. Donec id venenatis ex, vitae pretium ligula. Sed nulla eros, dignissim at feugiat non, posuere sit amet urna. Ut eu porttitor tellus. Cras eu massa nulla. Morbi porta fermentum elit eu iaculis. Pellentesque hendrerit venenatis purus at feugiat. Pellentesque vitae feugiat purus. Donec mattis rhoncus lacinia. Sed quam diam, molestie id laoreet eu, lacinia ac turpis. Cras tincidunt lobortis elit quis aliquam. Proin et massa libero.

Aliquam id pharetra arcu. Vivamus vitae mattis ligula. Sed efficitur urna vitae scelerisque tempor. Proin purus magna, vulputate eu ligula a, vehicula malesuada enim. Curabitur aliquet rutrum enim et tincidunt. Vestibulum ante ipsum primis in faucibus orci luctus et ultrices posuere cubilia curae; Vivamus pharetra enim leo, nec molestie nibh consectetur quis. Class aptent taciti sociosqu ad litora torquent per conubia nostra, per inceptos himenaeos. Nunc quis maximus elit, vitae pulvinar urna. Integer at mi elit. Phasellus vitae rutrum sem. Vivamus et mauris ac nisl congue congue eu eget elit. Nullam at quam velit. Pellentesque dictum, diam nec tempor aliquet, tortor justo fermentum sapien, at condimentum turpis elit vel sapien. Aenean rutrum tellus sodales tortor viverra eleifend.

Donec facilisis, diam efficitur maximus ultrices, enim lectus rutrum elit, eget malesuada mi justo dapibus enim. Maecenas finibus euismod nulla quis dignissim. Sed dictum ante rutrum turpis euismod laoreet. Sed placerat tellus leo. In ut lobortis lorem. Nullam vitae lectus egestas urna tincidunt aliquet. Ut sagittis vel enim eget malesuada. Cras in congue tortor. Interdum et malesuada fames ac ante ipsum primis in faucibus. Nunc tempus consequat neque, et eleifend nulla aliquam eu.",Author 142,6,yeu-qua-viet-nam-tro-choi-dan-gian,NXB 142,2007,16
https://cdn1.fahasa.com/media/catalog/product/k/h/khunghungthu.jpg,Bé Khéo Tay - Cắt Và Dán Hình 3D - Khu Hứng Thú,25500,38,9780085481258,"Lorem ipsum dolor sit amet, consectetur adipiscing elit. Nam congue vel tellus non luctus. Vestibulum vitae nunc lorem. Sed lacinia lectus vel augue imperdiet ultricies. Donec id venenatis ex, vitae pretium ligula. Sed nulla eros, dignissim at feugiat non, posuere sit amet urna. Ut eu porttitor tellus. Cras eu massa nulla. Morbi porta fermentum elit eu iaculis. Pellentesque hendrerit venenatis purus at feugiat. Pellentesque vitae feugiat purus. Donec mattis rhoncus lacinia. Sed quam diam, molestie id laoreet eu, lacinia ac turpis. Cras tincidunt lobortis elit quis aliquam. Proin et massa libero.

Aliquam id pharetra arcu. Vivamus vitae mattis ligula. Sed efficitur urna vitae scelerisque tempor. Proin purus magna, vulputate eu ligula a, vehicula malesuada enim. Curabitur aliquet rutrum enim et tincidunt. Vestibulum ante ipsum primis in faucibus orci luctus et ultrices posuere cubilia curae; Vivamus pharetra enim leo, nec molestie nibh consectetur quis. Class aptent taciti sociosqu ad litora torquent per conubia nostra, per inceptos himenaeos. Nunc quis maximus elit, vitae pulvinar urna. Integer at mi elit. Phasellus vitae rutrum sem. Vivamus et mauris ac nisl congue congue eu eget elit. Nullam at quam velit. Pellentesque dictum, diam nec tempor aliquet, tortor justo fermentum sapien, at condimentum turpis elit vel sapien. Aenean rutrum tellus sodales tortor viverra eleifend.

Donec facilisis, diam efficitur maximus ultrices, enim lectus rutrum elit, eget malesuada mi justo dapibus enim. Maecenas finibus euismod nulla quis dignissim. Sed dictum ante rutrum turpis euismod laoreet. Sed placerat tellus leo. In ut lobortis lorem. Nullam vitae lectus egestas urna tincidunt aliquet. Ut sagittis vel enim eget malesuada. Cras in congue tortor. Interdum et malesuada fames ac ante ipsum primis in faucibus. Nunc tempus consequat neque, et eleifend nulla aliquam eu.",Author 143,11,be-kheo-tay-cat-va-dan-hinh-3d-khu-hung-thu,NXB 143,2003,19
https://cdn1.fahasa.com/media/catalog/product/8/9/8935230006138.jpg,Bé Tô Màu Sáng Tạo - Động Vật Hoang Dã,24500,38,9780085481259,"Lorem ipsum dolor sit amet, consectetur adipiscing elit. Nam congue vel tellus non luctus. Vestibulum vitae nunc lorem. Sed lacinia lectus vel augue imperdiet ultricies. Donec id venenatis ex, vitae pretium ligula. Sed nulla eros, dignissim at feugiat non, posuere sit amet urna. Ut eu porttitor tellus. Cras eu massa nulla. Morbi porta fermentum elit eu iaculis. Pellentesque hendrerit venenatis purus at feugiat. Pellentesque vitae feugiat purus. Donec mattis rhoncus lacinia. Sed quam diam, molestie id laoreet eu, lacinia ac turpis. Cras tincidunt lobortis elit quis aliquam. Proin et massa libero.

Aliquam id pharetra arcu. Vivamus vitae mattis ligula. Sed efficitur urna vitae scelerisque tempor. Proin purus magna, vulputate eu ligula a, vehicula malesuada enim. Curabitur aliquet rutrum enim et tincidunt. Vestibulum ante ipsum primis in faucibus orci luctus et ultrices posuere cubilia curae; Vivamus pharetra enim leo, nec molestie nibh consectetur quis. Class aptent taciti sociosqu ad litora torquent per conubia nostra, per inceptos himenaeos. Nunc quis maximus elit, vitae pulvinar urna. Integer at mi elit. Phasellus vitae rutrum sem. Vivamus et mauris ac nisl congue congue eu eget elit. Nullam at quam velit. Pellentesque dictum, diam nec tempor aliquet, tortor justo fermentum sapien, at condimentum turpis elit vel sapien. Aenean rutrum tellus sodales tortor viverra eleifend.

Donec facilisis, diam efficitur maximus ultrices, enim lectus rutrum elit, eget malesuada mi justo dapibus enim. Maecenas finibus euismod nulla quis dignissim. Sed dictum ante rutrum turpis euismod laoreet. Sed placerat tellus leo. In ut lobortis lorem. Nullam vitae lectus egestas urna tincidunt aliquet. Ut sagittis vel enim eget malesuada. Cras in congue tortor. Interdum et malesuada fames ac ante ipsum primis in faucibus. Nunc tempus consequat neque, et eleifend nulla aliquam eu.",Author 144,4,be-to-mau-sang-tao-ong-vat-hoang-da,NXB 144,2016,11
https://cdn1.fahasa.com/media/catalog/product/i/m/image_195509_1_46272.jpg,100 Kỹ Năng Sinh Tồn,74250,37,9780085481260,"Lorem ipsum dolor sit amet, consectetur adipiscing elit. Nam congue vel tellus non luctus. Vestibulum vitae nunc lorem. Sed lacinia lectus vel augue imperdiet ultricies. Donec id venenatis ex, vitae pretium ligula. Sed nulla eros, dignissim at feugiat non, posuere sit amet urna. Ut eu porttitor tellus. Cras eu massa nulla. Morbi porta fermentum elit eu iaculis. Pellentesque hendrerit venenatis purus at feugiat. Pellentesque vitae feugiat purus. Donec mattis rhoncus lacinia. Sed quam diam, molestie id laoreet eu, lacinia ac turpis. Cras tincidunt lobortis elit quis aliquam. Proin et massa libero.

Aliquam id pharetra arcu. Vivamus vitae mattis ligula. Sed efficitur urna vitae scelerisque tempor. Proin purus magna, vulputate eu ligula a, vehicula malesuada enim. Curabitur aliquet rutrum enim et tincidunt. Vestibulum ante ipsum primis in faucibus orci luctus et ultrices posuere cubilia curae; Vivamus pharetra enim leo, nec molestie nibh consectetur quis. Class aptent taciti sociosqu ad litora torquent per conubia nostra, per inceptos himenaeos. Nunc quis maximus elit, vitae pulvinar urna. Integer at mi elit. Phasellus vitae rutrum sem. Vivamus et mauris ac nisl congue congue eu eget elit. Nullam at quam velit. Pellentesque dictum, diam nec tempor aliquet, tortor justo fermentum sapien, at condimentum turpis elit vel sapien. Aenean rutrum tellus sodales tortor viverra eleifend.

Donec facilisis, diam efficitur maximus ultrices, enim lectus rutrum elit, eget malesuada mi justo dapibus enim. Maecenas finibus euismod nulla quis dignissim. Sed dictum ante rutrum turpis euismod laoreet. Sed placerat tellus leo. In ut lobortis lorem. Nullam vitae lectus egestas urna tincidunt aliquet. Ut sagittis vel enim eget malesuada. Cras in congue tortor. Interdum et malesuada fames ac ante ipsum primis in faucibus. Nunc tempus consequat neque, et eleifend nulla aliquam eu.",Author 145,15,100-ky-nang-sinh-ton,NXB 145,2025,6
https://cdn1.fahasa.com/media/catalog/product/d/a/danh-nhan-the-gioi---edison.jpg,Danh Nhân Thế Giới - Edison (Tái Bản 2022),27000,37,9780085481261,"Lorem ipsum dolor sit amet, consectetur adipiscing elit. Nam congue vel tellus non luctus. Vestibulum vitae nunc lorem. Sed lacinia lectus vel augue imperdiet ultricies. Donec id venenatis ex, vitae pretium ligula. Sed nulla eros, dignissim at feugiat non, posuere sit amet urna. Ut eu porttitor tellus. Cras eu massa nulla. Morbi porta fermentum elit eu iaculis. Pellentesque hendrerit venenatis purus at feugiat. Pellentesque vitae feugiat purus. Donec mattis rhoncus lacinia. Sed quam diam, molestie id laoreet eu, lacinia ac turpis. Cras tincidunt lobortis elit quis aliquam. Proin et massa libero.

Aliquam id pharetra arcu. Vivamus vitae mattis ligula. Sed efficitur urna vitae scelerisque tempor. Proin purus magna, vulputate eu ligula a, vehicula malesuada enim. Curabitur aliquet rutrum enim et tincidunt. Vestibulum ante ipsum primis in faucibus orci luctus et ultrices posuere cubilia curae; Vivamus pharetra enim leo, nec molestie nibh consectetur quis. Class aptent taciti sociosqu ad litora torquent per conubia nostra, per inceptos himenaeos. Nunc quis maximus elit, vitae pulvinar urna. Integer at mi elit. Phasellus vitae rutrum sem. Vivamus et mauris ac nisl congue congue eu eget elit. Nullam at quam velit. Pellentesque dictum, diam nec tempor aliquet, tortor justo fermentum sapien, at condimentum turpis elit vel sapien. Aenean rutrum tellus sodales tortor viverra eleifend.

Donec facilisis, diam efficitur maximus ultrices, enim lectus rutrum elit, eget malesuada mi justo dapibus enim. Maecenas finibus euismod nulla quis dignissim. Sed dictum ante rutrum turpis euismod laoreet. Sed placerat tellus leo. In ut lobortis lorem. Nullam vitae lectus egestas urna tincidunt aliquet. Ut sagittis vel enim eget malesuada. Cras in congue tortor. Interdum et malesuada fames ac ante ipsum primis in faucibus. Nunc tempus consequat neque, et eleifend nulla aliquam eu.",Author 146,14,danh-nhan-the-gioi-edison-tai-ban-2022,NXB 146,2010,13
https://cdn1.fahasa.com/media/catalog/product/9/7/9786044039640.jpg,Bách Khoa Tri Thức - Khám Phá Cơ Thể Người - Explore The Human Body (Song Ngữ),38350,37,9780085481262,"Lorem ipsum dolor sit amet, consectetur adipiscing elit. Nam congue vel tellus non luctus. Vestibulum vitae nunc lorem. Sed lacinia lectus vel augue imperdiet ultricies. Donec id venenatis ex, vitae pretium ligula. Sed nulla eros, dignissim at feugiat non, posuere sit amet urna. Ut eu porttitor tellus. Cras eu massa nulla. Morbi porta fermentum elit eu iaculis. Pellentesque hendrerit venenatis purus at feugiat. Pellentesque vitae feugiat purus. Donec mattis rhoncus lacinia. Sed quam diam, molestie id laoreet eu, lacinia ac turpis. Cras tincidunt lobortis elit quis aliquam. Proin et massa libero.

Aliquam id pharetra arcu. Vivamus vitae mattis ligula. Sed efficitur urna vitae scelerisque tempor. Proin purus magna, vulputate eu ligula a, vehicula malesuada enim. Curabitur aliquet rutrum enim et tincidunt. Vestibulum ante ipsum primis in faucibus orci luctus et ultrices posuere cubilia curae; Vivamus pharetra enim leo, nec molestie nibh consectetur quis. Class aptent taciti sociosqu ad litora torquent per conubia nostra, per inceptos himenaeos. Nunc quis maximus elit, vitae pulvinar urna. Integer at mi elit. Phasellus vitae rutrum sem. Vivamus et mauris ac nisl congue congue eu eget elit. Nullam at quam velit. Pellentesque dictum, diam nec tempor aliquet, tortor justo fermentum sapien, at condimentum turpis elit vel sapien. Aenean rutrum tellus sodales tortor viverra eleifend.

Donec facilisis, diam efficitur maximus ultrices, enim lectus rutrum elit, eget malesuada mi justo dapibus enim. Maecenas finibus euismod nulla quis dignissim. Sed dictum ante rutrum turpis euismod laoreet. Sed placerat tellus leo. In ut lobortis lorem. Nullam vitae lectus egestas urna tincidunt aliquet. Ut sagittis vel enim eget malesuada. Cras in congue tortor. Interdum et malesuada fames ac ante ipsum primis in faucibus. Nunc tempus consequat neque, et eleifend nulla aliquam eu.",Author 147,7,bach-khoa-tri-thuc-kham-pha-co-the-nguoi-explore-the-human-body-song-ngu,NXB 147,2024,16
https://cdn1.fahasa.com/media/catalog/product/i/m/image_195509_1_13548.jpg,Bách Khoa Tri Thức Về Khám Phá Thế Giới Cho Trẻ Em - Thiên Văn Học,33750,37,9780085481263,"Lorem ipsum dolor sit amet, consectetur adipiscing elit. Nam congue vel tellus non luctus. Vestibulum vitae nunc lorem. Sed lacinia lectus vel augue imperdiet ultricies. Donec id venenatis ex, vitae pretium ligula. Sed nulla eros, dignissim at feugiat non, posuere sit amet urna. Ut eu porttitor tellus. Cras eu massa nulla. Morbi porta fermentum elit eu iaculis. Pellentesque hendrerit venenatis purus at feugiat. Pellentesque vitae feugiat purus. Donec mattis rhoncus lacinia. Sed quam diam, molestie id laoreet eu, lacinia ac turpis. Cras tincidunt lobortis elit quis aliquam. Proin et massa libero.

Aliquam id pharetra arcu. Vivamus vitae mattis ligula. Sed efficitur urna vitae scelerisque tempor. Proin purus magna, vulputate eu ligula a, vehicula malesuada enim. Curabitur aliquet rutrum enim et tincidunt. Vestibulum ante ipsum primis in faucibus orci luctus et ultrices posuere cubilia curae; Vivamus pharetra enim leo, nec molestie nibh consectetur quis. Class aptent taciti sociosqu ad litora torquent per conubia nostra, per inceptos himenaeos. Nunc quis maximus elit, vitae pulvinar urna. Integer at mi elit. Phasellus vitae rutrum sem. Vivamus et mauris ac nisl congue congue eu eget elit. Nullam at quam velit. Pellentesque dictum, diam nec tempor aliquet, tortor justo fermentum sapien, at condimentum turpis elit vel sapien. Aenean rutrum tellus sodales tortor viverra eleifend.

Donec facilisis, diam efficitur maximus ultrices, enim lectus rutrum elit, eget malesuada mi justo dapibus enim. Maecenas finibus euismod nulla quis dignissim. Sed dictum ante rutrum turpis euismod laoreet. Sed placerat tellus leo. In ut lobortis lorem. Nullam vitae lectus egestas urna tincidunt aliquet. Ut sagittis vel enim eget malesuada. Cras in congue tortor. Interdum et malesuada fames ac ante ipsum primis in faucibus. Nunc tempus consequat neque, et eleifend nulla aliquam eu.",Author 148,6,bach-khoa-tri-thuc-ve-kham-pha-the-gioi-cho-tre-em-thien-van-hoc,NXB 148,2001,19
https://cdn1.fahasa.com/media/catalog/product/8/9/8935244869125.jpg,Danh Nhân Thế Giới - Newton (Tái Bản 2022),27000,37,9780085481264,"Lorem ipsum dolor sit amet, consectetur adipiscing elit. Nam congue vel tellus non luctus. Vestibulum vitae nunc lorem. Sed lacinia lectus vel augue imperdiet ultricies. Donec id venenatis ex, vitae pretium ligula. Sed nulla eros, dignissim at feugiat non, posuere sit amet urna. Ut eu porttitor tellus. Cras eu massa nulla. Morbi porta fermentum elit eu iaculis. Pellentesque hendrerit venenatis purus at feugiat. Pellentesque vitae feugiat purus. Donec mattis rhoncus lacinia. Sed quam diam, molestie id laoreet eu, lacinia ac turpis. Cras tincidunt lobortis elit quis aliquam. Proin et massa libero.

Aliquam id pharetra arcu. Vivamus vitae mattis ligula. Sed efficitur urna vitae scelerisque tempor. Proin purus magna, vulputate eu ligula a, vehicula malesuada enim. Curabitur aliquet rutrum enim et tincidunt. Vestibulum ante ipsum primis in faucibus orci luctus et ultrices posuere cubilia curae; Vivamus pharetra enim leo, nec molestie nibh consectetur quis. Class aptent taciti sociosqu ad litora torquent per conubia nostra, per inceptos himenaeos. Nunc quis maximus elit, vitae pulvinar urna. Integer at mi elit. Phasellus vitae rutrum sem. Vivamus et mauris ac nisl congue congue eu eget elit. Nullam at quam velit. Pellentesque dictum, diam nec tempor aliquet, tortor justo fermentum sapien, at condimentum turpis elit vel sapien. Aenean rutrum tellus sodales tortor viverra eleifend.

Donec facilisis, diam efficitur maximus ultrices, enim lectus rutrum elit, eget malesuada mi justo dapibus enim. Maecenas finibus euismod nulla quis dignissim. Sed dictum ante rutrum turpis euismod laoreet. Sed placerat tellus leo. In ut lobortis lorem. Nullam vitae lectus egestas urna tincidunt aliquet. Ut sagittis vel enim eget malesuada. Cras in congue tortor. Interdum et malesuada fames ac ante ipsum primis in faucibus. Nunc tempus consequat neque, et eleifend nulla aliquam eu.",Author 149,9,danh-nhan-the-gioi-newton-tai-ban-2022,NXB 149,2024,15
https://cdn1.fahasa.com/media/catalog/product/8/9/8935244869156.jpg,Danh Nhân Thế Giới - Nobel (Tái Bản 2022),27000,37,9780085481265,"Lorem ipsum dolor sit amet, consectetur adipiscing elit. Nam congue vel tellus non luctus. Vestibulum vitae nunc lorem. Sed lacinia lectus vel augue imperdiet ultricies. Donec id venenatis ex, vitae pretium ligula. Sed nulla eros, dignissim at feugiat non, posuere sit amet urna. Ut eu porttitor tellus. Cras eu massa nulla. Morbi porta fermentum elit eu iaculis. Pellentesque hendrerit venenatis purus at feugiat. Pellentesque vitae feugiat purus. Donec mattis rhoncus lacinia. Sed quam diam, molestie id laoreet eu, lacinia ac turpis. Cras tincidunt lobortis elit quis aliquam. Proin et massa libero.

Aliquam id pharetra arcu. Vivamus vitae mattis ligula. Sed efficitur urna vitae scelerisque tempor. Proin purus magna, vulputate eu ligula a, vehicula malesuada enim. Curabitur aliquet rutrum enim et tincidunt. Vestibulum ante ipsum primis in faucibus orci luctus et ultrices posuere cubilia curae; Vivamus pharetra enim leo, nec molestie nibh consectetur quis. Class aptent taciti sociosqu ad litora torquent per conubia nostra, per inceptos himenaeos. Nunc quis maximus elit, vitae pulvinar urna. Integer at mi elit. Phasellus vitae rutrum sem. Vivamus et mauris ac nisl congue congue eu eget elit. Nullam at quam velit. Pellentesque dictum, diam nec tempor aliquet, tortor justo fermentum sapien, at condimentum turpis elit vel sapien. Aenean rutrum tellus sodales tortor viverra eleifend.

Donec facilisis, diam efficitur maximus ultrices, enim lectus rutrum elit, eget malesuada mi justo dapibus enim. Maecenas finibus euismod nulla quis dignissim. Sed dictum ante rutrum turpis euismod laoreet. Sed placerat tellus leo. In ut lobortis lorem. Nullam vitae lectus egestas urna tincidunt aliquet. Ut sagittis vel enim eget malesuada. Cras in congue tortor. Interdum et malesuada fames ac ante ipsum primis in faucibus. Nunc tempus consequat neque, et eleifend nulla aliquam eu.",Author 150,16,danh-nhan-the-gioi-nobel-tai-ban-2022,NXB 150,2000,12
https://cdn1.fahasa.com/media/catalog/product/8/9/8935244869149.jpg,Danh Nhân Thế Giới - Lincoln (Tái Bản 2022),27000,37,9780085481266,"Lorem ipsum dolor sit amet, consectetur adipiscing elit. Nam congue vel tellus non luctus. Vestibulum vitae nunc lorem. Sed lacinia lectus vel augue imperdiet ultricies. Donec id venenatis ex, vitae pretium ligula. Sed nulla eros, dignissim at feugiat non, posuere sit amet urna. Ut eu porttitor tellus. Cras eu massa nulla. Morbi porta fermentum elit eu iaculis. Pellentesque hendrerit venenatis purus at feugiat. Pellentesque vitae feugiat purus. Donec mattis rhoncus lacinia. Sed quam diam, molestie id laoreet eu, lacinia ac turpis. Cras tincidunt lobortis elit quis aliquam. Proin et massa libero.

Aliquam id pharetra arcu. Vivamus vitae mattis ligula. Sed efficitur urna vitae scelerisque tempor. Proin purus magna, vulputate eu ligula a, vehicula malesuada enim. Curabitur aliquet rutrum enim et tincidunt. Vestibulum ante ipsum primis in faucibus orci luctus et ultrices posuere cubilia curae; Vivamus pharetra enim leo, nec molestie nibh consectetur quis. Class aptent taciti sociosqu ad litora torquent per conubia nostra, per inceptos himenaeos. Nunc quis maximus elit, vitae pulvinar urna. Integer at mi elit. Phasellus vitae rutrum sem. Vivamus et mauris ac nisl congue congue eu eget elit. Nullam at quam velit. Pellentesque dictum, diam nec tempor aliquet, tortor justo fermentum sapien, at condimentum turpis elit vel sapien. Aenean rutrum tellus sodales tortor viverra eleifend.

Donec facilisis, diam efficitur maximus ultrices, enim lectus rutrum elit, eget malesuada mi justo dapibus enim. Maecenas finibus euismod nulla quis dignissim. Sed dictum ante rutrum turpis euismod laoreet. Sed placerat tellus leo. In ut lobortis lorem. Nullam vitae lectus egestas urna tincidunt aliquet. Ut sagittis vel enim eget malesuada. Cras in congue tortor. Interdum et malesuada fames ac ante ipsum primis in faucibus. Nunc tempus consequat neque, et eleifend nulla aliquam eu.",Author 151,15,danh-nhan-the-gioi-lincoln-tai-ban-2022,NXB 151,2001,6
https://cdn1.fahasa.com/media/catalog/product/q/u/quiz_-khoa-hoc-ki-thu_sos-khoa-hoc-sinh-ton_bia.jpg,Quiz! Khoa Học Kì Thú - SOS Khoa Học Sinh Tồn,67500,37,9780085481267,"Lorem ipsum dolor sit amet, consectetur adipiscing elit. Nam congue vel tellus non luctus. Vestibulum vitae nunc lorem. Sed lacinia lectus vel augue imperdiet ultricies. Donec id venenatis ex, vitae pretium ligula. Sed nulla eros, dignissim at feugiat non, posuere sit amet urna. Ut eu porttitor tellus. Cras eu massa nulla. Morbi porta fermentum elit eu iaculis. Pellentesque hendrerit venenatis purus at feugiat. Pellentesque vitae feugiat purus. Donec mattis rhoncus lacinia. Sed quam diam, molestie id laoreet eu, lacinia ac turpis. Cras tincidunt lobortis elit quis aliquam. Proin et massa libero.

Aliquam id pharetra arcu. Vivamus vitae mattis ligula. Sed efficitur urna vitae scelerisque tempor. Proin purus magna, vulputate eu ligula a, vehicula malesuada enim. Curabitur aliquet rutrum enim et tincidunt. Vestibulum ante ipsum primis in faucibus orci luctus et ultrices posuere cubilia curae; Vivamus pharetra enim leo, nec molestie nibh consectetur quis. Class aptent taciti sociosqu ad litora torquent per conubia nostra, per inceptos himenaeos. Nunc quis maximus elit, vitae pulvinar urna. Integer at mi elit. Phasellus vitae rutrum sem. Vivamus et mauris ac nisl congue congue eu eget elit. Nullam at quam velit. Pellentesque dictum, diam nec tempor aliquet, tortor justo fermentum sapien, at condimentum turpis elit vel sapien. Aenean rutrum tellus sodales tortor viverra eleifend.

Donec facilisis, diam efficitur maximus ultrices, enim lectus rutrum elit, eget malesuada mi justo dapibus enim. Maecenas finibus euismod nulla quis dignissim. Sed dictum ante rutrum turpis euismod laoreet. Sed placerat tellus leo. In ut lobortis lorem. Nullam vitae lectus egestas urna tincidunt aliquet. Ut sagittis vel enim eget malesuada. Cras in congue tortor. Interdum et malesuada fames ac ante ipsum primis in faucibus. Nunc tempus consequat neque, et eleifend nulla aliquam eu.",Author 152,17,quiz-khoa-hoc-ki-thu-sos-khoa-hoc-sinh-ton,NXB 152,2013,5
https://cdn1.fahasa.com/media/catalog/product/q/u/quiz_-khoa-hoc-ki-thu_dong-thuc-vat-doc-va-quy-hiem_bia.jpg,Quiz! Khoa Học Kì Thú - Động Thực Vật Độc Và Quý Hiếm,67500,37,9780085481268,"Lorem ipsum dolor sit amet, consectetur adipiscing elit. Nam congue vel tellus non luctus. Vestibulum vitae nunc lorem. Sed lacinia lectus vel augue imperdiet ultricies. Donec id venenatis ex, vitae pretium ligula. Sed nulla eros, dignissim at feugiat non, posuere sit amet urna. Ut eu porttitor tellus. Cras eu massa nulla. Morbi porta fermentum elit eu iaculis. Pellentesque hendrerit venenatis purus at feugiat. Pellentesque vitae feugiat purus. Donec mattis rhoncus lacinia. Sed quam diam, molestie id laoreet eu, lacinia ac turpis. Cras tincidunt lobortis elit quis aliquam. Proin et massa libero.

Aliquam id pharetra arcu. Vivamus vitae mattis ligula. Sed efficitur urna vitae scelerisque tempor. Proin purus magna, vulputate eu ligula a, vehicula malesuada enim. Curabitur aliquet rutrum enim et tincidunt. Vestibulum ante ipsum primis in faucibus orci luctus et ultrices posuere cubilia curae; Vivamus pharetra enim leo, nec molestie nibh consectetur quis. Class aptent taciti sociosqu ad litora torquent per conubia nostra, per inceptos himenaeos. Nunc quis maximus elit, vitae pulvinar urna. Integer at mi elit. Phasellus vitae rutrum sem. Vivamus et mauris ac nisl congue congue eu eget elit. Nullam at quam velit. Pellentesque dictum, diam nec tempor aliquet, tortor justo fermentum sapien, at condimentum turpis elit vel sapien. Aenean rutrum tellus sodales tortor viverra eleifend.

Donec facilisis, diam efficitur maximus ultrices, enim lectus rutrum elit, eget malesuada mi justo dapibus enim. Maecenas finibus euismod nulla quis dignissim. Sed dictum ante rutrum turpis euismod laoreet. Sed placerat tellus leo. In ut lobortis lorem. Nullam vitae lectus egestas urna tincidunt aliquet. Ut sagittis vel enim eget malesuada. Cras in congue tortor. Interdum et malesuada fames ac ante ipsum primis in faucibus. Nunc tempus consequat neque, et eleifend nulla aliquam eu.",Author 153,14,quiz-khoa-hoc-ki-thu-ong-thuc-vat-oc-va-quy-hiem,NXB 153,2015,19
https://cdn1.fahasa.com/media/catalog/product/q/u/quiz_khoa-hoc-ki-thu_day-thi-gioi-tinh.jpg,Quiz! Khoa Học Kì Thú - Dậy Thì Giới Tính (Tái Bản 2024),67500,37,9780085481269,"Lorem ipsum dolor sit amet, consectetur adipiscing elit. Nam congue vel tellus non luctus. Vestibulum vitae nunc lorem. Sed lacinia lectus vel augue imperdiet ultricies. Donec id venenatis ex, vitae pretium ligula. Sed nulla eros, dignissim at feugiat non, posuere sit amet urna. Ut eu porttitor tellus. Cras eu massa nulla. Morbi porta fermentum elit eu iaculis. Pellentesque hendrerit venenatis purus at feugiat. Pellentesque vitae feugiat purus. Donec mattis rhoncus lacinia. Sed quam diam, molestie id laoreet eu, lacinia ac turpis. Cras tincidunt lobortis elit quis aliquam. Proin et massa libero.

Aliquam id pharetra arcu. Vivamus vitae mattis ligula. Sed efficitur urna vitae scelerisque tempor. Proin purus magna, vulputate eu ligula a, vehicula malesuada enim. Curabitur aliquet rutrum enim et tincidunt. Vestibulum ante ipsum primis in faucibus orci luctus et ultrices posuere cubilia curae; Vivamus pharetra enim leo, nec molestie nibh consectetur quis. Class aptent taciti sociosqu ad litora torquent per conubia nostra, per inceptos himenaeos. Nunc quis maximus elit, vitae pulvinar urna. Integer at mi elit. Phasellus vitae rutrum sem. Vivamus et mauris ac nisl congue congue eu eget elit. Nullam at quam velit. Pellentesque dictum, diam nec tempor aliquet, tortor justo fermentum sapien, at condimentum turpis elit vel sapien. Aenean rutrum tellus sodales tortor viverra eleifend.

Donec facilisis, diam efficitur maximus ultrices, enim lectus rutrum elit, eget malesuada mi justo dapibus enim. Maecenas finibus euismod nulla quis dignissim. Sed dictum ante rutrum turpis euismod laoreet. Sed placerat tellus leo. In ut lobortis lorem. Nullam vitae lectus egestas urna tincidunt aliquet. Ut sagittis vel enim eget malesuada. Cras in congue tortor. Interdum et malesuada fames ac ante ipsum primis in faucibus. Nunc tempus consequat neque, et eleifend nulla aliquam eu.",Author 154,14,quiz-khoa-hoc-ki-thu-day-thi-gioi-tinh-tai-ban-2024,NXB 154,2015,8
https://cdn1.fahasa.com/media/catalog/product/8/9/8935244869170.jpg,Danh Nhân Thế Giới - Marie Curie (Tái Bản 2022),27000,37,9780085481270,"Lorem ipsum dolor sit amet, consectetur adipiscing elit. Nam congue vel tellus non luctus. Vestibulum vitae nunc lorem. Sed lacinia lectus vel augue imperdiet ultricies. Donec id venenatis ex, vitae pretium ligula. Sed nulla eros, dignissim at feugiat non, posuere sit amet urna. Ut eu porttitor tellus. Cras eu massa nulla. Morbi porta fermentum elit eu iaculis. Pellentesque hendrerit venenatis purus at feugiat. Pellentesque vitae feugiat purus. Donec mattis rhoncus lacinia. Sed quam diam, molestie id laoreet eu, lacinia ac turpis. Cras tincidunt lobortis elit quis aliquam. Proin et massa libero.

Aliquam id pharetra arcu. Vivamus vitae mattis ligula. Sed efficitur urna vitae scelerisque tempor. Proin purus magna, vulputate eu ligula a, vehicula malesuada enim. Curabitur aliquet rutrum enim et tincidunt. Vestibulum ante ipsum primis in faucibus orci luctus et ultrices posuere cubilia curae; Vivamus pharetra enim leo, nec molestie nibh consectetur quis. Class aptent taciti sociosqu ad litora torquent per conubia nostra, per inceptos himenaeos. Nunc quis maximus elit, vitae pulvinar urna. Integer at mi elit. Phasellus vitae rutrum sem. Vivamus et mauris ac nisl congue congue eu eget elit. Nullam at quam velit. Pellentesque dictum, diam nec tempor aliquet, tortor justo fermentum sapien, at condimentum turpis elit vel sapien. Aenean rutrum tellus sodales tortor viverra eleifend.

Donec facilisis, diam efficitur maximus ultrices, enim lectus rutrum elit, eget malesuada mi justo dapibus enim. Maecenas finibus euismod nulla quis dignissim. Sed dictum ante rutrum turpis euismod laoreet. Sed placerat tellus leo. In ut lobortis lorem. Nullam vitae lectus egestas urna tincidunt aliquet. Ut sagittis vel enim eget malesuada. Cras in congue tortor. Interdum et malesuada fames ac ante ipsum primis in faucibus. Nunc tempus consequat neque, et eleifend nulla aliquam eu.",Author 155,17,danh-nhan-the-gioi-marie-curie-tai-ban-2022,NXB 155,2003,4
https://cdn1.fahasa.com/media/catalog/product/q/u/quiz_-khoa-hoc-ki-thu_co-the-con-nguoi_tb-2024.jpg,Quiz! Khoa Học Kì Thú - Cơ Thể Con Người (Tái Bản 2024),67500,37,9780085481271,"Lorem ipsum dolor sit amet, consectetur adipiscing elit. Nam congue vel tellus non luctus. Vestibulum vitae nunc lorem. Sed lacinia lectus vel augue imperdiet ultricies. Donec id venenatis ex, vitae pretium ligula. Sed nulla eros, dignissim at feugiat non, posuere sit amet urna. Ut eu porttitor tellus. Cras eu massa nulla. Morbi porta fermentum elit eu iaculis. Pellentesque hendrerit venenatis purus at feugiat. Pellentesque vitae feugiat purus. Donec mattis rhoncus lacinia. Sed quam diam, molestie id laoreet eu, lacinia ac turpis. Cras tincidunt lobortis elit quis aliquam. Proin et massa libero.

Aliquam id pharetra arcu. Vivamus vitae mattis ligula. Sed efficitur urna vitae scelerisque tempor. Proin purus magna, vulputate eu ligula a, vehicula malesuada enim. Curabitur aliquet rutrum enim et tincidunt. Vestibulum ante ipsum primis in faucibus orci luctus et ultrices posuere cubilia curae; Vivamus pharetra enim leo, nec molestie nibh consectetur quis. Class aptent taciti sociosqu ad litora torquent per conubia nostra, per inceptos himenaeos. Nunc quis maximus elit, vitae pulvinar urna. Integer at mi elit. Phasellus vitae rutrum sem. Vivamus et mauris ac nisl congue congue eu eget elit. Nullam at quam velit. Pellentesque dictum, diam nec tempor aliquet, tortor justo fermentum sapien, at condimentum turpis elit vel sapien. Aenean rutrum tellus sodales tortor viverra eleifend.

Donec facilisis, diam efficitur maximus ultrices, enim lectus rutrum elit, eget malesuada mi justo dapibus enim. Maecenas finibus euismod nulla quis dignissim. Sed dictum ante rutrum turpis euismod laoreet. Sed placerat tellus leo. In ut lobortis lorem. Nullam vitae lectus egestas urna tincidunt aliquet. Ut sagittis vel enim eget malesuada. Cras in congue tortor. Interdum et malesuada fames ac ante ipsum primis in faucibus. Nunc tempus consequat neque, et eleifend nulla aliquam eu.",Author 156,19,quiz-khoa-hoc-ki-thu-co-the-con-nguoi-tai-ban-2024,NXB 156,2005,12
https://cdn1.fahasa.com/media/catalog/product/u/n/untitled-1_4_31.jpg,Bách Khoa Thần Thánh Việt Nam - Quyển 1,191000,37,9780085481272,"Lorem ipsum dolor sit amet, consectetur adipiscing elit. Nam congue vel tellus non luctus. Vestibulum vitae nunc lorem. Sed lacinia lectus vel augue imperdiet ultricies. Donec id venenatis ex, vitae pretium ligula. Sed nulla eros, dignissim at feugiat non, posuere sit amet urna. Ut eu porttitor tellus. Cras eu massa nulla. Morbi porta fermentum elit eu iaculis. Pellentesque hendrerit venenatis purus at feugiat. Pellentesque vitae feugiat purus. Donec mattis rhoncus lacinia. Sed quam diam, molestie id laoreet eu, lacinia ac turpis. Cras tincidunt lobortis elit quis aliquam. Proin et massa libero.

Aliquam id pharetra arcu. Vivamus vitae mattis ligula. Sed efficitur urna vitae scelerisque tempor. Proin purus magna, vulputate eu ligula a, vehicula malesuada enim. Curabitur aliquet rutrum enim et tincidunt. Vestibulum ante ipsum primis in faucibus orci luctus et ultrices posuere cubilia curae; Vivamus pharetra enim leo, nec molestie nibh consectetur quis. Class aptent taciti sociosqu ad litora torquent per conubia nostra, per inceptos himenaeos. Nunc quis maximus elit, vitae pulvinar urna. Integer at mi elit. Phasellus vitae rutrum sem. Vivamus et mauris ac nisl congue congue eu eget elit. Nullam at quam velit. Pellentesque dictum, diam nec tempor aliquet, tortor justo fermentum sapien, at condimentum turpis elit vel sapien. Aenean rutrum tellus sodales tortor viverra eleifend.

Donec facilisis, diam efficitur maximus ultrices, enim lectus rutrum elit, eget malesuada mi justo dapibus enim. Maecenas finibus euismod nulla quis dignissim. Sed dictum ante rutrum turpis euismod laoreet. Sed placerat tellus leo. In ut lobortis lorem. Nullam vitae lectus egestas urna tincidunt aliquet. Ut sagittis vel enim eget malesuada. Cras in congue tortor. Interdum et malesuada fames ac ante ipsum primis in faucibus. Nunc tempus consequat neque, et eleifend nulla aliquam eu.",Author 157,4,bach-khoa-than-thanh-viet-nam-quyen-1,NXB 157,2004,15
https://cdn1.fahasa.com/media/catalog/product/i/m/image_218435.jpg,Bách Khoa Tri Thức Về Khám Phá Thế Giới Cho Trẻ Em - Khủng Long (Tái Bản 2020),36000,37,9780085481273,"Lorem ipsum dolor sit amet, consectetur adipiscing elit. Nam congue vel tellus non luctus. Vestibulum vitae nunc lorem. Sed lacinia lectus vel augue imperdiet ultricies. Donec id venenatis ex, vitae pretium ligula. Sed nulla eros, dignissim at feugiat non, posuere sit amet urna. Ut eu porttitor tellus. Cras eu massa nulla. Morbi porta fermentum elit eu iaculis. Pellentesque hendrerit venenatis purus at feugiat. Pellentesque vitae feugiat purus. Donec mattis rhoncus lacinia. Sed quam diam, molestie id laoreet eu, lacinia ac turpis. Cras tincidunt lobortis elit quis aliquam. Proin et massa libero.

Aliquam id pharetra arcu. Vivamus vitae mattis ligula. Sed efficitur urna vitae scelerisque tempor. Proin purus magna, vulputate eu ligula a, vehicula malesuada enim. Curabitur aliquet rutrum enim et tincidunt. Vestibulum ante ipsum primis in faucibus orci luctus et ultrices posuere cubilia curae; Vivamus pharetra enim leo, nec molestie nibh consectetur quis. Class aptent taciti sociosqu ad litora torquent per conubia nostra, per inceptos himenaeos. Nunc quis maximus elit, vitae pulvinar urna. Integer at mi elit. Phasellus vitae rutrum sem. Vivamus et mauris ac nisl congue congue eu eget elit. Nullam at quam velit. Pellentesque dictum, diam nec tempor aliquet, tortor justo fermentum sapien, at condimentum turpis elit vel sapien. Aenean rutrum tellus sodales tortor viverra eleifend.

Donec facilisis, diam efficitur maximus ultrices, enim lectus rutrum elit, eget malesuada mi justo dapibus enim. Maecenas finibus euismod nulla quis dignissim. Sed dictum ante rutrum turpis euismod laoreet. Sed placerat tellus leo. In ut lobortis lorem. Nullam vitae lectus egestas urna tincidunt aliquet. Ut sagittis vel enim eget malesuada. Cras in congue tortor. Interdum et malesuada fames ac ante ipsum primis in faucibus. Nunc tempus consequat neque, et eleifend nulla aliquam eu.",Author 158,14,bach-khoa-tri-thuc-ve-kham-pha-the-gioi-cho-tre-em-khung-long-tai-ban-2020,NXB 158,2021,7
https://cdn1.fahasa.com/media/catalog/product/q/u/quiz_khoa-hoc-ki-thu_thuc-pham-dinh-duong_tb-2024.jpg,Quiz! Khoa Học Kì Thú - Thực Phẩm Dinh Dưỡng (Tái Bản 2024),67500,37,9780085481274,"Lorem ipsum dolor sit amet, consectetur adipiscing elit. Nam congue vel tellus non luctus. Vestibulum vitae nunc lorem. Sed lacinia lectus vel augue imperdiet ultricies. Donec id venenatis ex, vitae pretium ligula. Sed nulla eros, dignissim at feugiat non, posuere sit amet urna. Ut eu porttitor tellus. Cras eu massa nulla. Morbi porta fermentum elit eu iaculis. Pellentesque hendrerit venenatis purus at feugiat. Pellentesque vitae feugiat purus. Donec mattis rhoncus lacinia. Sed quam diam, molestie id laoreet eu, lacinia ac turpis. Cras tincidunt lobortis elit quis aliquam. Proin et massa libero.

Aliquam id pharetra arcu. Vivamus vitae mattis ligula. Sed efficitur urna vitae scelerisque tempor. Proin purus magna, vulputate eu ligula a, vehicula malesuada enim. Curabitur aliquet rutrum enim et tincidunt. Vestibulum ante ipsum primis in faucibus orci luctus et ultrices posuere cubilia curae; Vivamus pharetra enim leo, nec molestie nibh consectetur quis. Class aptent taciti sociosqu ad litora torquent per conubia nostra, per inceptos himenaeos. Nunc quis maximus elit, vitae pulvinar urna. Integer at mi elit. Phasellus vitae rutrum sem. Vivamus et mauris ac nisl congue congue eu eget elit. Nullam at quam velit. Pellentesque dictum, diam nec tempor aliquet, tortor justo fermentum sapien, at condimentum turpis elit vel sapien. Aenean rutrum tellus sodales tortor viverra eleifend.

Donec facilisis, diam efficitur maximus ultrices, enim lectus rutrum elit, eget malesuada mi justo dapibus enim. Maecenas finibus euismod nulla quis dignissim. Sed dictum ante rutrum turpis euismod laoreet. Sed placerat tellus leo. In ut lobortis lorem. Nullam vitae lectus egestas urna tincidunt aliquet. Ut sagittis vel enim eget malesuada. Cras in congue tortor. Interdum et malesuada fames ac ante ipsum primis in faucibus. Nunc tempus consequat neque, et eleifend nulla aliquam eu.",Author 159,7,quiz-khoa-hoc-ki-thu-thuc-pham-dinh-duong-tai-ban-2024,NXB 159,2025,15
https://cdn1.fahasa.com/media/catalog/product/q/u/quiz_khoa-hoc-ki-thu_so-cap-cuu_tb-2024.jpg,Quiz! Khoa Học Kì Thú - Sơ Cấp Cứu (Tái Bản 2024),67500,37,9780085481275,"Lorem ipsum dolor sit amet, consectetur adipiscing elit. Nam congue vel tellus non luctus. Vestibulum vitae nunc lorem. Sed lacinia lectus vel augue imperdiet ultricies. Donec id venenatis ex, vitae pretium ligula. Sed nulla eros, dignissim at feugiat non, posuere sit amet urna. Ut eu porttitor tellus. Cras eu massa nulla. Morbi porta fermentum elit eu iaculis. Pellentesque hendrerit venenatis purus at feugiat. Pellentesque vitae feugiat purus. Donec mattis rhoncus lacinia. Sed quam diam, molestie id laoreet eu, lacinia ac turpis. Cras tincidunt lobortis elit quis aliquam. Proin et massa libero.

Aliquam id pharetra arcu. Vivamus vitae mattis ligula. Sed efficitur urna vitae scelerisque tempor. Proin purus magna, vulputate eu ligula a, vehicula malesuada enim. Curabitur aliquet rutrum enim et tincidunt. Vestibulum ante ipsum primis in faucibus orci luctus et ultrices posuere cubilia curae; Vivamus pharetra enim leo, nec molestie nibh consectetur quis. Class aptent taciti sociosqu ad litora torquent per conubia nostra, per inceptos himenaeos. Nunc quis maximus elit, vitae pulvinar urna. Integer at mi elit. Phasellus vitae rutrum sem. Vivamus et mauris ac nisl congue congue eu eget elit. Nullam at quam velit. Pellentesque dictum, diam nec tempor aliquet, tortor justo fermentum sapien, at condimentum turpis elit vel sapien. Aenean rutrum tellus sodales tortor viverra eleifend.

Donec facilisis, diam efficitur maximus ultrices, enim lectus rutrum elit, eget malesuada mi justo dapibus enim. Maecenas finibus euismod nulla quis dignissim. Sed dictum ante rutrum turpis euismod laoreet. Sed placerat tellus leo. In ut lobortis lorem. Nullam vitae lectus egestas urna tincidunt aliquet. Ut sagittis vel enim eget malesuada. Cras in congue tortor. Interdum et malesuada fames ac ante ipsum primis in faucibus. Nunc tempus consequat neque, et eleifend nulla aliquam eu.",Author 160,20,quiz-khoa-hoc-ki-thu-so-cap-cuu-tai-ban-2024,NXB 160,2003,17
https://cdn1.fahasa.com/media/catalog/product/b/i/bia_tb_bigbook_co_the_nguoi_3-2018-1_copy_master.jpg,Big Book - Cuốn Sách Khổng Lồ Về Cơ Thể Người (Tái Bản),126000,37,9780085481276,"Lorem ipsum dolor sit amet, consectetur adipiscing elit. Nam congue vel tellus non luctus. Vestibulum vitae nunc lorem. Sed lacinia lectus vel augue imperdiet ultricies. Donec id venenatis ex, vitae pretium ligula. Sed nulla eros, dignissim at feugiat non, posuere sit amet urna. Ut eu porttitor tellus. Cras eu massa nulla. Morbi porta fermentum elit eu iaculis. Pellentesque hendrerit venenatis purus at feugiat. Pellentesque vitae feugiat purus. Donec mattis rhoncus lacinia. Sed quam diam, molestie id laoreet eu, lacinia ac turpis. Cras tincidunt lobortis elit quis aliquam. Proin et massa libero.

Aliquam id pharetra arcu. Vivamus vitae mattis ligula. Sed efficitur urna vitae scelerisque tempor. Proin purus magna, vulputate eu ligula a, vehicula malesuada enim. Curabitur aliquet rutrum enim et tincidunt. Vestibulum ante ipsum primis in faucibus orci luctus et ultrices posuere cubilia curae; Vivamus pharetra enim leo, nec molestie nibh consectetur quis. Class aptent taciti sociosqu ad litora torquent per conubia nostra, per inceptos himenaeos. Nunc quis maximus elit, vitae pulvinar urna. Integer at mi elit. Phasellus vitae rutrum sem. Vivamus et mauris ac nisl congue congue eu eget elit. Nullam at quam velit. Pellentesque dictum, diam nec tempor aliquet, tortor justo fermentum sapien, at condimentum turpis elit vel sapien. Aenean rutrum tellus sodales tortor viverra eleifend.

Donec facilisis, diam efficitur maximus ultrices, enim lectus rutrum elit, eget malesuada mi justo dapibus enim. Maecenas finibus euismod nulla quis dignissim. Sed dictum ante rutrum turpis euismod laoreet. Sed placerat tellus leo. In ut lobortis lorem. Nullam vitae lectus egestas urna tincidunt aliquet. Ut sagittis vel enim eget malesuada. Cras in congue tortor. Interdum et malesuada fames ac ante ipsum primis in faucibus. Nunc tempus consequat neque, et eleifend nulla aliquam eu.",Author 161,19,big-book-cuon-sach-khong-lo-ve-co-the-nguoi-tai-ban,NXB 161,2015,11
https://cdn1.fahasa.com/media/catalog/product/9/7/9786042393065.jpg,Quiz! Khoa Học Kì Thú - Não Và Trí Tuệ Nhân Tạo,67500,37,9780085481277,"Lorem ipsum dolor sit amet, consectetur adipiscing elit. Nam congue vel tellus non luctus. Vestibulum vitae nunc lorem. Sed lacinia lectus vel augue imperdiet ultricies. Donec id venenatis ex, vitae pretium ligula. Sed nulla eros, dignissim at feugiat non, posuere sit amet urna. Ut eu porttitor tellus. Cras eu massa nulla. Morbi porta fermentum elit eu iaculis. Pellentesque hendrerit venenatis purus at feugiat. Pellentesque vitae feugiat purus. Donec mattis rhoncus lacinia. Sed quam diam, molestie id laoreet eu, lacinia ac turpis. Cras tincidunt lobortis elit quis aliquam. Proin et massa libero.

Aliquam id pharetra arcu. Vivamus vitae mattis ligula. Sed efficitur urna vitae scelerisque tempor. Proin purus magna, vulputate eu ligula a, vehicula malesuada enim. Curabitur aliquet rutrum enim et tincidunt. Vestibulum ante ipsum primis in faucibus orci luctus et ultrices posuere cubilia curae; Vivamus pharetra enim leo, nec molestie nibh consectetur quis. Class aptent taciti sociosqu ad litora torquent per conubia nostra, per inceptos himenaeos. Nunc quis maximus elit, vitae pulvinar urna. Integer at mi elit. Phasellus vitae rutrum sem. Vivamus et mauris ac nisl congue congue eu eget elit. Nullam at quam velit. Pellentesque dictum, diam nec tempor aliquet, tortor justo fermentum sapien, at condimentum turpis elit vel sapien. Aenean rutrum tellus sodales tortor viverra eleifend.

Donec facilisis, diam efficitur maximus ultrices, enim lectus rutrum elit, eget malesuada mi justo dapibus enim. Maecenas finibus euismod nulla quis dignissim. Sed dictum ante rutrum turpis euismod laoreet. Sed placerat tellus leo. In ut lobortis lorem. Nullam vitae lectus egestas urna tincidunt aliquet. Ut sagittis vel enim eget malesuada. Cras in congue tortor. Interdum et malesuada fames ac ante ipsum primis in faucibus. Nunc tempus consequat neque, et eleifend nulla aliquam eu.",Author 162,15,quiz-khoa-hoc-ki-thu-nao-va-tri-tue-nhan-tao,NXB 162,2012,5
https://cdn1.fahasa.com/media/catalog/product/q/u/quiz_-khoa-hoc-ki-thu_khoa-hoc-dieu-tra_bia.jpg,Quiz! Khoa Học Kì Thú - Khoa Học Điều Tra,67500,37,9780085481278,"Lorem ipsum dolor sit amet, consectetur adipiscing elit. Nam congue vel tellus non luctus. Vestibulum vitae nunc lorem. Sed lacinia lectus vel augue imperdiet ultricies. Donec id venenatis ex, vitae pretium ligula. Sed nulla eros, dignissim at feugiat non, posuere sit amet urna. Ut eu porttitor tellus. Cras eu massa nulla. Morbi porta fermentum elit eu iaculis. Pellentesque hendrerit venenatis purus at feugiat. Pellentesque vitae feugiat purus. Donec mattis rhoncus lacinia. Sed quam diam, molestie id laoreet eu, lacinia ac turpis. Cras tincidunt lobortis elit quis aliquam. Proin et massa libero.

Aliquam id pharetra arcu. Vivamus vitae mattis ligula. Sed efficitur urna vitae scelerisque tempor. Proin purus magna, vulputate eu ligula a, vehicula malesuada enim. Curabitur aliquet rutrum enim et tincidunt. Vestibulum ante ipsum primis in faucibus orci luctus et ultrices posuere cubilia curae; Vivamus pharetra enim leo, nec molestie nibh consectetur quis. Class aptent taciti sociosqu ad litora torquent per conubia nostra, per inceptos himenaeos. Nunc quis maximus elit, vitae pulvinar urna. Integer at mi elit. Phasellus vitae rutrum sem. Vivamus et mauris ac nisl congue congue eu eget elit. Nullam at quam velit. Pellentesque dictum, diam nec tempor aliquet, tortor justo fermentum sapien, at condimentum turpis elit vel sapien. Aenean rutrum tellus sodales tortor viverra eleifend.

Donec facilisis, diam efficitur maximus ultrices, enim lectus rutrum elit, eget malesuada mi justo dapibus enim. Maecenas finibus euismod nulla quis dignissim. Sed dictum ante rutrum turpis euismod laoreet. Sed placerat tellus leo. In ut lobortis lorem. Nullam vitae lectus egestas urna tincidunt aliquet. Ut sagittis vel enim eget malesuada. Cras in congue tortor. Interdum et malesuada fames ac ante ipsum primis in faucibus. Nunc tempus consequat neque, et eleifend nulla aliquam eu.",Author 163,12,quiz-khoa-hoc-ki-thu-khoa-hoc-ieu-tra,NXB 163,2006,13
https://cdn1.fahasa.com/media/catalog/product/q/u/quiz_khoa-hoc-ki-thu_kham-pha-trai-dat.jpg,Quiz! Khoa Học Kì Thú - Khám Phá Trái Đất (Tái Bản 2024),67500,37,9780085481279,"Lorem ipsum dolor sit amet, consectetur adipiscing elit. Nam congue vel tellus non luctus. Vestibulum vitae nunc lorem. Sed lacinia lectus vel augue imperdiet ultricies. Donec id venenatis ex, vitae pretium ligula. Sed nulla eros, dignissim at feugiat non, posuere sit amet urna. Ut eu porttitor tellus. Cras eu massa nulla. Morbi porta fermentum elit eu iaculis. Pellentesque hendrerit venenatis purus at feugiat. Pellentesque vitae feugiat purus. Donec mattis rhoncus lacinia. Sed quam diam, molestie id laoreet eu, lacinia ac turpis. Cras tincidunt lobortis elit quis aliquam. Proin et massa libero.

Aliquam id pharetra arcu. Vivamus vitae mattis ligula. Sed efficitur urna vitae scelerisque tempor. Proin purus magna, vulputate eu ligula a, vehicula malesuada enim. Curabitur aliquet rutrum enim et tincidunt. Vestibulum ante ipsum primis in faucibus orci luctus et ultrices posuere cubilia curae; Vivamus pharetra enim leo, nec molestie nibh consectetur quis. Class aptent taciti sociosqu ad litora torquent per conubia nostra, per inceptos himenaeos. Nunc quis maximus elit, vitae pulvinar urna. Integer at mi elit. Phasellus vitae rutrum sem. Vivamus et mauris ac nisl congue congue eu eget elit. Nullam at quam velit. Pellentesque dictum, diam nec tempor aliquet, tortor justo fermentum sapien, at condimentum turpis elit vel sapien. Aenean rutrum tellus sodales tortor viverra eleifend.

Donec facilisis, diam efficitur maximus ultrices, enim lectus rutrum elit, eget malesuada mi justo dapibus enim. Maecenas finibus euismod nulla quis dignissim. Sed dictum ante rutrum turpis euismod laoreet. Sed placerat tellus leo. In ut lobortis lorem. Nullam vitae lectus egestas urna tincidunt aliquet. Ut sagittis vel enim eget malesuada. Cras in congue tortor. Interdum et malesuada fames ac ante ipsum primis in faucibus. Nunc tempus consequat neque, et eleifend nulla aliquam eu.",Author 164,13,quiz-khoa-hoc-ki-thu-kham-pha-trai-at-tai-ban-2024,NXB 164,2013,5
https://cdn1.fahasa.com/media/catalog/product/d/a/danh-nhan-the-gioi---einstein.jpg,Danh Nhân Thế Giới - Einstein (Tái Bản 2022),27000,37,9780085481280,"Lorem ipsum dolor sit amet, consectetur adipiscing elit. Nam congue vel tellus non luctus. Vestibulum vitae nunc lorem. Sed lacinia lectus vel augue imperdiet ultricies. Donec id venenatis ex, vitae pretium ligula. Sed nulla eros, dignissim at feugiat non, posuere sit amet urna. Ut eu porttitor tellus. Cras eu massa nulla. Morbi porta fermentum elit eu iaculis. Pellentesque hendrerit venenatis purus at feugiat. Pellentesque vitae feugiat purus. Donec mattis rhoncus lacinia. Sed quam diam, molestie id laoreet eu, lacinia ac turpis. Cras tincidunt lobortis elit quis aliquam. Proin et massa libero.

Aliquam id pharetra arcu. Vivamus vitae mattis ligula. Sed efficitur urna vitae scelerisque tempor. Proin purus magna, vulputate eu ligula a, vehicula malesuada enim. Curabitur aliquet rutrum enim et tincidunt. Vestibulum ante ipsum primis in faucibus orci luctus et ultrices posuere cubilia curae; Vivamus pharetra enim leo, nec molestie nibh consectetur quis. Class aptent taciti sociosqu ad litora torquent per conubia nostra, per inceptos himenaeos. Nunc quis maximus elit, vitae pulvinar urna. Integer at mi elit. Phasellus vitae rutrum sem. Vivamus et mauris ac nisl congue congue eu eget elit. Nullam at quam velit. Pellentesque dictum, diam nec tempor aliquet, tortor justo fermentum sapien, at condimentum turpis elit vel sapien. Aenean rutrum tellus sodales tortor viverra eleifend.

Donec facilisis, diam efficitur maximus ultrices, enim lectus rutrum elit, eget malesuada mi justo dapibus enim. Maecenas finibus euismod nulla quis dignissim. Sed dictum ante rutrum turpis euismod laoreet. Sed placerat tellus leo. In ut lobortis lorem. Nullam vitae lectus egestas urna tincidunt aliquet. Ut sagittis vel enim eget malesuada. Cras in congue tortor. Interdum et malesuada fames ac ante ipsum primis in faucibus. Nunc tempus consequat neque, et eleifend nulla aliquam eu.",Author 165,18,danh-nhan-the-gioi-einstein-tai-ban-2022,NXB 165,2016,19
https://cdn1.fahasa.com/media/catalog/product/q/u/quiz_khoa-hoc-ki-thu_benh-tat-vi-khuan_tb-2024.jpg,Quiz! Khoa Học Kì Thú - Bệnh Tật Vi Khuẩn (Tái Bản 2024),67500,37,9780085481281,"Lorem ipsum dolor sit amet, consectetur adipiscing elit. Nam congue vel tellus non luctus. Vestibulum vitae nunc lorem. Sed lacinia lectus vel augue imperdiet ultricies. Donec id venenatis ex, vitae pretium ligula. Sed nulla eros, dignissim at feugiat non, posuere sit amet urna. Ut eu porttitor tellus. Cras eu massa nulla. Morbi porta fermentum elit eu iaculis. Pellentesque hendrerit venenatis purus at feugiat. Pellentesque vitae feugiat purus. Donec mattis rhoncus lacinia. Sed quam diam, molestie id laoreet eu, lacinia ac turpis. Cras tincidunt lobortis elit quis aliquam. Proin et massa libero.

Aliquam id pharetra arcu. Vivamus vitae mattis ligula. Sed efficitur urna vitae scelerisque tempor. Proin purus magna, vulputate eu ligula a, vehicula malesuada enim. Curabitur aliquet rutrum enim et tincidunt. Vestibulum ante ipsum primis in faucibus orci luctus et ultrices posuere cubilia curae; Vivamus pharetra enim leo, nec molestie nibh consectetur quis. Class aptent taciti sociosqu ad litora torquent per conubia nostra, per inceptos himenaeos. Nunc quis maximus elit, vitae pulvinar urna. Integer at mi elit. Phasellus vitae rutrum sem. Vivamus et mauris ac nisl congue congue eu eget elit. Nullam at quam velit. Pellentesque dictum, diam nec tempor aliquet, tortor justo fermentum sapien, at condimentum turpis elit vel sapien. Aenean rutrum tellus sodales tortor viverra eleifend.

Donec facilisis, diam efficitur maximus ultrices, enim lectus rutrum elit, eget malesuada mi justo dapibus enim. Maecenas finibus euismod nulla quis dignissim. Sed dictum ante rutrum turpis euismod laoreet. Sed placerat tellus leo. In ut lobortis lorem. Nullam vitae lectus egestas urna tincidunt aliquet. Ut sagittis vel enim eget malesuada. Cras in congue tortor. Interdum et malesuada fames ac ante ipsum primis in faucibus. Nunc tempus consequat neque, et eleifend nulla aliquam eu.",Author 166,16,quiz-khoa-hoc-ki-thu-benh-tat-vi-khuan-tai-ban-2024,NXB 166,2022,5
https://cdn1.fahasa.com/media/catalog/product/d/a/danh-nhan-the-gioi---fabre.jpg,Danh Nhân Thế Giới - Fabre (Tái Bản 2022),27000,37,9780085481282,"Lorem ipsum dolor sit amet, consectetur adipiscing elit. Nam congue vel tellus non luctus. Vestibulum vitae nunc lorem. Sed lacinia lectus vel augue imperdiet ultricies. Donec id venenatis ex, vitae pretium ligula. Sed nulla eros, dignissim at feugiat non, posuere sit amet urna. Ut eu porttitor tellus. Cras eu massa nulla. Morbi porta fermentum elit eu iaculis. Pellentesque hendrerit venenatis purus at feugiat. Pellentesque vitae feugiat purus. Donec mattis rhoncus lacinia. Sed quam diam, molestie id laoreet eu, lacinia ac turpis. Cras tincidunt lobortis elit quis aliquam. Proin et massa libero.

Aliquam id pharetra arcu. Vivamus vitae mattis ligula. Sed efficitur urna vitae scelerisque tempor. Proin purus magna, vulputate eu ligula a, vehicula malesuada enim. Curabitur aliquet rutrum enim et tincidunt. Vestibulum ante ipsum primis in faucibus orci luctus et ultrices posuere cubilia curae; Vivamus pharetra enim leo, nec molestie nibh consectetur quis. Class aptent taciti sociosqu ad litora torquent per conubia nostra, per inceptos himenaeos. Nunc quis maximus elit, vitae pulvinar urna. Integer at mi elit. Phasellus vitae rutrum sem. Vivamus et mauris ac nisl congue congue eu eget elit. Nullam at quam velit. Pellentesque dictum, diam nec tempor aliquet, tortor justo fermentum sapien, at condimentum turpis elit vel sapien. Aenean rutrum tellus sodales tortor viverra eleifend.

Donec facilisis, diam efficitur maximus ultrices, enim lectus rutrum elit, eget malesuada mi justo dapibus enim. Maecenas finibus euismod nulla quis dignissim. Sed dictum ante rutrum turpis euismod laoreet. Sed placerat tellus leo. In ut lobortis lorem. Nullam vitae lectus egestas urna tincidunt aliquet. Ut sagittis vel enim eget malesuada. Cras in congue tortor. Interdum et malesuada fames ac ante ipsum primis in faucibus. Nunc tempus consequat neque, et eleifend nulla aliquam eu.",Author 167,3,danh-nhan-the-gioi-fabre-tai-ban-2022,NXB 167,2013,8
https://cdn1.fahasa.com/media/catalog/product/9/7/9786042265188.jpg,Quiz! Khoa Học Kì Thú - Nhà Sáng Tạo Nội Dung Youtube,67500,37,9780085481283,"Lorem ipsum dolor sit amet, consectetur adipiscing elit. Nam congue vel tellus non luctus. Vestibulum vitae nunc lorem. Sed lacinia lectus vel augue imperdiet ultricies. Donec id venenatis ex, vitae pretium ligula. Sed nulla eros, dignissim at feugiat non, posuere sit amet urna. Ut eu porttitor tellus. Cras eu massa nulla. Morbi porta fermentum elit eu iaculis. Pellentesque hendrerit venenatis purus at feugiat. Pellentesque vitae feugiat purus. Donec mattis rhoncus lacinia. Sed quam diam, molestie id laoreet eu, lacinia ac turpis. Cras tincidunt lobortis elit quis aliquam. Proin et massa libero.

Aliquam id pharetra arcu. Vivamus vitae mattis ligula. Sed efficitur urna vitae scelerisque tempor. Proin purus magna, vulputate eu ligula a, vehicula malesuada enim. Curabitur aliquet rutrum enim et tincidunt. Vestibulum ante ipsum primis in faucibus orci luctus et ultrices posuere cubilia curae; Vivamus pharetra enim leo, nec molestie nibh consectetur quis. Class aptent taciti sociosqu ad litora torquent per conubia nostra, per inceptos himenaeos. Nunc quis maximus elit, vitae pulvinar urna. Integer at mi elit. Phasellus vitae rutrum sem. Vivamus et mauris ac nisl congue congue eu eget elit. Nullam at quam velit. Pellentesque dictum, diam nec tempor aliquet, tortor justo fermentum sapien, at condimentum turpis elit vel sapien. Aenean rutrum tellus sodales tortor viverra eleifend.

Donec facilisis, diam efficitur maximus ultrices, enim lectus rutrum elit, eget malesuada mi justo dapibus enim. Maecenas finibus euismod nulla quis dignissim. Sed dictum ante rutrum turpis euismod laoreet. Sed placerat tellus leo. In ut lobortis lorem. Nullam vitae lectus egestas urna tincidunt aliquet. Ut sagittis vel enim eget malesuada. Cras in congue tortor. Interdum et malesuada fames ac ante ipsum primis in faucibus. Nunc tempus consequat neque, et eleifend nulla aliquam eu.",Author 168,5,quiz-khoa-hoc-ki-thu-nha-sang-tao-noi-dung-youtube,NXB 168,2000,9
https://cdn1.fahasa.com/media/catalog/product/8/9/8935244869132.jpg,Danh Nhân Thế Giới - Napoleon (Tái Bản 2022),27000,37,9780085481284,"Lorem ipsum dolor sit amet, consectetur adipiscing elit. Nam congue vel tellus non luctus. Vestibulum vitae nunc lorem. Sed lacinia lectus vel augue imperdiet ultricies. Donec id venenatis ex, vitae pretium ligula. Sed nulla eros, dignissim at feugiat non, posuere sit amet urna. Ut eu porttitor tellus. Cras eu massa nulla. Morbi porta fermentum elit eu iaculis. Pellentesque hendrerit venenatis purus at feugiat. Pellentesque vitae feugiat purus. Donec mattis rhoncus lacinia. Sed quam diam, molestie id laoreet eu, lacinia ac turpis. Cras tincidunt lobortis elit quis aliquam. Proin et massa libero.

Aliquam id pharetra arcu. Vivamus vitae mattis ligula. Sed efficitur urna vitae scelerisque tempor. Proin purus magna, vulputate eu ligula a, vehicula malesuada enim. Curabitur aliquet rutrum enim et tincidunt. Vestibulum ante ipsum primis in faucibus orci luctus et ultrices posuere cubilia curae; Vivamus pharetra enim leo, nec molestie nibh consectetur quis. Class aptent taciti sociosqu ad litora torquent per conubia nostra, per inceptos himenaeos. Nunc quis maximus elit, vitae pulvinar urna. Integer at mi elit. Phasellus vitae rutrum sem. Vivamus et mauris ac nisl congue congue eu eget elit. Nullam at quam velit. Pellentesque dictum, diam nec tempor aliquet, tortor justo fermentum sapien, at condimentum turpis elit vel sapien. Aenean rutrum tellus sodales tortor viverra eleifend.

Donec facilisis, diam efficitur maximus ultrices, enim lectus rutrum elit, eget malesuada mi justo dapibus enim. Maecenas finibus euismod nulla quis dignissim. Sed dictum ante rutrum turpis euismod laoreet. Sed placerat tellus leo. In ut lobortis lorem. Nullam vitae lectus egestas urna tincidunt aliquet. Ut sagittis vel enim eget malesuada. Cras in congue tortor. Interdum et malesuada fames ac ante ipsum primis in faucibus. Nunc tempus consequat neque, et eleifend nulla aliquam eu.",Author 169,13,danh-nhan-the-gioi-napoleon-tai-ban-2022,NXB 169,2011,16
https://cdn1.fahasa.com/media/catalog/product/i/m/image_229833.jpg,Tiểu Sử Các Quốc Gia Qua Góc Nhìn Lầy Lội,182500,37,9780085481285,"Lorem ipsum dolor sit amet, consectetur adipiscing elit. Nam congue vel tellus non luctus. Vestibulum vitae nunc lorem. Sed lacinia lectus vel augue imperdiet ultricies. Donec id venenatis ex, vitae pretium ligula. Sed nulla eros, dignissim at feugiat non, posuere sit amet urna. Ut eu porttitor tellus. Cras eu massa nulla. Morbi porta fermentum elit eu iaculis. Pellentesque hendrerit venenatis purus at feugiat. Pellentesque vitae feugiat purus. Donec mattis rhoncus lacinia. Sed quam diam, molestie id laoreet eu, lacinia ac turpis. Cras tincidunt lobortis elit quis aliquam. Proin et massa libero.

Aliquam id pharetra arcu. Vivamus vitae mattis ligula. Sed efficitur urna vitae scelerisque tempor. Proin purus magna, vulputate eu ligula a, vehicula malesuada enim. Curabitur aliquet rutrum enim et tincidunt. Vestibulum ante ipsum primis in faucibus orci luctus et ultrices posuere cubilia curae; Vivamus pharetra enim leo, nec molestie nibh consectetur quis. Class aptent taciti sociosqu ad litora torquent per conubia nostra, per inceptos himenaeos. Nunc quis maximus elit, vitae pulvinar urna. Integer at mi elit. Phasellus vitae rutrum sem. Vivamus et mauris ac nisl congue congue eu eget elit. Nullam at quam velit. Pellentesque dictum, diam nec tempor aliquet, tortor justo fermentum sapien, at condimentum turpis elit vel sapien. Aenean rutrum tellus sodales tortor viverra eleifend.

Donec facilisis, diam efficitur maximus ultrices, enim lectus rutrum elit, eget malesuada mi justo dapibus enim. Maecenas finibus euismod nulla quis dignissim. Sed dictum ante rutrum turpis euismod laoreet. Sed placerat tellus leo. In ut lobortis lorem. Nullam vitae lectus egestas urna tincidunt aliquet. Ut sagittis vel enim eget malesuada. Cras in congue tortor. Interdum et malesuada fames ac ante ipsum primis in faucibus. Nunc tempus consequat neque, et eleifend nulla aliquam eu.",Author 170,20,tieu-su-cac-quoc-gia-qua-goc-nhin-lay-loi,NXB 170,2020,17
https://cdn1.fahasa.com/media/catalog/product/i/m/image_182814.jpg,Mẹ Hỏi Bé Trả Lời 2-3 Tuổi (Tái Bản 2019),27000,37,9780085481286,"Lorem ipsum dolor sit amet, consectetur adipiscing elit. Nam congue vel tellus non luctus. Vestibulum vitae nunc lorem. Sed lacinia lectus vel augue imperdiet ultricies. Donec id venenatis ex, vitae pretium ligula. Sed nulla eros, dignissim at feugiat non, posuere sit amet urna. Ut eu porttitor tellus. Cras eu massa nulla. Morbi porta fermentum elit eu iaculis. Pellentesque hendrerit venenatis purus at feugiat. Pellentesque vitae feugiat purus. Donec mattis rhoncus lacinia. Sed quam diam, molestie id laoreet eu, lacinia ac turpis. Cras tincidunt lobortis elit quis aliquam. Proin et massa libero.

Aliquam id pharetra arcu. Vivamus vitae mattis ligula. Sed efficitur urna vitae scelerisque tempor. Proin purus magna, vulputate eu ligula a, vehicula malesuada enim. Curabitur aliquet rutrum enim et tincidunt. Vestibulum ante ipsum primis in faucibus orci luctus et ultrices posuere cubilia curae; Vivamus pharetra enim leo, nec molestie nibh consectetur quis. Class aptent taciti sociosqu ad litora torquent per conubia nostra, per inceptos himenaeos. Nunc quis maximus elit, vitae pulvinar urna. Integer at mi elit. Phasellus vitae rutrum sem. Vivamus et mauris ac nisl congue congue eu eget elit. Nullam at quam velit. Pellentesque dictum, diam nec tempor aliquet, tortor justo fermentum sapien, at condimentum turpis elit vel sapien. Aenean rutrum tellus sodales tortor viverra eleifend.

Donec facilisis, diam efficitur maximus ultrices, enim lectus rutrum elit, eget malesuada mi justo dapibus enim. Maecenas finibus euismod nulla quis dignissim. Sed dictum ante rutrum turpis euismod laoreet. Sed placerat tellus leo. In ut lobortis lorem. Nullam vitae lectus egestas urna tincidunt aliquet. Ut sagittis vel enim eget malesuada. Cras in congue tortor. Interdum et malesuada fames ac ante ipsum primis in faucibus. Nunc tempus consequat neque, et eleifend nulla aliquam eu.",Author 171,11,me-hoi-be-tra-loi-2-3-tuoi-tai-ban-2019,NXB 171,2022,20
https://cdn1.fahasa.com/media/catalog/product/8/9/8935244869200.jpg,Danh Nhân Thế Giới - Schweitzer (Tái Bản 2022),27000,37,9780085481287,"Lorem ipsum dolor sit amet, consectetur adipiscing elit. Nam congue vel tellus non luctus. Vestibulum vitae nunc lorem. Sed lacinia lectus vel augue imperdiet ultricies. Donec id venenatis ex, vitae pretium ligula. Sed nulla eros, dignissim at feugiat non, posuere sit amet urna. Ut eu porttitor tellus. Cras eu massa nulla. Morbi porta fermentum elit eu iaculis. Pellentesque hendrerit venenatis purus at feugiat. Pellentesque vitae feugiat purus. Donec mattis rhoncus lacinia. Sed quam diam, molestie id laoreet eu, lacinia ac turpis. Cras tincidunt lobortis elit quis aliquam. Proin et massa libero.

Aliquam id pharetra arcu. Vivamus vitae mattis ligula. Sed efficitur urna vitae scelerisque tempor. Proin purus magna, vulputate eu ligula a, vehicula malesuada enim. Curabitur aliquet rutrum enim et tincidunt. Vestibulum ante ipsum primis in faucibus orci luctus et ultrices posuere cubilia curae; Vivamus pharetra enim leo, nec molestie nibh consectetur quis. Class aptent taciti sociosqu ad litora torquent per conubia nostra, per inceptos himenaeos. Nunc quis maximus elit, vitae pulvinar urna. Integer at mi elit. Phasellus vitae rutrum sem. Vivamus et mauris ac nisl congue congue eu eget elit. Nullam at quam velit. Pellentesque dictum, diam nec tempor aliquet, tortor justo fermentum sapien, at condimentum turpis elit vel sapien. Aenean rutrum tellus sodales tortor viverra eleifend.

Donec facilisis, diam efficitur maximus ultrices, enim lectus rutrum elit, eget malesuada mi justo dapibus enim. Maecenas finibus euismod nulla quis dignissim. Sed dictum ante rutrum turpis euismod laoreet. Sed placerat tellus leo. In ut lobortis lorem. Nullam vitae lectus egestas urna tincidunt aliquet. Ut sagittis vel enim eget malesuada. Cras in congue tortor. Interdum et malesuada fames ac ante ipsum primis in faucibus. Nunc tempus consequat neque, et eleifend nulla aliquam eu.",Author 172,18,danh-nhan-the-gioi-schweitzer-tai-ban-2022,NXB 172,2002,20
https://cdn1.fahasa.com/media/catalog/product/q/u/quiz_khoa-hoc-ki-thu_bien-day-bien_tb-2024.jpg,Quiz! Khoa Học Kì Thú - Biển - Đáy Biển (Tái Bản 2024),67500,37,9780085481288,"Lorem ipsum dolor sit amet, consectetur adipiscing elit. Nam congue vel tellus non luctus. Vestibulum vitae nunc lorem. Sed lacinia lectus vel augue imperdiet ultricies. Donec id venenatis ex, vitae pretium ligula. Sed nulla eros, dignissim at feugiat non, posuere sit amet urna. Ut eu porttitor tellus. Cras eu massa nulla. Morbi porta fermentum elit eu iaculis. Pellentesque hendrerit venenatis purus at feugiat. Pellentesque vitae feugiat purus. Donec mattis rhoncus lacinia. Sed quam diam, molestie id laoreet eu, lacinia ac turpis. Cras tincidunt lobortis elit quis aliquam. Proin et massa libero.

Aliquam id pharetra arcu. Vivamus vitae mattis ligula. Sed efficitur urna vitae scelerisque tempor. Proin purus magna, vulputate eu ligula a, vehicula malesuada enim. Curabitur aliquet rutrum enim et tincidunt. Vestibulum ante ipsum primis in faucibus orci luctus et ultrices posuere cubilia curae; Vivamus pharetra enim leo, nec molestie nibh consectetur quis. Class aptent taciti sociosqu ad litora torquent per conubia nostra, per inceptos himenaeos. Nunc quis maximus elit, vitae pulvinar urna. Integer at mi elit. Phasellus vitae rutrum sem. Vivamus et mauris ac nisl congue congue eu eget elit. Nullam at quam velit. Pellentesque dictum, diam nec tempor aliquet, tortor justo fermentum sapien, at condimentum turpis elit vel sapien. Aenean rutrum tellus sodales tortor viverra eleifend.

Donec facilisis, diam efficitur maximus ultrices, enim lectus rutrum elit, eget malesuada mi justo dapibus enim. Maecenas finibus euismod nulla quis dignissim. Sed dictum ante rutrum turpis euismod laoreet. Sed placerat tellus leo. In ut lobortis lorem. Nullam vitae lectus egestas urna tincidunt aliquet. Ut sagittis vel enim eget malesuada. Cras in congue tortor. Interdum et malesuada fames ac ante ipsum primis in faucibus. Nunc tempus consequat neque, et eleifend nulla aliquam eu.",Author 173,16,quiz-khoa-hoc-ki-thu-bien-ay-bien-tai-ban-2024,NXB 173,2016,15
https://cdn1.fahasa.com/media/catalog/product/q/u/quiz_khoa-hoc-ki-thu_thoi-tiet-moi-truong_tb-2024.jpg,Quiz! Khoa Học Kì Thú - Thời Tiết Môi Trường (Tái Bản 2024),67500,37,9780085481289,"Lorem ipsum dolor sit amet, consectetur adipiscing elit. Nam congue vel tellus non luctus. Vestibulum vitae nunc lorem. Sed lacinia lectus vel augue imperdiet ultricies. Donec id venenatis ex, vitae pretium ligula. Sed nulla eros, dignissim at feugiat non, posuere sit amet urna. Ut eu porttitor tellus. Cras eu massa nulla. Morbi porta fermentum elit eu iaculis. Pellentesque hendrerit venenatis purus at feugiat. Pellentesque vitae feugiat purus. Donec mattis rhoncus lacinia. Sed quam diam, molestie id laoreet eu, lacinia ac turpis. Cras tincidunt lobortis elit quis aliquam. Proin et massa libero.

Aliquam id pharetra arcu. Vivamus vitae mattis ligula. Sed efficitur urna vitae scelerisque tempor. Proin purus magna, vulputate eu ligula a, vehicula malesuada enim. Curabitur aliquet rutrum enim et tincidunt. Vestibulum ante ipsum primis in faucibus orci luctus et ultrices posuere cubilia curae; Vivamus pharetra enim leo, nec molestie nibh consectetur quis. Class aptent taciti sociosqu ad litora torquent per conubia nostra, per inceptos himenaeos. Nunc quis maximus elit, vitae pulvinar urna. Integer at mi elit. Phasellus vitae rutrum sem. Vivamus et mauris ac nisl congue congue eu eget elit. Nullam at quam velit. Pellentesque dictum, diam nec tempor aliquet, tortor justo fermentum sapien, at condimentum turpis elit vel sapien. Aenean rutrum tellus sodales tortor viverra eleifend.

Donec facilisis, diam efficitur maximus ultrices, enim lectus rutrum elit, eget malesuada mi justo dapibus enim. Maecenas finibus euismod nulla quis dignissim. Sed dictum ante rutrum turpis euismod laoreet. Sed placerat tellus leo. In ut lobortis lorem. Nullam vitae lectus egestas urna tincidunt aliquet. Ut sagittis vel enim eget malesuada. Cras in congue tortor. Interdum et malesuada fames ac ante ipsum primis in faucibus. Nunc tempus consequat neque, et eleifend nulla aliquam eu.",Author 174,16,quiz-khoa-hoc-ki-thu-thoi-tiet-moi-truong-tai-ban-2024,NXB 174,2004,16
https://cdn1.fahasa.com/media/catalog/product/8/9/8935212374583.jpg,100 Bí Ẩn Đáng Kinh Ngạc Về Tiền - 100 Things To Know About Money - Bìa Cứng,89250,37,9780085481290,"Lorem ipsum dolor sit amet, consectetur adipiscing elit. Nam congue vel tellus non luctus. Vestibulum vitae nunc lorem. Sed lacinia lectus vel augue imperdiet ultricies. Donec id venenatis ex, vitae pretium ligula. Sed nulla eros, dignissim at feugiat non, posuere sit amet urna. Ut eu porttitor tellus. Cras eu massa nulla. Morbi porta fermentum elit eu iaculis. Pellentesque hendrerit venenatis purus at feugiat. Pellentesque vitae feugiat purus. Donec mattis rhoncus lacinia. Sed quam diam, molestie id laoreet eu, lacinia ac turpis. Cras tincidunt lobortis elit quis aliquam. Proin et massa libero.

Aliquam id pharetra arcu. Vivamus vitae mattis ligula. Sed efficitur urna vitae scelerisque tempor. Proin purus magna, vulputate eu ligula a, vehicula malesuada enim. Curabitur aliquet rutrum enim et tincidunt. Vestibulum ante ipsum primis in faucibus orci luctus et ultrices posuere cubilia curae; Vivamus pharetra enim leo, nec molestie nibh consectetur quis. Class aptent taciti sociosqu ad litora torquent per conubia nostra, per inceptos himenaeos. Nunc quis maximus elit, vitae pulvinar urna. Integer at mi elit. Phasellus vitae rutrum sem. Vivamus et mauris ac nisl congue congue eu eget elit. Nullam at quam velit. Pellentesque dictum, diam nec tempor aliquet, tortor justo fermentum sapien, at condimentum turpis elit vel sapien. Aenean rutrum tellus sodales tortor viverra eleifend.

Donec facilisis, diam efficitur maximus ultrices, enim lectus rutrum elit, eget malesuada mi justo dapibus enim. Maecenas finibus euismod nulla quis dignissim. Sed dictum ante rutrum turpis euismod laoreet. Sed placerat tellus leo. In ut lobortis lorem. Nullam vitae lectus egestas urna tincidunt aliquet. Ut sagittis vel enim eget malesuada. Cras in congue tortor. Interdum et malesuada fames ac ante ipsum primis in faucibus. Nunc tempus consequat neque, et eleifend nulla aliquam eu.",Author 175,4,100-bi-an-ang-kinh-ngac-ve-tien-100-things-to-know-about-money-bia-cung,NXB 175,2025,13
https://cdn1.fahasa.com/media/catalog/product/q/u/quiz_khoa-hoc-ki-thu_con-trung_tb-2024.jpg,Quiz! Khoa Học Kì Thú - Côn Trùng (Tái Bản 2024),67500,37,9780085481291,"Lorem ipsum dolor sit amet, consectetur adipiscing elit. Nam congue vel tellus non luctus. Vestibulum vitae nunc lorem. Sed lacinia lectus vel augue imperdiet ultricies. Donec id venenatis ex, vitae pretium ligula. Sed nulla eros, dignissim at feugiat non, posuere sit amet urna. Ut eu porttitor tellus. Cras eu massa nulla. Morbi porta fermentum elit eu iaculis. Pellentesque hendrerit venenatis purus at feugiat. Pellentesque vitae feugiat purus. Donec mattis rhoncus lacinia. Sed quam diam, molestie id laoreet eu, lacinia ac turpis. Cras tincidunt lobortis elit quis aliquam. Proin et massa libero.

Aliquam id pharetra arcu. Vivamus vitae mattis ligula. Sed efficitur urna vitae scelerisque tempor. Proin purus magna, vulputate eu ligula a, vehicula malesuada enim. Curabitur aliquet rutrum enim et tincidunt. Vestibulum ante ipsum primis in faucibus orci luctus et ultrices posuere cubilia curae; Vivamus pharetra enim leo, nec molestie nibh consectetur quis. Class aptent taciti sociosqu ad litora torquent per conubia nostra, per inceptos himenaeos. Nunc quis maximus elit, vitae pulvinar urna. Integer at mi elit. Phasellus vitae rutrum sem. Vivamus et mauris ac nisl congue congue eu eget elit. Nullam at quam velit. Pellentesque dictum, diam nec tempor aliquet, tortor justo fermentum sapien, at condimentum turpis elit vel sapien. Aenean rutrum tellus sodales tortor viverra eleifend.

Donec facilisis, diam efficitur maximus ultrices, enim lectus rutrum elit, eget malesuada mi justo dapibus enim. Maecenas finibus euismod nulla quis dignissim. Sed dictum ante rutrum turpis euismod laoreet. Sed placerat tellus leo. In ut lobortis lorem. Nullam vitae lectus egestas urna tincidunt aliquet. Ut sagittis vel enim eget malesuada. Cras in congue tortor. Interdum et malesuada fames ac ante ipsum primis in faucibus. Nunc tempus consequat neque, et eleifend nulla aliquam eu.",Author 176,4,quiz-khoa-hoc-ki-thu-con-trung-tai-ban-2024,NXB 176,2018,10
https://cdn1.fahasa.com/media/catalog/product/q/u/quiz_khoa-hoc-ki-thu_the-gioi-huyen-bi_tb-2024.jpg,Quiz! Khoa Học Kì Thú - Thế Giới Huyền Bí (Tái Bản 2024),67500,37,9780085481292,"Lorem ipsum dolor sit amet, consectetur adipiscing elit. Nam congue vel tellus non luctus. Vestibulum vitae nunc lorem. Sed lacinia lectus vel augue imperdiet ultricies. Donec id venenatis ex, vitae pretium ligula. Sed nulla eros, dignissim at feugiat non, posuere sit amet urna. Ut eu porttitor tellus. Cras eu massa nulla. Morbi porta fermentum elit eu iaculis. Pellentesque hendrerit venenatis purus at feugiat. Pellentesque vitae feugiat purus. Donec mattis rhoncus lacinia. Sed quam diam, molestie id laoreet eu, lacinia ac turpis. Cras tincidunt lobortis elit quis aliquam. Proin et massa libero.

Aliquam id pharetra arcu. Vivamus vitae mattis ligula. Sed efficitur urna vitae scelerisque tempor. Proin purus magna, vulputate eu ligula a, vehicula malesuada enim. Curabitur aliquet rutrum enim et tincidunt. Vestibulum ante ipsum primis in faucibus orci luctus et ultrices posuere cubilia curae; Vivamus pharetra enim leo, nec molestie nibh consectetur quis. Class aptent taciti sociosqu ad litora torquent per conubia nostra, per inceptos himenaeos. Nunc quis maximus elit, vitae pulvinar urna. Integer at mi elit. Phasellus vitae rutrum sem. Vivamus et mauris ac nisl congue congue eu eget elit. Nullam at quam velit. Pellentesque dictum, diam nec tempor aliquet, tortor justo fermentum sapien, at condimentum turpis elit vel sapien. Aenean rutrum tellus sodales tortor viverra eleifend.

Donec facilisis, diam efficitur maximus ultrices, enim lectus rutrum elit, eget malesuada mi justo dapibus enim. Maecenas finibus euismod nulla quis dignissim. Sed dictum ante rutrum turpis euismod laoreet. Sed placerat tellus leo. In ut lobortis lorem. Nullam vitae lectus egestas urna tincidunt aliquet. Ut sagittis vel enim eget malesuada. Cras in congue tortor. Interdum et malesuada fames ac ante ipsum primis in faucibus. Nunc tempus consequat neque, et eleifend nulla aliquam eu.",Author 177,14,quiz-khoa-hoc-ki-thu-the-gioi-huyen-bi-tai-ban-2024,NXB 177,2001,5
https://cdn1.fahasa.com/media/catalog/product/i/m/image_183721_1.jpg,Khoa Học Khám Phá - Feynman Chuyện Thật Như Đùa (Tái Bản 2024),187000,37,9780085481293,"Lorem ipsum dolor sit amet, consectetur adipiscing elit. Nam congue vel tellus non luctus. Vestibulum vitae nunc lorem. Sed lacinia lectus vel augue imperdiet ultricies. Donec id venenatis ex, vitae pretium ligula. Sed nulla eros, dignissim at feugiat non, posuere sit amet urna. Ut eu porttitor tellus. Cras eu massa nulla. Morbi porta fermentum elit eu iaculis. Pellentesque hendrerit venenatis purus at feugiat. Pellentesque vitae feugiat purus. Donec mattis rhoncus lacinia. Sed quam diam, molestie id laoreet eu, lacinia ac turpis. Cras tincidunt lobortis elit quis aliquam. Proin et massa libero.

Aliquam id pharetra arcu. Vivamus vitae mattis ligula. Sed efficitur urna vitae scelerisque tempor. Proin purus magna, vulputate eu ligula a, vehicula malesuada enim. Curabitur aliquet rutrum enim et tincidunt. Vestibulum ante ipsum primis in faucibus orci luctus et ultrices posuere cubilia curae; Vivamus pharetra enim leo, nec molestie nibh consectetur quis. Class aptent taciti sociosqu ad litora torquent per conubia nostra, per inceptos himenaeos. Nunc quis maximus elit, vitae pulvinar urna. Integer at mi elit. Phasellus vitae rutrum sem. Vivamus et mauris ac nisl congue congue eu eget elit. Nullam at quam velit. Pellentesque dictum, diam nec tempor aliquet, tortor justo fermentum sapien, at condimentum turpis elit vel sapien. Aenean rutrum tellus sodales tortor viverra eleifend.

Donec facilisis, diam efficitur maximus ultrices, enim lectus rutrum elit, eget malesuada mi justo dapibus enim. Maecenas finibus euismod nulla quis dignissim. Sed dictum ante rutrum turpis euismod laoreet. Sed placerat tellus leo. In ut lobortis lorem. Nullam vitae lectus egestas urna tincidunt aliquet. Ut sagittis vel enim eget malesuada. Cras in congue tortor. Interdum et malesuada fames ac ante ipsum primis in faucibus. Nunc tempus consequat neque, et eleifend nulla aliquam eu.",Author 178,12,khoa-hoc-kham-pha-feynman-chuyen-that-nhu-ua-tai-ban-2024,NXB 178,2013,7
https://cdn1.fahasa.com/media/catalog/product/q/u/quiz_-khoa-hoc-ki-thu_nhung-nghe-ki-la_bia.jpg,Quiz! Khoa Học Kì Thú - Những Nghề Kì Lạ,67500,37,9780085481294,"Lorem ipsum dolor sit amet, consectetur adipiscing elit. Nam congue vel tellus non luctus. Vestibulum vitae nunc lorem. Sed lacinia lectus vel augue imperdiet ultricies. Donec id venenatis ex, vitae pretium ligula. Sed nulla eros, dignissim at feugiat non, posuere sit amet urna. Ut eu porttitor tellus. Cras eu massa nulla. Morbi porta fermentum elit eu iaculis. Pellentesque hendrerit venenatis purus at feugiat. Pellentesque vitae feugiat purus. Donec mattis rhoncus lacinia. Sed quam diam, molestie id laoreet eu, lacinia ac turpis. Cras tincidunt lobortis elit quis aliquam. Proin et massa libero.

Aliquam id pharetra arcu. Vivamus vitae mattis ligula. Sed efficitur urna vitae scelerisque tempor. Proin purus magna, vulputate eu ligula a, vehicula malesuada enim. Curabitur aliquet rutrum enim et tincidunt. Vestibulum ante ipsum primis in faucibus orci luctus et ultrices posuere cubilia curae; Vivamus pharetra enim leo, nec molestie nibh consectetur quis. Class aptent taciti sociosqu ad litora torquent per conubia nostra, per inceptos himenaeos. Nunc quis maximus elit, vitae pulvinar urna. Integer at mi elit. Phasellus vitae rutrum sem. Vivamus et mauris ac nisl congue congue eu eget elit. Nullam at quam velit. Pellentesque dictum, diam nec tempor aliquet, tortor justo fermentum sapien, at condimentum turpis elit vel sapien. Aenean rutrum tellus sodales tortor viverra eleifend.

Donec facilisis, diam efficitur maximus ultrices, enim lectus rutrum elit, eget malesuada mi justo dapibus enim. Maecenas finibus euismod nulla quis dignissim. Sed dictum ante rutrum turpis euismod laoreet. Sed placerat tellus leo. In ut lobortis lorem. Nullam vitae lectus egestas urna tincidunt aliquet. Ut sagittis vel enim eget malesuada. Cras in congue tortor. Interdum et malesuada fames ac ante ipsum primis in faucibus. Nunc tempus consequat neque, et eleifend nulla aliquam eu.",Author 179,18,quiz-khoa-hoc-ki-thu-nhung-nghe-ki-la,NXB 179,2021,10
https://cdn1.fahasa.com/media/catalog/product/8/9/8935244869187.jpg,Danh Nhân Thế Giới - Helen (Tái Bản 2022),27000,37,9780085481295,"Lorem ipsum dolor sit amet, consectetur adipiscing elit. Nam congue vel tellus non luctus. Vestibulum vitae nunc lorem. Sed lacinia lectus vel augue imperdiet ultricies. Donec id venenatis ex, vitae pretium ligula. Sed nulla eros, dignissim at feugiat non, posuere sit amet urna. Ut eu porttitor tellus. Cras eu massa nulla. Morbi porta fermentum elit eu iaculis. Pellentesque hendrerit venenatis purus at feugiat. Pellentesque vitae feugiat purus. Donec mattis rhoncus lacinia. Sed quam diam, molestie id laoreet eu, lacinia ac turpis. Cras tincidunt lobortis elit quis aliquam. Proin et massa libero.

Aliquam id pharetra arcu. Vivamus vitae mattis ligula. Sed efficitur urna vitae scelerisque tempor. Proin purus magna, vulputate eu ligula a, vehicula malesuada enim. Curabitur aliquet rutrum enim et tincidunt. Vestibulum ante ipsum primis in faucibus orci luctus et ultrices posuere cubilia curae; Vivamus pharetra enim leo, nec molestie nibh consectetur quis. Class aptent taciti sociosqu ad litora torquent per conubia nostra, per inceptos himenaeos. Nunc quis maximus elit, vitae pulvinar urna. Integer at mi elit. Phasellus vitae rutrum sem. Vivamus et mauris ac nisl congue congue eu eget elit. Nullam at quam velit. Pellentesque dictum, diam nec tempor aliquet, tortor justo fermentum sapien, at condimentum turpis elit vel sapien. Aenean rutrum tellus sodales tortor viverra eleifend.

Donec facilisis, diam efficitur maximus ultrices, enim lectus rutrum elit, eget malesuada mi justo dapibus enim. Maecenas finibus euismod nulla quis dignissim. Sed dictum ante rutrum turpis euismod laoreet. Sed placerat tellus leo. In ut lobortis lorem. Nullam vitae lectus egestas urna tincidunt aliquet. Ut sagittis vel enim eget malesuada. Cras in congue tortor. Interdum et malesuada fames ac ante ipsum primis in faucibus. Nunc tempus consequat neque, et eleifend nulla aliquam eu.",Author 180,13,danh-nhan-the-gioi-helen-tai-ban-2022,NXB 180,2017,4
https://cdn1.fahasa.com/media/catalog/product/q/u/quiz_-khoa-hoc-ki-thu_khoa-hoc-the-thao_bia.jpg,Quiz! Khoa Học Kì Thú - Khoa Học Thể Thao,67500,37,9780085481296,"Lorem ipsum dolor sit amet, consectetur adipiscing elit. Nam congue vel tellus non luctus. Vestibulum vitae nunc lorem. Sed lacinia lectus vel augue imperdiet ultricies. Donec id venenatis ex, vitae pretium ligula. Sed nulla eros, dignissim at feugiat non, posuere sit amet urna. Ut eu porttitor tellus. Cras eu massa nulla. Morbi porta fermentum elit eu iaculis. Pellentesque hendrerit venenatis purus at feugiat. Pellentesque vitae feugiat purus. Donec mattis rhoncus lacinia. Sed quam diam, molestie id laoreet eu, lacinia ac turpis. Cras tincidunt lobortis elit quis aliquam. Proin et massa libero.

Aliquam id pharetra arcu. Vivamus vitae mattis ligula. Sed efficitur urna vitae scelerisque tempor. Proin purus magna, vulputate eu ligula a, vehicula malesuada enim. Curabitur aliquet rutrum enim et tincidunt. Vestibulum ante ipsum primis in faucibus orci luctus et ultrices posuere cubilia curae; Vivamus pharetra enim leo, nec molestie nibh consectetur quis. Class aptent taciti sociosqu ad litora torquent per conubia nostra, per inceptos himenaeos. Nunc quis maximus elit, vitae pulvinar urna. Integer at mi elit. Phasellus vitae rutrum sem. Vivamus et mauris ac nisl congue congue eu eget elit. Nullam at quam velit. Pellentesque dictum, diam nec tempor aliquet, tortor justo fermentum sapien, at condimentum turpis elit vel sapien. Aenean rutrum tellus sodales tortor viverra eleifend.

Donec facilisis, diam efficitur maximus ultrices, enim lectus rutrum elit, eget malesuada mi justo dapibus enim. Maecenas finibus euismod nulla quis dignissim. Sed dictum ante rutrum turpis euismod laoreet. Sed placerat tellus leo. In ut lobortis lorem. Nullam vitae lectus egestas urna tincidunt aliquet. Ut sagittis vel enim eget malesuada. Cras in congue tortor. Interdum et malesuada fames ac ante ipsum primis in faucibus. Nunc tempus consequat neque, et eleifend nulla aliquam eu.",Author 181,7,quiz-khoa-hoc-ki-thu-khoa-hoc-the-thao,NXB 181,2003,17
https://cdn1.fahasa.com/media/catalog/product/w/h/who_chuyen-ke-danh-nhan-the-gioi_nikola-tesla_bia.jpg,Who? Chuyện Kể Về Danh Nhân Thế Giới - Nikola Tesla,54000,37,9780085481297,"Lorem ipsum dolor sit amet, consectetur adipiscing elit. Nam congue vel tellus non luctus. Vestibulum vitae nunc lorem. Sed lacinia lectus vel augue imperdiet ultricies. Donec id venenatis ex, vitae pretium ligula. Sed nulla eros, dignissim at feugiat non, posuere sit amet urna. Ut eu porttitor tellus. Cras eu massa nulla. Morbi porta fermentum elit eu iaculis. Pellentesque hendrerit venenatis purus at feugiat. Pellentesque vitae feugiat purus. Donec mattis rhoncus lacinia. Sed quam diam, molestie id laoreet eu, lacinia ac turpis. Cras tincidunt lobortis elit quis aliquam. Proin et massa libero.

Aliquam id pharetra arcu. Vivamus vitae mattis ligula. Sed efficitur urna vitae scelerisque tempor. Proin purus magna, vulputate eu ligula a, vehicula malesuada enim. Curabitur aliquet rutrum enim et tincidunt. Vestibulum ante ipsum primis in faucibus orci luctus et ultrices posuere cubilia curae; Vivamus pharetra enim leo, nec molestie nibh consectetur quis. Class aptent taciti sociosqu ad litora torquent per conubia nostra, per inceptos himenaeos. Nunc quis maximus elit, vitae pulvinar urna. Integer at mi elit. Phasellus vitae rutrum sem. Vivamus et mauris ac nisl congue congue eu eget elit. Nullam at quam velit. Pellentesque dictum, diam nec tempor aliquet, tortor justo fermentum sapien, at condimentum turpis elit vel sapien. Aenean rutrum tellus sodales tortor viverra eleifend.

Donec facilisis, diam efficitur maximus ultrices, enim lectus rutrum elit, eget malesuada mi justo dapibus enim. Maecenas finibus euismod nulla quis dignissim. Sed dictum ante rutrum turpis euismod laoreet. Sed placerat tellus leo. In ut lobortis lorem. Nullam vitae lectus egestas urna tincidunt aliquet. Ut sagittis vel enim eget malesuada. Cras in congue tortor. Interdum et malesuada fames ac ante ipsum primis in faucibus. Nunc tempus consequat neque, et eleifend nulla aliquam eu.",Author 182,16,who-chuyen-ke-ve-danh-nhan-the-gioi-nikola-tesla,NXB 182,2015,10
https://cdn1.fahasa.com/media/catalog/product/q/u/quiz_-khoa-hoc-ki-thu_kham-pha-nao-bo.jpg,Quiz! Khoa Học Kì Thú - Khám Phá Não Bộ,67500,37,9780085481298,"Lorem ipsum dolor sit amet, consectetur adipiscing elit. Nam congue vel tellus non luctus. Vestibulum vitae nunc lorem. Sed lacinia lectus vel augue imperdiet ultricies. Donec id venenatis ex, vitae pretium ligula. Sed nulla eros, dignissim at feugiat non, posuere sit amet urna. Ut eu porttitor tellus. Cras eu massa nulla. Morbi porta fermentum elit eu iaculis. Pellentesque hendrerit venenatis purus at feugiat. Pellentesque vitae feugiat purus. Donec mattis rhoncus lacinia. Sed quam diam, molestie id laoreet eu, lacinia ac turpis. Cras tincidunt lobortis elit quis aliquam. Proin et massa libero.

Aliquam id pharetra arcu. Vivamus vitae mattis ligula. Sed efficitur urna vitae scelerisque tempor. Proin purus magna, vulputate eu ligula a, vehicula malesuada enim. Curabitur aliquet rutrum enim et tincidunt. Vestibulum ante ipsum primis in faucibus orci luctus et ultrices posuere cubilia curae; Vivamus pharetra enim leo, nec molestie nibh consectetur quis. Class aptent taciti sociosqu ad litora torquent per conubia nostra, per inceptos himenaeos. Nunc quis maximus elit, vitae pulvinar urna. Integer at mi elit. Phasellus vitae rutrum sem. Vivamus et mauris ac nisl congue congue eu eget elit. Nullam at quam velit. Pellentesque dictum, diam nec tempor aliquet, tortor justo fermentum sapien, at condimentum turpis elit vel sapien. Aenean rutrum tellus sodales tortor viverra eleifend.

Donec facilisis, diam efficitur maximus ultrices, enim lectus rutrum elit, eget malesuada mi justo dapibus enim. Maecenas finibus euismod nulla quis dignissim. Sed dictum ante rutrum turpis euismod laoreet. Sed placerat tellus leo. In ut lobortis lorem. Nullam vitae lectus egestas urna tincidunt aliquet. Ut sagittis vel enim eget malesuada. Cras in congue tortor. Interdum et malesuada fames ac ante ipsum primis in faucibus. Nunc tempus consequat neque, et eleifend nulla aliquam eu.",Author 183,20,quiz-khoa-hoc-ki-thu-kham-pha-nao-bo,NXB 183,2015,17
https://cdn1.fahasa.com/media/catalog/product/9/7/9786044470245.jpg,Một Số Loài Động Vật Đặc Hữu Và Bản Xứ Của Việt Nam - Endemic And Native Fauna Of Vietnam,54000,37,9780085481299,"Lorem ipsum dolor sit amet, consectetur adipiscing elit. Nam congue vel tellus non luctus. Vestibulum vitae nunc lorem. Sed lacinia lectus vel augue imperdiet ultricies. Donec id venenatis ex, vitae pretium ligula. Sed nulla eros, dignissim at feugiat non, posuere sit amet urna. Ut eu porttitor tellus. Cras eu massa nulla. Morbi porta fermentum elit eu iaculis. Pellentesque hendrerit venenatis purus at feugiat. Pellentesque vitae feugiat purus. Donec mattis rhoncus lacinia. Sed quam diam, molestie id laoreet eu, lacinia ac turpis. Cras tincidunt lobortis elit quis aliquam. Proin et massa libero.

Aliquam id pharetra arcu. Vivamus vitae mattis ligula. Sed efficitur urna vitae scelerisque tempor. Proin purus magna, vulputate eu ligula a, vehicula malesuada enim. Curabitur aliquet rutrum enim et tincidunt. Vestibulum ante ipsum primis in faucibus orci luctus et ultrices posuere cubilia curae; Vivamus pharetra enim leo, nec molestie nibh consectetur quis. Class aptent taciti sociosqu ad litora torquent per conubia nostra, per inceptos himenaeos. Nunc quis maximus elit, vitae pulvinar urna. Integer at mi elit. Phasellus vitae rutrum sem. Vivamus et mauris ac nisl congue congue eu eget elit. Nullam at quam velit. Pellentesque dictum, diam nec tempor aliquet, tortor justo fermentum sapien, at condimentum turpis elit vel sapien. Aenean rutrum tellus sodales tortor viverra eleifend.

Donec facilisis, diam efficitur maximus ultrices, enim lectus rutrum elit, eget malesuada mi justo dapibus enim. Maecenas finibus euismod nulla quis dignissim. Sed dictum ante rutrum turpis euismod laoreet. Sed placerat tellus leo. In ut lobortis lorem. Nullam vitae lectus egestas urna tincidunt aliquet. Ut sagittis vel enim eget malesuada. Cras in congue tortor. Interdum et malesuada fames ac ante ipsum primis in faucibus. Nunc tempus consequat neque, et eleifend nulla aliquam eu.",Author 184,10,mot-so-loai-ong-vat-ac-huu-va-ban-xu-cua-viet-nam-endemic-and-native-fauna-of-vietnam,NXB 184,2018,11
https://cdn1.fahasa.com/media/catalog/product/8/9/8935244878691.jpg,Danh Tác Thế Giới - Đảo Giấu Vàng,36000,37,9780085481300,"Lorem ipsum dolor sit amet, consectetur adipiscing elit. Nam congue vel tellus non luctus. Vestibulum vitae nunc lorem. Sed lacinia lectus vel augue imperdiet ultricies. Donec id venenatis ex, vitae pretium ligula. Sed nulla eros, dignissim at feugiat non, posuere sit amet urna. Ut eu porttitor tellus. Cras eu massa nulla. Morbi porta fermentum elit eu iaculis. Pellentesque hendrerit venenatis purus at feugiat. Pellentesque vitae feugiat purus. Donec mattis rhoncus lacinia. Sed quam diam, molestie id laoreet eu, lacinia ac turpis. Cras tincidunt lobortis elit quis aliquam. Proin et massa libero.

Aliquam id pharetra arcu. Vivamus vitae mattis ligula. Sed efficitur urna vitae scelerisque tempor. Proin purus magna, vulputate eu ligula a, vehicula malesuada enim. Curabitur aliquet rutrum enim et tincidunt. Vestibulum ante ipsum primis in faucibus orci luctus et ultrices posuere cubilia curae; Vivamus pharetra enim leo, nec molestie nibh consectetur quis. Class aptent taciti sociosqu ad litora torquent per conubia nostra, per inceptos himenaeos. Nunc quis maximus elit, vitae pulvinar urna. Integer at mi elit. Phasellus vitae rutrum sem. Vivamus et mauris ac nisl congue congue eu eget elit. Nullam at quam velit. Pellentesque dictum, diam nec tempor aliquet, tortor justo fermentum sapien, at condimentum turpis elit vel sapien. Aenean rutrum tellus sodales tortor viverra eleifend.

Donec facilisis, diam efficitur maximus ultrices, enim lectus rutrum elit, eget malesuada mi justo dapibus enim. Maecenas finibus euismod nulla quis dignissim. Sed dictum ante rutrum turpis euismod laoreet. Sed placerat tellus leo. In ut lobortis lorem. Nullam vitae lectus egestas urna tincidunt aliquet. Ut sagittis vel enim eget malesuada. Cras in congue tortor. Interdum et malesuada fames ac ante ipsum primis in faucibus. Nunc tempus consequat neque, et eleifend nulla aliquam eu.",Author 185,3,danh-tac-the-gioi-ao-giau-vang,NXB 185,2025,14
https://cdn1.fahasa.com/media/catalog/product/i/m/image_182813.jpg,Mẹ Hỏi Bé Trả Lời 1-2 Tuổi (Tái Bản 2019),27000,37,9780085481301,"Lorem ipsum dolor sit amet, consectetur adipiscing elit. Nam congue vel tellus non luctus. Vestibulum vitae nunc lorem. Sed lacinia lectus vel augue imperdiet ultricies. Donec id venenatis ex, vitae pretium ligula. Sed nulla eros, dignissim at feugiat non, posuere sit amet urna. Ut eu porttitor tellus. Cras eu massa nulla. Morbi porta fermentum elit eu iaculis. Pellentesque hendrerit venenatis purus at feugiat. Pellentesque vitae feugiat purus. Donec mattis rhoncus lacinia. Sed quam diam, molestie id laoreet eu, lacinia ac turpis. Cras tincidunt lobortis elit quis aliquam. Proin et massa libero.

Aliquam id pharetra arcu. Vivamus vitae mattis ligula. Sed efficitur urna vitae scelerisque tempor. Proin purus magna, vulputate eu ligula a, vehicula malesuada enim. Curabitur aliquet rutrum enim et tincidunt. Vestibulum ante ipsum primis in faucibus orci luctus et ultrices posuere cubilia curae; Vivamus pharetra enim leo, nec molestie nibh consectetur quis. Class aptent taciti sociosqu ad litora torquent per conubia nostra, per inceptos himenaeos. Nunc quis maximus elit, vitae pulvinar urna. Integer at mi elit. Phasellus vitae rutrum sem. Vivamus et mauris ac nisl congue congue eu eget elit. Nullam at quam velit. Pellentesque dictum, diam nec tempor aliquet, tortor justo fermentum sapien, at condimentum turpis elit vel sapien. Aenean rutrum tellus sodales tortor viverra eleifend.

Donec facilisis, diam efficitur maximus ultrices, enim lectus rutrum elit, eget malesuada mi justo dapibus enim. Maecenas finibus euismod nulla quis dignissim. Sed dictum ante rutrum turpis euismod laoreet. Sed placerat tellus leo. In ut lobortis lorem. Nullam vitae lectus egestas urna tincidunt aliquet. Ut sagittis vel enim eget malesuada. Cras in congue tortor. Interdum et malesuada fames ac ante ipsum primis in faucibus. Nunc tempus consequat neque, et eleifend nulla aliquam eu.",Author 186,17,me-hoi-be-tra-loi-1-2-tuoi-tai-ban-2019,NXB 186,2003,17
https://cdn1.fahasa.com/media/catalog/product/b/a/bach-khoa-thu-tia-1.jpg,Bách Khoa Thư Trẻ Em - Cuốn Sách Lí Giải Vạn Vật,416500,37,9780085481302,"Lorem ipsum dolor sit amet, consectetur adipiscing elit. Nam congue vel tellus non luctus. Vestibulum vitae nunc lorem. Sed lacinia lectus vel augue imperdiet ultricies. Donec id venenatis ex, vitae pretium ligula. Sed nulla eros, dignissim at feugiat non, posuere sit amet urna. Ut eu porttitor tellus. Cras eu massa nulla. Morbi porta fermentum elit eu iaculis. Pellentesque hendrerit venenatis purus at feugiat. Pellentesque vitae feugiat purus. Donec mattis rhoncus lacinia. Sed quam diam, molestie id laoreet eu, lacinia ac turpis. Cras tincidunt lobortis elit quis aliquam. Proin et massa libero.

Aliquam id pharetra arcu. Vivamus vitae mattis ligula. Sed efficitur urna vitae scelerisque tempor. Proin purus magna, vulputate eu ligula a, vehicula malesuada enim. Curabitur aliquet rutrum enim et tincidunt. Vestibulum ante ipsum primis in faucibus orci luctus et ultrices posuere cubilia curae; Vivamus pharetra enim leo, nec molestie nibh consectetur quis. Class aptent taciti sociosqu ad litora torquent per conubia nostra, per inceptos himenaeos. Nunc quis maximus elit, vitae pulvinar urna. Integer at mi elit. Phasellus vitae rutrum sem. Vivamus et mauris ac nisl congue congue eu eget elit. Nullam at quam velit. Pellentesque dictum, diam nec tempor aliquet, tortor justo fermentum sapien, at condimentum turpis elit vel sapien. Aenean rutrum tellus sodales tortor viverra eleifend.

Donec facilisis, diam efficitur maximus ultrices, enim lectus rutrum elit, eget malesuada mi justo dapibus enim. Maecenas finibus euismod nulla quis dignissim. Sed dictum ante rutrum turpis euismod laoreet. Sed placerat tellus leo. In ut lobortis lorem. Nullam vitae lectus egestas urna tincidunt aliquet. Ut sagittis vel enim eget malesuada. Cras in congue tortor. Interdum et malesuada fames ac ante ipsum primis in faucibus. Nunc tempus consequat neque, et eleifend nulla aliquam eu.",Author 187,12,bach-khoa-thu-tre-em-cuon-sach-li-giai-van-vat,NXB 187,2016,4
https://cdn1.fahasa.com/media/catalog/product/8/9/8935236427036.jpg,Tri Thức Trong Lòng Bàn Tay - Bách Khoa Thiếu Nhi: Cơ Thể Người,88000,37,9780085481303,"Lorem ipsum dolor sit amet, consectetur adipiscing elit. Nam congue vel tellus non luctus. Vestibulum vitae nunc lorem. Sed lacinia lectus vel augue imperdiet ultricies. Donec id venenatis ex, vitae pretium ligula. Sed nulla eros, dignissim at feugiat non, posuere sit amet urna. Ut eu porttitor tellus. Cras eu massa nulla. Morbi porta fermentum elit eu iaculis. Pellentesque hendrerit venenatis purus at feugiat. Pellentesque vitae feugiat purus. Donec mattis rhoncus lacinia. Sed quam diam, molestie id laoreet eu, lacinia ac turpis. Cras tincidunt lobortis elit quis aliquam. Proin et massa libero.

Aliquam id pharetra arcu. Vivamus vitae mattis ligula. Sed efficitur urna vitae scelerisque tempor. Proin purus magna, vulputate eu ligula a, vehicula malesuada enim. Curabitur aliquet rutrum enim et tincidunt. Vestibulum ante ipsum primis in faucibus orci luctus et ultrices posuere cubilia curae; Vivamus pharetra enim leo, nec molestie nibh consectetur quis. Class aptent taciti sociosqu ad litora torquent per conubia nostra, per inceptos himenaeos. Nunc quis maximus elit, vitae pulvinar urna. Integer at mi elit. Phasellus vitae rutrum sem. Vivamus et mauris ac nisl congue congue eu eget elit. Nullam at quam velit. Pellentesque dictum, diam nec tempor aliquet, tortor justo fermentum sapien, at condimentum turpis elit vel sapien. Aenean rutrum tellus sodales tortor viverra eleifend.

Donec facilisis, diam efficitur maximus ultrices, enim lectus rutrum elit, eget malesuada mi justo dapibus enim. Maecenas finibus euismod nulla quis dignissim. Sed dictum ante rutrum turpis euismod laoreet. Sed placerat tellus leo. In ut lobortis lorem. Nullam vitae lectus egestas urna tincidunt aliquet. Ut sagittis vel enim eget malesuada. Cras in congue tortor. Interdum et malesuada fames ac ante ipsum primis in faucibus. Nunc tempus consequat neque, et eleifend nulla aliquam eu.",Author 188,3,tri-thuc-trong-long-ban-tay-bach-khoa-thieu-nhi-co-the-nguoi,NXB 188,2020,9
https://cdn1.fahasa.com/media/catalog/product/8/9/8935212370035.jpg,Britannica's Encyclopedia Infographica - Bách Khoa Thư Bằng Đồ Họa,276750,37,9780085481304,"Lorem ipsum dolor sit amet, consectetur adipiscing elit. Nam congue vel tellus non luctus. Vestibulum vitae nunc lorem. Sed lacinia lectus vel augue imperdiet ultricies. Donec id venenatis ex, vitae pretium ligula. Sed nulla eros, dignissim at feugiat non, posuere sit amet urna. Ut eu porttitor tellus. Cras eu massa nulla. Morbi porta fermentum elit eu iaculis. Pellentesque hendrerit venenatis purus at feugiat. Pellentesque vitae feugiat purus. Donec mattis rhoncus lacinia. Sed quam diam, molestie id laoreet eu, lacinia ac turpis. Cras tincidunt lobortis elit quis aliquam. Proin et massa libero.

Aliquam id pharetra arcu. Vivamus vitae mattis ligula. Sed efficitur urna vitae scelerisque tempor. Proin purus magna, vulputate eu ligula a, vehicula malesuada enim. Curabitur aliquet rutrum enim et tincidunt. Vestibulum ante ipsum primis in faucibus orci luctus et ultrices posuere cubilia curae; Vivamus pharetra enim leo, nec molestie nibh consectetur quis. Class aptent taciti sociosqu ad litora torquent per conubia nostra, per inceptos himenaeos. Nunc quis maximus elit, vitae pulvinar urna. Integer at mi elit. Phasellus vitae rutrum sem. Vivamus et mauris ac nisl congue congue eu eget elit. Nullam at quam velit. Pellentesque dictum, diam nec tempor aliquet, tortor justo fermentum sapien, at condimentum turpis elit vel sapien. Aenean rutrum tellus sodales tortor viverra eleifend.

Donec facilisis, diam efficitur maximus ultrices, enim lectus rutrum elit, eget malesuada mi justo dapibus enim. Maecenas finibus euismod nulla quis dignissim. Sed dictum ante rutrum turpis euismod laoreet. Sed placerat tellus leo. In ut lobortis lorem. Nullam vitae lectus egestas urna tincidunt aliquet. Ut sagittis vel enim eget malesuada. Cras in congue tortor. Interdum et malesuada fames ac ante ipsum primis in faucibus. Nunc tempus consequat neque, et eleifend nulla aliquam eu.",Author 189,8,britannica-s-encyclopedia-infographica-bach-khoa-thu-bang-o-hoa,NXB 189,2025,12
https://cdn1.fahasa.com/media/catalog/product/i/m/image_195509_1_45998.jpg,Who? Chuyện Kể Về Danh Nhân Thế Giới - Louis Pasteur (Tái Bản 2020),49500,37,9780085481305,"Lorem ipsum dolor sit amet, consectetur adipiscing elit. Nam congue vel tellus non luctus. Vestibulum vitae nunc lorem. Sed lacinia lectus vel augue imperdiet ultricies. Donec id venenatis ex, vitae pretium ligula. Sed nulla eros, dignissim at feugiat non, posuere sit amet urna. Ut eu porttitor tellus. Cras eu massa nulla. Morbi porta fermentum elit eu iaculis. Pellentesque hendrerit venenatis purus at feugiat. Pellentesque vitae feugiat purus. Donec mattis rhoncus lacinia. Sed quam diam, molestie id laoreet eu, lacinia ac turpis. Cras tincidunt lobortis elit quis aliquam. Proin et massa libero.

Aliquam id pharetra arcu. Vivamus vitae mattis ligula. Sed efficitur urna vitae scelerisque tempor. Proin purus magna, vulputate eu ligula a, vehicula malesuada enim. Curabitur aliquet rutrum enim et tincidunt. Vestibulum ante ipsum primis in faucibus orci luctus et ultrices posuere cubilia curae; Vivamus pharetra enim leo, nec molestie nibh consectetur quis. Class aptent taciti sociosqu ad litora torquent per conubia nostra, per inceptos himenaeos. Nunc quis maximus elit, vitae pulvinar urna. Integer at mi elit. Phasellus vitae rutrum sem. Vivamus et mauris ac nisl congue congue eu eget elit. Nullam at quam velit. Pellentesque dictum, diam nec tempor aliquet, tortor justo fermentum sapien, at condimentum turpis elit vel sapien. Aenean rutrum tellus sodales tortor viverra eleifend.

Donec facilisis, diam efficitur maximus ultrices, enim lectus rutrum elit, eget malesuada mi justo dapibus enim. Maecenas finibus euismod nulla quis dignissim. Sed dictum ante rutrum turpis euismod laoreet. Sed placerat tellus leo. In ut lobortis lorem. Nullam vitae lectus egestas urna tincidunt aliquet. Ut sagittis vel enim eget malesuada. Cras in congue tortor. Interdum et malesuada fames ac ante ipsum primis in faucibus. Nunc tempus consequat neque, et eleifend nulla aliquam eu.",Author 190,14,who-chuyen-ke-ve-danh-nhan-the-gioi-louis-pasteur-tai-ban-2020,NXB 190,2015,13
https://cdn1.fahasa.com/media/catalog/product/i/m/image_182980_1.jpg,Who? Chuyện Kể Về Danh Nhân Thế Giới - Charles Darwin (Tái Bản 2024),58500,37,9780085481306,"Lorem ipsum dolor sit amet, consectetur adipiscing elit. Nam congue vel tellus non luctus. Vestibulum vitae nunc lorem. Sed lacinia lectus vel augue imperdiet ultricies. Donec id venenatis ex, vitae pretium ligula. Sed nulla eros, dignissim at feugiat non, posuere sit amet urna. Ut eu porttitor tellus. Cras eu massa nulla. Morbi porta fermentum elit eu iaculis. Pellentesque hendrerit venenatis purus at feugiat. Pellentesque vitae feugiat purus. Donec mattis rhoncus lacinia. Sed quam diam, molestie id laoreet eu, lacinia ac turpis. Cras tincidunt lobortis elit quis aliquam. Proin et massa libero.

Aliquam id pharetra arcu. Vivamus vitae mattis ligula. Sed efficitur urna vitae scelerisque tempor. Proin purus magna, vulputate eu ligula a, vehicula malesuada enim. Curabitur aliquet rutrum enim et tincidunt. Vestibulum ante ipsum primis in faucibus orci luctus et ultrices posuere cubilia curae; Vivamus pharetra enim leo, nec molestie nibh consectetur quis. Class aptent taciti sociosqu ad litora torquent per conubia nostra, per inceptos himenaeos. Nunc quis maximus elit, vitae pulvinar urna. Integer at mi elit. Phasellus vitae rutrum sem. Vivamus et mauris ac nisl congue congue eu eget elit. Nullam at quam velit. Pellentesque dictum, diam nec tempor aliquet, tortor justo fermentum sapien, at condimentum turpis elit vel sapien. Aenean rutrum tellus sodales tortor viverra eleifend.

Donec facilisis, diam efficitur maximus ultrices, enim lectus rutrum elit, eget malesuada mi justo dapibus enim. Maecenas finibus euismod nulla quis dignissim. Sed dictum ante rutrum turpis euismod laoreet. Sed placerat tellus leo. In ut lobortis lorem. Nullam vitae lectus egestas urna tincidunt aliquet. Ut sagittis vel enim eget malesuada. Cras in congue tortor. Interdum et malesuada fames ac ante ipsum primis in faucibus. Nunc tempus consequat neque, et eleifend nulla aliquam eu.",Author 191,16,who-chuyen-ke-ve-danh-nhan-the-gioi-charles-darwin-tai-ban-2024,NXB 191,2010,3
https://cdn1.fahasa.com/media/catalog/product/w/h/who_chuyen-ke-ve-danh-nhan-the-gioi_audrey-hepburn_tb-2023.jpg,Who? Chuyện Kể Về Danh Nhân Thế Giới - Audrey Hepburn (Tái Bản 2023),54000,37,9780085481307,"Lorem ipsum dolor sit amet, consectetur adipiscing elit. Nam congue vel tellus non luctus. Vestibulum vitae nunc lorem. Sed lacinia lectus vel augue imperdiet ultricies. Donec id venenatis ex, vitae pretium ligula. Sed nulla eros, dignissim at feugiat non, posuere sit amet urna. Ut eu porttitor tellus. Cras eu massa nulla. Morbi porta fermentum elit eu iaculis. Pellentesque hendrerit venenatis purus at feugiat. Pellentesque vitae feugiat purus. Donec mattis rhoncus lacinia. Sed quam diam, molestie id laoreet eu, lacinia ac turpis. Cras tincidunt lobortis elit quis aliquam. Proin et massa libero.

Aliquam id pharetra arcu. Vivamus vitae mattis ligula. Sed efficitur urna vitae scelerisque tempor. Proin purus magna, vulputate eu ligula a, vehicula malesuada enim. Curabitur aliquet rutrum enim et tincidunt. Vestibulum ante ipsum primis in faucibus orci luctus et ultrices posuere cubilia curae; Vivamus pharetra enim leo, nec molestie nibh consectetur quis. Class aptent taciti sociosqu ad litora torquent per conubia nostra, per inceptos himenaeos. Nunc quis maximus elit, vitae pulvinar urna. Integer at mi elit. Phasellus vitae rutrum sem. Vivamus et mauris ac nisl congue congue eu eget elit. Nullam at quam velit. Pellentesque dictum, diam nec tempor aliquet, tortor justo fermentum sapien, at condimentum turpis elit vel sapien. Aenean rutrum tellus sodales tortor viverra eleifend.

Donec facilisis, diam efficitur maximus ultrices, enim lectus rutrum elit, eget malesuada mi justo dapibus enim. Maecenas finibus euismod nulla quis dignissim. Sed dictum ante rutrum turpis euismod laoreet. Sed placerat tellus leo. In ut lobortis lorem. Nullam vitae lectus egestas urna tincidunt aliquet. Ut sagittis vel enim eget malesuada. Cras in congue tortor. Interdum et malesuada fames ac ante ipsum primis in faucibus. Nunc tempus consequat neque, et eleifend nulla aliquam eu.",Author 192,15,who-chuyen-ke-ve-danh-nhan-the-gioi-audrey-hepburn-tai-ban-2023,NXB 192,2005,5
https://cdn1.fahasa.com/media/catalog/product/9/7/9786326062151.jpg,Rèn Luyện IQ-EQ-CQ Cho Bé - Mẹ Hỏi Bé Trả Lời - Bé Thông Minh Học Cùng Mẹ - Dành Cho Bé 2-3 Tuổi - Bìa Cứng,23360,36,9780085481308,"Lorem ipsum dolor sit amet, consectetur adipiscing elit. Nam congue vel tellus non luctus. Vestibulum vitae nunc lorem. Sed lacinia lectus vel augue imperdiet ultricies. Donec id venenatis ex, vitae pretium ligula. Sed nulla eros, dignissim at feugiat non, posuere sit amet urna. Ut eu porttitor tellus. Cras eu massa nulla. Morbi porta fermentum elit eu iaculis. Pellentesque hendrerit venenatis purus at feugiat. Pellentesque vitae feugiat purus. Donec mattis rhoncus lacinia. Sed quam diam, molestie id laoreet eu, lacinia ac turpis. Cras tincidunt lobortis elit quis aliquam. Proin et massa libero.

Aliquam id pharetra arcu. Vivamus vitae mattis ligula. Sed efficitur urna vitae scelerisque tempor. Proin purus magna, vulputate eu ligula a, vehicula malesuada enim. Curabitur aliquet rutrum enim et tincidunt. Vestibulum ante ipsum primis in faucibus orci luctus et ultrices posuere cubilia curae; Vivamus pharetra enim leo, nec molestie nibh consectetur quis. Class aptent taciti sociosqu ad litora torquent per conubia nostra, per inceptos himenaeos. Nunc quis maximus elit, vitae pulvinar urna. Integer at mi elit. Phasellus vitae rutrum sem. Vivamus et mauris ac nisl congue congue eu eget elit. Nullam at quam velit. Pellentesque dictum, diam nec tempor aliquet, tortor justo fermentum sapien, at condimentum turpis elit vel sapien. Aenean rutrum tellus sodales tortor viverra eleifend.

Donec facilisis, diam efficitur maximus ultrices, enim lectus rutrum elit, eget malesuada mi justo dapibus enim. Maecenas finibus euismod nulla quis dignissim. Sed dictum ante rutrum turpis euismod laoreet. Sed placerat tellus leo. In ut lobortis lorem. Nullam vitae lectus egestas urna tincidunt aliquet. Ut sagittis vel enim eget malesuada. Cras in congue tortor. Interdum et malesuada fames ac ante ipsum primis in faucibus. Nunc tempus consequat neque, et eleifend nulla aliquam eu.",Author 193,9,ren-luyen-iq-eq-cq-cho-be-me-hoi-be-tra-loi-be-thong-minh-hoc-cung-me-danh-cho-be-2-3-tuoi-bia-cung,NXB 193,2011,10
https://cdn1.fahasa.com/media/catalog/product/9/7/9786326062168.jpg,Rèn Luyện IQ-EQ-CQ Cho Bé - Mẹ Hỏi Bé Trả Lời - Bé Thông Minh Học Cùng Mẹ - Dành Cho Bé 3-4 Tuổi - Bìa Cứng,23360,36,9780085481309,"Lorem ipsum dolor sit amet, consectetur adipiscing elit. Nam congue vel tellus non luctus. Vestibulum vitae nunc lorem. Sed lacinia lectus vel augue imperdiet ultricies. Donec id venenatis ex, vitae pretium ligula. Sed nulla eros, dignissim at feugiat non, posuere sit amet urna. Ut eu porttitor tellus. Cras eu massa nulla. Morbi porta fermentum elit eu iaculis. Pellentesque hendrerit venenatis purus at feugiat. Pellentesque vitae feugiat purus. Donec mattis rhoncus lacinia. Sed quam diam, molestie id laoreet eu, lacinia ac turpis. Cras tincidunt lobortis elit quis aliquam. Proin et massa libero.

Aliquam id pharetra arcu. Vivamus vitae mattis ligula. Sed efficitur urna vitae scelerisque tempor. Proin purus magna, vulputate eu ligula a, vehicula malesuada enim. Curabitur aliquet rutrum enim et tincidunt. Vestibulum ante ipsum primis in faucibus orci luctus et ultrices posuere cubilia curae; Vivamus pharetra enim leo, nec molestie nibh consectetur quis. Class aptent taciti sociosqu ad litora torquent per conubia nostra, per inceptos himenaeos. Nunc quis maximus elit, vitae pulvinar urna. Integer at mi elit. Phasellus vitae rutrum sem. Vivamus et mauris ac nisl congue congue eu eget elit. Nullam at quam velit. Pellentesque dictum, diam nec tempor aliquet, tortor justo fermentum sapien, at condimentum turpis elit vel sapien. Aenean rutrum tellus sodales tortor viverra eleifend.

Donec facilisis, diam efficitur maximus ultrices, enim lectus rutrum elit, eget malesuada mi justo dapibus enim. Maecenas finibus euismod nulla quis dignissim. Sed dictum ante rutrum turpis euismod laoreet. Sed placerat tellus leo. In ut lobortis lorem. Nullam vitae lectus egestas urna tincidunt aliquet. Ut sagittis vel enim eget malesuada. Cras in congue tortor. Interdum et malesuada fames ac ante ipsum primis in faucibus. Nunc tempus consequat neque, et eleifend nulla aliquam eu.",Author 194,3,ren-luyen-iq-eq-cq-cho-be-me-hoi-be-tra-loi-be-thong-minh-hoc-cung-me-danh-cho-be-3-4-tuoi-bia-cung,NXB 194,2000,15
https://cdn1.fahasa.com/media/catalog/product/9/7/9786326062144.jpg,Rèn Luyện IQ-EQ-CQ Cho Bé - Mẹ Hỏi Bé Trả Lời - Bé Thông Minh Học Cùng Mẹ - Dành Cho Bé 1-2 Tuổi - Bìa Cứng,23360,36,9780085481310,"Lorem ipsum dolor sit amet, consectetur adipiscing elit. Nam congue vel tellus non luctus. Vestibulum vitae nunc lorem. Sed lacinia lectus vel augue imperdiet ultricies. Donec id venenatis ex, vitae pretium ligula. Sed nulla eros, dignissim at feugiat non, posuere sit amet urna. Ut eu porttitor tellus. Cras eu massa nulla. Morbi porta fermentum elit eu iaculis. Pellentesque hendrerit venenatis purus at feugiat. Pellentesque vitae feugiat purus. Donec mattis rhoncus lacinia. Sed quam diam, molestie id laoreet eu, lacinia ac turpis. Cras tincidunt lobortis elit quis aliquam. Proin et massa libero.

Aliquam id pharetra arcu. Vivamus vitae mattis ligula. Sed efficitur urna vitae scelerisque tempor. Proin purus magna, vulputate eu ligula a, vehicula malesuada enim. Curabitur aliquet rutrum enim et tincidunt. Vestibulum ante ipsum primis in faucibus orci luctus et ultrices posuere cubilia curae; Vivamus pharetra enim leo, nec molestie nibh consectetur quis. Class aptent taciti sociosqu ad litora torquent per conubia nostra, per inceptos himenaeos. Nunc quis maximus elit, vitae pulvinar urna. Integer at mi elit. Phasellus vitae rutrum sem. Vivamus et mauris ac nisl congue congue eu eget elit. Nullam at quam velit. Pellentesque dictum, diam nec tempor aliquet, tortor justo fermentum sapien, at condimentum turpis elit vel sapien. Aenean rutrum tellus sodales tortor viverra eleifend.

Donec facilisis, diam efficitur maximus ultrices, enim lectus rutrum elit, eget malesuada mi justo dapibus enim. Maecenas finibus euismod nulla quis dignissim. Sed dictum ante rutrum turpis euismod laoreet. Sed placerat tellus leo. In ut lobortis lorem. Nullam vitae lectus egestas urna tincidunt aliquet. Ut sagittis vel enim eget malesuada. Cras in congue tortor. Interdum et malesuada fames ac ante ipsum primis in faucibus. Nunc tempus consequat neque, et eleifend nulla aliquam eu.",Author 195,6,ren-luyen-iq-eq-cq-cho-be-me-hoi-be-tra-loi-be-thong-minh-hoc-cung-me-danh-cho-be-1-2-tuoi-bia-cung,NXB 195,2011,9
https://cdn1.fahasa.com/media/catalog/product/9/7/9786326062182.jpg,Rèn Luyện IQ-EQ-CQ Cho Bé - Mẹ Hỏi Bé Trả Lời - Bé Thông Minh Học Cùng Mẹ - Dành Cho Bé 5-6 Tuổi - Bìa Cứng,23360,36,9780085481311,"Lorem ipsum dolor sit amet, consectetur adipiscing elit. Nam congue vel tellus non luctus. Vestibulum vitae nunc lorem. Sed lacinia lectus vel augue imperdiet ultricies. Donec id venenatis ex, vitae pretium ligula. Sed nulla eros, dignissim at feugiat non, posuere sit amet urna. Ut eu porttitor tellus. Cras eu massa nulla. Morbi porta fermentum elit eu iaculis. Pellentesque hendrerit venenatis purus at feugiat. Pellentesque vitae feugiat purus. Donec mattis rhoncus lacinia. Sed quam diam, molestie id laoreet eu, lacinia ac turpis. Cras tincidunt lobortis elit quis aliquam. Proin et massa libero.

Aliquam id pharetra arcu. Vivamus vitae mattis ligula. Sed efficitur urna vitae scelerisque tempor. Proin purus magna, vulputate eu ligula a, vehicula malesuada enim. Curabitur aliquet rutrum enim et tincidunt. Vestibulum ante ipsum primis in faucibus orci luctus et ultrices posuere cubilia curae; Vivamus pharetra enim leo, nec molestie nibh consectetur quis. Class aptent taciti sociosqu ad litora torquent per conubia nostra, per inceptos himenaeos. Nunc quis maximus elit, vitae pulvinar urna. Integer at mi elit. Phasellus vitae rutrum sem. Vivamus et mauris ac nisl congue congue eu eget elit. Nullam at quam velit. Pellentesque dictum, diam nec tempor aliquet, tortor justo fermentum sapien, at condimentum turpis elit vel sapien. Aenean rutrum tellus sodales tortor viverra eleifend.

Donec facilisis, diam efficitur maximus ultrices, enim lectus rutrum elit, eget malesuada mi justo dapibus enim. Maecenas finibus euismod nulla quis dignissim. Sed dictum ante rutrum turpis euismod laoreet. Sed placerat tellus leo. In ut lobortis lorem. Nullam vitae lectus egestas urna tincidunt aliquet. Ut sagittis vel enim eget malesuada. Cras in congue tortor. Interdum et malesuada fames ac ante ipsum primis in faucibus. Nunc tempus consequat neque, et eleifend nulla aliquam eu.",Author 196,9,ren-luyen-iq-eq-cq-cho-be-me-hoi-be-tra-loi-be-thong-minh-hoc-cung-me-danh-cho-be-5-6-tuoi-bia-cung,NXB 196,2018,13
https://cdn1.fahasa.com/media/catalog/product/9/7/9786326062175.jpg,Rèn Luyện IQ-EQ-CQ Cho Bé - Mẹ Hỏi Bé Trả Lời - Bé Thông Minh Học Cùng Mẹ - Dành Cho Bé 4-5 Tuổi - Bìa Cứng,23360,36,9780085481312,"Lorem ipsum dolor sit amet, consectetur adipiscing elit. Nam congue vel tellus non luctus. Vestibulum vitae nunc lorem. Sed lacinia lectus vel augue imperdiet ultricies. Donec id venenatis ex, vitae pretium ligula. Sed nulla eros, dignissim at feugiat non, posuere sit amet urna. Ut eu porttitor tellus. Cras eu massa nulla. Morbi porta fermentum elit eu iaculis. Pellentesque hendrerit venenatis purus at feugiat. Pellentesque vitae feugiat purus. Donec mattis rhoncus lacinia. Sed quam diam, molestie id laoreet eu, lacinia ac turpis. Cras tincidunt lobortis elit quis aliquam. Proin et massa libero.

Aliquam id pharetra arcu. Vivamus vitae mattis ligula. Sed efficitur urna vitae scelerisque tempor. Proin purus magna, vulputate eu ligula a, vehicula malesuada enim. Curabitur aliquet rutrum enim et tincidunt. Vestibulum ante ipsum primis in faucibus orci luctus et ultrices posuere cubilia curae; Vivamus pharetra enim leo, nec molestie nibh consectetur quis. Class aptent taciti sociosqu ad litora torquent per conubia nostra, per inceptos himenaeos. Nunc quis maximus elit, vitae pulvinar urna. Integer at mi elit. Phasellus vitae rutrum sem. Vivamus et mauris ac nisl congue congue eu eget elit. Nullam at quam velit. Pellentesque dictum, diam nec tempor aliquet, tortor justo fermentum sapien, at condimentum turpis elit vel sapien. Aenean rutrum tellus sodales tortor viverra eleifend.

Donec facilisis, diam efficitur maximus ultrices, enim lectus rutrum elit, eget malesuada mi justo dapibus enim. Maecenas finibus euismod nulla quis dignissim. Sed dictum ante rutrum turpis euismod laoreet. Sed placerat tellus leo. In ut lobortis lorem. Nullam vitae lectus egestas urna tincidunt aliquet. Ut sagittis vel enim eget malesuada. Cras in congue tortor. Interdum et malesuada fames ac ante ipsum primis in faucibus. Nunc tempus consequat neque, et eleifend nulla aliquam eu.",Author 197,17,ren-luyen-iq-eq-cq-cho-be-me-hoi-be-tra-loi-be-thong-minh-hoc-cung-me-danh-cho-be-4-5-tuoi-bia-cung,NXB 197,2003,7
https://cdn1.fahasa.com/media/catalog/product/8/9/8935236433280.jpg,Tâm Lý Học Dành Cho Học Sinh Tiểu Học - Đừng Hòng Bắt Nạt Mình - Rèn Luyện Kỹ Năng Tự Bảo Vệ Mình,36000,36,9780085481313,"Lorem ipsum dolor sit amet, consectetur adipiscing elit. Nam congue vel tellus non luctus. Vestibulum vitae nunc lorem. Sed lacinia lectus vel augue imperdiet ultricies. Donec id venenatis ex, vitae pretium ligula. Sed nulla eros, dignissim at feugiat non, posuere sit amet urna. Ut eu porttitor tellus. Cras eu massa nulla. Morbi porta fermentum elit eu iaculis. Pellentesque hendrerit venenatis purus at feugiat. Pellentesque vitae feugiat purus. Donec mattis rhoncus lacinia. Sed quam diam, molestie id laoreet eu, lacinia ac turpis. Cras tincidunt lobortis elit quis aliquam. Proin et massa libero.

Aliquam id pharetra arcu. Vivamus vitae mattis ligula. Sed efficitur urna vitae scelerisque tempor. Proin purus magna, vulputate eu ligula a, vehicula malesuada enim. Curabitur aliquet rutrum enim et tincidunt. Vestibulum ante ipsum primis in faucibus orci luctus et ultrices posuere cubilia curae; Vivamus pharetra enim leo, nec molestie nibh consectetur quis. Class aptent taciti sociosqu ad litora torquent per conubia nostra, per inceptos himenaeos. Nunc quis maximus elit, vitae pulvinar urna. Integer at mi elit. Phasellus vitae rutrum sem. Vivamus et mauris ac nisl congue congue eu eget elit. Nullam at quam velit. Pellentesque dictum, diam nec tempor aliquet, tortor justo fermentum sapien, at condimentum turpis elit vel sapien. Aenean rutrum tellus sodales tortor viverra eleifend.

Donec facilisis, diam efficitur maximus ultrices, enim lectus rutrum elit, eget malesuada mi justo dapibus enim. Maecenas finibus euismod nulla quis dignissim. Sed dictum ante rutrum turpis euismod laoreet. Sed placerat tellus leo. In ut lobortis lorem. Nullam vitae lectus egestas urna tincidunt aliquet. Ut sagittis vel enim eget malesuada. Cras in congue tortor. Interdum et malesuada fames ac ante ipsum primis in faucibus. Nunc tempus consequat neque, et eleifend nulla aliquam eu.",Author 198,4,tam-ly-hoc-danh-cho-hoc-sinh-tieu-hoc-ung-hong-bat-nat-minh-ren-luyen-ky-nang-tu-bao-ve-minh,NXB 198,2022,13
https://cdn1.fahasa.com/media/catalog/product/8/9/8935212357494.jpg,EQ - IQ Giúp Trẻ Làm Chủ Cảm Xúc - Cáu Giận,24000,36,9780085481314,"Lorem ipsum dolor sit amet, consectetur adipiscing elit. Nam congue vel tellus non luctus. Vestibulum vitae nunc lorem. Sed lacinia lectus vel augue imperdiet ultricies. Donec id venenatis ex, vitae pretium ligula. Sed nulla eros, dignissim at feugiat non, posuere sit amet urna. Ut eu porttitor tellus. Cras eu massa nulla. Morbi porta fermentum elit eu iaculis. Pellentesque hendrerit venenatis purus at feugiat. Pellentesque vitae feugiat purus. Donec mattis rhoncus lacinia. Sed quam diam, molestie id laoreet eu, lacinia ac turpis. Cras tincidunt lobortis elit quis aliquam. Proin et massa libero.

Aliquam id pharetra arcu. Vivamus vitae mattis ligula. Sed efficitur urna vitae scelerisque tempor. Proin purus magna, vulputate eu ligula a, vehicula malesuada enim. Curabitur aliquet rutrum enim et tincidunt. Vestibulum ante ipsum primis in faucibus orci luctus et ultrices posuere cubilia curae; Vivamus pharetra enim leo, nec molestie nibh consectetur quis. Class aptent taciti sociosqu ad litora torquent per conubia nostra, per inceptos himenaeos. Nunc quis maximus elit, vitae pulvinar urna. Integer at mi elit. Phasellus vitae rutrum sem. Vivamus et mauris ac nisl congue congue eu eget elit. Nullam at quam velit. Pellentesque dictum, diam nec tempor aliquet, tortor justo fermentum sapien, at condimentum turpis elit vel sapien. Aenean rutrum tellus sodales tortor viverra eleifend.

Donec facilisis, diam efficitur maximus ultrices, enim lectus rutrum elit, eget malesuada mi justo dapibus enim. Maecenas finibus euismod nulla quis dignissim. Sed dictum ante rutrum turpis euismod laoreet. Sed placerat tellus leo. In ut lobortis lorem. Nullam vitae lectus egestas urna tincidunt aliquet. Ut sagittis vel enim eget malesuada. Cras in congue tortor. Interdum et malesuada fames ac ante ipsum primis in faucibus. Nunc tempus consequat neque, et eleifend nulla aliquam eu.",Author 199,10,eq-iq-giup-tre-lam-chu-cam-xuc-cau-gian,NXB 199,2003,19
https://cdn1.fahasa.com/media/catalog/product/8/9/8935212357555.jpg,EQ - IQ Giúp Trẻ Làm Chủ Cảm Xúc - Nhận Biết Và Thấu Hiểu Cảm Xúc,24000,36,9780085481315,"Lorem ipsum dolor sit amet, consectetur adipiscing elit. Nam congue vel tellus non luctus. Vestibulum vitae nunc lorem. Sed lacinia lectus vel augue imperdiet ultricies. Donec id venenatis ex, vitae pretium ligula. Sed nulla eros, dignissim at feugiat non, posuere sit amet urna. Ut eu porttitor tellus. Cras eu massa nulla. Morbi porta fermentum elit eu iaculis. Pellentesque hendrerit venenatis purus at feugiat. Pellentesque vitae feugiat purus. Donec mattis rhoncus lacinia. Sed quam diam, molestie id laoreet eu, lacinia ac turpis. Cras tincidunt lobortis elit quis aliquam. Proin et massa libero.

Aliquam id pharetra arcu. Vivamus vitae mattis ligula. Sed efficitur urna vitae scelerisque tempor. Proin purus magna, vulputate eu ligula a, vehicula malesuada enim. Curabitur aliquet rutrum enim et tincidunt. Vestibulum ante ipsum primis in faucibus orci luctus et ultrices posuere cubilia curae; Vivamus pharetra enim leo, nec molestie nibh consectetur quis. Class aptent taciti sociosqu ad litora torquent per conubia nostra, per inceptos himenaeos. Nunc quis maximus elit, vitae pulvinar urna. Integer at mi elit. Phasellus vitae rutrum sem. Vivamus et mauris ac nisl congue congue eu eget elit. Nullam at quam velit. Pellentesque dictum, diam nec tempor aliquet, tortor justo fermentum sapien, at condimentum turpis elit vel sapien. Aenean rutrum tellus sodales tortor viverra eleifend.

Donec facilisis, diam efficitur maximus ultrices, enim lectus rutrum elit, eget malesuada mi justo dapibus enim. Maecenas finibus euismod nulla quis dignissim. Sed dictum ante rutrum turpis euismod laoreet. Sed placerat tellus leo. In ut lobortis lorem. Nullam vitae lectus egestas urna tincidunt aliquet. Ut sagittis vel enim eget malesuada. Cras in congue tortor. Interdum et malesuada fames ac ante ipsum primis in faucibus. Nunc tempus consequat neque, et eleifend nulla aliquam eu.",Author 200,15,eq-iq-giup-tre-lam-chu-cam-xuc-nhan-biet-va-thau-hieu-cam-xuc,NXB 200,2010,15
https://cdn1.fahasa.com/media/catalog/product/8/9/8935212357531.jpg,EQ - IQ Giúp Trẻ Làm Chủ Cảm Xúc - Lo Lắng,24000,36,9780085481316,"Lorem ipsum dolor sit amet, consectetur adipiscing elit. Nam congue vel tellus non luctus. Vestibulum vitae nunc lorem. Sed lacinia lectus vel augue imperdiet ultricies. Donec id venenatis ex, vitae pretium ligula. Sed nulla eros, dignissim at feugiat non, posuere sit amet urna. Ut eu porttitor tellus. Cras eu massa nulla. Morbi porta fermentum elit eu iaculis. Pellentesque hendrerit venenatis purus at feugiat. Pellentesque vitae feugiat purus. Donec mattis rhoncus lacinia. Sed quam diam, molestie id laoreet eu, lacinia ac turpis. Cras tincidunt lobortis elit quis aliquam. Proin et massa libero.

Aliquam id pharetra arcu. Vivamus vitae mattis ligula. Sed efficitur urna vitae scelerisque tempor. Proin purus magna, vulputate eu ligula a, vehicula malesuada enim. Curabitur aliquet rutrum enim et tincidunt. Vestibulum ante ipsum primis in faucibus orci luctus et ultrices posuere cubilia curae; Vivamus pharetra enim leo, nec molestie nibh consectetur quis. Class aptent taciti sociosqu ad litora torquent per conubia nostra, per inceptos himenaeos. Nunc quis maximus elit, vitae pulvinar urna. Integer at mi elit. Phasellus vitae rutrum sem. Vivamus et mauris ac nisl congue congue eu eget elit. Nullam at quam velit. Pellentesque dictum, diam nec tempor aliquet, tortor justo fermentum sapien, at condimentum turpis elit vel sapien. Aenean rutrum tellus sodales tortor viverra eleifend.

Donec facilisis, diam efficitur maximus ultrices, enim lectus rutrum elit, eget malesuada mi justo dapibus enim. Maecenas finibus euismod nulla quis dignissim. Sed dictum ante rutrum turpis euismod laoreet. Sed placerat tellus leo. In ut lobortis lorem. Nullam vitae lectus egestas urna tincidunt aliquet. Ut sagittis vel enim eget malesuada. Cras in congue tortor. Interdum et malesuada fames ac ante ipsum primis in faucibus. Nunc tempus consequat neque, et eleifend nulla aliquam eu.",Author 201,11,eq-iq-giup-tre-lam-chu-cam-xuc-lo-lang,NXB 201,2000,14
https://cdn1.fahasa.com/media/catalog/product/8/9/8935212357562.jpg,EQ - IQ Giúp Trẻ Làm Chủ Cảm Xúc - Cẩm Nang Điều Hòa Cảm Xúc,24000,36,9780085481317,"Lorem ipsum dolor sit amet, consectetur adipiscing elit. Nam congue vel tellus non luctus. Vestibulum vitae nunc lorem. Sed lacinia lectus vel augue imperdiet ultricies. Donec id venenatis ex, vitae pretium ligula. Sed nulla eros, dignissim at feugiat non, posuere sit amet urna. Ut eu porttitor tellus. Cras eu massa nulla. Morbi porta fermentum elit eu iaculis. Pellentesque hendrerit venenatis purus at feugiat. Pellentesque vitae feugiat purus. Donec mattis rhoncus lacinia. Sed quam diam, molestie id laoreet eu, lacinia ac turpis. Cras tincidunt lobortis elit quis aliquam. Proin et massa libero.

Aliquam id pharetra arcu. Vivamus vitae mattis ligula. Sed efficitur urna vitae scelerisque tempor. Proin purus magna, vulputate eu ligula a, vehicula malesuada enim. Curabitur aliquet rutrum enim et tincidunt. Vestibulum ante ipsum primis in faucibus orci luctus et ultrices posuere cubilia curae; Vivamus pharetra enim leo, nec molestie nibh consectetur quis. Class aptent taciti sociosqu ad litora torquent per conubia nostra, per inceptos himenaeos. Nunc quis maximus elit, vitae pulvinar urna. Integer at mi elit. Phasellus vitae rutrum sem. Vivamus et mauris ac nisl congue congue eu eget elit. Nullam at quam velit. Pellentesque dictum, diam nec tempor aliquet, tortor justo fermentum sapien, at condimentum turpis elit vel sapien. Aenean rutrum tellus sodales tortor viverra eleifend.

Donec facilisis, diam efficitur maximus ultrices, enim lectus rutrum elit, eget malesuada mi justo dapibus enim. Maecenas finibus euismod nulla quis dignissim. Sed dictum ante rutrum turpis euismod laoreet. Sed placerat tellus leo. In ut lobortis lorem. Nullam vitae lectus egestas urna tincidunt aliquet. Ut sagittis vel enim eget malesuada. Cras in congue tortor. Interdum et malesuada fames ac ante ipsum primis in faucibus. Nunc tempus consequat neque, et eleifend nulla aliquam eu.",Author 202,17,eq-iq-giup-tre-lam-chu-cam-xuc-cam-nang-ieu-hoa-cam-xuc,NXB 202,2002,9
https://cdn1.fahasa.com/media/catalog/product/8/9/8935212362429.jpg,Giáo Dục Đầu Đời Cho Trẻ - Những Bài Học Tự Bảo Vệ Bản Thân - Không Được Chạm Vào Vùng Riêng Tư Của Tớ,31500,36,9780085481318,"Lorem ipsum dolor sit amet, consectetur adipiscing elit. Nam congue vel tellus non luctus. Vestibulum vitae nunc lorem. Sed lacinia lectus vel augue imperdiet ultricies. Donec id venenatis ex, vitae pretium ligula. Sed nulla eros, dignissim at feugiat non, posuere sit amet urna. Ut eu porttitor tellus. Cras eu massa nulla. Morbi porta fermentum elit eu iaculis. Pellentesque hendrerit venenatis purus at feugiat. Pellentesque vitae feugiat purus. Donec mattis rhoncus lacinia. Sed quam diam, molestie id laoreet eu, lacinia ac turpis. Cras tincidunt lobortis elit quis aliquam. Proin et massa libero.

Aliquam id pharetra arcu. Vivamus vitae mattis ligula. Sed efficitur urna vitae scelerisque tempor. Proin purus magna, vulputate eu ligula a, vehicula malesuada enim. Curabitur aliquet rutrum enim et tincidunt. Vestibulum ante ipsum primis in faucibus orci luctus et ultrices posuere cubilia curae; Vivamus pharetra enim leo, nec molestie nibh consectetur quis. Class aptent taciti sociosqu ad litora torquent per conubia nostra, per inceptos himenaeos. Nunc quis maximus elit, vitae pulvinar urna. Integer at mi elit. Phasellus vitae rutrum sem. Vivamus et mauris ac nisl congue congue eu eget elit. Nullam at quam velit. Pellentesque dictum, diam nec tempor aliquet, tortor justo fermentum sapien, at condimentum turpis elit vel sapien. Aenean rutrum tellus sodales tortor viverra eleifend.

Donec facilisis, diam efficitur maximus ultrices, enim lectus rutrum elit, eget malesuada mi justo dapibus enim. Maecenas finibus euismod nulla quis dignissim. Sed dictum ante rutrum turpis euismod laoreet. Sed placerat tellus leo. In ut lobortis lorem. Nullam vitae lectus egestas urna tincidunt aliquet. Ut sagittis vel enim eget malesuada. Cras in congue tortor. Interdum et malesuada fames ac ante ipsum primis in faucibus. Nunc tempus consequat neque, et eleifend nulla aliquam eu.",Author 203,18,giao-duc-au-oi-cho-tre-nhung-bai-hoc-tu-bao-ve-ban-than-khong-uoc-cham-vao-vung-rieng-tu-cua-to,NXB 203,2003,17
https://cdn1.fahasa.com/media/catalog/product/i/m/image_237442.jpg,Mẹ Hỏi Bé Trả Lời - Hỏi Đáp Rèn Trí Thông Minh (2-3 Tuổi) (Tái Bản 2021),32000,36,9780085481319,"Lorem ipsum dolor sit amet, consectetur adipiscing elit. Nam congue vel tellus non luctus. Vestibulum vitae nunc lorem. Sed lacinia lectus vel augue imperdiet ultricies. Donec id venenatis ex, vitae pretium ligula. Sed nulla eros, dignissim at feugiat non, posuere sit amet urna. Ut eu porttitor tellus. Cras eu massa nulla. Morbi porta fermentum elit eu iaculis. Pellentesque hendrerit venenatis purus at feugiat. Pellentesque vitae feugiat purus. Donec mattis rhoncus lacinia. Sed quam diam, molestie id laoreet eu, lacinia ac turpis. Cras tincidunt lobortis elit quis aliquam. Proin et massa libero.

Aliquam id pharetra arcu. Vivamus vitae mattis ligula. Sed efficitur urna vitae scelerisque tempor. Proin purus magna, vulputate eu ligula a, vehicula malesuada enim. Curabitur aliquet rutrum enim et tincidunt. Vestibulum ante ipsum primis in faucibus orci luctus et ultrices posuere cubilia curae; Vivamus pharetra enim leo, nec molestie nibh consectetur quis. Class aptent taciti sociosqu ad litora torquent per conubia nostra, per inceptos himenaeos. Nunc quis maximus elit, vitae pulvinar urna. Integer at mi elit. Phasellus vitae rutrum sem. Vivamus et mauris ac nisl congue congue eu eget elit. Nullam at quam velit. Pellentesque dictum, diam nec tempor aliquet, tortor justo fermentum sapien, at condimentum turpis elit vel sapien. Aenean rutrum tellus sodales tortor viverra eleifend.

Donec facilisis, diam efficitur maximus ultrices, enim lectus rutrum elit, eget malesuada mi justo dapibus enim. Maecenas finibus euismod nulla quis dignissim. Sed dictum ante rutrum turpis euismod laoreet. Sed placerat tellus leo. In ut lobortis lorem. Nullam vitae lectus egestas urna tincidunt aliquet. Ut sagittis vel enim eget malesuada. Cras in congue tortor. Interdum et malesuada fames ac ante ipsum primis in faucibus. Nunc tempus consequat neque, et eleifend nulla aliquam eu.",Author 204,16,me-hoi-be-tra-loi-hoi-ap-ren-tri-thong-minh-2-3-tuoi-tai-ban-2021,NXB 204,2012,18
https://cdn1.fahasa.com/media/catalog/product/8/9/8935212357500.jpg,EQ - IQ Giúp Trẻ Làm Chủ Cảm Xúc - Ích Kỷ,25500,36,9780085481320,"Lorem ipsum dolor sit amet, consectetur adipiscing elit. Nam congue vel tellus non luctus. Vestibulum vitae nunc lorem. Sed lacinia lectus vel augue imperdiet ultricies. Donec id venenatis ex, vitae pretium ligula. Sed nulla eros, dignissim at feugiat non, posuere sit amet urna. Ut eu porttitor tellus. Cras eu massa nulla. Morbi porta fermentum elit eu iaculis. Pellentesque hendrerit venenatis purus at feugiat. Pellentesque vitae feugiat purus. Donec mattis rhoncus lacinia. Sed quam diam, molestie id laoreet eu, lacinia ac turpis. Cras tincidunt lobortis elit quis aliquam. Proin et massa libero.

Aliquam id pharetra arcu. Vivamus vitae mattis ligula. Sed efficitur urna vitae scelerisque tempor. Proin purus magna, vulputate eu ligula a, vehicula malesuada enim. Curabitur aliquet rutrum enim et tincidunt. Vestibulum ante ipsum primis in faucibus orci luctus et ultrices posuere cubilia curae; Vivamus pharetra enim leo, nec molestie nibh consectetur quis. Class aptent taciti sociosqu ad litora torquent per conubia nostra, per inceptos himenaeos. Nunc quis maximus elit, vitae pulvinar urna. Integer at mi elit. Phasellus vitae rutrum sem. Vivamus et mauris ac nisl congue congue eu eget elit. Nullam at quam velit. Pellentesque dictum, diam nec tempor aliquet, tortor justo fermentum sapien, at condimentum turpis elit vel sapien. Aenean rutrum tellus sodales tortor viverra eleifend.

Donec facilisis, diam efficitur maximus ultrices, enim lectus rutrum elit, eget malesuada mi justo dapibus enim. Maecenas finibus euismod nulla quis dignissim. Sed dictum ante rutrum turpis euismod laoreet. Sed placerat tellus leo. In ut lobortis lorem. Nullam vitae lectus egestas urna tincidunt aliquet. Ut sagittis vel enim eget malesuada. Cras in congue tortor. Interdum et malesuada fames ac ante ipsum primis in faucibus. Nunc tempus consequat neque, et eleifend nulla aliquam eu.",Author 205,18,eq-iq-giup-tre-lam-chu-cam-xuc-ich-ky,NXB 205,2019,8
https://cdn1.fahasa.com/media/catalog/product/i/m/image_235814.jpg,Mẹ Hỏi Bé Trả Lời - Hỏi Đáp Rèn Trí Thông Minh (5-6 Tuổi) (Tái Bản 2021),32000,36,9780085481321,"Lorem ipsum dolor sit amet, consectetur adipiscing elit. Nam congue vel tellus non luctus. Vestibulum vitae nunc lorem. Sed lacinia lectus vel augue imperdiet ultricies. Donec id venenatis ex, vitae pretium ligula. Sed nulla eros, dignissim at feugiat non, posuere sit amet urna. Ut eu porttitor tellus. Cras eu massa nulla. Morbi porta fermentum elit eu iaculis. Pellentesque hendrerit venenatis purus at feugiat. Pellentesque vitae feugiat purus. Donec mattis rhoncus lacinia. Sed quam diam, molestie id laoreet eu, lacinia ac turpis. Cras tincidunt lobortis elit quis aliquam. Proin et massa libero.

Aliquam id pharetra arcu. Vivamus vitae mattis ligula. Sed efficitur urna vitae scelerisque tempor. Proin purus magna, vulputate eu ligula a, vehicula malesuada enim. Curabitur aliquet rutrum enim et tincidunt. Vestibulum ante ipsum primis in faucibus orci luctus et ultrices posuere cubilia curae; Vivamus pharetra enim leo, nec molestie nibh consectetur quis. Class aptent taciti sociosqu ad litora torquent per conubia nostra, per inceptos himenaeos. Nunc quis maximus elit, vitae pulvinar urna. Integer at mi elit. Phasellus vitae rutrum sem. Vivamus et mauris ac nisl congue congue eu eget elit. Nullam at quam velit. Pellentesque dictum, diam nec tempor aliquet, tortor justo fermentum sapien, at condimentum turpis elit vel sapien. Aenean rutrum tellus sodales tortor viverra eleifend.

Donec facilisis, diam efficitur maximus ultrices, enim lectus rutrum elit, eget malesuada mi justo dapibus enim. Maecenas finibus euismod nulla quis dignissim. Sed dictum ante rutrum turpis euismod laoreet. Sed placerat tellus leo. In ut lobortis lorem. Nullam vitae lectus egestas urna tincidunt aliquet. Ut sagittis vel enim eget malesuada. Cras in congue tortor. Interdum et malesuada fames ac ante ipsum primis in faucibus. Nunc tempus consequat neque, et eleifend nulla aliquam eu.",Author 206,17,me-hoi-be-tra-loi-hoi-ap-ren-tri-thong-minh-5-6-tuoi-tai-ban-2021,NXB 206,2003,9
https://cdn1.fahasa.com/media/catalog/product/8/9/8935236429023.jpg,Bồi Dưỡng Tính Cách Cho Bé EQ IQ (2-8 Tuổi) - Dạy Trẻ Không Cáu Giận (Song Ngữ Anh - Việt),28000,36,9780085481322,"Lorem ipsum dolor sit amet, consectetur adipiscing elit. Nam congue vel tellus non luctus. Vestibulum vitae nunc lorem. Sed lacinia lectus vel augue imperdiet ultricies. Donec id venenatis ex, vitae pretium ligula. Sed nulla eros, dignissim at feugiat non, posuere sit amet urna. Ut eu porttitor tellus. Cras eu massa nulla. Morbi porta fermentum elit eu iaculis. Pellentesque hendrerit venenatis purus at feugiat. Pellentesque vitae feugiat purus. Donec mattis rhoncus lacinia. Sed quam diam, molestie id laoreet eu, lacinia ac turpis. Cras tincidunt lobortis elit quis aliquam. Proin et massa libero.

Aliquam id pharetra arcu. Vivamus vitae mattis ligula. Sed efficitur urna vitae scelerisque tempor. Proin purus magna, vulputate eu ligula a, vehicula malesuada enim. Curabitur aliquet rutrum enim et tincidunt. Vestibulum ante ipsum primis in faucibus orci luctus et ultrices posuere cubilia curae; Vivamus pharetra enim leo, nec molestie nibh consectetur quis. Class aptent taciti sociosqu ad litora torquent per conubia nostra, per inceptos himenaeos. Nunc quis maximus elit, vitae pulvinar urna. Integer at mi elit. Phasellus vitae rutrum sem. Vivamus et mauris ac nisl congue congue eu eget elit. Nullam at quam velit. Pellentesque dictum, diam nec tempor aliquet, tortor justo fermentum sapien, at condimentum turpis elit vel sapien. Aenean rutrum tellus sodales tortor viverra eleifend.

Donec facilisis, diam efficitur maximus ultrices, enim lectus rutrum elit, eget malesuada mi justo dapibus enim. Maecenas finibus euismod nulla quis dignissim. Sed dictum ante rutrum turpis euismod laoreet. Sed placerat tellus leo. In ut lobortis lorem. Nullam vitae lectus egestas urna tincidunt aliquet. Ut sagittis vel enim eget malesuada. Cras in congue tortor. Interdum et malesuada fames ac ante ipsum primis in faucibus. Nunc tempus consequat neque, et eleifend nulla aliquam eu.",Author 207,13,boi-duong-tinh-cach-cho-be-eq-iq-2-8-tuoi-day-tre-khong-cau-gian-song-ngu-anh-viet,NXB 207,2007,18
https://cdn1.fahasa.com/media/catalog/product/8/9/8935212357524.jpg,EQ - IQ Giúp Trẻ Làm Chủ Cảm Xúc - Nghịch Ngợm,25500,36,9780085481323,"Lorem ipsum dolor sit amet, consectetur adipiscing elit. Nam congue vel tellus non luctus. Vestibulum vitae nunc lorem. Sed lacinia lectus vel augue imperdiet ultricies. Donec id venenatis ex, vitae pretium ligula. Sed nulla eros, dignissim at feugiat non, posuere sit amet urna. Ut eu porttitor tellus. Cras eu massa nulla. Morbi porta fermentum elit eu iaculis. Pellentesque hendrerit venenatis purus at feugiat. Pellentesque vitae feugiat purus. Donec mattis rhoncus lacinia. Sed quam diam, molestie id laoreet eu, lacinia ac turpis. Cras tincidunt lobortis elit quis aliquam. Proin et massa libero.

Aliquam id pharetra arcu. Vivamus vitae mattis ligula. Sed efficitur urna vitae scelerisque tempor. Proin purus magna, vulputate eu ligula a, vehicula malesuada enim. Curabitur aliquet rutrum enim et tincidunt. Vestibulum ante ipsum primis in faucibus orci luctus et ultrices posuere cubilia curae; Vivamus pharetra enim leo, nec molestie nibh consectetur quis. Class aptent taciti sociosqu ad litora torquent per conubia nostra, per inceptos himenaeos. Nunc quis maximus elit, vitae pulvinar urna. Integer at mi elit. Phasellus vitae rutrum sem. Vivamus et mauris ac nisl congue congue eu eget elit. Nullam at quam velit. Pellentesque dictum, diam nec tempor aliquet, tortor justo fermentum sapien, at condimentum turpis elit vel sapien. Aenean rutrum tellus sodales tortor viverra eleifend.

Donec facilisis, diam efficitur maximus ultrices, enim lectus rutrum elit, eget malesuada mi justo dapibus enim. Maecenas finibus euismod nulla quis dignissim. Sed dictum ante rutrum turpis euismod laoreet. Sed placerat tellus leo. In ut lobortis lorem. Nullam vitae lectus egestas urna tincidunt aliquet. Ut sagittis vel enim eget malesuada. Cras in congue tortor. Interdum et malesuada fames ac ante ipsum primis in faucibus. Nunc tempus consequat neque, et eleifend nulla aliquam eu.",Author 208,14,eq-iq-giup-tre-lam-chu-cam-xuc-nghich-ngom,NXB 208,2008,20
https://cdn1.fahasa.com/media/catalog/product/8/9/8935212374835.jpg,Sách Khổng Lồ Về Tết - Em Đi Chợ Tết - Bìa Cứng,91500,36,9780085481324,"Lorem ipsum dolor sit amet, consectetur adipiscing elit. Nam congue vel tellus non luctus. Vestibulum vitae nunc lorem. Sed lacinia lectus vel augue imperdiet ultricies. Donec id venenatis ex, vitae pretium ligula. Sed nulla eros, dignissim at feugiat non, posuere sit amet urna. Ut eu porttitor tellus. Cras eu massa nulla. Morbi porta fermentum elit eu iaculis. Pellentesque hendrerit venenatis purus at feugiat. Pellentesque vitae feugiat purus. Donec mattis rhoncus lacinia. Sed quam diam, molestie id laoreet eu, lacinia ac turpis. Cras tincidunt lobortis elit quis aliquam. Proin et massa libero.

Aliquam id pharetra arcu. Vivamus vitae mattis ligula. Sed efficitur urna vitae scelerisque tempor. Proin purus magna, vulputate eu ligula a, vehicula malesuada enim. Curabitur aliquet rutrum enim et tincidunt. Vestibulum ante ipsum primis in faucibus orci luctus et ultrices posuere cubilia curae; Vivamus pharetra enim leo, nec molestie nibh consectetur quis. Class aptent taciti sociosqu ad litora torquent per conubia nostra, per inceptos himenaeos. Nunc quis maximus elit, vitae pulvinar urna. Integer at mi elit. Phasellus vitae rutrum sem. Vivamus et mauris ac nisl congue congue eu eget elit. Nullam at quam velit. Pellentesque dictum, diam nec tempor aliquet, tortor justo fermentum sapien, at condimentum turpis elit vel sapien. Aenean rutrum tellus sodales tortor viverra eleifend.

Donec facilisis, diam efficitur maximus ultrices, enim lectus rutrum elit, eget malesuada mi justo dapibus enim. Maecenas finibus euismod nulla quis dignissim. Sed dictum ante rutrum turpis euismod laoreet. Sed placerat tellus leo. In ut lobortis lorem. Nullam vitae lectus egestas urna tincidunt aliquet. Ut sagittis vel enim eget malesuada. Cras in congue tortor. Interdum et malesuada fames ac ante ipsum primis in faucibus. Nunc tempus consequat neque, et eleifend nulla aliquam eu.",Author 209,19,sach-khong-lo-ve-tet-em-i-cho-tet-bia-cung,NXB 209,2001,9
https://cdn1.fahasa.com/media/catalog/product/8/9/8938537634837.jpg,Mỗi Ngày Một Câu Chuyện - One Story A Day - 365 Câu Chuyện Truyền Cảm Hứng Được Viết Bởi Các Chuyên Gia Giáo Dục Hàng Đầu Canada - Tháng 1,29250,36,9780085481325,"Lorem ipsum dolor sit amet, consectetur adipiscing elit. Nam congue vel tellus non luctus. Vestibulum vitae nunc lorem. Sed lacinia lectus vel augue imperdiet ultricies. Donec id venenatis ex, vitae pretium ligula. Sed nulla eros, dignissim at feugiat non, posuere sit amet urna. Ut eu porttitor tellus. Cras eu massa nulla. Morbi porta fermentum elit eu iaculis. Pellentesque hendrerit venenatis purus at feugiat. Pellentesque vitae feugiat purus. Donec mattis rhoncus lacinia. Sed quam diam, molestie id laoreet eu, lacinia ac turpis. Cras tincidunt lobortis elit quis aliquam. Proin et massa libero.

Aliquam id pharetra arcu. Vivamus vitae mattis ligula. Sed efficitur urna vitae scelerisque tempor. Proin purus magna, vulputate eu ligula a, vehicula malesuada enim. Curabitur aliquet rutrum enim et tincidunt. Vestibulum ante ipsum primis in faucibus orci luctus et ultrices posuere cubilia curae; Vivamus pharetra enim leo, nec molestie nibh consectetur quis. Class aptent taciti sociosqu ad litora torquent per conubia nostra, per inceptos himenaeos. Nunc quis maximus elit, vitae pulvinar urna. Integer at mi elit. Phasellus vitae rutrum sem. Vivamus et mauris ac nisl congue congue eu eget elit. Nullam at quam velit. Pellentesque dictum, diam nec tempor aliquet, tortor justo fermentum sapien, at condimentum turpis elit vel sapien. Aenean rutrum tellus sodales tortor viverra eleifend.

Donec facilisis, diam efficitur maximus ultrices, enim lectus rutrum elit, eget malesuada mi justo dapibus enim. Maecenas finibus euismod nulla quis dignissim. Sed dictum ante rutrum turpis euismod laoreet. Sed placerat tellus leo. In ut lobortis lorem. Nullam vitae lectus egestas urna tincidunt aliquet. Ut sagittis vel enim eget malesuada. Cras in congue tortor. Interdum et malesuada fames ac ante ipsum primis in faucibus. Nunc tempus consequat neque, et eleifend nulla aliquam eu.",Author 210,11,moi-ngay-mot-cau-chuyen-one-story-a-day-365-cau-chuyen-truyen-cam-hung-uoc-viet-boi-cac-chuyen-gia-giao-duc-hang-au-canada-thang-1,NXB 210,2006,17
https://cdn1.fahasa.com/media/catalog/product/i/m/image_229723.jpg,"Giáo Dục Giới Tính Nhi Đồng - Con Trai, Con Gái Khác Nhau Ạ ?",44000,36,9780085481326,"Lorem ipsum dolor sit amet, consectetur adipiscing elit. Nam congue vel tellus non luctus. Vestibulum vitae nunc lorem. Sed lacinia lectus vel augue imperdiet ultricies. Donec id venenatis ex, vitae pretium ligula. Sed nulla eros, dignissim at feugiat non, posuere sit amet urna. Ut eu porttitor tellus. Cras eu massa nulla. Morbi porta fermentum elit eu iaculis. Pellentesque hendrerit venenatis purus at feugiat. Pellentesque vitae feugiat purus. Donec mattis rhoncus lacinia. Sed quam diam, molestie id laoreet eu, lacinia ac turpis. Cras tincidunt lobortis elit quis aliquam. Proin et massa libero.

Aliquam id pharetra arcu. Vivamus vitae mattis ligula. Sed efficitur urna vitae scelerisque tempor. Proin purus magna, vulputate eu ligula a, vehicula malesuada enim. Curabitur aliquet rutrum enim et tincidunt. Vestibulum ante ipsum primis in faucibus orci luctus et ultrices posuere cubilia curae; Vivamus pharetra enim leo, nec molestie nibh consectetur quis. Class aptent taciti sociosqu ad litora torquent per conubia nostra, per inceptos himenaeos. Nunc quis maximus elit, vitae pulvinar urna. Integer at mi elit. Phasellus vitae rutrum sem. Vivamus et mauris ac nisl congue congue eu eget elit. Nullam at quam velit. Pellentesque dictum, diam nec tempor aliquet, tortor justo fermentum sapien, at condimentum turpis elit vel sapien. Aenean rutrum tellus sodales tortor viverra eleifend.

Donec facilisis, diam efficitur maximus ultrices, enim lectus rutrum elit, eget malesuada mi justo dapibus enim. Maecenas finibus euismod nulla quis dignissim. Sed dictum ante rutrum turpis euismod laoreet. Sed placerat tellus leo. In ut lobortis lorem. Nullam vitae lectus egestas urna tincidunt aliquet. Ut sagittis vel enim eget malesuada. Cras in congue tortor. Interdum et malesuada fames ac ante ipsum primis in faucibus. Nunc tempus consequat neque, et eleifend nulla aliquam eu.",Author 211,10,giao-duc-gioi-tinh-nhi-ong-con-trai-con-gai-khac-nhau-a,NXB 211,2007,7
https://cdn1.fahasa.com/media/catalog/product/b/n/bnbtgxqhd.jpg,Bé Nhận Biết Thế Giới Xung Quanh - Hình Dạng Và Màu Sắc - Shapes And Colors,22400,36,9780085481327,"Lorem ipsum dolor sit amet, consectetur adipiscing elit. Nam congue vel tellus non luctus. Vestibulum vitae nunc lorem. Sed lacinia lectus vel augue imperdiet ultricies. Donec id venenatis ex, vitae pretium ligula. Sed nulla eros, dignissim at feugiat non, posuere sit amet urna. Ut eu porttitor tellus. Cras eu massa nulla. Morbi porta fermentum elit eu iaculis. Pellentesque hendrerit venenatis purus at feugiat. Pellentesque vitae feugiat purus. Donec mattis rhoncus lacinia. Sed quam diam, molestie id laoreet eu, lacinia ac turpis. Cras tincidunt lobortis elit quis aliquam. Proin et massa libero.

Aliquam id pharetra arcu. Vivamus vitae mattis ligula. Sed efficitur urna vitae scelerisque tempor. Proin purus magna, vulputate eu ligula a, vehicula malesuada enim. Curabitur aliquet rutrum enim et tincidunt. Vestibulum ante ipsum primis in faucibus orci luctus et ultrices posuere cubilia curae; Vivamus pharetra enim leo, nec molestie nibh consectetur quis. Class aptent taciti sociosqu ad litora torquent per conubia nostra, per inceptos himenaeos. Nunc quis maximus elit, vitae pulvinar urna. Integer at mi elit. Phasellus vitae rutrum sem. Vivamus et mauris ac nisl congue congue eu eget elit. Nullam at quam velit. Pellentesque dictum, diam nec tempor aliquet, tortor justo fermentum sapien, at condimentum turpis elit vel sapien. Aenean rutrum tellus sodales tortor viverra eleifend.

Donec facilisis, diam efficitur maximus ultrices, enim lectus rutrum elit, eget malesuada mi justo dapibus enim. Maecenas finibus euismod nulla quis dignissim. Sed dictum ante rutrum turpis euismod laoreet. Sed placerat tellus leo. In ut lobortis lorem. Nullam vitae lectus egestas urna tincidunt aliquet. Ut sagittis vel enim eget malesuada. Cras in congue tortor. Interdum et malesuada fames ac ante ipsum primis in faucibus. Nunc tempus consequat neque, et eleifend nulla aliquam eu.",Author 212,9,be-nhan-biet-the-gioi-xung-quanh-hinh-dang-va-mau-sac-shapes-and-colors,NXB 212,2003,11
https://cdn1.fahasa.com/media/catalog/product/8/9/8938537634851.jpg,Mỗi Ngày Một Câu Chuyện - One Story A Day - 365 Câu Chuyện Truyền Cảm Hứng Được Viết Bởi Các Chuyên Gia Giáo Dục Hàng Đầu Canada - Tháng 3,29250,36,9780085481328,"Lorem ipsum dolor sit amet, consectetur adipiscing elit. Nam congue vel tellus non luctus. Vestibulum vitae nunc lorem. Sed lacinia lectus vel augue imperdiet ultricies. Donec id venenatis ex, vitae pretium ligula. Sed nulla eros, dignissim at feugiat non, posuere sit amet urna. Ut eu porttitor tellus. Cras eu massa nulla. Morbi porta fermentum elit eu iaculis. Pellentesque hendrerit venenatis purus at feugiat. Pellentesque vitae feugiat purus. Donec mattis rhoncus lacinia. Sed quam diam, molestie id laoreet eu, lacinia ac turpis. Cras tincidunt lobortis elit quis aliquam. Proin et massa libero.

Aliquam id pharetra arcu. Vivamus vitae mattis ligula. Sed efficitur urna vitae scelerisque tempor. Proin purus magna, vulputate eu ligula a, vehicula malesuada enim. Curabitur aliquet rutrum enim et tincidunt. Vestibulum ante ipsum primis in faucibus orci luctus et ultrices posuere cubilia curae; Vivamus pharetra enim leo, nec molestie nibh consectetur quis. Class aptent taciti sociosqu ad litora torquent per conubia nostra, per inceptos himenaeos. Nunc quis maximus elit, vitae pulvinar urna. Integer at mi elit. Phasellus vitae rutrum sem. Vivamus et mauris ac nisl congue congue eu eget elit. Nullam at quam velit. Pellentesque dictum, diam nec tempor aliquet, tortor justo fermentum sapien, at condimentum turpis elit vel sapien. Aenean rutrum tellus sodales tortor viverra eleifend.

Donec facilisis, diam efficitur maximus ultrices, enim lectus rutrum elit, eget malesuada mi justo dapibus enim. Maecenas finibus euismod nulla quis dignissim. Sed dictum ante rutrum turpis euismod laoreet. Sed placerat tellus leo. In ut lobortis lorem. Nullam vitae lectus egestas urna tincidunt aliquet. Ut sagittis vel enim eget malesuada. Cras in congue tortor. Interdum et malesuada fames ac ante ipsum primis in faucibus. Nunc tempus consequat neque, et eleifend nulla aliquam eu.",Author 213,6,moi-ngay-mot-cau-chuyen-one-story-a-day-365-cau-chuyen-truyen-cam-hung-uoc-viet-boi-cac-chuyen-gia-giao-duc-hang-au-canada-thang-3,NXB 213,2018,15
https://cdn1.fahasa.com/media/catalog/product/8/9/8938537634868.jpg,Mỗi Ngày Một Câu Chuyện - One Story A Day - 365 Câu Chuyện Truyền Cảm Hứng Được Viết Bởi Các Chuyên Gia Giáo Dục Hàng Đầu Canada - Tháng 4,29250,36,9780085481329,"Lorem ipsum dolor sit amet, consectetur adipiscing elit. Nam congue vel tellus non luctus. Vestibulum vitae nunc lorem. Sed lacinia lectus vel augue imperdiet ultricies. Donec id venenatis ex, vitae pretium ligula. Sed nulla eros, dignissim at feugiat non, posuere sit amet urna. Ut eu porttitor tellus. Cras eu massa nulla. Morbi porta fermentum elit eu iaculis. Pellentesque hendrerit venenatis purus at feugiat. Pellentesque vitae feugiat purus. Donec mattis rhoncus lacinia. Sed quam diam, molestie id laoreet eu, lacinia ac turpis. Cras tincidunt lobortis elit quis aliquam. Proin et massa libero.

Aliquam id pharetra arcu. Vivamus vitae mattis ligula. Sed efficitur urna vitae scelerisque tempor. Proin purus magna, vulputate eu ligula a, vehicula malesuada enim. Curabitur aliquet rutrum enim et tincidunt. Vestibulum ante ipsum primis in faucibus orci luctus et ultrices posuere cubilia curae; Vivamus pharetra enim leo, nec molestie nibh consectetur quis. Class aptent taciti sociosqu ad litora torquent per conubia nostra, per inceptos himenaeos. Nunc quis maximus elit, vitae pulvinar urna. Integer at mi elit. Phasellus vitae rutrum sem. Vivamus et mauris ac nisl congue congue eu eget elit. Nullam at quam velit. Pellentesque dictum, diam nec tempor aliquet, tortor justo fermentum sapien, at condimentum turpis elit vel sapien. Aenean rutrum tellus sodales tortor viverra eleifend.

Donec facilisis, diam efficitur maximus ultrices, enim lectus rutrum elit, eget malesuada mi justo dapibus enim. Maecenas finibus euismod nulla quis dignissim. Sed dictum ante rutrum turpis euismod laoreet. Sed placerat tellus leo. In ut lobortis lorem. Nullam vitae lectus egestas urna tincidunt aliquet. Ut sagittis vel enim eget malesuada. Cras in congue tortor. Interdum et malesuada fames ac ante ipsum primis in faucibus. Nunc tempus consequat neque, et eleifend nulla aliquam eu.",Author 214,8,moi-ngay-mot-cau-chuyen-one-story-a-day-365-cau-chuyen-truyen-cam-hung-uoc-viet-boi-cac-chuyen-gia-giao-duc-hang-au-canada-thang-4,NXB 214,2011,18
https://cdn1.fahasa.com/media/catalog/product/8/9/8938537634882.jpg,Mỗi Ngày Một Câu Chuyện - One Story A Day - 365 Câu Chuyện Truyền Cảm Hứng Được Viết Bởi Các Chuyên Gia Giáo Dục Hàng Đầu Canada - Tháng 6,29250,36,9780085481330,"Lorem ipsum dolor sit amet, consectetur adipiscing elit. Nam congue vel tellus non luctus. Vestibulum vitae nunc lorem. Sed lacinia lectus vel augue imperdiet ultricies. Donec id venenatis ex, vitae pretium ligula. Sed nulla eros, dignissim at feugiat non, posuere sit amet urna. Ut eu porttitor tellus. Cras eu massa nulla. Morbi porta fermentum elit eu iaculis. Pellentesque hendrerit venenatis purus at feugiat. Pellentesque vitae feugiat purus. Donec mattis rhoncus lacinia. Sed quam diam, molestie id laoreet eu, lacinia ac turpis. Cras tincidunt lobortis elit quis aliquam. Proin et massa libero.

Aliquam id pharetra arcu. Vivamus vitae mattis ligula. Sed efficitur urna vitae scelerisque tempor. Proin purus magna, vulputate eu ligula a, vehicula malesuada enim. Curabitur aliquet rutrum enim et tincidunt. Vestibulum ante ipsum primis in faucibus orci luctus et ultrices posuere cubilia curae; Vivamus pharetra enim leo, nec molestie nibh consectetur quis. Class aptent taciti sociosqu ad litora torquent per conubia nostra, per inceptos himenaeos. Nunc quis maximus elit, vitae pulvinar urna. Integer at mi elit. Phasellus vitae rutrum sem. Vivamus et mauris ac nisl congue congue eu eget elit. Nullam at quam velit. Pellentesque dictum, diam nec tempor aliquet, tortor justo fermentum sapien, at condimentum turpis elit vel sapien. Aenean rutrum tellus sodales tortor viverra eleifend.

Donec facilisis, diam efficitur maximus ultrices, enim lectus rutrum elit, eget malesuada mi justo dapibus enim. Maecenas finibus euismod nulla quis dignissim. Sed dictum ante rutrum turpis euismod laoreet. Sed placerat tellus leo. In ut lobortis lorem. Nullam vitae lectus egestas urna tincidunt aliquet. Ut sagittis vel enim eget malesuada. Cras in congue tortor. Interdum et malesuada fames ac ante ipsum primis in faucibus. Nunc tempus consequat neque, et eleifend nulla aliquam eu.",Author 215,15,moi-ngay-mot-cau-chuyen-one-story-a-day-365-cau-chuyen-truyen-cam-hung-uoc-viet-boi-cac-chuyen-gia-giao-duc-hang-au-canada-thang-6,NXB 215,2002,8
https://cdn1.fahasa.com/media/catalog/product/i/m/image_235813.jpg,Mẹ Hỏi Bé Trả Lời - Hỏi Đáp Rèn Trí Thông Minh (4-5 Tuổi) (Tái Bản 2021),32000,36,9780085481331,"Lorem ipsum dolor sit amet, consectetur adipiscing elit. Nam congue vel tellus non luctus. Vestibulum vitae nunc lorem. Sed lacinia lectus vel augue imperdiet ultricies. Donec id venenatis ex, vitae pretium ligula. Sed nulla eros, dignissim at feugiat non, posuere sit amet urna. Ut eu porttitor tellus. Cras eu massa nulla. Morbi porta fermentum elit eu iaculis. Pellentesque hendrerit venenatis purus at feugiat. Pellentesque vitae feugiat purus. Donec mattis rhoncus lacinia. Sed quam diam, molestie id laoreet eu, lacinia ac turpis. Cras tincidunt lobortis elit quis aliquam. Proin et massa libero.

Aliquam id pharetra arcu. Vivamus vitae mattis ligula. Sed efficitur urna vitae scelerisque tempor. Proin purus magna, vulputate eu ligula a, vehicula malesuada enim. Curabitur aliquet rutrum enim et tincidunt. Vestibulum ante ipsum primis in faucibus orci luctus et ultrices posuere cubilia curae; Vivamus pharetra enim leo, nec molestie nibh consectetur quis. Class aptent taciti sociosqu ad litora torquent per conubia nostra, per inceptos himenaeos. Nunc quis maximus elit, vitae pulvinar urna. Integer at mi elit. Phasellus vitae rutrum sem. Vivamus et mauris ac nisl congue congue eu eget elit. Nullam at quam velit. Pellentesque dictum, diam nec tempor aliquet, tortor justo fermentum sapien, at condimentum turpis elit vel sapien. Aenean rutrum tellus sodales tortor viverra eleifend.

Donec facilisis, diam efficitur maximus ultrices, enim lectus rutrum elit, eget malesuada mi justo dapibus enim. Maecenas finibus euismod nulla quis dignissim. Sed dictum ante rutrum turpis euismod laoreet. Sed placerat tellus leo. In ut lobortis lorem. Nullam vitae lectus egestas urna tincidunt aliquet. Ut sagittis vel enim eget malesuada. Cras in congue tortor. Interdum et malesuada fames ac ante ipsum primis in faucibus. Nunc tempus consequat neque, et eleifend nulla aliquam eu.",Author 216,17,me-hoi-be-tra-loi-hoi-ap-ren-tri-thong-minh-4-5-tuoi-tai-ban-2021,NXB 216,2025,12
https://cdn1.fahasa.com/media/catalog/product/8/9/8935212362436.jpg,"Giáo Dục Đầu Đời Cho Trẻ - Những Bài Học Tự Bảo Vệ Bản Thân - Nguy Hiểm Đấy, Mau Tránh Xa",33500,36,9780085481332,"Lorem ipsum dolor sit amet, consectetur adipiscing elit. Nam congue vel tellus non luctus. Vestibulum vitae nunc lorem. Sed lacinia lectus vel augue imperdiet ultricies. Donec id venenatis ex, vitae pretium ligula. Sed nulla eros, dignissim at feugiat non, posuere sit amet urna. Ut eu porttitor tellus. Cras eu massa nulla. Morbi porta fermentum elit eu iaculis. Pellentesque hendrerit venenatis purus at feugiat. Pellentesque vitae feugiat purus. Donec mattis rhoncus lacinia. Sed quam diam, molestie id laoreet eu, lacinia ac turpis. Cras tincidunt lobortis elit quis aliquam. Proin et massa libero.

Aliquam id pharetra arcu. Vivamus vitae mattis ligula. Sed efficitur urna vitae scelerisque tempor. Proin purus magna, vulputate eu ligula a, vehicula malesuada enim. Curabitur aliquet rutrum enim et tincidunt. Vestibulum ante ipsum primis in faucibus orci luctus et ultrices posuere cubilia curae; Vivamus pharetra enim leo, nec molestie nibh consectetur quis. Class aptent taciti sociosqu ad litora torquent per conubia nostra, per inceptos himenaeos. Nunc quis maximus elit, vitae pulvinar urna. Integer at mi elit. Phasellus vitae rutrum sem. Vivamus et mauris ac nisl congue congue eu eget elit. Nullam at quam velit. Pellentesque dictum, diam nec tempor aliquet, tortor justo fermentum sapien, at condimentum turpis elit vel sapien. Aenean rutrum tellus sodales tortor viverra eleifend.

Donec facilisis, diam efficitur maximus ultrices, enim lectus rutrum elit, eget malesuada mi justo dapibus enim. Maecenas finibus euismod nulla quis dignissim. Sed dictum ante rutrum turpis euismod laoreet. Sed placerat tellus leo. In ut lobortis lorem. Nullam vitae lectus egestas urna tincidunt aliquet. Ut sagittis vel enim eget malesuada. Cras in congue tortor. Interdum et malesuada fames ac ante ipsum primis in faucibus. Nunc tempus consequat neque, et eleifend nulla aliquam eu.",Author 217,12,giao-duc-au-oi-cho-tre-nhung-bai-hoc-tu-bao-ve-ban-than-nguy-hiem-ay-mau-tranh-xa,NXB 217,2014,6
https://cdn1.fahasa.com/media/catalog/product/8/9/8935236428965.jpg,Bồi Dưỡng Tính Cách Cho Bé EQ IQ (2-8 Tuổi) - Dạy Trẻ Lòng Kiên Trì (Song Ngữ Anh - Việt),28000,36,9780085481333,"Lorem ipsum dolor sit amet, consectetur adipiscing elit. Nam congue vel tellus non luctus. Vestibulum vitae nunc lorem. Sed lacinia lectus vel augue imperdiet ultricies. Donec id venenatis ex, vitae pretium ligula. Sed nulla eros, dignissim at feugiat non, posuere sit amet urna. Ut eu porttitor tellus. Cras eu massa nulla. Morbi porta fermentum elit eu iaculis. Pellentesque hendrerit venenatis purus at feugiat. Pellentesque vitae feugiat purus. Donec mattis rhoncus lacinia. Sed quam diam, molestie id laoreet eu, lacinia ac turpis. Cras tincidunt lobortis elit quis aliquam. Proin et massa libero.

Aliquam id pharetra arcu. Vivamus vitae mattis ligula. Sed efficitur urna vitae scelerisque tempor. Proin purus magna, vulputate eu ligula a, vehicula malesuada enim. Curabitur aliquet rutrum enim et tincidunt. Vestibulum ante ipsum primis in faucibus orci luctus et ultrices posuere cubilia curae; Vivamus pharetra enim leo, nec molestie nibh consectetur quis. Class aptent taciti sociosqu ad litora torquent per conubia nostra, per inceptos himenaeos. Nunc quis maximus elit, vitae pulvinar urna. Integer at mi elit. Phasellus vitae rutrum sem. Vivamus et mauris ac nisl congue congue eu eget elit. Nullam at quam velit. Pellentesque dictum, diam nec tempor aliquet, tortor justo fermentum sapien, at condimentum turpis elit vel sapien. Aenean rutrum tellus sodales tortor viverra eleifend.

Donec facilisis, diam efficitur maximus ultrices, enim lectus rutrum elit, eget malesuada mi justo dapibus enim. Maecenas finibus euismod nulla quis dignissim. Sed dictum ante rutrum turpis euismod laoreet. Sed placerat tellus leo. In ut lobortis lorem. Nullam vitae lectus egestas urna tincidunt aliquet. Ut sagittis vel enim eget malesuada. Cras in congue tortor. Interdum et malesuada fames ac ante ipsum primis in faucibus. Nunc tempus consequat neque, et eleifend nulla aliquam eu.",Author 218,16,boi-duong-tinh-cach-cho-be-eq-iq-2-8-tuoi-day-tre-long-kien-tri-song-ngu-anh-viet,NXB 218,2015,12
https://cdn1.fahasa.com/media/catalog/product/s/o/song-chill-cung-nhung-chu-capybara_qua-tang.jpg,Sống Chill Cùng Những Chú Capybara - Tặng Kèm Bookmark + Sticker,67500,36,9780085481334,"Lorem ipsum dolor sit amet, consectetur adipiscing elit. Nam congue vel tellus non luctus. Vestibulum vitae nunc lorem. Sed lacinia lectus vel augue imperdiet ultricies. Donec id venenatis ex, vitae pretium ligula. Sed nulla eros, dignissim at feugiat non, posuere sit amet urna. Ut eu porttitor tellus. Cras eu massa nulla. Morbi porta fermentum elit eu iaculis. Pellentesque hendrerit venenatis purus at feugiat. Pellentesque vitae feugiat purus. Donec mattis rhoncus lacinia. Sed quam diam, molestie id laoreet eu, lacinia ac turpis. Cras tincidunt lobortis elit quis aliquam. Proin et massa libero.

Aliquam id pharetra arcu. Vivamus vitae mattis ligula. Sed efficitur urna vitae scelerisque tempor. Proin purus magna, vulputate eu ligula a, vehicula malesuada enim. Curabitur aliquet rutrum enim et tincidunt. Vestibulum ante ipsum primis in faucibus orci luctus et ultrices posuere cubilia curae; Vivamus pharetra enim leo, nec molestie nibh consectetur quis. Class aptent taciti sociosqu ad litora torquent per conubia nostra, per inceptos himenaeos. Nunc quis maximus elit, vitae pulvinar urna. Integer at mi elit. Phasellus vitae rutrum sem. Vivamus et mauris ac nisl congue congue eu eget elit. Nullam at quam velit. Pellentesque dictum, diam nec tempor aliquet, tortor justo fermentum sapien, at condimentum turpis elit vel sapien. Aenean rutrum tellus sodales tortor viverra eleifend.

Donec facilisis, diam efficitur maximus ultrices, enim lectus rutrum elit, eget malesuada mi justo dapibus enim. Maecenas finibus euismod nulla quis dignissim. Sed dictum ante rutrum turpis euismod laoreet. Sed placerat tellus leo. In ut lobortis lorem. Nullam vitae lectus egestas urna tincidunt aliquet. Ut sagittis vel enim eget malesuada. Cras in congue tortor. Interdum et malesuada fames ac ante ipsum primis in faucibus. Nunc tempus consequat neque, et eleifend nulla aliquam eu.",Author 219,19,song-chill-cung-nhung-chu-capybara-tang-kem-bookmark-sticker,NXB 219,2016,3
https://cdn1.fahasa.com/media/catalog/product/i/m/image_237443.jpg,Mẹ Hỏi Bé Trả Lời - Hỏi Đáp Rèn Trí Thông Minh (3-4 Tuổi) (Tái Bản 2021),32000,36,9780085481335,"Lorem ipsum dolor sit amet, consectetur adipiscing elit. Nam congue vel tellus non luctus. Vestibulum vitae nunc lorem. Sed lacinia lectus vel augue imperdiet ultricies. Donec id venenatis ex, vitae pretium ligula. Sed nulla eros, dignissim at feugiat non, posuere sit amet urna. Ut eu porttitor tellus. Cras eu massa nulla. Morbi porta fermentum elit eu iaculis. Pellentesque hendrerit venenatis purus at feugiat. Pellentesque vitae feugiat purus. Donec mattis rhoncus lacinia. Sed quam diam, molestie id laoreet eu, lacinia ac turpis. Cras tincidunt lobortis elit quis aliquam. Proin et massa libero.

Aliquam id pharetra arcu. Vivamus vitae mattis ligula. Sed efficitur urna vitae scelerisque tempor. Proin purus magna, vulputate eu ligula a, vehicula malesuada enim. Curabitur aliquet rutrum enim et tincidunt. Vestibulum ante ipsum primis in faucibus orci luctus et ultrices posuere cubilia curae; Vivamus pharetra enim leo, nec molestie nibh consectetur quis. Class aptent taciti sociosqu ad litora torquent per conubia nostra, per inceptos himenaeos. Nunc quis maximus elit, vitae pulvinar urna. Integer at mi elit. Phasellus vitae rutrum sem. Vivamus et mauris ac nisl congue congue eu eget elit. Nullam at quam velit. Pellentesque dictum, diam nec tempor aliquet, tortor justo fermentum sapien, at condimentum turpis elit vel sapien. Aenean rutrum tellus sodales tortor viverra eleifend.

Donec facilisis, diam efficitur maximus ultrices, enim lectus rutrum elit, eget malesuada mi justo dapibus enim. Maecenas finibus euismod nulla quis dignissim. Sed dictum ante rutrum turpis euismod laoreet. Sed placerat tellus leo. In ut lobortis lorem. Nullam vitae lectus egestas urna tincidunt aliquet. Ut sagittis vel enim eget malesuada. Cras in congue tortor. Interdum et malesuada fames ac ante ipsum primis in faucibus. Nunc tempus consequat neque, et eleifend nulla aliquam eu.",Author 220,7,me-hoi-be-tra-loi-hoi-ap-ren-tri-thong-minh-3-4-tuoi-tai-ban-2021,NXB 220,2025,5
https://cdn1.fahasa.com/media/catalog/product/9/7/9786044962580.jpg,Trò Chơi Dán Hình Sticker - Đại Dương Huyền Bí,24820,36,9780085481336,"Lorem ipsum dolor sit amet, consectetur adipiscing elit. Nam congue vel tellus non luctus. Vestibulum vitae nunc lorem. Sed lacinia lectus vel augue imperdiet ultricies. Donec id venenatis ex, vitae pretium ligula. Sed nulla eros, dignissim at feugiat non, posuere sit amet urna. Ut eu porttitor tellus. Cras eu massa nulla. Morbi porta fermentum elit eu iaculis. Pellentesque hendrerit venenatis purus at feugiat. Pellentesque vitae feugiat purus. Donec mattis rhoncus lacinia. Sed quam diam, molestie id laoreet eu, lacinia ac turpis. Cras tincidunt lobortis elit quis aliquam. Proin et massa libero.

Aliquam id pharetra arcu. Vivamus vitae mattis ligula. Sed efficitur urna vitae scelerisque tempor. Proin purus magna, vulputate eu ligula a, vehicula malesuada enim. Curabitur aliquet rutrum enim et tincidunt. Vestibulum ante ipsum primis in faucibus orci luctus et ultrices posuere cubilia curae; Vivamus pharetra enim leo, nec molestie nibh consectetur quis. Class aptent taciti sociosqu ad litora torquent per conubia nostra, per inceptos himenaeos. Nunc quis maximus elit, vitae pulvinar urna. Integer at mi elit. Phasellus vitae rutrum sem. Vivamus et mauris ac nisl congue congue eu eget elit. Nullam at quam velit. Pellentesque dictum, diam nec tempor aliquet, tortor justo fermentum sapien, at condimentum turpis elit vel sapien. Aenean rutrum tellus sodales tortor viverra eleifend.

Donec facilisis, diam efficitur maximus ultrices, enim lectus rutrum elit, eget malesuada mi justo dapibus enim. Maecenas finibus euismod nulla quis dignissim. Sed dictum ante rutrum turpis euismod laoreet. Sed placerat tellus leo. In ut lobortis lorem. Nullam vitae lectus egestas urna tincidunt aliquet. Ut sagittis vel enim eget malesuada. Cras in congue tortor. Interdum et malesuada fames ac ante ipsum primis in faucibus. Nunc tempus consequat neque, et eleifend nulla aliquam eu.",Author 221,20,tro-choi-dan-hinh-sticker-ai-duong-huyen-bi,NXB 221,2019,11
https://cdn1.fahasa.com/media/catalog/product/i/m/image_192669.jpg,200 Miếng Bóc Dán Thông Minh - Bé Học Toán,41250,36,9780085481337,"Lorem ipsum dolor sit amet, consectetur adipiscing elit. Nam congue vel tellus non luctus. Vestibulum vitae nunc lorem. Sed lacinia lectus vel augue imperdiet ultricies. Donec id venenatis ex, vitae pretium ligula. Sed nulla eros, dignissim at feugiat non, posuere sit amet urna. Ut eu porttitor tellus. Cras eu massa nulla. Morbi porta fermentum elit eu iaculis. Pellentesque hendrerit venenatis purus at feugiat. Pellentesque vitae feugiat purus. Donec mattis rhoncus lacinia. Sed quam diam, molestie id laoreet eu, lacinia ac turpis. Cras tincidunt lobortis elit quis aliquam. Proin et massa libero.

Aliquam id pharetra arcu. Vivamus vitae mattis ligula. Sed efficitur urna vitae scelerisque tempor. Proin purus magna, vulputate eu ligula a, vehicula malesuada enim. Curabitur aliquet rutrum enim et tincidunt. Vestibulum ante ipsum primis in faucibus orci luctus et ultrices posuere cubilia curae; Vivamus pharetra enim leo, nec molestie nibh consectetur quis. Class aptent taciti sociosqu ad litora torquent per conubia nostra, per inceptos himenaeos. Nunc quis maximus elit, vitae pulvinar urna. Integer at mi elit. Phasellus vitae rutrum sem. Vivamus et mauris ac nisl congue congue eu eget elit. Nullam at quam velit. Pellentesque dictum, diam nec tempor aliquet, tortor justo fermentum sapien, at condimentum turpis elit vel sapien. Aenean rutrum tellus sodales tortor viverra eleifend.

Donec facilisis, diam efficitur maximus ultrices, enim lectus rutrum elit, eget malesuada mi justo dapibus enim. Maecenas finibus euismod nulla quis dignissim. Sed dictum ante rutrum turpis euismod laoreet. Sed placerat tellus leo. In ut lobortis lorem. Nullam vitae lectus egestas urna tincidunt aliquet. Ut sagittis vel enim eget malesuada. Cras in congue tortor. Interdum et malesuada fames ac ante ipsum primis in faucibus. Nunc tempus consequat neque, et eleifend nulla aliquam eu.",Author 222,7,200-mieng-boc-dan-thong-minh-be-hoc-toan,NXB 222,2023,11
https://cdn1.fahasa.com/media/catalog/product/8/9/8935212338523.png,Big Book - Cuốn Sách Khổng Lồ Về Các Ngôi Sao Và Các Hành Tinh (Tái Bản),126000,36,9780085481338,"Lorem ipsum dolor sit amet, consectetur adipiscing elit. Nam congue vel tellus non luctus. Vestibulum vitae nunc lorem. Sed lacinia lectus vel augue imperdiet ultricies. Donec id venenatis ex, vitae pretium ligula. Sed nulla eros, dignissim at feugiat non, posuere sit amet urna. Ut eu porttitor tellus. Cras eu massa nulla. Morbi porta fermentum elit eu iaculis. Pellentesque hendrerit venenatis purus at feugiat. Pellentesque vitae feugiat purus. Donec mattis rhoncus lacinia. Sed quam diam, molestie id laoreet eu, lacinia ac turpis. Cras tincidunt lobortis elit quis aliquam. Proin et massa libero.

Aliquam id pharetra arcu. Vivamus vitae mattis ligula. Sed efficitur urna vitae scelerisque tempor. Proin purus magna, vulputate eu ligula a, vehicula malesuada enim. Curabitur aliquet rutrum enim et tincidunt. Vestibulum ante ipsum primis in faucibus orci luctus et ultrices posuere cubilia curae; Vivamus pharetra enim leo, nec molestie nibh consectetur quis. Class aptent taciti sociosqu ad litora torquent per conubia nostra, per inceptos himenaeos. Nunc quis maximus elit, vitae pulvinar urna. Integer at mi elit. Phasellus vitae rutrum sem. Vivamus et mauris ac nisl congue congue eu eget elit. Nullam at quam velit. Pellentesque dictum, diam nec tempor aliquet, tortor justo fermentum sapien, at condimentum turpis elit vel sapien. Aenean rutrum tellus sodales tortor viverra eleifend.

Donec facilisis, diam efficitur maximus ultrices, enim lectus rutrum elit, eget malesuada mi justo dapibus enim. Maecenas finibus euismod nulla quis dignissim. Sed dictum ante rutrum turpis euismod laoreet. Sed placerat tellus leo. In ut lobortis lorem. Nullam vitae lectus egestas urna tincidunt aliquet. Ut sagittis vel enim eget malesuada. Cras in congue tortor. Interdum et malesuada fames ac ante ipsum primis in faucibus. Nunc tempus consequat neque, et eleifend nulla aliquam eu.",Author 223,18,big-book-cuon-sach-khong-lo-ve-cac-ngoi-sao-va-cac-hanh-tinh-tai-ban,NXB 223,2022,17
https://cdn1.fahasa.com/media/catalog/product/8/9/8935212338493.png,Big Book - Cuốn Sách Khổng Lồ Về Các Loài Động Vật Biển (Tái Bản),134000,36,9780085481339,"Lorem ipsum dolor sit amet, consectetur adipiscing elit. Nam congue vel tellus non luctus. Vestibulum vitae nunc lorem. Sed lacinia lectus vel augue imperdiet ultricies. Donec id venenatis ex, vitae pretium ligula. Sed nulla eros, dignissim at feugiat non, posuere sit amet urna. Ut eu porttitor tellus. Cras eu massa nulla. Morbi porta fermentum elit eu iaculis. Pellentesque hendrerit venenatis purus at feugiat. Pellentesque vitae feugiat purus. Donec mattis rhoncus lacinia. Sed quam diam, molestie id laoreet eu, lacinia ac turpis. Cras tincidunt lobortis elit quis aliquam. Proin et massa libero.

Aliquam id pharetra arcu. Vivamus vitae mattis ligula. Sed efficitur urna vitae scelerisque tempor. Proin purus magna, vulputate eu ligula a, vehicula malesuada enim. Curabitur aliquet rutrum enim et tincidunt. Vestibulum ante ipsum primis in faucibus orci luctus et ultrices posuere cubilia curae; Vivamus pharetra enim leo, nec molestie nibh consectetur quis. Class aptent taciti sociosqu ad litora torquent per conubia nostra, per inceptos himenaeos. Nunc quis maximus elit, vitae pulvinar urna. Integer at mi elit. Phasellus vitae rutrum sem. Vivamus et mauris ac nisl congue congue eu eget elit. Nullam at quam velit. Pellentesque dictum, diam nec tempor aliquet, tortor justo fermentum sapien, at condimentum turpis elit vel sapien. Aenean rutrum tellus sodales tortor viverra eleifend.

Donec facilisis, diam efficitur maximus ultrices, enim lectus rutrum elit, eget malesuada mi justo dapibus enim. Maecenas finibus euismod nulla quis dignissim. Sed dictum ante rutrum turpis euismod laoreet. Sed placerat tellus leo. In ut lobortis lorem. Nullam vitae lectus egestas urna tincidunt aliquet. Ut sagittis vel enim eget malesuada. Cras in congue tortor. Interdum et malesuada fames ac ante ipsum primis in faucibus. Nunc tempus consequat neque, et eleifend nulla aliquam eu.",Author 224,14,big-book-cuon-sach-khong-lo-ve-cac-loai-ong-vat-bien-tai-ban,NXB 224,2012,12
https://cdn1.fahasa.com/media/catalog/product/8/9/8938537634844.jpg,Mỗi Ngày Một Câu Chuyện - One Story A Day - 365 Câu Chuyện Truyền Cảm Hứng Được Viết Bởi Các Chuyên Gia Giáo Dục Hàng Đầu Canada - Tháng 2,29250,36,9780085481340,"Lorem ipsum dolor sit amet, consectetur adipiscing elit. Nam congue vel tellus non luctus. Vestibulum vitae nunc lorem. Sed lacinia lectus vel augue imperdiet ultricies. Donec id venenatis ex, vitae pretium ligula. Sed nulla eros, dignissim at feugiat non, posuere sit amet urna. Ut eu porttitor tellus. Cras eu massa nulla. Morbi porta fermentum elit eu iaculis. Pellentesque hendrerit venenatis purus at feugiat. Pellentesque vitae feugiat purus. Donec mattis rhoncus lacinia. Sed quam diam, molestie id laoreet eu, lacinia ac turpis. Cras tincidunt lobortis elit quis aliquam. Proin et massa libero.

Aliquam id pharetra arcu. Vivamus vitae mattis ligula. Sed efficitur urna vitae scelerisque tempor. Proin purus magna, vulputate eu ligula a, vehicula malesuada enim. Curabitur aliquet rutrum enim et tincidunt. Vestibulum ante ipsum primis in faucibus orci luctus et ultrices posuere cubilia curae; Vivamus pharetra enim leo, nec molestie nibh consectetur quis. Class aptent taciti sociosqu ad litora torquent per conubia nostra, per inceptos himenaeos. Nunc quis maximus elit, vitae pulvinar urna. Integer at mi elit. Phasellus vitae rutrum sem. Vivamus et mauris ac nisl congue congue eu eget elit. Nullam at quam velit. Pellentesque dictum, diam nec tempor aliquet, tortor justo fermentum sapien, at condimentum turpis elit vel sapien. Aenean rutrum tellus sodales tortor viverra eleifend.

Donec facilisis, diam efficitur maximus ultrices, enim lectus rutrum elit, eget malesuada mi justo dapibus enim. Maecenas finibus euismod nulla quis dignissim. Sed dictum ante rutrum turpis euismod laoreet. Sed placerat tellus leo. In ut lobortis lorem. Nullam vitae lectus egestas urna tincidunt aliquet. Ut sagittis vel enim eget malesuada. Cras in congue tortor. Interdum et malesuada fames ac ante ipsum primis in faucibus. Nunc tempus consequat neque, et eleifend nulla aliquam eu.",Author 225,3,moi-ngay-mot-cau-chuyen-one-story-a-day-365-cau-chuyen-truyen-cam-hung-uoc-viet-boi-cac-chuyen-gia-giao-duc-hang-au-canada-thang-2,NXB 225,2012,3
https://cdn1.fahasa.com/media/catalog/product/8/9/8938537634875.jpg,Mỗi Ngày Một Câu Chuyện - One Story A Day - 365 Câu Chuyện Truyền Cảm Hứng Được Viết Bởi Các Chuyên Gia Giáo Dục Hàng Đầu Canada - Tháng 5,29250,36,9780085481341,"Lorem ipsum dolor sit amet, consectetur adipiscing elit. Nam congue vel tellus non luctus. Vestibulum vitae nunc lorem. Sed lacinia lectus vel augue imperdiet ultricies. Donec id venenatis ex, vitae pretium ligula. Sed nulla eros, dignissim at feugiat non, posuere sit amet urna. Ut eu porttitor tellus. Cras eu massa nulla. Morbi porta fermentum elit eu iaculis. Pellentesque hendrerit venenatis purus at feugiat. Pellentesque vitae feugiat purus. Donec mattis rhoncus lacinia. Sed quam diam, molestie id laoreet eu, lacinia ac turpis. Cras tincidunt lobortis elit quis aliquam. Proin et massa libero.

Aliquam id pharetra arcu. Vivamus vitae mattis ligula. Sed efficitur urna vitae scelerisque tempor. Proin purus magna, vulputate eu ligula a, vehicula malesuada enim. Curabitur aliquet rutrum enim et tincidunt. Vestibulum ante ipsum primis in faucibus orci luctus et ultrices posuere cubilia curae; Vivamus pharetra enim leo, nec molestie nibh consectetur quis. Class aptent taciti sociosqu ad litora torquent per conubia nostra, per inceptos himenaeos. Nunc quis maximus elit, vitae pulvinar urna. Integer at mi elit. Phasellus vitae rutrum sem. Vivamus et mauris ac nisl congue congue eu eget elit. Nullam at quam velit. Pellentesque dictum, diam nec tempor aliquet, tortor justo fermentum sapien, at condimentum turpis elit vel sapien. Aenean rutrum tellus sodales tortor viverra eleifend.

Donec facilisis, diam efficitur maximus ultrices, enim lectus rutrum elit, eget malesuada mi justo dapibus enim. Maecenas finibus euismod nulla quis dignissim. Sed dictum ante rutrum turpis euismod laoreet. Sed placerat tellus leo. In ut lobortis lorem. Nullam vitae lectus egestas urna tincidunt aliquet. Ut sagittis vel enim eget malesuada. Cras in congue tortor. Interdum et malesuada fames ac ante ipsum primis in faucibus. Nunc tempus consequat neque, et eleifend nulla aliquam eu.",Author 226,15,moi-ngay-mot-cau-chuyen-one-story-a-day-365-cau-chuyen-truyen-cam-hung-uoc-viet-boi-cac-chuyen-gia-giao-duc-hang-au-canada-thang-5,NXB 226,2003,15
https://cdn1.fahasa.com/media/catalog/product/i/m/image_244718_1_3598.jpg,Những Câu Chuyện Truyền Cảm Hứng - I Will Be Better - Nguồn Năng Lượng Tích Cực,52000,36,9780085481342,"Lorem ipsum dolor sit amet, consectetur adipiscing elit. Nam congue vel tellus non luctus. Vestibulum vitae nunc lorem. Sed lacinia lectus vel augue imperdiet ultricies. Donec id venenatis ex, vitae pretium ligula. Sed nulla eros, dignissim at feugiat non, posuere sit amet urna. Ut eu porttitor tellus. Cras eu massa nulla. Morbi porta fermentum elit eu iaculis. Pellentesque hendrerit venenatis purus at feugiat. Pellentesque vitae feugiat purus. Donec mattis rhoncus lacinia. Sed quam diam, molestie id laoreet eu, lacinia ac turpis. Cras tincidunt lobortis elit quis aliquam. Proin et massa libero.

Aliquam id pharetra arcu. Vivamus vitae mattis ligula. Sed efficitur urna vitae scelerisque tempor. Proin purus magna, vulputate eu ligula a, vehicula malesuada enim. Curabitur aliquet rutrum enim et tincidunt. Vestibulum ante ipsum primis in faucibus orci luctus et ultrices posuere cubilia curae; Vivamus pharetra enim leo, nec molestie nibh consectetur quis. Class aptent taciti sociosqu ad litora torquent per conubia nostra, per inceptos himenaeos. Nunc quis maximus elit, vitae pulvinar urna. Integer at mi elit. Phasellus vitae rutrum sem. Vivamus et mauris ac nisl congue congue eu eget elit. Nullam at quam velit. Pellentesque dictum, diam nec tempor aliquet, tortor justo fermentum sapien, at condimentum turpis elit vel sapien. Aenean rutrum tellus sodales tortor viverra eleifend.

Donec facilisis, diam efficitur maximus ultrices, enim lectus rutrum elit, eget malesuada mi justo dapibus enim. Maecenas finibus euismod nulla quis dignissim. Sed dictum ante rutrum turpis euismod laoreet. Sed placerat tellus leo. In ut lobortis lorem. Nullam vitae lectus egestas urna tincidunt aliquet. Ut sagittis vel enim eget malesuada. Cras in congue tortor. Interdum et malesuada fames ac ante ipsum primis in faucibus. Nunc tempus consequat neque, et eleifend nulla aliquam eu.",Author 227,13,nhung-cau-chuyen-truyen-cam-hung-i-will-be-better-nguon-nang-luong-tich-cuc,NXB 227,2021,10
https://cdn1.fahasa.com/media/catalog/product/i/m/image_244718_1_3599.jpg,Những Câu Chuyện Truyền Cảm Hứng - I Will Be Better - Dũng Cảm Thử Lại Lần Nữa,52000,36,9780085481343,"Lorem ipsum dolor sit amet, consectetur adipiscing elit. Nam congue vel tellus non luctus. Vestibulum vitae nunc lorem. Sed lacinia lectus vel augue imperdiet ultricies. Donec id venenatis ex, vitae pretium ligula. Sed nulla eros, dignissim at feugiat non, posuere sit amet urna. Ut eu porttitor tellus. Cras eu massa nulla. Morbi porta fermentum elit eu iaculis. Pellentesque hendrerit venenatis purus at feugiat. Pellentesque vitae feugiat purus. Donec mattis rhoncus lacinia. Sed quam diam, molestie id laoreet eu, lacinia ac turpis. Cras tincidunt lobortis elit quis aliquam. Proin et massa libero.

Aliquam id pharetra arcu. Vivamus vitae mattis ligula. Sed efficitur urna vitae scelerisque tempor. Proin purus magna, vulputate eu ligula a, vehicula malesuada enim. Curabitur aliquet rutrum enim et tincidunt. Vestibulum ante ipsum primis in faucibus orci luctus et ultrices posuere cubilia curae; Vivamus pharetra enim leo, nec molestie nibh consectetur quis. Class aptent taciti sociosqu ad litora torquent per conubia nostra, per inceptos himenaeos. Nunc quis maximus elit, vitae pulvinar urna. Integer at mi elit. Phasellus vitae rutrum sem. Vivamus et mauris ac nisl congue congue eu eget elit. Nullam at quam velit. Pellentesque dictum, diam nec tempor aliquet, tortor justo fermentum sapien, at condimentum turpis elit vel sapien. Aenean rutrum tellus sodales tortor viverra eleifend.

Donec facilisis, diam efficitur maximus ultrices, enim lectus rutrum elit, eget malesuada mi justo dapibus enim. Maecenas finibus euismod nulla quis dignissim. Sed dictum ante rutrum turpis euismod laoreet. Sed placerat tellus leo. In ut lobortis lorem. Nullam vitae lectus egestas urna tincidunt aliquet. Ut sagittis vel enim eget malesuada. Cras in congue tortor. Interdum et malesuada fames ac ante ipsum primis in faucibus. Nunc tempus consequat neque, et eleifend nulla aliquam eu.",Author 228,13,nhung-cau-chuyen-truyen-cam-hung-i-will-be-better-dung-cam-thu-lai-lan-nua,NXB 228,2016,13
https://cdn1.fahasa.com/media/catalog/product/8/9/8938537634899.jpg,Mỗi Ngày Một Câu Chuyện - One Story A Day - 365 Câu Chuyện Truyền Cảm Hứng Được Viết Bởi Các Chuyên Gia Giáo Dục Hàng Đầu Canada - Tháng 7,29250,36,9780085481344,"Lorem ipsum dolor sit amet, consectetur adipiscing elit. Nam congue vel tellus non luctus. Vestibulum vitae nunc lorem. Sed lacinia lectus vel augue imperdiet ultricies. Donec id venenatis ex, vitae pretium ligula. Sed nulla eros, dignissim at feugiat non, posuere sit amet urna. Ut eu porttitor tellus. Cras eu massa nulla. Morbi porta fermentum elit eu iaculis. Pellentesque hendrerit venenatis purus at feugiat. Pellentesque vitae feugiat purus. Donec mattis rhoncus lacinia. Sed quam diam, molestie id laoreet eu, lacinia ac turpis. Cras tincidunt lobortis elit quis aliquam. Proin et massa libero.

Aliquam id pharetra arcu. Vivamus vitae mattis ligula. Sed efficitur urna vitae scelerisque tempor. Proin purus magna, vulputate eu ligula a, vehicula malesuada enim. Curabitur aliquet rutrum enim et tincidunt. Vestibulum ante ipsum primis in faucibus orci luctus et ultrices posuere cubilia curae; Vivamus pharetra enim leo, nec molestie nibh consectetur quis. Class aptent taciti sociosqu ad litora torquent per conubia nostra, per inceptos himenaeos. Nunc quis maximus elit, vitae pulvinar urna. Integer at mi elit. Phasellus vitae rutrum sem. Vivamus et mauris ac nisl congue congue eu eget elit. Nullam at quam velit. Pellentesque dictum, diam nec tempor aliquet, tortor justo fermentum sapien, at condimentum turpis elit vel sapien. Aenean rutrum tellus sodales tortor viverra eleifend.

Donec facilisis, diam efficitur maximus ultrices, enim lectus rutrum elit, eget malesuada mi justo dapibus enim. Maecenas finibus euismod nulla quis dignissim. Sed dictum ante rutrum turpis euismod laoreet. Sed placerat tellus leo. In ut lobortis lorem. Nullam vitae lectus egestas urna tincidunt aliquet. Ut sagittis vel enim eget malesuada. Cras in congue tortor. Interdum et malesuada fames ac ante ipsum primis in faucibus. Nunc tempus consequat neque, et eleifend nulla aliquam eu.",Author 229,5,moi-ngay-mot-cau-chuyen-one-story-a-day-365-cau-chuyen-truyen-cam-hung-uoc-viet-boi-cac-chuyen-gia-giao-duc-hang-au-canada-thang-7,NXB 229,2020,20
https://cdn1.fahasa.com/media/catalog/product/8/9/8938537634912.jpg,Mỗi Ngày Một Câu Chuyện - One Story A Day - 365 Câu Chuyện Truyền Cảm Hứng Được Viết Bởi Các Chuyên Gia Giáo Dục Hàng Đầu Canada - Tháng 9,29250,36,9780085481345,"Lorem ipsum dolor sit amet, consectetur adipiscing elit. Nam congue vel tellus non luctus. Vestibulum vitae nunc lorem. Sed lacinia lectus vel augue imperdiet ultricies. Donec id venenatis ex, vitae pretium ligula. Sed nulla eros, dignissim at feugiat non, posuere sit amet urna. Ut eu porttitor tellus. Cras eu massa nulla. Morbi porta fermentum elit eu iaculis. Pellentesque hendrerit venenatis purus at feugiat. Pellentesque vitae feugiat purus. Donec mattis rhoncus lacinia. Sed quam diam, molestie id laoreet eu, lacinia ac turpis. Cras tincidunt lobortis elit quis aliquam. Proin et massa libero.

Aliquam id pharetra arcu. Vivamus vitae mattis ligula. Sed efficitur urna vitae scelerisque tempor. Proin purus magna, vulputate eu ligula a, vehicula malesuada enim. Curabitur aliquet rutrum enim et tincidunt. Vestibulum ante ipsum primis in faucibus orci luctus et ultrices posuere cubilia curae; Vivamus pharetra enim leo, nec molestie nibh consectetur quis. Class aptent taciti sociosqu ad litora torquent per conubia nostra, per inceptos himenaeos. Nunc quis maximus elit, vitae pulvinar urna. Integer at mi elit. Phasellus vitae rutrum sem. Vivamus et mauris ac nisl congue congue eu eget elit. Nullam at quam velit. Pellentesque dictum, diam nec tempor aliquet, tortor justo fermentum sapien, at condimentum turpis elit vel sapien. Aenean rutrum tellus sodales tortor viverra eleifend.

Donec facilisis, diam efficitur maximus ultrices, enim lectus rutrum elit, eget malesuada mi justo dapibus enim. Maecenas finibus euismod nulla quis dignissim. Sed dictum ante rutrum turpis euismod laoreet. Sed placerat tellus leo. In ut lobortis lorem. Nullam vitae lectus egestas urna tincidunt aliquet. Ut sagittis vel enim eget malesuada. Cras in congue tortor. Interdum et malesuada fames ac ante ipsum primis in faucibus. Nunc tempus consequat neque, et eleifend nulla aliquam eu.",Author 230,6,moi-ngay-mot-cau-chuyen-one-story-a-day-365-cau-chuyen-truyen-cam-hung-uoc-viet-boi-cac-chuyen-gia-giao-duc-hang-au-canada-thang-9,NXB 230,2020,20
https://cdn1.fahasa.com/media/catalog/product/8/9/8938537634929.jpg,Mỗi Ngày Một Câu Chuyện - One Story A Day - 365 Câu Chuyện Truyền Cảm Hứng Được Viết Bởi Các Chuyên Gia Giáo Dục Hàng Đầu Canada - Tháng 10,29250,36,9780085481346,"Lorem ipsum dolor sit amet, consectetur adipiscing elit. Nam congue vel tellus non luctus. Vestibulum vitae nunc lorem. Sed lacinia lectus vel augue imperdiet ultricies. Donec id venenatis ex, vitae pretium ligula. Sed nulla eros, dignissim at feugiat non, posuere sit amet urna. Ut eu porttitor tellus. Cras eu massa nulla. Morbi porta fermentum elit eu iaculis. Pellentesque hendrerit venenatis purus at feugiat. Pellentesque vitae feugiat purus. Donec mattis rhoncus lacinia. Sed quam diam, molestie id laoreet eu, lacinia ac turpis. Cras tincidunt lobortis elit quis aliquam. Proin et massa libero.

Aliquam id pharetra arcu. Vivamus vitae mattis ligula. Sed efficitur urna vitae scelerisque tempor. Proin purus magna, vulputate eu ligula a, vehicula malesuada enim. Curabitur aliquet rutrum enim et tincidunt. Vestibulum ante ipsum primis in faucibus orci luctus et ultrices posuere cubilia curae; Vivamus pharetra enim leo, nec molestie nibh consectetur quis. Class aptent taciti sociosqu ad litora torquent per conubia nostra, per inceptos himenaeos. Nunc quis maximus elit, vitae pulvinar urna. Integer at mi elit. Phasellus vitae rutrum sem. Vivamus et mauris ac nisl congue congue eu eget elit. Nullam at quam velit. Pellentesque dictum, diam nec tempor aliquet, tortor justo fermentum sapien, at condimentum turpis elit vel sapien. Aenean rutrum tellus sodales tortor viverra eleifend.

Donec facilisis, diam efficitur maximus ultrices, enim lectus rutrum elit, eget malesuada mi justo dapibus enim. Maecenas finibus euismod nulla quis dignissim. Sed dictum ante rutrum turpis euismod laoreet. Sed placerat tellus leo. In ut lobortis lorem. Nullam vitae lectus egestas urna tincidunt aliquet. Ut sagittis vel enim eget malesuada. Cras in congue tortor. Interdum et malesuada fames ac ante ipsum primis in faucibus. Nunc tempus consequat neque, et eleifend nulla aliquam eu.",Author 231,16,moi-ngay-mot-cau-chuyen-one-story-a-day-365-cau-chuyen-truyen-cam-hung-uoc-viet-boi-cac-chuyen-gia-giao-duc-hang-au-canada-thang-10,NXB 231,2017,13
https://cdn1.fahasa.com/media/catalog/product/8/9/8936173841497.jpg,Mê Cung Phát Triển Tư Duy 2 (Càng Chơi Càng Thông Minh),68500,36,9780085481347,"Lorem ipsum dolor sit amet, consectetur adipiscing elit. Nam congue vel tellus non luctus. Vestibulum vitae nunc lorem. Sed lacinia lectus vel augue imperdiet ultricies. Donec id venenatis ex, vitae pretium ligula. Sed nulla eros, dignissim at feugiat non, posuere sit amet urna. Ut eu porttitor tellus. Cras eu massa nulla. Morbi porta fermentum elit eu iaculis. Pellentesque hendrerit venenatis purus at feugiat. Pellentesque vitae feugiat purus. Donec mattis rhoncus lacinia. Sed quam diam, molestie id laoreet eu, lacinia ac turpis. Cras tincidunt lobortis elit quis aliquam. Proin et massa libero.

Aliquam id pharetra arcu. Vivamus vitae mattis ligula. Sed efficitur urna vitae scelerisque tempor. Proin purus magna, vulputate eu ligula a, vehicula malesuada enim. Curabitur aliquet rutrum enim et tincidunt. Vestibulum ante ipsum primis in faucibus orci luctus et ultrices posuere cubilia curae; Vivamus pharetra enim leo, nec molestie nibh consectetur quis. Class aptent taciti sociosqu ad litora torquent per conubia nostra, per inceptos himenaeos. Nunc quis maximus elit, vitae pulvinar urna. Integer at mi elit. Phasellus vitae rutrum sem. Vivamus et mauris ac nisl congue congue eu eget elit. Nullam at quam velit. Pellentesque dictum, diam nec tempor aliquet, tortor justo fermentum sapien, at condimentum turpis elit vel sapien. Aenean rutrum tellus sodales tortor viverra eleifend.

Donec facilisis, diam efficitur maximus ultrices, enim lectus rutrum elit, eget malesuada mi justo dapibus enim. Maecenas finibus euismod nulla quis dignissim. Sed dictum ante rutrum turpis euismod laoreet. Sed placerat tellus leo. In ut lobortis lorem. Nullam vitae lectus egestas urna tincidunt aliquet. Ut sagittis vel enim eget malesuada. Cras in congue tortor. Interdum et malesuada fames ac ante ipsum primis in faucibus. Nunc tempus consequat neque, et eleifend nulla aliquam eu.",Author 232,3,me-cung-phat-trien-tu-duy-2-cang-choi-cang-thong-minh,NXB 232,2007,14
https://cdn1.fahasa.com/media/catalog/product/2/6/261225-3.jpg,Bút Chấm Đọc-Học Tiếng Anh Tân Việt - Cô Gia Sư Tiếng Anh Bản Xứ Tại Nhà - Phiên Bản 6 Sách (Dành Cho Trẻ Từ 0 Đến 6 Tuổi) - Tặng Kèm Sách Playtime In English - Level 3 - Happy Snowman - Người Tuyết Hạnh Phúc,1.094,36,9780085481348,"Lorem ipsum dolor sit amet, consectetur adipiscing elit. Nam congue vel tellus non luctus. Vestibulum vitae nunc lorem. Sed lacinia lectus vel augue imperdiet ultricies. Donec id venenatis ex, vitae pretium ligula. Sed nulla eros, dignissim at feugiat non, posuere sit amet urna. Ut eu porttitor tellus. Cras eu massa nulla. Morbi porta fermentum elit eu iaculis. Pellentesque hendrerit venenatis purus at feugiat. Pellentesque vitae feugiat purus. Donec mattis rhoncus lacinia. Sed quam diam, molestie id laoreet eu, lacinia ac turpis. Cras tincidunt lobortis elit quis aliquam. Proin et massa libero.

Aliquam id pharetra arcu. Vivamus vitae mattis ligula. Sed efficitur urna vitae scelerisque tempor. Proin purus magna, vulputate eu ligula a, vehicula malesuada enim. Curabitur aliquet rutrum enim et tincidunt. Vestibulum ante ipsum primis in faucibus orci luctus et ultrices posuere cubilia curae; Vivamus pharetra enim leo, nec molestie nibh consectetur quis. Class aptent taciti sociosqu ad litora torquent per conubia nostra, per inceptos himenaeos. Nunc quis maximus elit, vitae pulvinar urna. Integer at mi elit. Phasellus vitae rutrum sem. Vivamus et mauris ac nisl congue congue eu eget elit. Nullam at quam velit. Pellentesque dictum, diam nec tempor aliquet, tortor justo fermentum sapien, at condimentum turpis elit vel sapien. Aenean rutrum tellus sodales tortor viverra eleifend.

Donec facilisis, diam efficitur maximus ultrices, enim lectus rutrum elit, eget malesuada mi justo dapibus enim. Maecenas finibus euismod nulla quis dignissim. Sed dictum ante rutrum turpis euismod laoreet. Sed placerat tellus leo. In ut lobortis lorem. Nullam vitae lectus egestas urna tincidunt aliquet. Ut sagittis vel enim eget malesuada. Cras in congue tortor. Interdum et malesuada fames ac ante ipsum primis in faucibus. Nunc tempus consequat neque, et eleifend nulla aliquam eu.",Author 233,15,but-cham-oc-hoc-tieng-anh-tan-viet-co-gia-su-tieng-anh-ban-xu-tai-nha-phien-ban-6-sach-danh-cho-tre-tu-0-en-6-tuoi-tang-kem-sach-playtime-in-english-level-3-happy-snowman-nguoi-tuyet-hanh-phuc,NXB 233,2017,16
https://cdn1.fahasa.com/media/catalog/product/n/h/nhung-truyen-hay-viet-cho-thieu-nhi_phien-ban-sach-tranh_bo-nong-co-hieu_bia.jpg,Những Truyện Hay Viết Cho Thiếu Nhi - Phiên Bản Sách Tranh - Bồ Nông Có Hiếu,36000,36,9780085481349,"Lorem ipsum dolor sit amet, consectetur adipiscing elit. Nam congue vel tellus non luctus. Vestibulum vitae nunc lorem. Sed lacinia lectus vel augue imperdiet ultricies. Donec id venenatis ex, vitae pretium ligula. Sed nulla eros, dignissim at feugiat non, posuere sit amet urna. Ut eu porttitor tellus. Cras eu massa nulla. Morbi porta fermentum elit eu iaculis. Pellentesque hendrerit venenatis purus at feugiat. Pellentesque vitae feugiat purus. Donec mattis rhoncus lacinia. Sed quam diam, molestie id laoreet eu, lacinia ac turpis. Cras tincidunt lobortis elit quis aliquam. Proin et massa libero.

Aliquam id pharetra arcu. Vivamus vitae mattis ligula. Sed efficitur urna vitae scelerisque tempor. Proin purus magna, vulputate eu ligula a, vehicula malesuada enim. Curabitur aliquet rutrum enim et tincidunt. Vestibulum ante ipsum primis in faucibus orci luctus et ultrices posuere cubilia curae; Vivamus pharetra enim leo, nec molestie nibh consectetur quis. Class aptent taciti sociosqu ad litora torquent per conubia nostra, per inceptos himenaeos. Nunc quis maximus elit, vitae pulvinar urna. Integer at mi elit. Phasellus vitae rutrum sem. Vivamus et mauris ac nisl congue congue eu eget elit. Nullam at quam velit. Pellentesque dictum, diam nec tempor aliquet, tortor justo fermentum sapien, at condimentum turpis elit vel sapien. Aenean rutrum tellus sodales tortor viverra eleifend.

Donec facilisis, diam efficitur maximus ultrices, enim lectus rutrum elit, eget malesuada mi justo dapibus enim. Maecenas finibus euismod nulla quis dignissim. Sed dictum ante rutrum turpis euismod laoreet. Sed placerat tellus leo. In ut lobortis lorem. Nullam vitae lectus egestas urna tincidunt aliquet. Ut sagittis vel enim eget malesuada. Cras in congue tortor. Interdum et malesuada fames ac ante ipsum primis in faucibus. Nunc tempus consequat neque, et eleifend nulla aliquam eu.",Author 234,13,nhung-truyen-hay-viet-cho-thieu-nhi-phien-ban-sach-tranh-bo-nong-co-hieu,NXB 234,2004,7
https://cdn1.fahasa.com/media/catalog/product/8/9/8935212362528.jpg,Sách Âm Thanh - Thế Giới Động Vật,299250,36,9780085481350,"Lorem ipsum dolor sit amet, consectetur adipiscing elit. Nam congue vel tellus non luctus. Vestibulum vitae nunc lorem. Sed lacinia lectus vel augue imperdiet ultricies. Donec id venenatis ex, vitae pretium ligula. Sed nulla eros, dignissim at feugiat non, posuere sit amet urna. Ut eu porttitor tellus. Cras eu massa nulla. Morbi porta fermentum elit eu iaculis. Pellentesque hendrerit venenatis purus at feugiat. Pellentesque vitae feugiat purus. Donec mattis rhoncus lacinia. Sed quam diam, molestie id laoreet eu, lacinia ac turpis. Cras tincidunt lobortis elit quis aliquam. Proin et massa libero.

Aliquam id pharetra arcu. Vivamus vitae mattis ligula. Sed efficitur urna vitae scelerisque tempor. Proin purus magna, vulputate eu ligula a, vehicula malesuada enim. Curabitur aliquet rutrum enim et tincidunt. Vestibulum ante ipsum primis in faucibus orci luctus et ultrices posuere cubilia curae; Vivamus pharetra enim leo, nec molestie nibh consectetur quis. Class aptent taciti sociosqu ad litora torquent per conubia nostra, per inceptos himenaeos. Nunc quis maximus elit, vitae pulvinar urna. Integer at mi elit. Phasellus vitae rutrum sem. Vivamus et mauris ac nisl congue congue eu eget elit. Nullam at quam velit. Pellentesque dictum, diam nec tempor aliquet, tortor justo fermentum sapien, at condimentum turpis elit vel sapien. Aenean rutrum tellus sodales tortor viverra eleifend.

Donec facilisis, diam efficitur maximus ultrices, enim lectus rutrum elit, eget malesuada mi justo dapibus enim. Maecenas finibus euismod nulla quis dignissim. Sed dictum ante rutrum turpis euismod laoreet. Sed placerat tellus leo. In ut lobortis lorem. Nullam vitae lectus egestas urna tincidunt aliquet. Ut sagittis vel enim eget malesuada. Cras in congue tortor. Interdum et malesuada fames ac ante ipsum primis in faucibus. Nunc tempus consequat neque, et eleifend nulla aliquam eu.",Author 235,13,sach-am-thanh-the-gioi-ong-vat,NXB 235,2004,18
https://cdn1.fahasa.com/media/catalog/product/8/9/8935230010449.jpg,Bé Dán Dán Đón Tết Rộn Ràng - Du Xuân Nhộn Nhịp,33000,36,9780085481351,"Lorem ipsum dolor sit amet, consectetur adipiscing elit. Nam congue vel tellus non luctus. Vestibulum vitae nunc lorem. Sed lacinia lectus vel augue imperdiet ultricies. Donec id venenatis ex, vitae pretium ligula. Sed nulla eros, dignissim at feugiat non, posuere sit amet urna. Ut eu porttitor tellus. Cras eu massa nulla. Morbi porta fermentum elit eu iaculis. Pellentesque hendrerit venenatis purus at feugiat. Pellentesque vitae feugiat purus. Donec mattis rhoncus lacinia. Sed quam diam, molestie id laoreet eu, lacinia ac turpis. Cras tincidunt lobortis elit quis aliquam. Proin et massa libero.

Aliquam id pharetra arcu. Vivamus vitae mattis ligula. Sed efficitur urna vitae scelerisque tempor. Proin purus magna, vulputate eu ligula a, vehicula malesuada enim. Curabitur aliquet rutrum enim et tincidunt. Vestibulum ante ipsum primis in faucibus orci luctus et ultrices posuere cubilia curae; Vivamus pharetra enim leo, nec molestie nibh consectetur quis. Class aptent taciti sociosqu ad litora torquent per conubia nostra, per inceptos himenaeos. Nunc quis maximus elit, vitae pulvinar urna. Integer at mi elit. Phasellus vitae rutrum sem. Vivamus et mauris ac nisl congue congue eu eget elit. Nullam at quam velit. Pellentesque dictum, diam nec tempor aliquet, tortor justo fermentum sapien, at condimentum turpis elit vel sapien. Aenean rutrum tellus sodales tortor viverra eleifend.

Donec facilisis, diam efficitur maximus ultrices, enim lectus rutrum elit, eget malesuada mi justo dapibus enim. Maecenas finibus euismod nulla quis dignissim. Sed dictum ante rutrum turpis euismod laoreet. Sed placerat tellus leo. In ut lobortis lorem. Nullam vitae lectus egestas urna tincidunt aliquet. Ut sagittis vel enim eget malesuada. Cras in congue tortor. Interdum et malesuada fames ac ante ipsum primis in faucibus. Nunc tempus consequat neque, et eleifend nulla aliquam eu.",Author 236,13,be-dan-dan-on-tet-ron-rang-du-xuan-nhon-nhip,NXB 236,2003,19
https://cdn1.fahasa.com/media/catalog/product/8/9/8936067610277.jpg,100 Câu Hỏi Phát Triển Trí Tuệ Cho Trẻ - Dành Cho Trẻ 3 Tuổi,37500,36,9780085481352,"Lorem ipsum dolor sit amet, consectetur adipiscing elit. Nam congue vel tellus non luctus. Vestibulum vitae nunc lorem. Sed lacinia lectus vel augue imperdiet ultricies. Donec id venenatis ex, vitae pretium ligula. Sed nulla eros, dignissim at feugiat non, posuere sit amet urna. Ut eu porttitor tellus. Cras eu massa nulla. Morbi porta fermentum elit eu iaculis. Pellentesque hendrerit venenatis purus at feugiat. Pellentesque vitae feugiat purus. Donec mattis rhoncus lacinia. Sed quam diam, molestie id laoreet eu, lacinia ac turpis. Cras tincidunt lobortis elit quis aliquam. Proin et massa libero.

Aliquam id pharetra arcu. Vivamus vitae mattis ligula. Sed efficitur urna vitae scelerisque tempor. Proin purus magna, vulputate eu ligula a, vehicula malesuada enim. Curabitur aliquet rutrum enim et tincidunt. Vestibulum ante ipsum primis in faucibus orci luctus et ultrices posuere cubilia curae; Vivamus pharetra enim leo, nec molestie nibh consectetur quis. Class aptent taciti sociosqu ad litora torquent per conubia nostra, per inceptos himenaeos. Nunc quis maximus elit, vitae pulvinar urna. Integer at mi elit. Phasellus vitae rutrum sem. Vivamus et mauris ac nisl congue congue eu eget elit. Nullam at quam velit. Pellentesque dictum, diam nec tempor aliquet, tortor justo fermentum sapien, at condimentum turpis elit vel sapien. Aenean rutrum tellus sodales tortor viverra eleifend.

Donec facilisis, diam efficitur maximus ultrices, enim lectus rutrum elit, eget malesuada mi justo dapibus enim. Maecenas finibus euismod nulla quis dignissim. Sed dictum ante rutrum turpis euismod laoreet. Sed placerat tellus leo. In ut lobortis lorem. Nullam vitae lectus egestas urna tincidunt aliquet. Ut sagittis vel enim eget malesuada. Cras in congue tortor. Interdum et malesuada fames ac ante ipsum primis in faucibus. Nunc tempus consequat neque, et eleifend nulla aliquam eu.",Author 237,5,100-cau-hoi-phat-trien-tri-tue-cho-tre-danh-cho-tre-3-tuoi,NXB 237,2002,18
https://cdn1.fahasa.com/media/catalog/product/8/9/8935212374590.jpg,"Đọc Sách Ngày Xuân, Quây Quần Đón Tết - Pháo Hoa Đêm Giao Thừa",66750,36,9780085481353,"Lorem ipsum dolor sit amet, consectetur adipiscing elit. Nam congue vel tellus non luctus. Vestibulum vitae nunc lorem. Sed lacinia lectus vel augue imperdiet ultricies. Donec id venenatis ex, vitae pretium ligula. Sed nulla eros, dignissim at feugiat non, posuere sit amet urna. Ut eu porttitor tellus. Cras eu massa nulla. Morbi porta fermentum elit eu iaculis. Pellentesque hendrerit venenatis purus at feugiat. Pellentesque vitae feugiat purus. Donec mattis rhoncus lacinia. Sed quam diam, molestie id laoreet eu, lacinia ac turpis. Cras tincidunt lobortis elit quis aliquam. Proin et massa libero.

Aliquam id pharetra arcu. Vivamus vitae mattis ligula. Sed efficitur urna vitae scelerisque tempor. Proin purus magna, vulputate eu ligula a, vehicula malesuada enim. Curabitur aliquet rutrum enim et tincidunt. Vestibulum ante ipsum primis in faucibus orci luctus et ultrices posuere cubilia curae; Vivamus pharetra enim leo, nec molestie nibh consectetur quis. Class aptent taciti sociosqu ad litora torquent per conubia nostra, per inceptos himenaeos. Nunc quis maximus elit, vitae pulvinar urna. Integer at mi elit. Phasellus vitae rutrum sem. Vivamus et mauris ac nisl congue congue eu eget elit. Nullam at quam velit. Pellentesque dictum, diam nec tempor aliquet, tortor justo fermentum sapien, at condimentum turpis elit vel sapien. Aenean rutrum tellus sodales tortor viverra eleifend.

Donec facilisis, diam efficitur maximus ultrices, enim lectus rutrum elit, eget malesuada mi justo dapibus enim. Maecenas finibus euismod nulla quis dignissim. Sed dictum ante rutrum turpis euismod laoreet. Sed placerat tellus leo. In ut lobortis lorem. Nullam vitae lectus egestas urna tincidunt aliquet. Ut sagittis vel enim eget malesuada. Cras in congue tortor. Interdum et malesuada fames ac ante ipsum primis in faucibus. Nunc tempus consequat neque, et eleifend nulla aliquam eu.",Author 238,9,oc-sach-ngay-xuan-quay-quan-on-tet-phao-hoa-em-giao-thua,NXB 238,2004,4
https://cdn1.fahasa.com/media/catalog/product/8/9/8935212357517.jpg,EQ - IQ Giúp Trẻ Làm Chủ Cảm Xúc - Cảm Mến,25500,36,9780085481354,"Lorem ipsum dolor sit amet, consectetur adipiscing elit. Nam congue vel tellus non luctus. Vestibulum vitae nunc lorem. Sed lacinia lectus vel augue imperdiet ultricies. Donec id venenatis ex, vitae pretium ligula. Sed nulla eros, dignissim at feugiat non, posuere sit amet urna. Ut eu porttitor tellus. Cras eu massa nulla. Morbi porta fermentum elit eu iaculis. Pellentesque hendrerit venenatis purus at feugiat. Pellentesque vitae feugiat purus. Donec mattis rhoncus lacinia. Sed quam diam, molestie id laoreet eu, lacinia ac turpis. Cras tincidunt lobortis elit quis aliquam. Proin et massa libero.

Aliquam id pharetra arcu. Vivamus vitae mattis ligula. Sed efficitur urna vitae scelerisque tempor. Proin purus magna, vulputate eu ligula a, vehicula malesuada enim. Curabitur aliquet rutrum enim et tincidunt. Vestibulum ante ipsum primis in faucibus orci luctus et ultrices posuere cubilia curae; Vivamus pharetra enim leo, nec molestie nibh consectetur quis. Class aptent taciti sociosqu ad litora torquent per conubia nostra, per inceptos himenaeos. Nunc quis maximus elit, vitae pulvinar urna. Integer at mi elit. Phasellus vitae rutrum sem. Vivamus et mauris ac nisl congue congue eu eget elit. Nullam at quam velit. Pellentesque dictum, diam nec tempor aliquet, tortor justo fermentum sapien, at condimentum turpis elit vel sapien. Aenean rutrum tellus sodales tortor viverra eleifend.

Donec facilisis, diam efficitur maximus ultrices, enim lectus rutrum elit, eget malesuada mi justo dapibus enim. Maecenas finibus euismod nulla quis dignissim. Sed dictum ante rutrum turpis euismod laoreet. Sed placerat tellus leo. In ut lobortis lorem. Nullam vitae lectus egestas urna tincidunt aliquet. Ut sagittis vel enim eget malesuada. Cras in congue tortor. Interdum et malesuada fames ac ante ipsum primis in faucibus. Nunc tempus consequat neque, et eleifend nulla aliquam eu.",Author 239,19,eq-iq-giup-tre-lam-chu-cam-xuc-cam-men,NXB 239,2022,19
https://cdn1.fahasa.com/media/catalog/product/8/9/8935212357982.jpg,90++ Trò Chơi Phát Triển Chỉ Số Iq Cho Bé - Các Loài Khủng Long,70000,36,9780085481355,"Lorem ipsum dolor sit amet, consectetur adipiscing elit. Nam congue vel tellus non luctus. Vestibulum vitae nunc lorem. Sed lacinia lectus vel augue imperdiet ultricies. Donec id venenatis ex, vitae pretium ligula. Sed nulla eros, dignissim at feugiat non, posuere sit amet urna. Ut eu porttitor tellus. Cras eu massa nulla. Morbi porta fermentum elit eu iaculis. Pellentesque hendrerit venenatis purus at feugiat. Pellentesque vitae feugiat purus. Donec mattis rhoncus lacinia. Sed quam diam, molestie id laoreet eu, lacinia ac turpis. Cras tincidunt lobortis elit quis aliquam. Proin et massa libero.

Aliquam id pharetra arcu. Vivamus vitae mattis ligula. Sed efficitur urna vitae scelerisque tempor. Proin purus magna, vulputate eu ligula a, vehicula malesuada enim. Curabitur aliquet rutrum enim et tincidunt. Vestibulum ante ipsum primis in faucibus orci luctus et ultrices posuere cubilia curae; Vivamus pharetra enim leo, nec molestie nibh consectetur quis. Class aptent taciti sociosqu ad litora torquent per conubia nostra, per inceptos himenaeos. Nunc quis maximus elit, vitae pulvinar urna. Integer at mi elit. Phasellus vitae rutrum sem. Vivamus et mauris ac nisl congue congue eu eget elit. Nullam at quam velit. Pellentesque dictum, diam nec tempor aliquet, tortor justo fermentum sapien, at condimentum turpis elit vel sapien. Aenean rutrum tellus sodales tortor viverra eleifend.

Donec facilisis, diam efficitur maximus ultrices, enim lectus rutrum elit, eget malesuada mi justo dapibus enim. Maecenas finibus euismod nulla quis dignissim. Sed dictum ante rutrum turpis euismod laoreet. Sed placerat tellus leo. In ut lobortis lorem. Nullam vitae lectus egestas urna tincidunt aliquet. Ut sagittis vel enim eget malesuada. Cras in congue tortor. Interdum et malesuada fames ac ante ipsum primis in faucibus. Nunc tempus consequat neque, et eleifend nulla aliquam eu.",Author 240,4,90-tro-choi-phat-trien-chi-so-iq-cho-be-cac-loai-khung-long,NXB 240,2003,4
https://cdn1.fahasa.com/media/catalog/product/u/n/untitled-7.jpg,Búp Sen Xanh - Bìa Cứng - Tặng Kèm Obi + Postcard Hành Trình Cứu Nước - Độc Quyền Fahasa,88000,35,9780085481356,"Lorem ipsum dolor sit amet, consectetur adipiscing elit. Nam congue vel tellus non luctus. Vestibulum vitae nunc lorem. Sed lacinia lectus vel augue imperdiet ultricies. Donec id venenatis ex, vitae pretium ligula. Sed nulla eros, dignissim at feugiat non, posuere sit amet urna. Ut eu porttitor tellus. Cras eu massa nulla. Morbi porta fermentum elit eu iaculis. Pellentesque hendrerit venenatis purus at feugiat. Pellentesque vitae feugiat purus. Donec mattis rhoncus lacinia. Sed quam diam, molestie id laoreet eu, lacinia ac turpis. Cras tincidunt lobortis elit quis aliquam. Proin et massa libero.

Aliquam id pharetra arcu. Vivamus vitae mattis ligula. Sed efficitur urna vitae scelerisque tempor. Proin purus magna, vulputate eu ligula a, vehicula malesuada enim. Curabitur aliquet rutrum enim et tincidunt. Vestibulum ante ipsum primis in faucibus orci luctus et ultrices posuere cubilia curae; Vivamus pharetra enim leo, nec molestie nibh consectetur quis. Class aptent taciti sociosqu ad litora torquent per conubia nostra, per inceptos himenaeos. Nunc quis maximus elit, vitae pulvinar urna. Integer at mi elit. Phasellus vitae rutrum sem. Vivamus et mauris ac nisl congue congue eu eget elit. Nullam at quam velit. Pellentesque dictum, diam nec tempor aliquet, tortor justo fermentum sapien, at condimentum turpis elit vel sapien. Aenean rutrum tellus sodales tortor viverra eleifend.

Donec facilisis, diam efficitur maximus ultrices, enim lectus rutrum elit, eget malesuada mi justo dapibus enim. Maecenas finibus euismod nulla quis dignissim. Sed dictum ante rutrum turpis euismod laoreet. Sed placerat tellus leo. In ut lobortis lorem. Nullam vitae lectus egestas urna tincidunt aliquet. Ut sagittis vel enim eget malesuada. Cras in congue tortor. Interdum et malesuada fames ac ante ipsum primis in faucibus. Nunc tempus consequat neque, et eleifend nulla aliquam eu.",Author 241,3,bup-sen-xanh-bia-cung-tang-kem-obi-postcard-hanh-trinh-cuu-nuoc-oc-quyen-fahasa,NXB 241,2008,14
https://cdn1.fahasa.com/media/catalog/product/8/9/8935244826487.jpg,Búp Sen Xanh (Tái Bản 2020),64500,35,9780085481357,"Lorem ipsum dolor sit amet, consectetur adipiscing elit. Nam congue vel tellus non luctus. Vestibulum vitae nunc lorem. Sed lacinia lectus vel augue imperdiet ultricies. Donec id venenatis ex, vitae pretium ligula. Sed nulla eros, dignissim at feugiat non, posuere sit amet urna. Ut eu porttitor tellus. Cras eu massa nulla. Morbi porta fermentum elit eu iaculis. Pellentesque hendrerit venenatis purus at feugiat. Pellentesque vitae feugiat purus. Donec mattis rhoncus lacinia. Sed quam diam, molestie id laoreet eu, lacinia ac turpis. Cras tincidunt lobortis elit quis aliquam. Proin et massa libero.

Aliquam id pharetra arcu. Vivamus vitae mattis ligula. Sed efficitur urna vitae scelerisque tempor. Proin purus magna, vulputate eu ligula a, vehicula malesuada enim. Curabitur aliquet rutrum enim et tincidunt. Vestibulum ante ipsum primis in faucibus orci luctus et ultrices posuere cubilia curae; Vivamus pharetra enim leo, nec molestie nibh consectetur quis. Class aptent taciti sociosqu ad litora torquent per conubia nostra, per inceptos himenaeos. Nunc quis maximus elit, vitae pulvinar urna. Integer at mi elit. Phasellus vitae rutrum sem. Vivamus et mauris ac nisl congue congue eu eget elit. Nullam at quam velit. Pellentesque dictum, diam nec tempor aliquet, tortor justo fermentum sapien, at condimentum turpis elit vel sapien. Aenean rutrum tellus sodales tortor viverra eleifend.

Donec facilisis, diam efficitur maximus ultrices, enim lectus rutrum elit, eget malesuada mi justo dapibus enim. Maecenas finibus euismod nulla quis dignissim. Sed dictum ante rutrum turpis euismod laoreet. Sed placerat tellus leo. In ut lobortis lorem. Nullam vitae lectus egestas urna tincidunt aliquet. Ut sagittis vel enim eget malesuada. Cras in congue tortor. Interdum et malesuada fames ac ante ipsum primis in faucibus. Nunc tempus consequat neque, et eleifend nulla aliquam eu.",Author 242,19,bup-sen-xanh-tai-ban-2020,NXB 242,2012,5
https://cdn1.fahasa.com/media/catalog/product/d/e/de-men-50k_1.jpg,Dế Mèn Phiêu Lưu Ký - Tái Bản 2020,45000,35,9780085481358,"Lorem ipsum dolor sit amet, consectetur adipiscing elit. Nam congue vel tellus non luctus. Vestibulum vitae nunc lorem. Sed lacinia lectus vel augue imperdiet ultricies. Donec id venenatis ex, vitae pretium ligula. Sed nulla eros, dignissim at feugiat non, posuere sit amet urna. Ut eu porttitor tellus. Cras eu massa nulla. Morbi porta fermentum elit eu iaculis. Pellentesque hendrerit venenatis purus at feugiat. Pellentesque vitae feugiat purus. Donec mattis rhoncus lacinia. Sed quam diam, molestie id laoreet eu, lacinia ac turpis. Cras tincidunt lobortis elit quis aliquam. Proin et massa libero.

Aliquam id pharetra arcu. Vivamus vitae mattis ligula. Sed efficitur urna vitae scelerisque tempor. Proin purus magna, vulputate eu ligula a, vehicula malesuada enim. Curabitur aliquet rutrum enim et tincidunt. Vestibulum ante ipsum primis in faucibus orci luctus et ultrices posuere cubilia curae; Vivamus pharetra enim leo, nec molestie nibh consectetur quis. Class aptent taciti sociosqu ad litora torquent per conubia nostra, per inceptos himenaeos. Nunc quis maximus elit, vitae pulvinar urna. Integer at mi elit. Phasellus vitae rutrum sem. Vivamus et mauris ac nisl congue congue eu eget elit. Nullam at quam velit. Pellentesque dictum, diam nec tempor aliquet, tortor justo fermentum sapien, at condimentum turpis elit vel sapien. Aenean rutrum tellus sodales tortor viverra eleifend.

Donec facilisis, diam efficitur maximus ultrices, enim lectus rutrum elit, eget malesuada mi justo dapibus enim. Maecenas finibus euismod nulla quis dignissim. Sed dictum ante rutrum turpis euismod laoreet. Sed placerat tellus leo. In ut lobortis lorem. Nullam vitae lectus egestas urna tincidunt aliquet. Ut sagittis vel enim eget malesuada. Cras in congue tortor. Interdum et malesuada fames ac ante ipsum primis in faucibus. Nunc tempus consequat neque, et eleifend nulla aliquam eu.",Author 243,10,de-men-phieu-luu-ky-tai-ban-2020,NXB 243,2006,4
https://cdn1.fahasa.com/media/catalog/product/i/m/image_187162.jpg,Tuổi Thơ Dữ Dội - Tập 1 (Tái Bản 2019),64000,35,9780085481359,"Lorem ipsum dolor sit amet, consectetur adipiscing elit. Nam congue vel tellus non luctus. Vestibulum vitae nunc lorem. Sed lacinia lectus vel augue imperdiet ultricies. Donec id venenatis ex, vitae pretium ligula. Sed nulla eros, dignissim at feugiat non, posuere sit amet urna. Ut eu porttitor tellus. Cras eu massa nulla. Morbi porta fermentum elit eu iaculis. Pellentesque hendrerit venenatis purus at feugiat. Pellentesque vitae feugiat purus. Donec mattis rhoncus lacinia. Sed quam diam, molestie id laoreet eu, lacinia ac turpis. Cras tincidunt lobortis elit quis aliquam. Proin et massa libero.

Aliquam id pharetra arcu. Vivamus vitae mattis ligula. Sed efficitur urna vitae scelerisque tempor. Proin purus magna, vulputate eu ligula a, vehicula malesuada enim. Curabitur aliquet rutrum enim et tincidunt. Vestibulum ante ipsum primis in faucibus orci luctus et ultrices posuere cubilia curae; Vivamus pharetra enim leo, nec molestie nibh consectetur quis. Class aptent taciti sociosqu ad litora torquent per conubia nostra, per inceptos himenaeos. Nunc quis maximus elit, vitae pulvinar urna. Integer at mi elit. Phasellus vitae rutrum sem. Vivamus et mauris ac nisl congue congue eu eget elit. Nullam at quam velit. Pellentesque dictum, diam nec tempor aliquet, tortor justo fermentum sapien, at condimentum turpis elit vel sapien. Aenean rutrum tellus sodales tortor viverra eleifend.

Donec facilisis, diam efficitur maximus ultrices, enim lectus rutrum elit, eget malesuada mi justo dapibus enim. Maecenas finibus euismod nulla quis dignissim. Sed dictum ante rutrum turpis euismod laoreet. Sed placerat tellus leo. In ut lobortis lorem. Nullam vitae lectus egestas urna tincidunt aliquet. Ut sagittis vel enim eget malesuada. Cras in congue tortor. Interdum et malesuada fames ac ante ipsum primis in faucibus. Nunc tempus consequat neque, et eleifend nulla aliquam eu.",Author 244,10,tuoi-tho-du-doi-tap-1-tai-ban-2019,NXB 244,2004,16
https://cdn1.fahasa.com/media/catalog/product/i/m/image_187163.jpg,Tuổi Thơ Dữ Dội - Tập 2 (Tái Bản 2019),64000,35,9780085481360,"Lorem ipsum dolor sit amet, consectetur adipiscing elit. Nam congue vel tellus non luctus. Vestibulum vitae nunc lorem. Sed lacinia lectus vel augue imperdiet ultricies. Donec id venenatis ex, vitae pretium ligula. Sed nulla eros, dignissim at feugiat non, posuere sit amet urna. Ut eu porttitor tellus. Cras eu massa nulla. Morbi porta fermentum elit eu iaculis. Pellentesque hendrerit venenatis purus at feugiat. Pellentesque vitae feugiat purus. Donec mattis rhoncus lacinia. Sed quam diam, molestie id laoreet eu, lacinia ac turpis. Cras tincidunt lobortis elit quis aliquam. Proin et massa libero.

Aliquam id pharetra arcu. Vivamus vitae mattis ligula. Sed efficitur urna vitae scelerisque tempor. Proin purus magna, vulputate eu ligula a, vehicula malesuada enim. Curabitur aliquet rutrum enim et tincidunt. Vestibulum ante ipsum primis in faucibus orci luctus et ultrices posuere cubilia curae; Vivamus pharetra enim leo, nec molestie nibh consectetur quis. Class aptent taciti sociosqu ad litora torquent per conubia nostra, per inceptos himenaeos. Nunc quis maximus elit, vitae pulvinar urna. Integer at mi elit. Phasellus vitae rutrum sem. Vivamus et mauris ac nisl congue congue eu eget elit. Nullam at quam velit. Pellentesque dictum, diam nec tempor aliquet, tortor justo fermentum sapien, at condimentum turpis elit vel sapien. Aenean rutrum tellus sodales tortor viverra eleifend.

Donec facilisis, diam efficitur maximus ultrices, enim lectus rutrum elit, eget malesuada mi justo dapibus enim. Maecenas finibus euismod nulla quis dignissim. Sed dictum ante rutrum turpis euismod laoreet. Sed placerat tellus leo. In ut lobortis lorem. Nullam vitae lectus egestas urna tincidunt aliquet. Ut sagittis vel enim eget malesuada. Cras in congue tortor. Interdum et malesuada fames ac ante ipsum primis in faucibus. Nunc tempus consequat neque, et eleifend nulla aliquam eu.",Author 245,9,tuoi-tho-du-doi-tap-2-tai-ban-2019,NXB 245,2023,8
https://cdn1.fahasa.com/media/catalog/product/i/m/image_187163.jpg,Tuổi Thơ Dữ Dội,128000,35,9780085481361,"Lorem ipsum dolor sit amet, consectetur adipiscing elit. Nam congue vel tellus non luctus. Vestibulum vitae nunc lorem. Sed lacinia lectus vel augue imperdiet ultricies. Donec id venenatis ex, vitae pretium ligula. Sed nulla eros, dignissim at feugiat non, posuere sit amet urna. Ut eu porttitor tellus. Cras eu massa nulla. Morbi porta fermentum elit eu iaculis. Pellentesque hendrerit venenatis purus at feugiat. Pellentesque vitae feugiat purus. Donec mattis rhoncus lacinia. Sed quam diam, molestie id laoreet eu, lacinia ac turpis. Cras tincidunt lobortis elit quis aliquam. Proin et massa libero.

Aliquam id pharetra arcu. Vivamus vitae mattis ligula. Sed efficitur urna vitae scelerisque tempor. Proin purus magna, vulputate eu ligula a, vehicula malesuada enim. Curabitur aliquet rutrum enim et tincidunt. Vestibulum ante ipsum primis in faucibus orci luctus et ultrices posuere cubilia curae; Vivamus pharetra enim leo, nec molestie nibh consectetur quis. Class aptent taciti sociosqu ad litora torquent per conubia nostra, per inceptos himenaeos. Nunc quis maximus elit, vitae pulvinar urna. Integer at mi elit. Phasellus vitae rutrum sem. Vivamus et mauris ac nisl congue congue eu eget elit. Nullam at quam velit. Pellentesque dictum, diam nec tempor aliquet, tortor justo fermentum sapien, at condimentum turpis elit vel sapien. Aenean rutrum tellus sodales tortor viverra eleifend.

Donec facilisis, diam efficitur maximus ultrices, enim lectus rutrum elit, eget malesuada mi justo dapibus enim. Maecenas finibus euismod nulla quis dignissim. Sed dictum ante rutrum turpis euismod laoreet. Sed placerat tellus leo. In ut lobortis lorem. Nullam vitae lectus egestas urna tincidunt aliquet. Ut sagittis vel enim eget malesuada. Cras in congue tortor. Interdum et malesuada fames ac ante ipsum primis in faucibus. Nunc tempus consequat neque, et eleifend nulla aliquam eu.",Author 246,12,tuoi-tho-du-doi,NXB 246,2001,11
https://cdn1.fahasa.com/media/catalog/product/i/m/image_195509_1_31011.jpg,Song Ngữ Việt - Anh - Diary Of A Wimpy Kid  - Nhật Ký Chú Bé Nhút Nhát - Tập 1,67200,35,9780085481362,"Lorem ipsum dolor sit amet, consectetur adipiscing elit. Nam congue vel tellus non luctus. Vestibulum vitae nunc lorem. Sed lacinia lectus vel augue imperdiet ultricies. Donec id venenatis ex, vitae pretium ligula. Sed nulla eros, dignissim at feugiat non, posuere sit amet urna. Ut eu porttitor tellus. Cras eu massa nulla. Morbi porta fermentum elit eu iaculis. Pellentesque hendrerit venenatis purus at feugiat. Pellentesque vitae feugiat purus. Donec mattis rhoncus lacinia. Sed quam diam, molestie id laoreet eu, lacinia ac turpis. Cras tincidunt lobortis elit quis aliquam. Proin et massa libero.

Aliquam id pharetra arcu. Vivamus vitae mattis ligula. Sed efficitur urna vitae scelerisque tempor. Proin purus magna, vulputate eu ligula a, vehicula malesuada enim. Curabitur aliquet rutrum enim et tincidunt. Vestibulum ante ipsum primis in faucibus orci luctus et ultrices posuere cubilia curae; Vivamus pharetra enim leo, nec molestie nibh consectetur quis. Class aptent taciti sociosqu ad litora torquent per conubia nostra, per inceptos himenaeos. Nunc quis maximus elit, vitae pulvinar urna. Integer at mi elit. Phasellus vitae rutrum sem. Vivamus et mauris ac nisl congue congue eu eget elit. Nullam at quam velit. Pellentesque dictum, diam nec tempor aliquet, tortor justo fermentum sapien, at condimentum turpis elit vel sapien. Aenean rutrum tellus sodales tortor viverra eleifend.

Donec facilisis, diam efficitur maximus ultrices, enim lectus rutrum elit, eget malesuada mi justo dapibus enim. Maecenas finibus euismod nulla quis dignissim. Sed dictum ante rutrum turpis euismod laoreet. Sed placerat tellus leo. In ut lobortis lorem. Nullam vitae lectus egestas urna tincidunt aliquet. Ut sagittis vel enim eget malesuada. Cras in congue tortor. Interdum et malesuada fames ac ante ipsum primis in faucibus. Nunc tempus consequat neque, et eleifend nulla aliquam eu.",Author 247,16,song-ngu-viet-anh-diary-of-a-wimpy-kid-nhat-ky-chu-be-nhut-nhat-tap-1,NXB 247,2014,16
https://cdn1.fahasa.com/media/catalog/product/c/o/combo-8935244827972-8935244827989.jpg,Combo Tuổi Thơ Dữ Dội - Tập 1 Và 2 (Tái Bản 2019) (Bộ 2 Tập),128000,35,9780085481363,"Lorem ipsum dolor sit amet, consectetur adipiscing elit. Nam congue vel tellus non luctus. Vestibulum vitae nunc lorem. Sed lacinia lectus vel augue imperdiet ultricies. Donec id venenatis ex, vitae pretium ligula. Sed nulla eros, dignissim at feugiat non, posuere sit amet urna. Ut eu porttitor tellus. Cras eu massa nulla. Morbi porta fermentum elit eu iaculis. Pellentesque hendrerit venenatis purus at feugiat. Pellentesque vitae feugiat purus. Donec mattis rhoncus lacinia. Sed quam diam, molestie id laoreet eu, lacinia ac turpis. Cras tincidunt lobortis elit quis aliquam. Proin et massa libero.

Aliquam id pharetra arcu. Vivamus vitae mattis ligula. Sed efficitur urna vitae scelerisque tempor. Proin purus magna, vulputate eu ligula a, vehicula malesuada enim. Curabitur aliquet rutrum enim et tincidunt. Vestibulum ante ipsum primis in faucibus orci luctus et ultrices posuere cubilia curae; Vivamus pharetra enim leo, nec molestie nibh consectetur quis. Class aptent taciti sociosqu ad litora torquent per conubia nostra, per inceptos himenaeos. Nunc quis maximus elit, vitae pulvinar urna. Integer at mi elit. Phasellus vitae rutrum sem. Vivamus et mauris ac nisl congue congue eu eget elit. Nullam at quam velit. Pellentesque dictum, diam nec tempor aliquet, tortor justo fermentum sapien, at condimentum turpis elit vel sapien. Aenean rutrum tellus sodales tortor viverra eleifend.

Donec facilisis, diam efficitur maximus ultrices, enim lectus rutrum elit, eget malesuada mi justo dapibus enim. Maecenas finibus euismod nulla quis dignissim. Sed dictum ante rutrum turpis euismod laoreet. Sed placerat tellus leo. In ut lobortis lorem. Nullam vitae lectus egestas urna tincidunt aliquet. Ut sagittis vel enim eget malesuada. Cras in congue tortor. Interdum et malesuada fames ac ante ipsum primis in faucibus. Nunc tempus consequat neque, et eleifend nulla aliquam eu.",Author 248,4,combo-tuoi-tho-du-doi-tap-1-va-2-tai-ban-2019-bo-2-tap,NXB 248,2008,5
https://cdn1.fahasa.com/media/catalog/product/i/m/image_223627.jpg,Nhật Ký Chú Bé Nhút Nhát - Tập 1 (Tái Bản),38500,35,9780085481364,"Lorem ipsum dolor sit amet, consectetur adipiscing elit. Nam congue vel tellus non luctus. Vestibulum vitae nunc lorem. Sed lacinia lectus vel augue imperdiet ultricies. Donec id venenatis ex, vitae pretium ligula. Sed nulla eros, dignissim at feugiat non, posuere sit amet urna. Ut eu porttitor tellus. Cras eu massa nulla. Morbi porta fermentum elit eu iaculis. Pellentesque hendrerit venenatis purus at feugiat. Pellentesque vitae feugiat purus. Donec mattis rhoncus lacinia. Sed quam diam, molestie id laoreet eu, lacinia ac turpis. Cras tincidunt lobortis elit quis aliquam. Proin et massa libero.

Aliquam id pharetra arcu. Vivamus vitae mattis ligula. Sed efficitur urna vitae scelerisque tempor. Proin purus magna, vulputate eu ligula a, vehicula malesuada enim. Curabitur aliquet rutrum enim et tincidunt. Vestibulum ante ipsum primis in faucibus orci luctus et ultrices posuere cubilia curae; Vivamus pharetra enim leo, nec molestie nibh consectetur quis. Class aptent taciti sociosqu ad litora torquent per conubia nostra, per inceptos himenaeos. Nunc quis maximus elit, vitae pulvinar urna. Integer at mi elit. Phasellus vitae rutrum sem. Vivamus et mauris ac nisl congue congue eu eget elit. Nullam at quam velit. Pellentesque dictum, diam nec tempor aliquet, tortor justo fermentum sapien, at condimentum turpis elit vel sapien. Aenean rutrum tellus sodales tortor viverra eleifend.

Donec facilisis, diam efficitur maximus ultrices, enim lectus rutrum elit, eget malesuada mi justo dapibus enim. Maecenas finibus euismod nulla quis dignissim. Sed dictum ante rutrum turpis euismod laoreet. Sed placerat tellus leo. In ut lobortis lorem. Nullam vitae lectus egestas urna tincidunt aliquet. Ut sagittis vel enim eget malesuada. Cras in congue tortor. Interdum et malesuada fames ac ante ipsum primis in faucibus. Nunc tempus consequat neque, et eleifend nulla aliquam eu.",Author 249,12,nhat-ky-chu-be-nhut-nhat-tap-1-tai-ban,NXB 249,2013,8
https://cdn1.fahasa.com/media/catalog/product/i/m/image_186943.jpg,Cái Tết Của Mèo Con (Tái Bản 2019),40500,35,9780085481365,"Lorem ipsum dolor sit amet, consectetur adipiscing elit. Nam congue vel tellus non luctus. Vestibulum vitae nunc lorem. Sed lacinia lectus vel augue imperdiet ultricies. Donec id venenatis ex, vitae pretium ligula. Sed nulla eros, dignissim at feugiat non, posuere sit amet urna. Ut eu porttitor tellus. Cras eu massa nulla. Morbi porta fermentum elit eu iaculis. Pellentesque hendrerit venenatis purus at feugiat. Pellentesque vitae feugiat purus. Donec mattis rhoncus lacinia. Sed quam diam, molestie id laoreet eu, lacinia ac turpis. Cras tincidunt lobortis elit quis aliquam. Proin et massa libero.

Aliquam id pharetra arcu. Vivamus vitae mattis ligula. Sed efficitur urna vitae scelerisque tempor. Proin purus magna, vulputate eu ligula a, vehicula malesuada enim. Curabitur aliquet rutrum enim et tincidunt. Vestibulum ante ipsum primis in faucibus orci luctus et ultrices posuere cubilia curae; Vivamus pharetra enim leo, nec molestie nibh consectetur quis. Class aptent taciti sociosqu ad litora torquent per conubia nostra, per inceptos himenaeos. Nunc quis maximus elit, vitae pulvinar urna. Integer at mi elit. Phasellus vitae rutrum sem. Vivamus et mauris ac nisl congue congue eu eget elit. Nullam at quam velit. Pellentesque dictum, diam nec tempor aliquet, tortor justo fermentum sapien, at condimentum turpis elit vel sapien. Aenean rutrum tellus sodales tortor viverra eleifend.

Donec facilisis, diam efficitur maximus ultrices, enim lectus rutrum elit, eget malesuada mi justo dapibus enim. Maecenas finibus euismod nulla quis dignissim. Sed dictum ante rutrum turpis euismod laoreet. Sed placerat tellus leo. In ut lobortis lorem. Nullam vitae lectus egestas urna tincidunt aliquet. Ut sagittis vel enim eget malesuada. Cras in congue tortor. Interdum et malesuada fames ac ante ipsum primis in faucibus. Nunc tempus consequat neque, et eleifend nulla aliquam eu.",Author 250,4,cai-tet-cua-meo-con-tai-ban-2019,NXB 250,2000,13
https://cdn1.fahasa.com/media/catalog/product/b/i/bia-1_6_6.jpg,Hoàng Tử Bé (Song Ngữ Việt-Anh),55300,35,9780085481366,"Lorem ipsum dolor sit amet, consectetur adipiscing elit. Nam congue vel tellus non luctus. Vestibulum vitae nunc lorem. Sed lacinia lectus vel augue imperdiet ultricies. Donec id venenatis ex, vitae pretium ligula. Sed nulla eros, dignissim at feugiat non, posuere sit amet urna. Ut eu porttitor tellus. Cras eu massa nulla. Morbi porta fermentum elit eu iaculis. Pellentesque hendrerit venenatis purus at feugiat. Pellentesque vitae feugiat purus. Donec mattis rhoncus lacinia. Sed quam diam, molestie id laoreet eu, lacinia ac turpis. Cras tincidunt lobortis elit quis aliquam. Proin et massa libero.

Aliquam id pharetra arcu. Vivamus vitae mattis ligula. Sed efficitur urna vitae scelerisque tempor. Proin purus magna, vulputate eu ligula a, vehicula malesuada enim. Curabitur aliquet rutrum enim et tincidunt. Vestibulum ante ipsum primis in faucibus orci luctus et ultrices posuere cubilia curae; Vivamus pharetra enim leo, nec molestie nibh consectetur quis. Class aptent taciti sociosqu ad litora torquent per conubia nostra, per inceptos himenaeos. Nunc quis maximus elit, vitae pulvinar urna. Integer at mi elit. Phasellus vitae rutrum sem. Vivamus et mauris ac nisl congue congue eu eget elit. Nullam at quam velit. Pellentesque dictum, diam nec tempor aliquet, tortor justo fermentum sapien, at condimentum turpis elit vel sapien. Aenean rutrum tellus sodales tortor viverra eleifend.

Donec facilisis, diam efficitur maximus ultrices, enim lectus rutrum elit, eget malesuada mi justo dapibus enim. Maecenas finibus euismod nulla quis dignissim. Sed dictum ante rutrum turpis euismod laoreet. Sed placerat tellus leo. In ut lobortis lorem. Nullam vitae lectus egestas urna tincidunt aliquet. Ut sagittis vel enim eget malesuada. Cras in congue tortor. Interdum et malesuada fames ac ante ipsum primis in faucibus. Nunc tempus consequat neque, et eleifend nulla aliquam eu.",Author 251,14,hoang-tu-be-song-ngu-viet-anh,NXB 251,2010,13
https://cdn1.fahasa.com/media/catalog/product/k/i/ki-niem-70-nam-chien-thang-dien-bien-phu_nhung-ki-uc-dien-bien_bia.jpg,Kỉ Niệm 70 Năm Chiến Thắng Điện Biên Phủ - Những Kí Ức Điện Biên,36000,35,9780085481367,"Lorem ipsum dolor sit amet, consectetur adipiscing elit. Nam congue vel tellus non luctus. Vestibulum vitae nunc lorem. Sed lacinia lectus vel augue imperdiet ultricies. Donec id venenatis ex, vitae pretium ligula. Sed nulla eros, dignissim at feugiat non, posuere sit amet urna. Ut eu porttitor tellus. Cras eu massa nulla. Morbi porta fermentum elit eu iaculis. Pellentesque hendrerit venenatis purus at feugiat. Pellentesque vitae feugiat purus. Donec mattis rhoncus lacinia. Sed quam diam, molestie id laoreet eu, lacinia ac turpis. Cras tincidunt lobortis elit quis aliquam. Proin et massa libero.

Aliquam id pharetra arcu. Vivamus vitae mattis ligula. Sed efficitur urna vitae scelerisque tempor. Proin purus magna, vulputate eu ligula a, vehicula malesuada enim. Curabitur aliquet rutrum enim et tincidunt. Vestibulum ante ipsum primis in faucibus orci luctus et ultrices posuere cubilia curae; Vivamus pharetra enim leo, nec molestie nibh consectetur quis. Class aptent taciti sociosqu ad litora torquent per conubia nostra, per inceptos himenaeos. Nunc quis maximus elit, vitae pulvinar urna. Integer at mi elit. Phasellus vitae rutrum sem. Vivamus et mauris ac nisl congue congue eu eget elit. Nullam at quam velit. Pellentesque dictum, diam nec tempor aliquet, tortor justo fermentum sapien, at condimentum turpis elit vel sapien. Aenean rutrum tellus sodales tortor viverra eleifend.

Donec facilisis, diam efficitur maximus ultrices, enim lectus rutrum elit, eget malesuada mi justo dapibus enim. Maecenas finibus euismod nulla quis dignissim. Sed dictum ante rutrum turpis euismod laoreet. Sed placerat tellus leo. In ut lobortis lorem. Nullam vitae lectus egestas urna tincidunt aliquet. Ut sagittis vel enim eget malesuada. Cras in congue tortor. Interdum et malesuada fames ac ante ipsum primis in faucibus. Nunc tempus consequat neque, et eleifend nulla aliquam eu.",Author 252,10,ki-niem-70-nam-chien-thang-ien-bien-phu-nhung-ki-uc-ien-bien,NXB 252,2024,12
https://cdn1.fahasa.com/media/catalog/product/k/i/kinh-van-hoa_bo-ki-niem-30-nam_boxset-01.jpg,Boxset Kính Vạn Hoa - Bộ Kỉ Niệm 30 Năm: Tập 1 - 6 (Hộp 6 Tập) - Tặng Kèm Sổ Tay Kính Vạn Hoa,204000,35,9780085481368,"Lorem ipsum dolor sit amet, consectetur adipiscing elit. Nam congue vel tellus non luctus. Vestibulum vitae nunc lorem. Sed lacinia lectus vel augue imperdiet ultricies. Donec id venenatis ex, vitae pretium ligula. Sed nulla eros, dignissim at feugiat non, posuere sit amet urna. Ut eu porttitor tellus. Cras eu massa nulla. Morbi porta fermentum elit eu iaculis. Pellentesque hendrerit venenatis purus at feugiat. Pellentesque vitae feugiat purus. Donec mattis rhoncus lacinia. Sed quam diam, molestie id laoreet eu, lacinia ac turpis. Cras tincidunt lobortis elit quis aliquam. Proin et massa libero.

Aliquam id pharetra arcu. Vivamus vitae mattis ligula. Sed efficitur urna vitae scelerisque tempor. Proin purus magna, vulputate eu ligula a, vehicula malesuada enim. Curabitur aliquet rutrum enim et tincidunt. Vestibulum ante ipsum primis in faucibus orci luctus et ultrices posuere cubilia curae; Vivamus pharetra enim leo, nec molestie nibh consectetur quis. Class aptent taciti sociosqu ad litora torquent per conubia nostra, per inceptos himenaeos. Nunc quis maximus elit, vitae pulvinar urna. Integer at mi elit. Phasellus vitae rutrum sem. Vivamus et mauris ac nisl congue congue eu eget elit. Nullam at quam velit. Pellentesque dictum, diam nec tempor aliquet, tortor justo fermentum sapien, at condimentum turpis elit vel sapien. Aenean rutrum tellus sodales tortor viverra eleifend.

Donec facilisis, diam efficitur maximus ultrices, enim lectus rutrum elit, eget malesuada mi justo dapibus enim. Maecenas finibus euismod nulla quis dignissim. Sed dictum ante rutrum turpis euismod laoreet. Sed placerat tellus leo. In ut lobortis lorem. Nullam vitae lectus egestas urna tincidunt aliquet. Ut sagittis vel enim eget malesuada. Cras in congue tortor. Interdum et malesuada fames ac ante ipsum primis in faucibus. Nunc tempus consequat neque, et eleifend nulla aliquam eu.",Author 253,14,boxset-kinh-van-hoa-bo-ki-niem-30-nam-tap-1-6-hop-6-tap-tang-kem-so-tay-kinh-van-hoa,NXB 253,2002,8
https://cdn1.fahasa.com/media/catalog/product/8/9/8935244868999.jpg,Tác Phẩm Chọn Lọc - Văn Học Pháp - Hoàng Tử Bé (Tái Bản),28000,35,9780085481369,"Lorem ipsum dolor sit amet, consectetur adipiscing elit. Nam congue vel tellus non luctus. Vestibulum vitae nunc lorem. Sed lacinia lectus vel augue imperdiet ultricies. Donec id venenatis ex, vitae pretium ligula. Sed nulla eros, dignissim at feugiat non, posuere sit amet urna. Ut eu porttitor tellus. Cras eu massa nulla. Morbi porta fermentum elit eu iaculis. Pellentesque hendrerit venenatis purus at feugiat. Pellentesque vitae feugiat purus. Donec mattis rhoncus lacinia. Sed quam diam, molestie id laoreet eu, lacinia ac turpis. Cras tincidunt lobortis elit quis aliquam. Proin et massa libero.

Aliquam id pharetra arcu. Vivamus vitae mattis ligula. Sed efficitur urna vitae scelerisque tempor. Proin purus magna, vulputate eu ligula a, vehicula malesuada enim. Curabitur aliquet rutrum enim et tincidunt. Vestibulum ante ipsum primis in faucibus orci luctus et ultrices posuere cubilia curae; Vivamus pharetra enim leo, nec molestie nibh consectetur quis. Class aptent taciti sociosqu ad litora torquent per conubia nostra, per inceptos himenaeos. Nunc quis maximus elit, vitae pulvinar urna. Integer at mi elit. Phasellus vitae rutrum sem. Vivamus et mauris ac nisl congue congue eu eget elit. Nullam at quam velit. Pellentesque dictum, diam nec tempor aliquet, tortor justo fermentum sapien, at condimentum turpis elit vel sapien. Aenean rutrum tellus sodales tortor viverra eleifend.

Donec facilisis, diam efficitur maximus ultrices, enim lectus rutrum elit, eget malesuada mi justo dapibus enim. Maecenas finibus euismod nulla quis dignissim. Sed dictum ante rutrum turpis euismod laoreet. Sed placerat tellus leo. In ut lobortis lorem. Nullam vitae lectus egestas urna tincidunt aliquet. Ut sagittis vel enim eget malesuada. Cras in congue tortor. Interdum et malesuada fames ac ante ipsum primis in faucibus. Nunc tempus consequat neque, et eleifend nulla aliquam eu.",Author 254,6,tac-pham-chon-loc-van-hoc-phap-hoang-tu-be-tai-ban,NXB 254,2014,3
https://cdn1.fahasa.com/media/catalog/product/u/n/untitled-1_65.jpg,Xứ Sở Miên Man - Tặng Kèm Bookmark,198000,35,9780085481370,"Lorem ipsum dolor sit amet, consectetur adipiscing elit. Nam congue vel tellus non luctus. Vestibulum vitae nunc lorem. Sed lacinia lectus vel augue imperdiet ultricies. Donec id venenatis ex, vitae pretium ligula. Sed nulla eros, dignissim at feugiat non, posuere sit amet urna. Ut eu porttitor tellus. Cras eu massa nulla. Morbi porta fermentum elit eu iaculis. Pellentesque hendrerit venenatis purus at feugiat. Pellentesque vitae feugiat purus. Donec mattis rhoncus lacinia. Sed quam diam, molestie id laoreet eu, lacinia ac turpis. Cras tincidunt lobortis elit quis aliquam. Proin et massa libero.

Aliquam id pharetra arcu. Vivamus vitae mattis ligula. Sed efficitur urna vitae scelerisque tempor. Proin purus magna, vulputate eu ligula a, vehicula malesuada enim. Curabitur aliquet rutrum enim et tincidunt. Vestibulum ante ipsum primis in faucibus orci luctus et ultrices posuere cubilia curae; Vivamus pharetra enim leo, nec molestie nibh consectetur quis. Class aptent taciti sociosqu ad litora torquent per conubia nostra, per inceptos himenaeos. Nunc quis maximus elit, vitae pulvinar urna. Integer at mi elit. Phasellus vitae rutrum sem. Vivamus et mauris ac nisl congue congue eu eget elit. Nullam at quam velit. Pellentesque dictum, diam nec tempor aliquet, tortor justo fermentum sapien, at condimentum turpis elit vel sapien. Aenean rutrum tellus sodales tortor viverra eleifend.

Donec facilisis, diam efficitur maximus ultrices, enim lectus rutrum elit, eget malesuada mi justo dapibus enim. Maecenas finibus euismod nulla quis dignissim. Sed dictum ante rutrum turpis euismod laoreet. Sed placerat tellus leo. In ut lobortis lorem. Nullam vitae lectus egestas urna tincidunt aliquet. Ut sagittis vel enim eget malesuada. Cras in congue tortor. Interdum et malesuada fames ac ante ipsum primis in faucibus. Nunc tempus consequat neque, et eleifend nulla aliquam eu.",Author 255,7,xu-so-mien-man-tang-kem-bookmark,NXB 255,2007,13
https://cdn1.fahasa.com/media/catalog/product/k/i/kinh-van-hoa_bo-ki-niem-30-nam_boxset-02.jpg,Boxset Kính Vạn Hoa - Bộ Kỉ Niệm 30 Năm: Tập 7 - 12 (Hộp 6 Tập) - Tặng Kèm Sổ Tay Kính Vạn Hoa,204000,35,9780085481371,"Lorem ipsum dolor sit amet, consectetur adipiscing elit. Nam congue vel tellus non luctus. Vestibulum vitae nunc lorem. Sed lacinia lectus vel augue imperdiet ultricies. Donec id venenatis ex, vitae pretium ligula. Sed nulla eros, dignissim at feugiat non, posuere sit amet urna. Ut eu porttitor tellus. Cras eu massa nulla. Morbi porta fermentum elit eu iaculis. Pellentesque hendrerit venenatis purus at feugiat. Pellentesque vitae feugiat purus. Donec mattis rhoncus lacinia. Sed quam diam, molestie id laoreet eu, lacinia ac turpis. Cras tincidunt lobortis elit quis aliquam. Proin et massa libero.

Aliquam id pharetra arcu. Vivamus vitae mattis ligula. Sed efficitur urna vitae scelerisque tempor. Proin purus magna, vulputate eu ligula a, vehicula malesuada enim. Curabitur aliquet rutrum enim et tincidunt. Vestibulum ante ipsum primis in faucibus orci luctus et ultrices posuere cubilia curae; Vivamus pharetra enim leo, nec molestie nibh consectetur quis. Class aptent taciti sociosqu ad litora torquent per conubia nostra, per inceptos himenaeos. Nunc quis maximus elit, vitae pulvinar urna. Integer at mi elit. Phasellus vitae rutrum sem. Vivamus et mauris ac nisl congue congue eu eget elit. Nullam at quam velit. Pellentesque dictum, diam nec tempor aliquet, tortor justo fermentum sapien, at condimentum turpis elit vel sapien. Aenean rutrum tellus sodales tortor viverra eleifend.

Donec facilisis, diam efficitur maximus ultrices, enim lectus rutrum elit, eget malesuada mi justo dapibus enim. Maecenas finibus euismod nulla quis dignissim. Sed dictum ante rutrum turpis euismod laoreet. Sed placerat tellus leo. In ut lobortis lorem. Nullam vitae lectus egestas urna tincidunt aliquet. Ut sagittis vel enim eget malesuada. Cras in congue tortor. Interdum et malesuada fames ac ante ipsum primis in faucibus. Nunc tempus consequat neque, et eleifend nulla aliquam eu.",Author 256,12,boxset-kinh-van-hoa-bo-ki-niem-30-nam-tap-7-12-hop-6-tap-tang-kem-so-tay-kinh-van-hoa,NXB 256,2000,19
https://cdn1.fahasa.com/media/catalog/product/n/h/nhat_ky_chu_be_nhut_nhat___tap_2_luat_cua_rodrick_1_2018_08_04_11_36_10.jpg,Nhật Ký Chú Bé Nhút Nhát - Tập 2: Luật Của Rodrick (Tái Bản),38500,35,9780085481372,"Lorem ipsum dolor sit amet, consectetur adipiscing elit. Nam congue vel tellus non luctus. Vestibulum vitae nunc lorem. Sed lacinia lectus vel augue imperdiet ultricies. Donec id venenatis ex, vitae pretium ligula. Sed nulla eros, dignissim at feugiat non, posuere sit amet urna. Ut eu porttitor tellus. Cras eu massa nulla. Morbi porta fermentum elit eu iaculis. Pellentesque hendrerit venenatis purus at feugiat. Pellentesque vitae feugiat purus. Donec mattis rhoncus lacinia. Sed quam diam, molestie id laoreet eu, lacinia ac turpis. Cras tincidunt lobortis elit quis aliquam. Proin et massa libero.

Aliquam id pharetra arcu. Vivamus vitae mattis ligula. Sed efficitur urna vitae scelerisque tempor. Proin purus magna, vulputate eu ligula a, vehicula malesuada enim. Curabitur aliquet rutrum enim et tincidunt. Vestibulum ante ipsum primis in faucibus orci luctus et ultrices posuere cubilia curae; Vivamus pharetra enim leo, nec molestie nibh consectetur quis. Class aptent taciti sociosqu ad litora torquent per conubia nostra, per inceptos himenaeos. Nunc quis maximus elit, vitae pulvinar urna. Integer at mi elit. Phasellus vitae rutrum sem. Vivamus et mauris ac nisl congue congue eu eget elit. Nullam at quam velit. Pellentesque dictum, diam nec tempor aliquet, tortor justo fermentum sapien, at condimentum turpis elit vel sapien. Aenean rutrum tellus sodales tortor viverra eleifend.

Donec facilisis, diam efficitur maximus ultrices, enim lectus rutrum elit, eget malesuada mi justo dapibus enim. Maecenas finibus euismod nulla quis dignissim. Sed dictum ante rutrum turpis euismod laoreet. Sed placerat tellus leo. In ut lobortis lorem. Nullam vitae lectus egestas urna tincidunt aliquet. Ut sagittis vel enim eget malesuada. Cras in congue tortor. Interdum et malesuada fames ac ante ipsum primis in faucibus. Nunc tempus consequat neque, et eleifend nulla aliquam eu.",Author 257,4,nhat-ky-chu-be-nhut-nhat-tap-2-luat-cua-rodrick-tai-ban,NXB 257,2013,14
https://cdn1.fahasa.com/media/catalog/product/c/o/cover-nkcbnn-20-02.jpg,Nhật Ký Chú Bé Nhút Nhát - Tập 20 - Chúa Tể Tiệc Tùng,38500,35,9780085481373,"Lorem ipsum dolor sit amet, consectetur adipiscing elit. Nam congue vel tellus non luctus. Vestibulum vitae nunc lorem. Sed lacinia lectus vel augue imperdiet ultricies. Donec id venenatis ex, vitae pretium ligula. Sed nulla eros, dignissim at feugiat non, posuere sit amet urna. Ut eu porttitor tellus. Cras eu massa nulla. Morbi porta fermentum elit eu iaculis. Pellentesque hendrerit venenatis purus at feugiat. Pellentesque vitae feugiat purus. Donec mattis rhoncus lacinia. Sed quam diam, molestie id laoreet eu, lacinia ac turpis. Cras tincidunt lobortis elit quis aliquam. Proin et massa libero.

Aliquam id pharetra arcu. Vivamus vitae mattis ligula. Sed efficitur urna vitae scelerisque tempor. Proin purus magna, vulputate eu ligula a, vehicula malesuada enim. Curabitur aliquet rutrum enim et tincidunt. Vestibulum ante ipsum primis in faucibus orci luctus et ultrices posuere cubilia curae; Vivamus pharetra enim leo, nec molestie nibh consectetur quis. Class aptent taciti sociosqu ad litora torquent per conubia nostra, per inceptos himenaeos. Nunc quis maximus elit, vitae pulvinar urna. Integer at mi elit. Phasellus vitae rutrum sem. Vivamus et mauris ac nisl congue congue eu eget elit. Nullam at quam velit. Pellentesque dictum, diam nec tempor aliquet, tortor justo fermentum sapien, at condimentum turpis elit vel sapien. Aenean rutrum tellus sodales tortor viverra eleifend.

Donec facilisis, diam efficitur maximus ultrices, enim lectus rutrum elit, eget malesuada mi justo dapibus enim. Maecenas finibus euismod nulla quis dignissim. Sed dictum ante rutrum turpis euismod laoreet. Sed placerat tellus leo. In ut lobortis lorem. Nullam vitae lectus egestas urna tincidunt aliquet. Ut sagittis vel enim eget malesuada. Cras in congue tortor. Interdum et malesuada fames ac ante ipsum primis in faucibus. Nunc tempus consequat neque, et eleifend nulla aliquam eu.",Author 258,17,nhat-ky-chu-be-nhut-nhat-tap-20-chua-te-tiec-tung,NXB 258,2000,20
https://cdn1.fahasa.com/media/catalog/product/i/m/image_195509_1_7128.jpg,Những Câu Chuyện Truyền Cảm Hứng - I Will Be Better - Con Sẽ Tự Giác,45000,35,9780085481374,"Lorem ipsum dolor sit amet, consectetur adipiscing elit. Nam congue vel tellus non luctus. Vestibulum vitae nunc lorem. Sed lacinia lectus vel augue imperdiet ultricies. Donec id venenatis ex, vitae pretium ligula. Sed nulla eros, dignissim at feugiat non, posuere sit amet urna. Ut eu porttitor tellus. Cras eu massa nulla. Morbi porta fermentum elit eu iaculis. Pellentesque hendrerit venenatis purus at feugiat. Pellentesque vitae feugiat purus. Donec mattis rhoncus lacinia. Sed quam diam, molestie id laoreet eu, lacinia ac turpis. Cras tincidunt lobortis elit quis aliquam. Proin et massa libero.

Aliquam id pharetra arcu. Vivamus vitae mattis ligula. Sed efficitur urna vitae scelerisque tempor. Proin purus magna, vulputate eu ligula a, vehicula malesuada enim. Curabitur aliquet rutrum enim et tincidunt. Vestibulum ante ipsum primis in faucibus orci luctus et ultrices posuere cubilia curae; Vivamus pharetra enim leo, nec molestie nibh consectetur quis. Class aptent taciti sociosqu ad litora torquent per conubia nostra, per inceptos himenaeos. Nunc quis maximus elit, vitae pulvinar urna. Integer at mi elit. Phasellus vitae rutrum sem. Vivamus et mauris ac nisl congue congue eu eget elit. Nullam at quam velit. Pellentesque dictum, diam nec tempor aliquet, tortor justo fermentum sapien, at condimentum turpis elit vel sapien. Aenean rutrum tellus sodales tortor viverra eleifend.

Donec facilisis, diam efficitur maximus ultrices, enim lectus rutrum elit, eget malesuada mi justo dapibus enim. Maecenas finibus euismod nulla quis dignissim. Sed dictum ante rutrum turpis euismod laoreet. Sed placerat tellus leo. In ut lobortis lorem. Nullam vitae lectus egestas urna tincidunt aliquet. Ut sagittis vel enim eget malesuada. Cras in congue tortor. Interdum et malesuada fames ac ante ipsum primis in faucibus. Nunc tempus consequat neque, et eleifend nulla aliquam eu.",Author 259,5,nhung-cau-chuyen-truyen-cam-hung-i-will-be-better-con-se-tu-giac,NXB 259,2013,15
https://cdn1.fahasa.com/media/catalog/product/i/m/image_182274.jpg,Dế Mèn Phiêu Lưu Ký (Tái Bản 2020),135000,35,9780085481375,"Lorem ipsum dolor sit amet, consectetur adipiscing elit. Nam congue vel tellus non luctus. Vestibulum vitae nunc lorem. Sed lacinia lectus vel augue imperdiet ultricies. Donec id venenatis ex, vitae pretium ligula. Sed nulla eros, dignissim at feugiat non, posuere sit amet urna. Ut eu porttitor tellus. Cras eu massa nulla. Morbi porta fermentum elit eu iaculis. Pellentesque hendrerit venenatis purus at feugiat. Pellentesque vitae feugiat purus. Donec mattis rhoncus lacinia. Sed quam diam, molestie id laoreet eu, lacinia ac turpis. Cras tincidunt lobortis elit quis aliquam. Proin et massa libero.

Aliquam id pharetra arcu. Vivamus vitae mattis ligula. Sed efficitur urna vitae scelerisque tempor. Proin purus magna, vulputate eu ligula a, vehicula malesuada enim. Curabitur aliquet rutrum enim et tincidunt. Vestibulum ante ipsum primis in faucibus orci luctus et ultrices posuere cubilia curae; Vivamus pharetra enim leo, nec molestie nibh consectetur quis. Class aptent taciti sociosqu ad litora torquent per conubia nostra, per inceptos himenaeos. Nunc quis maximus elit, vitae pulvinar urna. Integer at mi elit. Phasellus vitae rutrum sem. Vivamus et mauris ac nisl congue congue eu eget elit. Nullam at quam velit. Pellentesque dictum, diam nec tempor aliquet, tortor justo fermentum sapien, at condimentum turpis elit vel sapien. Aenean rutrum tellus sodales tortor viverra eleifend.

Donec facilisis, diam efficitur maximus ultrices, enim lectus rutrum elit, eget malesuada mi justo dapibus enim. Maecenas finibus euismod nulla quis dignissim. Sed dictum ante rutrum turpis euismod laoreet. Sed placerat tellus leo. In ut lobortis lorem. Nullam vitae lectus egestas urna tincidunt aliquet. Ut sagittis vel enim eget malesuada. Cras in congue tortor. Interdum et malesuada fames ac ante ipsum primis in faucibus. Nunc tempus consequat neque, et eleifend nulla aliquam eu.",Author 260,10,de-men-phieu-luu-ky-tai-ban-2020,NXB 260,2020,6
https://cdn1.fahasa.com/media/catalog/product/8/9/8935236429702.jpg,365 Truyện Kể Cho Bé Trước Khi Ngủ - Những Câu Truyện Nuôi Dưỡng EQ Cảm Xúc,56000,35,9780085481376,"Lorem ipsum dolor sit amet, consectetur adipiscing elit. Nam congue vel tellus non luctus. Vestibulum vitae nunc lorem. Sed lacinia lectus vel augue imperdiet ultricies. Donec id venenatis ex, vitae pretium ligula. Sed nulla eros, dignissim at feugiat non, posuere sit amet urna. Ut eu porttitor tellus. Cras eu massa nulla. Morbi porta fermentum elit eu iaculis. Pellentesque hendrerit venenatis purus at feugiat. Pellentesque vitae feugiat purus. Donec mattis rhoncus lacinia. Sed quam diam, molestie id laoreet eu, lacinia ac turpis. Cras tincidunt lobortis elit quis aliquam. Proin et massa libero.

Aliquam id pharetra arcu. Vivamus vitae mattis ligula. Sed efficitur urna vitae scelerisque tempor. Proin purus magna, vulputate eu ligula a, vehicula malesuada enim. Curabitur aliquet rutrum enim et tincidunt. Vestibulum ante ipsum primis in faucibus orci luctus et ultrices posuere cubilia curae; Vivamus pharetra enim leo, nec molestie nibh consectetur quis. Class aptent taciti sociosqu ad litora torquent per conubia nostra, per inceptos himenaeos. Nunc quis maximus elit, vitae pulvinar urna. Integer at mi elit. Phasellus vitae rutrum sem. Vivamus et mauris ac nisl congue congue eu eget elit. Nullam at quam velit. Pellentesque dictum, diam nec tempor aliquet, tortor justo fermentum sapien, at condimentum turpis elit vel sapien. Aenean rutrum tellus sodales tortor viverra eleifend.

Donec facilisis, diam efficitur maximus ultrices, enim lectus rutrum elit, eget malesuada mi justo dapibus enim. Maecenas finibus euismod nulla quis dignissim. Sed dictum ante rutrum turpis euismod laoreet. Sed placerat tellus leo. In ut lobortis lorem. Nullam vitae lectus egestas urna tincidunt aliquet. Ut sagittis vel enim eget malesuada. Cras in congue tortor. Interdum et malesuada fames ac ante ipsum primis in faucibus. Nunc tempus consequat neque, et eleifend nulla aliquam eu.",Author 261,5,365-truyen-ke-cho-be-truoc-khi-ngu-nhung-cau-truyen-nuoi-duong-eq-cam-xuc,NXB 261,2002,19
https://cdn1.fahasa.com/media/catalog/product/c/o/cover-nkcbnn-20-01.jpg,Diary Of A Wimpy Kid - Nhật Ký Chú Bé Nhút Nhát - Tập 20 - Chúa Tể Tiệc Tùng - Partypooper (Song Ngữ Việt-Anh),67200,35,9780085481377,"Lorem ipsum dolor sit amet, consectetur adipiscing elit. Nam congue vel tellus non luctus. Vestibulum vitae nunc lorem. Sed lacinia lectus vel augue imperdiet ultricies. Donec id venenatis ex, vitae pretium ligula. Sed nulla eros, dignissim at feugiat non, posuere sit amet urna. Ut eu porttitor tellus. Cras eu massa nulla. Morbi porta fermentum elit eu iaculis. Pellentesque hendrerit venenatis purus at feugiat. Pellentesque vitae feugiat purus. Donec mattis rhoncus lacinia. Sed quam diam, molestie id laoreet eu, lacinia ac turpis. Cras tincidunt lobortis elit quis aliquam. Proin et massa libero.

Aliquam id pharetra arcu. Vivamus vitae mattis ligula. Sed efficitur urna vitae scelerisque tempor. Proin purus magna, vulputate eu ligula a, vehicula malesuada enim. Curabitur aliquet rutrum enim et tincidunt. Vestibulum ante ipsum primis in faucibus orci luctus et ultrices posuere cubilia curae; Vivamus pharetra enim leo, nec molestie nibh consectetur quis. Class aptent taciti sociosqu ad litora torquent per conubia nostra, per inceptos himenaeos. Nunc quis maximus elit, vitae pulvinar urna. Integer at mi elit. Phasellus vitae rutrum sem. Vivamus et mauris ac nisl congue congue eu eget elit. Nullam at quam velit. Pellentesque dictum, diam nec tempor aliquet, tortor justo fermentum sapien, at condimentum turpis elit vel sapien. Aenean rutrum tellus sodales tortor viverra eleifend.

Donec facilisis, diam efficitur maximus ultrices, enim lectus rutrum elit, eget malesuada mi justo dapibus enim. Maecenas finibus euismod nulla quis dignissim. Sed dictum ante rutrum turpis euismod laoreet. Sed placerat tellus leo. In ut lobortis lorem. Nullam vitae lectus egestas urna tincidunt aliquet. Ut sagittis vel enim eget malesuada. Cras in congue tortor. Interdum et malesuada fames ac ante ipsum primis in faucibus. Nunc tempus consequat neque, et eleifend nulla aliquam eu.",Author 262,12,diary-of-a-wimpy-kid-nhat-ky-chu-be-nhut-nhat-tap-20-chua-te-tiec-tung-partypooper-song-ngu-viet-anh,NXB 262,2003,7
https://cdn1.fahasa.com/media/catalog/product/8/9/8935244879827.jpg,Kể Chuyện Tết Nguyên Đán (Tái Bản 2022),49500,35,9780085481378,"Lorem ipsum dolor sit amet, consectetur adipiscing elit. Nam congue vel tellus non luctus. Vestibulum vitae nunc lorem. Sed lacinia lectus vel augue imperdiet ultricies. Donec id venenatis ex, vitae pretium ligula. Sed nulla eros, dignissim at feugiat non, posuere sit amet urna. Ut eu porttitor tellus. Cras eu massa nulla. Morbi porta fermentum elit eu iaculis. Pellentesque hendrerit venenatis purus at feugiat. Pellentesque vitae feugiat purus. Donec mattis rhoncus lacinia. Sed quam diam, molestie id laoreet eu, lacinia ac turpis. Cras tincidunt lobortis elit quis aliquam. Proin et massa libero.

Aliquam id pharetra arcu. Vivamus vitae mattis ligula. Sed efficitur urna vitae scelerisque tempor. Proin purus magna, vulputate eu ligula a, vehicula malesuada enim. Curabitur aliquet rutrum enim et tincidunt. Vestibulum ante ipsum primis in faucibus orci luctus et ultrices posuere cubilia curae; Vivamus pharetra enim leo, nec molestie nibh consectetur quis. Class aptent taciti sociosqu ad litora torquent per conubia nostra, per inceptos himenaeos. Nunc quis maximus elit, vitae pulvinar urna. Integer at mi elit. Phasellus vitae rutrum sem. Vivamus et mauris ac nisl congue congue eu eget elit. Nullam at quam velit. Pellentesque dictum, diam nec tempor aliquet, tortor justo fermentum sapien, at condimentum turpis elit vel sapien. Aenean rutrum tellus sodales tortor viverra eleifend.

Donec facilisis, diam efficitur maximus ultrices, enim lectus rutrum elit, eget malesuada mi justo dapibus enim. Maecenas finibus euismod nulla quis dignissim. Sed dictum ante rutrum turpis euismod laoreet. Sed placerat tellus leo. In ut lobortis lorem. Nullam vitae lectus egestas urna tincidunt aliquet. Ut sagittis vel enim eget malesuada. Cras in congue tortor. Interdum et malesuada fames ac ante ipsum primis in faucibus. Nunc tempus consequat neque, et eleifend nulla aliquam eu.",Author 263,8,ke-chuyen-tet-nguyen-an-tai-ban-2022,NXB 263,2017,12
https://cdn1.fahasa.com/media/catalog/product/n/k/nkcbnn19sn.jpg,Diary Of A Wimpy Kid - Nhật Ký Chú Bé Nhút Nhát - Tập 19 - Mớ Bòng Bong - Hot Mess (Song Ngữ Việt-Anh),67200,35,9780085481379,"Lorem ipsum dolor sit amet, consectetur adipiscing elit. Nam congue vel tellus non luctus. Vestibulum vitae nunc lorem. Sed lacinia lectus vel augue imperdiet ultricies. Donec id venenatis ex, vitae pretium ligula. Sed nulla eros, dignissim at feugiat non, posuere sit amet urna. Ut eu porttitor tellus. Cras eu massa nulla. Morbi porta fermentum elit eu iaculis. Pellentesque hendrerit venenatis purus at feugiat. Pellentesque vitae feugiat purus. Donec mattis rhoncus lacinia. Sed quam diam, molestie id laoreet eu, lacinia ac turpis. Cras tincidunt lobortis elit quis aliquam. Proin et massa libero.

Aliquam id pharetra arcu. Vivamus vitae mattis ligula. Sed efficitur urna vitae scelerisque tempor. Proin purus magna, vulputate eu ligula a, vehicula malesuada enim. Curabitur aliquet rutrum enim et tincidunt. Vestibulum ante ipsum primis in faucibus orci luctus et ultrices posuere cubilia curae; Vivamus pharetra enim leo, nec molestie nibh consectetur quis. Class aptent taciti sociosqu ad litora torquent per conubia nostra, per inceptos himenaeos. Nunc quis maximus elit, vitae pulvinar urna. Integer at mi elit. Phasellus vitae rutrum sem. Vivamus et mauris ac nisl congue congue eu eget elit. Nullam at quam velit. Pellentesque dictum, diam nec tempor aliquet, tortor justo fermentum sapien, at condimentum turpis elit vel sapien. Aenean rutrum tellus sodales tortor viverra eleifend.

Donec facilisis, diam efficitur maximus ultrices, enim lectus rutrum elit, eget malesuada mi justo dapibus enim. Maecenas finibus euismod nulla quis dignissim. Sed dictum ante rutrum turpis euismod laoreet. Sed placerat tellus leo. In ut lobortis lorem. Nullam vitae lectus egestas urna tincidunt aliquet. Ut sagittis vel enim eget malesuada. Cras in congue tortor. Interdum et malesuada fames ac ante ipsum primis in faucibus. Nunc tempus consequat neque, et eleifend nulla aliquam eu.",Author 264,15,diary-of-a-wimpy-kid-nhat-ky-chu-be-nhut-nhat-tap-19-mo-bong-bong-hot-mess-song-ngu-viet-anh,NXB 264,2004,7
https://cdn1.fahasa.com/media/catalog/product/i/m/image_195509_1_31014.jpg,Song Ngữ Việt - Anh - Diary Of A Wimpy Kid  - Nhật Ký Chú Bé Nhút Nhát - Tập 4: Mùa Hè Tuyệt Vời - Dog Day,67200,35,9780085481380,"Lorem ipsum dolor sit amet, consectetur adipiscing elit. Nam congue vel tellus non luctus. Vestibulum vitae nunc lorem. Sed lacinia lectus vel augue imperdiet ultricies. Donec id venenatis ex, vitae pretium ligula. Sed nulla eros, dignissim at feugiat non, posuere sit amet urna. Ut eu porttitor tellus. Cras eu massa nulla. Morbi porta fermentum elit eu iaculis. Pellentesque hendrerit venenatis purus at feugiat. Pellentesque vitae feugiat purus. Donec mattis rhoncus lacinia. Sed quam diam, molestie id laoreet eu, lacinia ac turpis. Cras tincidunt lobortis elit quis aliquam. Proin et massa libero.

Aliquam id pharetra arcu. Vivamus vitae mattis ligula. Sed efficitur urna vitae scelerisque tempor. Proin purus magna, vulputate eu ligula a, vehicula malesuada enim. Curabitur aliquet rutrum enim et tincidunt. Vestibulum ante ipsum primis in faucibus orci luctus et ultrices posuere cubilia curae; Vivamus pharetra enim leo, nec molestie nibh consectetur quis. Class aptent taciti sociosqu ad litora torquent per conubia nostra, per inceptos himenaeos. Nunc quis maximus elit, vitae pulvinar urna. Integer at mi elit. Phasellus vitae rutrum sem. Vivamus et mauris ac nisl congue congue eu eget elit. Nullam at quam velit. Pellentesque dictum, diam nec tempor aliquet, tortor justo fermentum sapien, at condimentum turpis elit vel sapien. Aenean rutrum tellus sodales tortor viverra eleifend.

Donec facilisis, diam efficitur maximus ultrices, enim lectus rutrum elit, eget malesuada mi justo dapibus enim. Maecenas finibus euismod nulla quis dignissim. Sed dictum ante rutrum turpis euismod laoreet. Sed placerat tellus leo. In ut lobortis lorem. Nullam vitae lectus egestas urna tincidunt aliquet. Ut sagittis vel enim eget malesuada. Cras in congue tortor. Interdum et malesuada fames ac ante ipsum primis in faucibus. Nunc tempus consequat neque, et eleifend nulla aliquam eu.",Author 265,14,song-ngu-viet-anh-diary-of-a-wimpy-kid-nhat-ky-chu-be-nhut-nhat-tap-4-mua-he-tuyet-voi-dog-day,NXB 265,2002,6
https://cdn1.fahasa.com/media/catalog/product/o/-/o-noi-xa-tit-mu-khoi_tb-2025.jpg,Ở Nơi Xa Tít Mù Khơi (Tái Bản 2025),49500,35,9780085481381,"Lorem ipsum dolor sit amet, consectetur adipiscing elit. Nam congue vel tellus non luctus. Vestibulum vitae nunc lorem. Sed lacinia lectus vel augue imperdiet ultricies. Donec id venenatis ex, vitae pretium ligula. Sed nulla eros, dignissim at feugiat non, posuere sit amet urna. Ut eu porttitor tellus. Cras eu massa nulla. Morbi porta fermentum elit eu iaculis. Pellentesque hendrerit venenatis purus at feugiat. Pellentesque vitae feugiat purus. Donec mattis rhoncus lacinia. Sed quam diam, molestie id laoreet eu, lacinia ac turpis. Cras tincidunt lobortis elit quis aliquam. Proin et massa libero.

Aliquam id pharetra arcu. Vivamus vitae mattis ligula. Sed efficitur urna vitae scelerisque tempor. Proin purus magna, vulputate eu ligula a, vehicula malesuada enim. Curabitur aliquet rutrum enim et tincidunt. Vestibulum ante ipsum primis in faucibus orci luctus et ultrices posuere cubilia curae; Vivamus pharetra enim leo, nec molestie nibh consectetur quis. Class aptent taciti sociosqu ad litora torquent per conubia nostra, per inceptos himenaeos. Nunc quis maximus elit, vitae pulvinar urna. Integer at mi elit. Phasellus vitae rutrum sem. Vivamus et mauris ac nisl congue congue eu eget elit. Nullam at quam velit. Pellentesque dictum, diam nec tempor aliquet, tortor justo fermentum sapien, at condimentum turpis elit vel sapien. Aenean rutrum tellus sodales tortor viverra eleifend.

Donec facilisis, diam efficitur maximus ultrices, enim lectus rutrum elit, eget malesuada mi justo dapibus enim. Maecenas finibus euismod nulla quis dignissim. Sed dictum ante rutrum turpis euismod laoreet. Sed placerat tellus leo. In ut lobortis lorem. Nullam vitae lectus egestas urna tincidunt aliquet. Ut sagittis vel enim eget malesuada. Cras in congue tortor. Interdum et malesuada fames ac ante ipsum primis in faucibus. Nunc tempus consequat neque, et eleifend nulla aliquam eu.",Author 266,20,o-noi-xa-tit-mu-khoi-tai-ban-2025,NXB 266,2016,14
https://cdn1.fahasa.com/media/catalog/product/2/6/261225-1.jpg,"Sách Tết Mở Ra, Cả Nhà Rộn Rã - Thơ Tết Dành Cho Thiếu Nhi - Tặng Kèm Bao Thư + Sticker + Set 3 Bao Lì Xì + Sách Lịch Âm Dương Cát Tường 2026",36000,35,9780085481382,"Lorem ipsum dolor sit amet, consectetur adipiscing elit. Nam congue vel tellus non luctus. Vestibulum vitae nunc lorem. Sed lacinia lectus vel augue imperdiet ultricies. Donec id venenatis ex, vitae pretium ligula. Sed nulla eros, dignissim at feugiat non, posuere sit amet urna. Ut eu porttitor tellus. Cras eu massa nulla. Morbi porta fermentum elit eu iaculis. Pellentesque hendrerit venenatis purus at feugiat. Pellentesque vitae feugiat purus. Donec mattis rhoncus lacinia. Sed quam diam, molestie id laoreet eu, lacinia ac turpis. Cras tincidunt lobortis elit quis aliquam. Proin et massa libero.

Aliquam id pharetra arcu. Vivamus vitae mattis ligula. Sed efficitur urna vitae scelerisque tempor. Proin purus magna, vulputate eu ligula a, vehicula malesuada enim. Curabitur aliquet rutrum enim et tincidunt. Vestibulum ante ipsum primis in faucibus orci luctus et ultrices posuere cubilia curae; Vivamus pharetra enim leo, nec molestie nibh consectetur quis. Class aptent taciti sociosqu ad litora torquent per conubia nostra, per inceptos himenaeos. Nunc quis maximus elit, vitae pulvinar urna. Integer at mi elit. Phasellus vitae rutrum sem. Vivamus et mauris ac nisl congue congue eu eget elit. Nullam at quam velit. Pellentesque dictum, diam nec tempor aliquet, tortor justo fermentum sapien, at condimentum turpis elit vel sapien. Aenean rutrum tellus sodales tortor viverra eleifend.

Donec facilisis, diam efficitur maximus ultrices, enim lectus rutrum elit, eget malesuada mi justo dapibus enim. Maecenas finibus euismod nulla quis dignissim. Sed dictum ante rutrum turpis euismod laoreet. Sed placerat tellus leo. In ut lobortis lorem. Nullam vitae lectus egestas urna tincidunt aliquet. Ut sagittis vel enim eget malesuada. Cras in congue tortor. Interdum et malesuada fames ac ante ipsum primis in faucibus. Nunc tempus consequat neque, et eleifend nulla aliquam eu.",Author 267,19,sach-tet-mo-ra-ca-nha-ron-ra-tho-tet-danh-cho-thieu-nhi-tang-kem-bao-thu-sticker-set-3-bao-li-xi-sach-lich-am-duong-cat-tuong-2026,NXB 267,2005,4
https://cdn1.fahasa.com/media/catalog/product/6/2/622633691ddb484ea46f39f7921f3ebf.jpg,Bộ Sách Papelucho - Nhà Sử Học + Nhật Ký Bí Mật + Như Mồ Côi (Bộ 3 Tập) - Tặng Kèm Sổ Lưu Giữ Kí Ức - Độc Quyền Fahasa,141500,35,9780085481383,"Lorem ipsum dolor sit amet, consectetur adipiscing elit. Nam congue vel tellus non luctus. Vestibulum vitae nunc lorem. Sed lacinia lectus vel augue imperdiet ultricies. Donec id venenatis ex, vitae pretium ligula. Sed nulla eros, dignissim at feugiat non, posuere sit amet urna. Ut eu porttitor tellus. Cras eu massa nulla. Morbi porta fermentum elit eu iaculis. Pellentesque hendrerit venenatis purus at feugiat. Pellentesque vitae feugiat purus. Donec mattis rhoncus lacinia. Sed quam diam, molestie id laoreet eu, lacinia ac turpis. Cras tincidunt lobortis elit quis aliquam. Proin et massa libero.

Aliquam id pharetra arcu. Vivamus vitae mattis ligula. Sed efficitur urna vitae scelerisque tempor. Proin purus magna, vulputate eu ligula a, vehicula malesuada enim. Curabitur aliquet rutrum enim et tincidunt. Vestibulum ante ipsum primis in faucibus orci luctus et ultrices posuere cubilia curae; Vivamus pharetra enim leo, nec molestie nibh consectetur quis. Class aptent taciti sociosqu ad litora torquent per conubia nostra, per inceptos himenaeos. Nunc quis maximus elit, vitae pulvinar urna. Integer at mi elit. Phasellus vitae rutrum sem. Vivamus et mauris ac nisl congue congue eu eget elit. Nullam at quam velit. Pellentesque dictum, diam nec tempor aliquet, tortor justo fermentum sapien, at condimentum turpis elit vel sapien. Aenean rutrum tellus sodales tortor viverra eleifend.

Donec facilisis, diam efficitur maximus ultrices, enim lectus rutrum elit, eget malesuada mi justo dapibus enim. Maecenas finibus euismod nulla quis dignissim. Sed dictum ante rutrum turpis euismod laoreet. Sed placerat tellus leo. In ut lobortis lorem. Nullam vitae lectus egestas urna tincidunt aliquet. Ut sagittis vel enim eget malesuada. Cras in congue tortor. Interdum et malesuada fames ac ante ipsum primis in faucibus. Nunc tempus consequat neque, et eleifend nulla aliquam eu.",Author 268,13,bo-sach-papelucho-nha-su-hoc-nhat-ky-bi-mat-nhu-mo-coi-bo-3-tap-tang-kem-so-luu-giu-ki-uc-oc-quyen-fahasa,NXB 268,2004,20
https://cdn1.fahasa.com/media/catalog/product/b/_/b_a-_o_15_1.jpg,Xứ Sở Miên Man - Bản Siêu Đặc Biệt - Tặng Kèm 1 Bookmark,255500,35,9780085481384,"Lorem ipsum dolor sit amet, consectetur adipiscing elit. Nam congue vel tellus non luctus. Vestibulum vitae nunc lorem. Sed lacinia lectus vel augue imperdiet ultricies. Donec id venenatis ex, vitae pretium ligula. Sed nulla eros, dignissim at feugiat non, posuere sit amet urna. Ut eu porttitor tellus. Cras eu massa nulla. Morbi porta fermentum elit eu iaculis. Pellentesque hendrerit venenatis purus at feugiat. Pellentesque vitae feugiat purus. Donec mattis rhoncus lacinia. Sed quam diam, molestie id laoreet eu, lacinia ac turpis. Cras tincidunt lobortis elit quis aliquam. Proin et massa libero.

Aliquam id pharetra arcu. Vivamus vitae mattis ligula. Sed efficitur urna vitae scelerisque tempor. Proin purus magna, vulputate eu ligula a, vehicula malesuada enim. Curabitur aliquet rutrum enim et tincidunt. Vestibulum ante ipsum primis in faucibus orci luctus et ultrices posuere cubilia curae; Vivamus pharetra enim leo, nec molestie nibh consectetur quis. Class aptent taciti sociosqu ad litora torquent per conubia nostra, per inceptos himenaeos. Nunc quis maximus elit, vitae pulvinar urna. Integer at mi elit. Phasellus vitae rutrum sem. Vivamus et mauris ac nisl congue congue eu eget elit. Nullam at quam velit. Pellentesque dictum, diam nec tempor aliquet, tortor justo fermentum sapien, at condimentum turpis elit vel sapien. Aenean rutrum tellus sodales tortor viverra eleifend.

Donec facilisis, diam efficitur maximus ultrices, enim lectus rutrum elit, eget malesuada mi justo dapibus enim. Maecenas finibus euismod nulla quis dignissim. Sed dictum ante rutrum turpis euismod laoreet. Sed placerat tellus leo. In ut lobortis lorem. Nullam vitae lectus egestas urna tincidunt aliquet. Ut sagittis vel enim eget malesuada. Cras in congue tortor. Interdum et malesuada fames ac ante ipsum primis in faucibus. Nunc tempus consequat neque, et eleifend nulla aliquam eu.",Author 269,17,xu-so-mien-man-ban-sieu-ac-biet-tang-kem-1-bookmark,NXB 269,2016,10
https://cdn1.fahasa.com/media/catalog/product/i/m/image_195509_1_31012.jpg,Song Ngữ Việt - Anh - Diary Of A Wimpy Kid  - Nhật Ký Chú Bé Nhút Nhát - Tập 2: Luật Của Rodrick - Rodrick Rules,67200,35,9780085481385,"Lorem ipsum dolor sit amet, consectetur adipiscing elit. Nam congue vel tellus non luctus. Vestibulum vitae nunc lorem. Sed lacinia lectus vel augue imperdiet ultricies. Donec id venenatis ex, vitae pretium ligula. Sed nulla eros, dignissim at feugiat non, posuere sit amet urna. Ut eu porttitor tellus. Cras eu massa nulla. Morbi porta fermentum elit eu iaculis. Pellentesque hendrerit venenatis purus at feugiat. Pellentesque vitae feugiat purus. Donec mattis rhoncus lacinia. Sed quam diam, molestie id laoreet eu, lacinia ac turpis. Cras tincidunt lobortis elit quis aliquam. Proin et massa libero.

Aliquam id pharetra arcu. Vivamus vitae mattis ligula. Sed efficitur urna vitae scelerisque tempor. Proin purus magna, vulputate eu ligula a, vehicula malesuada enim. Curabitur aliquet rutrum enim et tincidunt. Vestibulum ante ipsum primis in faucibus orci luctus et ultrices posuere cubilia curae; Vivamus pharetra enim leo, nec molestie nibh consectetur quis. Class aptent taciti sociosqu ad litora torquent per conubia nostra, per inceptos himenaeos. Nunc quis maximus elit, vitae pulvinar urna. Integer at mi elit. Phasellus vitae rutrum sem. Vivamus et mauris ac nisl congue congue eu eget elit. Nullam at quam velit. Pellentesque dictum, diam nec tempor aliquet, tortor justo fermentum sapien, at condimentum turpis elit vel sapien. Aenean rutrum tellus sodales tortor viverra eleifend.

Donec facilisis, diam efficitur maximus ultrices, enim lectus rutrum elit, eget malesuada mi justo dapibus enim. Maecenas finibus euismod nulla quis dignissim. Sed dictum ante rutrum turpis euismod laoreet. Sed placerat tellus leo. In ut lobortis lorem. Nullam vitae lectus egestas urna tincidunt aliquet. Ut sagittis vel enim eget malesuada. Cras in congue tortor. Interdum et malesuada fames ac ante ipsum primis in faucibus. Nunc tempus consequat neque, et eleifend nulla aliquam eu.",Author 270,12,song-ngu-viet-anh-diary-of-a-wimpy-kid-nhat-ky-chu-be-nhut-nhat-tap-2-luat-cua-rodrick-rodrick-rules,NXB 270,2003,6
https://cdn1.fahasa.com/media/catalog/product/i/m/image_195509_1_31013.jpg,Song Ngữ Việt - Anh - Diary Of A Wimpy Kid  - Nhật Ký Chú Bé Nhút Nhát - Tập 3: Giọt Nước Tràn Ly - The Last Straw,67200,35,9780085481386,"Lorem ipsum dolor sit amet, consectetur adipiscing elit. Nam congue vel tellus non luctus. Vestibulum vitae nunc lorem. Sed lacinia lectus vel augue imperdiet ultricies. Donec id venenatis ex, vitae pretium ligula. Sed nulla eros, dignissim at feugiat non, posuere sit amet urna. Ut eu porttitor tellus. Cras eu massa nulla. Morbi porta fermentum elit eu iaculis. Pellentesque hendrerit venenatis purus at feugiat. Pellentesque vitae feugiat purus. Donec mattis rhoncus lacinia. Sed quam diam, molestie id laoreet eu, lacinia ac turpis. Cras tincidunt lobortis elit quis aliquam. Proin et massa libero.

Aliquam id pharetra arcu. Vivamus vitae mattis ligula. Sed efficitur urna vitae scelerisque tempor. Proin purus magna, vulputate eu ligula a, vehicula malesuada enim. Curabitur aliquet rutrum enim et tincidunt. Vestibulum ante ipsum primis in faucibus orci luctus et ultrices posuere cubilia curae; Vivamus pharetra enim leo, nec molestie nibh consectetur quis. Class aptent taciti sociosqu ad litora torquent per conubia nostra, per inceptos himenaeos. Nunc quis maximus elit, vitae pulvinar urna. Integer at mi elit. Phasellus vitae rutrum sem. Vivamus et mauris ac nisl congue congue eu eget elit. Nullam at quam velit. Pellentesque dictum, diam nec tempor aliquet, tortor justo fermentum sapien, at condimentum turpis elit vel sapien. Aenean rutrum tellus sodales tortor viverra eleifend.

Donec facilisis, diam efficitur maximus ultrices, enim lectus rutrum elit, eget malesuada mi justo dapibus enim. Maecenas finibus euismod nulla quis dignissim. Sed dictum ante rutrum turpis euismod laoreet. Sed placerat tellus leo. In ut lobortis lorem. Nullam vitae lectus egestas urna tincidunt aliquet. Ut sagittis vel enim eget malesuada. Cras in congue tortor. Interdum et malesuada fames ac ante ipsum primis in faucibus. Nunc tempus consequat neque, et eleifend nulla aliquam eu.",Author 271,17,song-ngu-viet-anh-diary-of-a-wimpy-kid-nhat-ky-chu-be-nhut-nhat-tap-3-giot-nuoc-tran-ly-the-last-straw,NXB 271,2008,14
https://cdn1.fahasa.com/media/catalog/product/i/m/image_237471.jpg,Múp Míp Mê Mẩn Múa May,80000,35,9780085481387,"Lorem ipsum dolor sit amet, consectetur adipiscing elit. Nam congue vel tellus non luctus. Vestibulum vitae nunc lorem. Sed lacinia lectus vel augue imperdiet ultricies. Donec id venenatis ex, vitae pretium ligula. Sed nulla eros, dignissim at feugiat non, posuere sit amet urna. Ut eu porttitor tellus. Cras eu massa nulla. Morbi porta fermentum elit eu iaculis. Pellentesque hendrerit venenatis purus at feugiat. Pellentesque vitae feugiat purus. Donec mattis rhoncus lacinia. Sed quam diam, molestie id laoreet eu, lacinia ac turpis. Cras tincidunt lobortis elit quis aliquam. Proin et massa libero.

Aliquam id pharetra arcu. Vivamus vitae mattis ligula. Sed efficitur urna vitae scelerisque tempor. Proin purus magna, vulputate eu ligula a, vehicula malesuada enim. Curabitur aliquet rutrum enim et tincidunt. Vestibulum ante ipsum primis in faucibus orci luctus et ultrices posuere cubilia curae; Vivamus pharetra enim leo, nec molestie nibh consectetur quis. Class aptent taciti sociosqu ad litora torquent per conubia nostra, per inceptos himenaeos. Nunc quis maximus elit, vitae pulvinar urna. Integer at mi elit. Phasellus vitae rutrum sem. Vivamus et mauris ac nisl congue congue eu eget elit. Nullam at quam velit. Pellentesque dictum, diam nec tempor aliquet, tortor justo fermentum sapien, at condimentum turpis elit vel sapien. Aenean rutrum tellus sodales tortor viverra eleifend.

Donec facilisis, diam efficitur maximus ultrices, enim lectus rutrum elit, eget malesuada mi justo dapibus enim. Maecenas finibus euismod nulla quis dignissim. Sed dictum ante rutrum turpis euismod laoreet. Sed placerat tellus leo. In ut lobortis lorem. Nullam vitae lectus egestas urna tincidunt aliquet. Ut sagittis vel enim eget malesuada. Cras in congue tortor. Interdum et malesuada fames ac ante ipsum primis in faucibus. Nunc tempus consequat neque, et eleifend nulla aliquam eu.",Author 272,19,mup-mip-me-man-mua-may,NXB 272,2008,14
https://cdn1.fahasa.com/media/catalog/product/i/m/image_196889_1.jpg,"Bên Suối, Bịt Tai Nghe Gió (Tái Bản 2025)",40500,35,9780085481388,"Lorem ipsum dolor sit amet, consectetur adipiscing elit. Nam congue vel tellus non luctus. Vestibulum vitae nunc lorem. Sed lacinia lectus vel augue imperdiet ultricies. Donec id venenatis ex, vitae pretium ligula. Sed nulla eros, dignissim at feugiat non, posuere sit amet urna. Ut eu porttitor tellus. Cras eu massa nulla. Morbi porta fermentum elit eu iaculis. Pellentesque hendrerit venenatis purus at feugiat. Pellentesque vitae feugiat purus. Donec mattis rhoncus lacinia. Sed quam diam, molestie id laoreet eu, lacinia ac turpis. Cras tincidunt lobortis elit quis aliquam. Proin et massa libero.

Aliquam id pharetra arcu. Vivamus vitae mattis ligula. Sed efficitur urna vitae scelerisque tempor. Proin purus magna, vulputate eu ligula a, vehicula malesuada enim. Curabitur aliquet rutrum enim et tincidunt. Vestibulum ante ipsum primis in faucibus orci luctus et ultrices posuere cubilia curae; Vivamus pharetra enim leo, nec molestie nibh consectetur quis. Class aptent taciti sociosqu ad litora torquent per conubia nostra, per inceptos himenaeos. Nunc quis maximus elit, vitae pulvinar urna. Integer at mi elit. Phasellus vitae rutrum sem. Vivamus et mauris ac nisl congue congue eu eget elit. Nullam at quam velit. Pellentesque dictum, diam nec tempor aliquet, tortor justo fermentum sapien, at condimentum turpis elit vel sapien. Aenean rutrum tellus sodales tortor viverra eleifend.

Donec facilisis, diam efficitur maximus ultrices, enim lectus rutrum elit, eget malesuada mi justo dapibus enim. Maecenas finibus euismod nulla quis dignissim. Sed dictum ante rutrum turpis euismod laoreet. Sed placerat tellus leo. In ut lobortis lorem. Nullam vitae lectus egestas urna tincidunt aliquet. Ut sagittis vel enim eget malesuada. Cras in congue tortor. Interdum et malesuada fames ac ante ipsum primis in faucibus. Nunc tempus consequat neque, et eleifend nulla aliquam eu.",Author 273,16,ben-suoi-bit-tai-nghe-gio-tai-ban-2025,NXB 273,2002,5
https://cdn1.fahasa.com/media/catalog/product/c/b/cbnn18-1_1.jpg,Diary Of A Wimpy Kid - Nhật Ký Chú Bé Nhút Nhát - Tập 18: Out Trình - No Brainer (Song Ngữ Việt-Anh),67200,35,9780085481389,"Lorem ipsum dolor sit amet, consectetur adipiscing elit. Nam congue vel tellus non luctus. Vestibulum vitae nunc lorem. Sed lacinia lectus vel augue imperdiet ultricies. Donec id venenatis ex, vitae pretium ligula. Sed nulla eros, dignissim at feugiat non, posuere sit amet urna. Ut eu porttitor tellus. Cras eu massa nulla. Morbi porta fermentum elit eu iaculis. Pellentesque hendrerit venenatis purus at feugiat. Pellentesque vitae feugiat purus. Donec mattis rhoncus lacinia. Sed quam diam, molestie id laoreet eu, lacinia ac turpis. Cras tincidunt lobortis elit quis aliquam. Proin et massa libero.

Aliquam id pharetra arcu. Vivamus vitae mattis ligula. Sed efficitur urna vitae scelerisque tempor. Proin purus magna, vulputate eu ligula a, vehicula malesuada enim. Curabitur aliquet rutrum enim et tincidunt. Vestibulum ante ipsum primis in faucibus orci luctus et ultrices posuere cubilia curae; Vivamus pharetra enim leo, nec molestie nibh consectetur quis. Class aptent taciti sociosqu ad litora torquent per conubia nostra, per inceptos himenaeos. Nunc quis maximus elit, vitae pulvinar urna. Integer at mi elit. Phasellus vitae rutrum sem. Vivamus et mauris ac nisl congue congue eu eget elit. Nullam at quam velit. Pellentesque dictum, diam nec tempor aliquet, tortor justo fermentum sapien, at condimentum turpis elit vel sapien. Aenean rutrum tellus sodales tortor viverra eleifend.

Donec facilisis, diam efficitur maximus ultrices, enim lectus rutrum elit, eget malesuada mi justo dapibus enim. Maecenas finibus euismod nulla quis dignissim. Sed dictum ante rutrum turpis euismod laoreet. Sed placerat tellus leo. In ut lobortis lorem. Nullam vitae lectus egestas urna tincidunt aliquet. Ut sagittis vel enim eget malesuada. Cras in congue tortor. Interdum et malesuada fames ac ante ipsum primis in faucibus. Nunc tempus consequat neque, et eleifend nulla aliquam eu.",Author 274,5,diary-of-a-wimpy-kid-nhat-ky-chu-be-nhut-nhat-tap-18-out-trinh-no-brainer-song-ngu-viet-anh,NXB 274,2000,3
https://cdn1.fahasa.com/media/catalog/product/c/h/chuyen-con-meo-day-hai-au-bay-01.jpg,Chuyện Con Mèo Dạy Hải Âu Bay (Tái Bản 2024),51000,35,9780085481390,"Lorem ipsum dolor sit amet, consectetur adipiscing elit. Nam congue vel tellus non luctus. Vestibulum vitae nunc lorem. Sed lacinia lectus vel augue imperdiet ultricies. Donec id venenatis ex, vitae pretium ligula. Sed nulla eros, dignissim at feugiat non, posuere sit amet urna. Ut eu porttitor tellus. Cras eu massa nulla. Morbi porta fermentum elit eu iaculis. Pellentesque hendrerit venenatis purus at feugiat. Pellentesque vitae feugiat purus. Donec mattis rhoncus lacinia. Sed quam diam, molestie id laoreet eu, lacinia ac turpis. Cras tincidunt lobortis elit quis aliquam. Proin et massa libero.

Aliquam id pharetra arcu. Vivamus vitae mattis ligula. Sed efficitur urna vitae scelerisque tempor. Proin purus magna, vulputate eu ligula a, vehicula malesuada enim. Curabitur aliquet rutrum enim et tincidunt. Vestibulum ante ipsum primis in faucibus orci luctus et ultrices posuere cubilia curae; Vivamus pharetra enim leo, nec molestie nibh consectetur quis. Class aptent taciti sociosqu ad litora torquent per conubia nostra, per inceptos himenaeos. Nunc quis maximus elit, vitae pulvinar urna. Integer at mi elit. Phasellus vitae rutrum sem. Vivamus et mauris ac nisl congue congue eu eget elit. Nullam at quam velit. Pellentesque dictum, diam nec tempor aliquet, tortor justo fermentum sapien, at condimentum turpis elit vel sapien. Aenean rutrum tellus sodales tortor viverra eleifend.

Donec facilisis, diam efficitur maximus ultrices, enim lectus rutrum elit, eget malesuada mi justo dapibus enim. Maecenas finibus euismod nulla quis dignissim. Sed dictum ante rutrum turpis euismod laoreet. Sed placerat tellus leo. In ut lobortis lorem. Nullam vitae lectus egestas urna tincidunt aliquet. Ut sagittis vel enim eget malesuada. Cras in congue tortor. Interdum et malesuada fames ac ante ipsum primis in faucibus. Nunc tempus consequat neque, et eleifend nulla aliquam eu.",Author 275,20,chuyen-con-meo-day-hai-au-bay-tai-ban-2024,NXB 275,2004,6
https://cdn1.fahasa.com/media/catalog/product/k/i/kinh-van-hoa_bo-ki-niem-30-nam_boxset-03.jpg,Boxset Kính Vạn Hoa - Bộ Kỉ Niệm 30 Năm: Tập 13 - 18 (Hộp 6 Tập) - Tặng Kèm Sổ Tay Kính Vạn Hoa,204000,35,9780085481391,"Lorem ipsum dolor sit amet, consectetur adipiscing elit. Nam congue vel tellus non luctus. Vestibulum vitae nunc lorem. Sed lacinia lectus vel augue imperdiet ultricies. Donec id venenatis ex, vitae pretium ligula. Sed nulla eros, dignissim at feugiat non, posuere sit amet urna. Ut eu porttitor tellus. Cras eu massa nulla. Morbi porta fermentum elit eu iaculis. Pellentesque hendrerit venenatis purus at feugiat. Pellentesque vitae feugiat purus. Donec mattis rhoncus lacinia. Sed quam diam, molestie id laoreet eu, lacinia ac turpis. Cras tincidunt lobortis elit quis aliquam. Proin et massa libero.

Aliquam id pharetra arcu. Vivamus vitae mattis ligula. Sed efficitur urna vitae scelerisque tempor. Proin purus magna, vulputate eu ligula a, vehicula malesuada enim. Curabitur aliquet rutrum enim et tincidunt. Vestibulum ante ipsum primis in faucibus orci luctus et ultrices posuere cubilia curae; Vivamus pharetra enim leo, nec molestie nibh consectetur quis. Class aptent taciti sociosqu ad litora torquent per conubia nostra, per inceptos himenaeos. Nunc quis maximus elit, vitae pulvinar urna. Integer at mi elit. Phasellus vitae rutrum sem. Vivamus et mauris ac nisl congue congue eu eget elit. Nullam at quam velit. Pellentesque dictum, diam nec tempor aliquet, tortor justo fermentum sapien, at condimentum turpis elit vel sapien. Aenean rutrum tellus sodales tortor viverra eleifend.

Donec facilisis, diam efficitur maximus ultrices, enim lectus rutrum elit, eget malesuada mi justo dapibus enim. Maecenas finibus euismod nulla quis dignissim. Sed dictum ante rutrum turpis euismod laoreet. Sed placerat tellus leo. In ut lobortis lorem. Nullam vitae lectus egestas urna tincidunt aliquet. Ut sagittis vel enim eget malesuada. Cras in congue tortor. Interdum et malesuada fames ac ante ipsum primis in faucibus. Nunc tempus consequat neque, et eleifend nulla aliquam eu.",Author 276,14,boxset-kinh-van-hoa-bo-ki-niem-30-nam-tap-13-18-hop-6-tap-tang-kem-so-tay-kinh-van-hoa,NXB 276,2005,11
https://cdn1.fahasa.com/media/catalog/product/i/m/image_236566_1.jpg,"Trên Đồi, Mở Mắt Và Mơ (Tái Bản 2025)",70000,35,9780085481392,"Lorem ipsum dolor sit amet, consectetur adipiscing elit. Nam congue vel tellus non luctus. Vestibulum vitae nunc lorem. Sed lacinia lectus vel augue imperdiet ultricies. Donec id venenatis ex, vitae pretium ligula. Sed nulla eros, dignissim at feugiat non, posuere sit amet urna. Ut eu porttitor tellus. Cras eu massa nulla. Morbi porta fermentum elit eu iaculis. Pellentesque hendrerit venenatis purus at feugiat. Pellentesque vitae feugiat purus. Donec mattis rhoncus lacinia. Sed quam diam, molestie id laoreet eu, lacinia ac turpis. Cras tincidunt lobortis elit quis aliquam. Proin et massa libero.

Aliquam id pharetra arcu. Vivamus vitae mattis ligula. Sed efficitur urna vitae scelerisque tempor. Proin purus magna, vulputate eu ligula a, vehicula malesuada enim. Curabitur aliquet rutrum enim et tincidunt. Vestibulum ante ipsum primis in faucibus orci luctus et ultrices posuere cubilia curae; Vivamus pharetra enim leo, nec molestie nibh consectetur quis. Class aptent taciti sociosqu ad litora torquent per conubia nostra, per inceptos himenaeos. Nunc quis maximus elit, vitae pulvinar urna. Integer at mi elit. Phasellus vitae rutrum sem. Vivamus et mauris ac nisl congue congue eu eget elit. Nullam at quam velit. Pellentesque dictum, diam nec tempor aliquet, tortor justo fermentum sapien, at condimentum turpis elit vel sapien. Aenean rutrum tellus sodales tortor viverra eleifend.

Donec facilisis, diam efficitur maximus ultrices, enim lectus rutrum elit, eget malesuada mi justo dapibus enim. Maecenas finibus euismod nulla quis dignissim. Sed dictum ante rutrum turpis euismod laoreet. Sed placerat tellus leo. In ut lobortis lorem. Nullam vitae lectus egestas urna tincidunt aliquet. Ut sagittis vel enim eget malesuada. Cras in congue tortor. Interdum et malesuada fames ac ante ipsum primis in faucibus. Nunc tempus consequat neque, et eleifend nulla aliquam eu.",Author 277,3,tren-oi-mo-mat-va-mo-tai-ban-2025,NXB 277,2008,14
https://cdn1.fahasa.com/media/catalog/product/i/m/image_195509_1_5341.jpg,Lĩnh Nam Chích Quái (Tái Bản 2019),315000,35,9780085481393,"Lorem ipsum dolor sit amet, consectetur adipiscing elit. Nam congue vel tellus non luctus. Vestibulum vitae nunc lorem. Sed lacinia lectus vel augue imperdiet ultricies. Donec id venenatis ex, vitae pretium ligula. Sed nulla eros, dignissim at feugiat non, posuere sit amet urna. Ut eu porttitor tellus. Cras eu massa nulla. Morbi porta fermentum elit eu iaculis. Pellentesque hendrerit venenatis purus at feugiat. Pellentesque vitae feugiat purus. Donec mattis rhoncus lacinia. Sed quam diam, molestie id laoreet eu, lacinia ac turpis. Cras tincidunt lobortis elit quis aliquam. Proin et massa libero.

Aliquam id pharetra arcu. Vivamus vitae mattis ligula. Sed efficitur urna vitae scelerisque tempor. Proin purus magna, vulputate eu ligula a, vehicula malesuada enim. Curabitur aliquet rutrum enim et tincidunt. Vestibulum ante ipsum primis in faucibus orci luctus et ultrices posuere cubilia curae; Vivamus pharetra enim leo, nec molestie nibh consectetur quis. Class aptent taciti sociosqu ad litora torquent per conubia nostra, per inceptos himenaeos. Nunc quis maximus elit, vitae pulvinar urna. Integer at mi elit. Phasellus vitae rutrum sem. Vivamus et mauris ac nisl congue congue eu eget elit. Nullam at quam velit. Pellentesque dictum, diam nec tempor aliquet, tortor justo fermentum sapien, at condimentum turpis elit vel sapien. Aenean rutrum tellus sodales tortor viverra eleifend.

Donec facilisis, diam efficitur maximus ultrices, enim lectus rutrum elit, eget malesuada mi justo dapibus enim. Maecenas finibus euismod nulla quis dignissim. Sed dictum ante rutrum turpis euismod laoreet. Sed placerat tellus leo. In ut lobortis lorem. Nullam vitae lectus egestas urna tincidunt aliquet. Ut sagittis vel enim eget malesuada. Cras in congue tortor. Interdum et malesuada fames ac ante ipsum primis in faucibus. Nunc tempus consequat neque, et eleifend nulla aliquam eu.",Author 278,9,linh-nam-chich-quai-tai-ban-2019,NXB 278,2016,4
https://cdn1.fahasa.com/media/catalog/product/i/m/image_239003.jpg,Song Ngữ Việt - Anh - Diary Of A Wimpy Kid - Nhật Ký Chú Bé Nhút Nhát - Tập 13: Đại Chiến Trên Tuyết - The Meltdown,67200,35,9780085481394,"Lorem ipsum dolor sit amet, consectetur adipiscing elit. Nam congue vel tellus non luctus. Vestibulum vitae nunc lorem. Sed lacinia lectus vel augue imperdiet ultricies. Donec id venenatis ex, vitae pretium ligula. Sed nulla eros, dignissim at feugiat non, posuere sit amet urna. Ut eu porttitor tellus. Cras eu massa nulla. Morbi porta fermentum elit eu iaculis. Pellentesque hendrerit venenatis purus at feugiat. Pellentesque vitae feugiat purus. Donec mattis rhoncus lacinia. Sed quam diam, molestie id laoreet eu, lacinia ac turpis. Cras tincidunt lobortis elit quis aliquam. Proin et massa libero.

Aliquam id pharetra arcu. Vivamus vitae mattis ligula. Sed efficitur urna vitae scelerisque tempor. Proin purus magna, vulputate eu ligula a, vehicula malesuada enim. Curabitur aliquet rutrum enim et tincidunt. Vestibulum ante ipsum primis in faucibus orci luctus et ultrices posuere cubilia curae; Vivamus pharetra enim leo, nec molestie nibh consectetur quis. Class aptent taciti sociosqu ad litora torquent per conubia nostra, per inceptos himenaeos. Nunc quis maximus elit, vitae pulvinar urna. Integer at mi elit. Phasellus vitae rutrum sem. Vivamus et mauris ac nisl congue congue eu eget elit. Nullam at quam velit. Pellentesque dictum, diam nec tempor aliquet, tortor justo fermentum sapien, at condimentum turpis elit vel sapien. Aenean rutrum tellus sodales tortor viverra eleifend.

Donec facilisis, diam efficitur maximus ultrices, enim lectus rutrum elit, eget malesuada mi justo dapibus enim. Maecenas finibus euismod nulla quis dignissim. Sed dictum ante rutrum turpis euismod laoreet. Sed placerat tellus leo. In ut lobortis lorem. Nullam vitae lectus egestas urna tincidunt aliquet. Ut sagittis vel enim eget malesuada. Cras in congue tortor. Interdum et malesuada fames ac ante ipsum primis in faucibus. Nunc tempus consequat neque, et eleifend nulla aliquam eu.",Author 279,14,song-ngu-viet-anh-diary-of-a-wimpy-kid-nhat-ky-chu-be-nhut-nhat-tap-13-ai-chien-tren-tuyet-the-meltdown,NXB 279,2010,11
https://cdn1.fahasa.com/media/catalog/product/8/9/8938537634417.jpg,Nhật Ký Chú Bé Nhút Nhát - Tập 15: The Deep End - Cái Kết Khó Lường (Song Ngữ Việt-Anh),67200,35,9780085481395,"Lorem ipsum dolor sit amet, consectetur adipiscing elit. Nam congue vel tellus non luctus. Vestibulum vitae nunc lorem. Sed lacinia lectus vel augue imperdiet ultricies. Donec id venenatis ex, vitae pretium ligula. Sed nulla eros, dignissim at feugiat non, posuere sit amet urna. Ut eu porttitor tellus. Cras eu massa nulla. Morbi porta fermentum elit eu iaculis. Pellentesque hendrerit venenatis purus at feugiat. Pellentesque vitae feugiat purus. Donec mattis rhoncus lacinia. Sed quam diam, molestie id laoreet eu, lacinia ac turpis. Cras tincidunt lobortis elit quis aliquam. Proin et massa libero.

Aliquam id pharetra arcu. Vivamus vitae mattis ligula. Sed efficitur urna vitae scelerisque tempor. Proin purus magna, vulputate eu ligula a, vehicula malesuada enim. Curabitur aliquet rutrum enim et tincidunt. Vestibulum ante ipsum primis in faucibus orci luctus et ultrices posuere cubilia curae; Vivamus pharetra enim leo, nec molestie nibh consectetur quis. Class aptent taciti sociosqu ad litora torquent per conubia nostra, per inceptos himenaeos. Nunc quis maximus elit, vitae pulvinar urna. Integer at mi elit. Phasellus vitae rutrum sem. Vivamus et mauris ac nisl congue congue eu eget elit. Nullam at quam velit. Pellentesque dictum, diam nec tempor aliquet, tortor justo fermentum sapien, at condimentum turpis elit vel sapien. Aenean rutrum tellus sodales tortor viverra eleifend.

Donec facilisis, diam efficitur maximus ultrices, enim lectus rutrum elit, eget malesuada mi justo dapibus enim. Maecenas finibus euismod nulla quis dignissim. Sed dictum ante rutrum turpis euismod laoreet. Sed placerat tellus leo. In ut lobortis lorem. Nullam vitae lectus egestas urna tincidunt aliquet. Ut sagittis vel enim eget malesuada. Cras in congue tortor. Interdum et malesuada fames ac ante ipsum primis in faucibus. Nunc tempus consequat neque, et eleifend nulla aliquam eu.",Author 280,18,nhat-ky-chu-be-nhut-nhat-tap-15-the-deep-end-cai-ket-kho-luong-song-ngu-viet-anh,NXB 280,2012,9
https://cdn1.fahasa.com/media/catalog/product/i/m/image_219998.jpg,Charlie Và Nhà Máy Sô Cô La (Tái Bản 2021),54000,35,9780085481396,"Lorem ipsum dolor sit amet, consectetur adipiscing elit. Nam congue vel tellus non luctus. Vestibulum vitae nunc lorem. Sed lacinia lectus vel augue imperdiet ultricies. Donec id venenatis ex, vitae pretium ligula. Sed nulla eros, dignissim at feugiat non, posuere sit amet urna. Ut eu porttitor tellus. Cras eu massa nulla. Morbi porta fermentum elit eu iaculis. Pellentesque hendrerit venenatis purus at feugiat. Pellentesque vitae feugiat purus. Donec mattis rhoncus lacinia. Sed quam diam, molestie id laoreet eu, lacinia ac turpis. Cras tincidunt lobortis elit quis aliquam. Proin et massa libero.

Aliquam id pharetra arcu. Vivamus vitae mattis ligula. Sed efficitur urna vitae scelerisque tempor. Proin purus magna, vulputate eu ligula a, vehicula malesuada enim. Curabitur aliquet rutrum enim et tincidunt. Vestibulum ante ipsum primis in faucibus orci luctus et ultrices posuere cubilia curae; Vivamus pharetra enim leo, nec molestie nibh consectetur quis. Class aptent taciti sociosqu ad litora torquent per conubia nostra, per inceptos himenaeos. Nunc quis maximus elit, vitae pulvinar urna. Integer at mi elit. Phasellus vitae rutrum sem. Vivamus et mauris ac nisl congue congue eu eget elit. Nullam at quam velit. Pellentesque dictum, diam nec tempor aliquet, tortor justo fermentum sapien, at condimentum turpis elit vel sapien. Aenean rutrum tellus sodales tortor viverra eleifend.

Donec facilisis, diam efficitur maximus ultrices, enim lectus rutrum elit, eget malesuada mi justo dapibus enim. Maecenas finibus euismod nulla quis dignissim. Sed dictum ante rutrum turpis euismod laoreet. Sed placerat tellus leo. In ut lobortis lorem. Nullam vitae lectus egestas urna tincidunt aliquet. Ut sagittis vel enim eget malesuada. Cras in congue tortor. Interdum et malesuada fames ac ante ipsum primis in faucibus. Nunc tempus consequat neque, et eleifend nulla aliquam eu.",Author 281,12,charlie-va-nha-may-so-co-la-tai-ban-2021,NXB 281,2009,6
https://cdn1.fahasa.com/media/catalog/product/c/h/chuyen-phieu-luu-cua-mit-dac-va-cac-ban_-bia_tb-2025.jpg,Chuyện Phiêu Lưu Của Mít Đặc Và Các Bạn (Tái Bản 2025),162000,35,9780085481397,"Lorem ipsum dolor sit amet, consectetur adipiscing elit. Nam congue vel tellus non luctus. Vestibulum vitae nunc lorem. Sed lacinia lectus vel augue imperdiet ultricies. Donec id venenatis ex, vitae pretium ligula. Sed nulla eros, dignissim at feugiat non, posuere sit amet urna. Ut eu porttitor tellus. Cras eu massa nulla. Morbi porta fermentum elit eu iaculis. Pellentesque hendrerit venenatis purus at feugiat. Pellentesque vitae feugiat purus. Donec mattis rhoncus lacinia. Sed quam diam, molestie id laoreet eu, lacinia ac turpis. Cras tincidunt lobortis elit quis aliquam. Proin et massa libero.

Aliquam id pharetra arcu. Vivamus vitae mattis ligula. Sed efficitur urna vitae scelerisque tempor. Proin purus magna, vulputate eu ligula a, vehicula malesuada enim. Curabitur aliquet rutrum enim et tincidunt. Vestibulum ante ipsum primis in faucibus orci luctus et ultrices posuere cubilia curae; Vivamus pharetra enim leo, nec molestie nibh consectetur quis. Class aptent taciti sociosqu ad litora torquent per conubia nostra, per inceptos himenaeos. Nunc quis maximus elit, vitae pulvinar urna. Integer at mi elit. Phasellus vitae rutrum sem. Vivamus et mauris ac nisl congue congue eu eget elit. Nullam at quam velit. Pellentesque dictum, diam nec tempor aliquet, tortor justo fermentum sapien, at condimentum turpis elit vel sapien. Aenean rutrum tellus sodales tortor viverra eleifend.

Donec facilisis, diam efficitur maximus ultrices, enim lectus rutrum elit, eget malesuada mi justo dapibus enim. Maecenas finibus euismod nulla quis dignissim. Sed dictum ante rutrum turpis euismod laoreet. Sed placerat tellus leo. In ut lobortis lorem. Nullam vitae lectus egestas urna tincidunt aliquet. Ut sagittis vel enim eget malesuada. Cras in congue tortor. Interdum et malesuada fames ac ante ipsum primis in faucibus. Nunc tempus consequat neque, et eleifend nulla aliquam eu.",Author 282,19,chuyen-phieu-luu-cua-mit-ac-va-cac-ban-tai-ban-2025,NXB 282,2021,6
https://cdn1.fahasa.com/media/catalog/product/i/m/image_195509_1_31015.jpg,Song Ngữ Việt - Anh - Diary Of A Wimpy Kid  - Nhật Ký Chú Bé Nhút Nhát - Tập 5 : Sự Thật Phũ Phàng - The Ugly Truth,67200,35,9780085481398,"Lorem ipsum dolor sit amet, consectetur adipiscing elit. Nam congue vel tellus non luctus. Vestibulum vitae nunc lorem. Sed lacinia lectus vel augue imperdiet ultricies. Donec id venenatis ex, vitae pretium ligula. Sed nulla eros, dignissim at feugiat non, posuere sit amet urna. Ut eu porttitor tellus. Cras eu massa nulla. Morbi porta fermentum elit eu iaculis. Pellentesque hendrerit venenatis purus at feugiat. Pellentesque vitae feugiat purus. Donec mattis rhoncus lacinia. Sed quam diam, molestie id laoreet eu, lacinia ac turpis. Cras tincidunt lobortis elit quis aliquam. Proin et massa libero.

Aliquam id pharetra arcu. Vivamus vitae mattis ligula. Sed efficitur urna vitae scelerisque tempor. Proin purus magna, vulputate eu ligula a, vehicula malesuada enim. Curabitur aliquet rutrum enim et tincidunt. Vestibulum ante ipsum primis in faucibus orci luctus et ultrices posuere cubilia curae; Vivamus pharetra enim leo, nec molestie nibh consectetur quis. Class aptent taciti sociosqu ad litora torquent per conubia nostra, per inceptos himenaeos. Nunc quis maximus elit, vitae pulvinar urna. Integer at mi elit. Phasellus vitae rutrum sem. Vivamus et mauris ac nisl congue congue eu eget elit. Nullam at quam velit. Pellentesque dictum, diam nec tempor aliquet, tortor justo fermentum sapien, at condimentum turpis elit vel sapien. Aenean rutrum tellus sodales tortor viverra eleifend.

Donec facilisis, diam efficitur maximus ultrices, enim lectus rutrum elit, eget malesuada mi justo dapibus enim. Maecenas finibus euismod nulla quis dignissim. Sed dictum ante rutrum turpis euismod laoreet. Sed placerat tellus leo. In ut lobortis lorem. Nullam vitae lectus egestas urna tincidunt aliquet. Ut sagittis vel enim eget malesuada. Cras in congue tortor. Interdum et malesuada fames ac ante ipsum primis in faucibus. Nunc tempus consequat neque, et eleifend nulla aliquam eu.",Author 283,5,song-ngu-viet-anh-diary-of-a-wimpy-kid-nhat-ky-chu-be-nhut-nhat-tap-5-su-that-phu-phang-the-ugly-truth,NXB 283,2008,8
https://cdn1.fahasa.com/media/catalog/product/i/m/image_195509_1_31017.jpg,Song Ngữ Việt - Anh - Diary Of A Wimpy Kid  - Nhật Ký Chú Bé Nhút Nhát - Tập 7: Kỳ Đà Cản Mũi - The Third Wheel,67200,35,9780085481399,"Lorem ipsum dolor sit amet, consectetur adipiscing elit. Nam congue vel tellus non luctus. Vestibulum vitae nunc lorem. Sed lacinia lectus vel augue imperdiet ultricies. Donec id venenatis ex, vitae pretium ligula. Sed nulla eros, dignissim at feugiat non, posuere sit amet urna. Ut eu porttitor tellus. Cras eu massa nulla. Morbi porta fermentum elit eu iaculis. Pellentesque hendrerit venenatis purus at feugiat. Pellentesque vitae feugiat purus. Donec mattis rhoncus lacinia. Sed quam diam, molestie id laoreet eu, lacinia ac turpis. Cras tincidunt lobortis elit quis aliquam. Proin et massa libero.

Aliquam id pharetra arcu. Vivamus vitae mattis ligula. Sed efficitur urna vitae scelerisque tempor. Proin purus magna, vulputate eu ligula a, vehicula malesuada enim. Curabitur aliquet rutrum enim et tincidunt. Vestibulum ante ipsum primis in faucibus orci luctus et ultrices posuere cubilia curae; Vivamus pharetra enim leo, nec molestie nibh consectetur quis. Class aptent taciti sociosqu ad litora torquent per conubia nostra, per inceptos himenaeos. Nunc quis maximus elit, vitae pulvinar urna. Integer at mi elit. Phasellus vitae rutrum sem. Vivamus et mauris ac nisl congue congue eu eget elit. Nullam at quam velit. Pellentesque dictum, diam nec tempor aliquet, tortor justo fermentum sapien, at condimentum turpis elit vel sapien. Aenean rutrum tellus sodales tortor viverra eleifend.

Donec facilisis, diam efficitur maximus ultrices, enim lectus rutrum elit, eget malesuada mi justo dapibus enim. Maecenas finibus euismod nulla quis dignissim. Sed dictum ante rutrum turpis euismod laoreet. Sed placerat tellus leo. In ut lobortis lorem. Nullam vitae lectus egestas urna tincidunt aliquet. Ut sagittis vel enim eget malesuada. Cras in congue tortor. Interdum et malesuada fames ac ante ipsum primis in faucibus. Nunc tempus consequat neque, et eleifend nulla aliquam eu.",Author 284,10,song-ngu-viet-anh-diary-of-a-wimpy-kid-nhat-ky-chu-be-nhut-nhat-tap-7-ky-a-can-mui-the-third-wheel,NXB 284,2009,19
https://cdn1.fahasa.com/media/catalog/product/8/9/8935212341134_1.jpg,365 Truyện Kể Trước Giờ Đi Ngủ - Những Câu Chuyện Phát Triển Chỉ Số Tình Cảm EQ,62000,35,9780085481400,"Lorem ipsum dolor sit amet, consectetur adipiscing elit. Nam congue vel tellus non luctus. Vestibulum vitae nunc lorem. Sed lacinia lectus vel augue imperdiet ultricies. Donec id venenatis ex, vitae pretium ligula. Sed nulla eros, dignissim at feugiat non, posuere sit amet urna. Ut eu porttitor tellus. Cras eu massa nulla. Morbi porta fermentum elit eu iaculis. Pellentesque hendrerit venenatis purus at feugiat. Pellentesque vitae feugiat purus. Donec mattis rhoncus lacinia. Sed quam diam, molestie id laoreet eu, lacinia ac turpis. Cras tincidunt lobortis elit quis aliquam. Proin et massa libero.

Aliquam id pharetra arcu. Vivamus vitae mattis ligula. Sed efficitur urna vitae scelerisque tempor. Proin purus magna, vulputate eu ligula a, vehicula malesuada enim. Curabitur aliquet rutrum enim et tincidunt. Vestibulum ante ipsum primis in faucibus orci luctus et ultrices posuere cubilia curae; Vivamus pharetra enim leo, nec molestie nibh consectetur quis. Class aptent taciti sociosqu ad litora torquent per conubia nostra, per inceptos himenaeos. Nunc quis maximus elit, vitae pulvinar urna. Integer at mi elit. Phasellus vitae rutrum sem. Vivamus et mauris ac nisl congue congue eu eget elit. Nullam at quam velit. Pellentesque dictum, diam nec tempor aliquet, tortor justo fermentum sapien, at condimentum turpis elit vel sapien. Aenean rutrum tellus sodales tortor viverra eleifend.

Donec facilisis, diam efficitur maximus ultrices, enim lectus rutrum elit, eget malesuada mi justo dapibus enim. Maecenas finibus euismod nulla quis dignissim. Sed dictum ante rutrum turpis euismod laoreet. Sed placerat tellus leo. In ut lobortis lorem. Nullam vitae lectus egestas urna tincidunt aliquet. Ut sagittis vel enim eget malesuada. Cras in congue tortor. Interdum et malesuada fames ac ante ipsum primis in faucibus. Nunc tempus consequat neque, et eleifend nulla aliquam eu.",Author 285,5,365-truyen-ke-truoc-gio-i-ngu-nhung-cau-chuyen-phat-trien-chi-so-tinh-cam-eq,NXB 285,2020,15
https://cdn1.fahasa.com/media/catalog/product/8/9/8935235245518.jpg,Hoàng Tử Bé - Ấn Bản Đặc Biệt 20 Năm Thành Lập Nhã Nam - Bìa Cứng,160500,35,9780085481401,"Lorem ipsum dolor sit amet, consectetur adipiscing elit. Nam congue vel tellus non luctus. Vestibulum vitae nunc lorem. Sed lacinia lectus vel augue imperdiet ultricies. Donec id venenatis ex, vitae pretium ligula. Sed nulla eros, dignissim at feugiat non, posuere sit amet urna. Ut eu porttitor tellus. Cras eu massa nulla. Morbi porta fermentum elit eu iaculis. Pellentesque hendrerit venenatis purus at feugiat. Pellentesque vitae feugiat purus. Donec mattis rhoncus lacinia. Sed quam diam, molestie id laoreet eu, lacinia ac turpis. Cras tincidunt lobortis elit quis aliquam. Proin et massa libero.

Aliquam id pharetra arcu. Vivamus vitae mattis ligula. Sed efficitur urna vitae scelerisque tempor. Proin purus magna, vulputate eu ligula a, vehicula malesuada enim. Curabitur aliquet rutrum enim et tincidunt. Vestibulum ante ipsum primis in faucibus orci luctus et ultrices posuere cubilia curae; Vivamus pharetra enim leo, nec molestie nibh consectetur quis. Class aptent taciti sociosqu ad litora torquent per conubia nostra, per inceptos himenaeos. Nunc quis maximus elit, vitae pulvinar urna. Integer at mi elit. Phasellus vitae rutrum sem. Vivamus et mauris ac nisl congue congue eu eget elit. Nullam at quam velit. Pellentesque dictum, diam nec tempor aliquet, tortor justo fermentum sapien, at condimentum turpis elit vel sapien. Aenean rutrum tellus sodales tortor viverra eleifend.

Donec facilisis, diam efficitur maximus ultrices, enim lectus rutrum elit, eget malesuada mi justo dapibus enim. Maecenas finibus euismod nulla quis dignissim. Sed dictum ante rutrum turpis euismod laoreet. Sed placerat tellus leo. In ut lobortis lorem. Nullam vitae lectus egestas urna tincidunt aliquet. Ut sagittis vel enim eget malesuada. Cras in congue tortor. Interdum et malesuada fames ac ante ipsum primis in faucibus. Nunc tempus consequat neque, et eleifend nulla aliquam eu.",Author 286,14,hoang-tu-be-an-ban-ac-biet-20-nam-thanh-lap-nha-nam-bia-cung,NXB 286,2017,11
https://cdn1.fahasa.com/media/catalog/product/8/9/8934986006942.jpg,Nhật Ký Chú Bé Nhút Nhát - Tập 11: Cược Gấp Đôi (Tái Bản),38500,35,9780085481402,"Lorem ipsum dolor sit amet, consectetur adipiscing elit. Nam congue vel tellus non luctus. Vestibulum vitae nunc lorem. Sed lacinia lectus vel augue imperdiet ultricies. Donec id venenatis ex, vitae pretium ligula. Sed nulla eros, dignissim at feugiat non, posuere sit amet urna. Ut eu porttitor tellus. Cras eu massa nulla. Morbi porta fermentum elit eu iaculis. Pellentesque hendrerit venenatis purus at feugiat. Pellentesque vitae feugiat purus. Donec mattis rhoncus lacinia. Sed quam diam, molestie id laoreet eu, lacinia ac turpis. Cras tincidunt lobortis elit quis aliquam. Proin et massa libero.

Aliquam id pharetra arcu. Vivamus vitae mattis ligula. Sed efficitur urna vitae scelerisque tempor. Proin purus magna, vulputate eu ligula a, vehicula malesuada enim. Curabitur aliquet rutrum enim et tincidunt. Vestibulum ante ipsum primis in faucibus orci luctus et ultrices posuere cubilia curae; Vivamus pharetra enim leo, nec molestie nibh consectetur quis. Class aptent taciti sociosqu ad litora torquent per conubia nostra, per inceptos himenaeos. Nunc quis maximus elit, vitae pulvinar urna. Integer at mi elit. Phasellus vitae rutrum sem. Vivamus et mauris ac nisl congue congue eu eget elit. Nullam at quam velit. Pellentesque dictum, diam nec tempor aliquet, tortor justo fermentum sapien, at condimentum turpis elit vel sapien. Aenean rutrum tellus sodales tortor viverra eleifend.

Donec facilisis, diam efficitur maximus ultrices, enim lectus rutrum elit, eget malesuada mi justo dapibus enim. Maecenas finibus euismod nulla quis dignissim. Sed dictum ante rutrum turpis euismod laoreet. Sed placerat tellus leo. In ut lobortis lorem. Nullam vitae lectus egestas urna tincidunt aliquet. Ut sagittis vel enim eget malesuada. Cras in congue tortor. Interdum et malesuada fames ac ante ipsum primis in faucibus. Nunc tempus consequat neque, et eleifend nulla aliquam eu.",Author 287,4,nhat-ky-chu-be-nhut-nhat-tap-11-cuoc-gap-oi-tai-ban,NXB 287,2025,14
https://cdn1.fahasa.com/media/catalog/product/8/9/8935352607824.jpg,Kỉ Niệm 70 Năm Chiến Thắng Điện Biên Phủ - Lá Cờ Chuẩn Đỏ Thắm,36000,35,9780085481403,"Lorem ipsum dolor sit amet, consectetur adipiscing elit. Nam congue vel tellus non luctus. Vestibulum vitae nunc lorem. Sed lacinia lectus vel augue imperdiet ultricies. Donec id venenatis ex, vitae pretium ligula. Sed nulla eros, dignissim at feugiat non, posuere sit amet urna. Ut eu porttitor tellus. Cras eu massa nulla. Morbi porta fermentum elit eu iaculis. Pellentesque hendrerit venenatis purus at feugiat. Pellentesque vitae feugiat purus. Donec mattis rhoncus lacinia. Sed quam diam, molestie id laoreet eu, lacinia ac turpis. Cras tincidunt lobortis elit quis aliquam. Proin et massa libero.

Aliquam id pharetra arcu. Vivamus vitae mattis ligula. Sed efficitur urna vitae scelerisque tempor. Proin purus magna, vulputate eu ligula a, vehicula malesuada enim. Curabitur aliquet rutrum enim et tincidunt. Vestibulum ante ipsum primis in faucibus orci luctus et ultrices posuere cubilia curae; Vivamus pharetra enim leo, nec molestie nibh consectetur quis. Class aptent taciti sociosqu ad litora torquent per conubia nostra, per inceptos himenaeos. Nunc quis maximus elit, vitae pulvinar urna. Integer at mi elit. Phasellus vitae rutrum sem. Vivamus et mauris ac nisl congue congue eu eget elit. Nullam at quam velit. Pellentesque dictum, diam nec tempor aliquet, tortor justo fermentum sapien, at condimentum turpis elit vel sapien. Aenean rutrum tellus sodales tortor viverra eleifend.

Donec facilisis, diam efficitur maximus ultrices, enim lectus rutrum elit, eget malesuada mi justo dapibus enim. Maecenas finibus euismod nulla quis dignissim. Sed dictum ante rutrum turpis euismod laoreet. Sed placerat tellus leo. In ut lobortis lorem. Nullam vitae lectus egestas urna tincidunt aliquet. Ut sagittis vel enim eget malesuada. Cras in congue tortor. Interdum et malesuada fames ac ante ipsum primis in faucibus. Nunc tempus consequat neque, et eleifend nulla aliquam eu.",Author 288,14,ki-niem-70-nam-chien-thang-ien-bien-phu-la-co-chuan-o-tham,NXB 288,2003,14
https://cdn1.fahasa.com/media/catalog/product/8/9/8935212358286.jpg,Sách Âm Thanh - Những Loài Vật Quanh Em,164250,41,9780085481404,"Lorem ipsum dolor sit amet, consectetur adipiscing elit. Nam congue vel tellus non luctus. Vestibulum vitae nunc lorem. Sed lacinia lectus vel augue imperdiet ultricies. Donec id venenatis ex, vitae pretium ligula. Sed nulla eros, dignissim at feugiat non, posuere sit amet urna. Ut eu porttitor tellus. Cras eu massa nulla. Morbi porta fermentum elit eu iaculis. Pellentesque hendrerit venenatis purus at feugiat. Pellentesque vitae feugiat purus. Donec mattis rhoncus lacinia. Sed quam diam, molestie id laoreet eu, lacinia ac turpis. Cras tincidunt lobortis elit quis aliquam. Proin et massa libero.

Aliquam id pharetra arcu. Vivamus vitae mattis ligula. Sed efficitur urna vitae scelerisque tempor. Proin purus magna, vulputate eu ligula a, vehicula malesuada enim. Curabitur aliquet rutrum enim et tincidunt. Vestibulum ante ipsum primis in faucibus orci luctus et ultrices posuere cubilia curae; Vivamus pharetra enim leo, nec molestie nibh consectetur quis. Class aptent taciti sociosqu ad litora torquent per conubia nostra, per inceptos himenaeos. Nunc quis maximus elit, vitae pulvinar urna. Integer at mi elit. Phasellus vitae rutrum sem. Vivamus et mauris ac nisl congue congue eu eget elit. Nullam at quam velit. Pellentesque dictum, diam nec tempor aliquet, tortor justo fermentum sapien, at condimentum turpis elit vel sapien. Aenean rutrum tellus sodales tortor viverra eleifend.

Donec facilisis, diam efficitur maximus ultrices, enim lectus rutrum elit, eget malesuada mi justo dapibus enim. Maecenas finibus euismod nulla quis dignissim. Sed dictum ante rutrum turpis euismod laoreet. Sed placerat tellus leo. In ut lobortis lorem. Nullam vitae lectus egestas urna tincidunt aliquet. Ut sagittis vel enim eget malesuada. Cras in congue tortor. Interdum et malesuada fames ac ante ipsum primis in faucibus. Nunc tempus consequat neque, et eleifend nulla aliquam eu.",Author 289,19,sach-am-thanh-nhung-loai-vat-quanh-em,NXB 289,2017,17
https://cdn1.fahasa.com/media/catalog/product/9/7/9781837958252.jpg,Sách Âm Thanh - 8 Âm Thanh Ngộ Nghĩnh - Những Âm Thanh Hài Hước,265000,41,9780085481405,"Lorem ipsum dolor sit amet, consectetur adipiscing elit. Nam congue vel tellus non luctus. Vestibulum vitae nunc lorem. Sed lacinia lectus vel augue imperdiet ultricies. Donec id venenatis ex, vitae pretium ligula. Sed nulla eros, dignissim at feugiat non, posuere sit amet urna. Ut eu porttitor tellus. Cras eu massa nulla. Morbi porta fermentum elit eu iaculis. Pellentesque hendrerit venenatis purus at feugiat. Pellentesque vitae feugiat purus. Donec mattis rhoncus lacinia. Sed quam diam, molestie id laoreet eu, lacinia ac turpis. Cras tincidunt lobortis elit quis aliquam. Proin et massa libero.

Aliquam id pharetra arcu. Vivamus vitae mattis ligula. Sed efficitur urna vitae scelerisque tempor. Proin purus magna, vulputate eu ligula a, vehicula malesuada enim. Curabitur aliquet rutrum enim et tincidunt. Vestibulum ante ipsum primis in faucibus orci luctus et ultrices posuere cubilia curae; Vivamus pharetra enim leo, nec molestie nibh consectetur quis. Class aptent taciti sociosqu ad litora torquent per conubia nostra, per inceptos himenaeos. Nunc quis maximus elit, vitae pulvinar urna. Integer at mi elit. Phasellus vitae rutrum sem. Vivamus et mauris ac nisl congue congue eu eget elit. Nullam at quam velit. Pellentesque dictum, diam nec tempor aliquet, tortor justo fermentum sapien, at condimentum turpis elit vel sapien. Aenean rutrum tellus sodales tortor viverra eleifend.

Donec facilisis, diam efficitur maximus ultrices, enim lectus rutrum elit, eget malesuada mi justo dapibus enim. Maecenas finibus euismod nulla quis dignissim. Sed dictum ante rutrum turpis euismod laoreet. Sed placerat tellus leo. In ut lobortis lorem. Nullam vitae lectus egestas urna tincidunt aliquet. Ut sagittis vel enim eget malesuada. Cras in congue tortor. Interdum et malesuada fames ac ante ipsum primis in faucibus. Nunc tempus consequat neque, et eleifend nulla aliquam eu.",Author 290,3,sach-am-thanh-8-am-thanh-ngo-nghinh-nhung-am-thanh-hai-huoc,NXB 290,2007,15
https://cdn1.fahasa.com/media/catalog/product/9/7/9781837958269.jpg,Sách Âm Thanh - 8 Âm Thanh Sinh Động - Những Từ Vựng Đầu Đời Của Bé,212000,41,9780085481406,"Lorem ipsum dolor sit amet, consectetur adipiscing elit. Nam congue vel tellus non luctus. Vestibulum vitae nunc lorem. Sed lacinia lectus vel augue imperdiet ultricies. Donec id venenatis ex, vitae pretium ligula. Sed nulla eros, dignissim at feugiat non, posuere sit amet urna. Ut eu porttitor tellus. Cras eu massa nulla. Morbi porta fermentum elit eu iaculis. Pellentesque hendrerit venenatis purus at feugiat. Pellentesque vitae feugiat purus. Donec mattis rhoncus lacinia. Sed quam diam, molestie id laoreet eu, lacinia ac turpis. Cras tincidunt lobortis elit quis aliquam. Proin et massa libero.

Aliquam id pharetra arcu. Vivamus vitae mattis ligula. Sed efficitur urna vitae scelerisque tempor. Proin purus magna, vulputate eu ligula a, vehicula malesuada enim. Curabitur aliquet rutrum enim et tincidunt. Vestibulum ante ipsum primis in faucibus orci luctus et ultrices posuere cubilia curae; Vivamus pharetra enim leo, nec molestie nibh consectetur quis. Class aptent taciti sociosqu ad litora torquent per conubia nostra, per inceptos himenaeos. Nunc quis maximus elit, vitae pulvinar urna. Integer at mi elit. Phasellus vitae rutrum sem. Vivamus et mauris ac nisl congue congue eu eget elit. Nullam at quam velit. Pellentesque dictum, diam nec tempor aliquet, tortor justo fermentum sapien, at condimentum turpis elit vel sapien. Aenean rutrum tellus sodales tortor viverra eleifend.

Donec facilisis, diam efficitur maximus ultrices, enim lectus rutrum elit, eget malesuada mi justo dapibus enim. Maecenas finibus euismod nulla quis dignissim. Sed dictum ante rutrum turpis euismod laoreet. Sed placerat tellus leo. In ut lobortis lorem. Nullam vitae lectus egestas urna tincidunt aliquet. Ut sagittis vel enim eget malesuada. Cras in congue tortor. Interdum et malesuada fames ac ante ipsum primis in faucibus. Nunc tempus consequat neque, et eleifend nulla aliquam eu.",Author 291,10,sach-am-thanh-8-am-thanh-sinh-ong-nhung-tu-vung-au-oi-cua-be,NXB 291,2021,9
https://cdn1.fahasa.com/media/catalog/product/9/7/9781837958283.jpg,Sách Âm Thanh - 8 Âm Thanh Sinh Động - Những Phương Tiện Ồn Ào,212000,41,9780085481407,"Lorem ipsum dolor sit amet, consectetur adipiscing elit. Nam congue vel tellus non luctus. Vestibulum vitae nunc lorem. Sed lacinia lectus vel augue imperdiet ultricies. Donec id venenatis ex, vitae pretium ligula. Sed nulla eros, dignissim at feugiat non, posuere sit amet urna. Ut eu porttitor tellus. Cras eu massa nulla. Morbi porta fermentum elit eu iaculis. Pellentesque hendrerit venenatis purus at feugiat. Pellentesque vitae feugiat purus. Donec mattis rhoncus lacinia. Sed quam diam, molestie id laoreet eu, lacinia ac turpis. Cras tincidunt lobortis elit quis aliquam. Proin et massa libero.

Aliquam id pharetra arcu. Vivamus vitae mattis ligula. Sed efficitur urna vitae scelerisque tempor. Proin purus magna, vulputate eu ligula a, vehicula malesuada enim. Curabitur aliquet rutrum enim et tincidunt. Vestibulum ante ipsum primis in faucibus orci luctus et ultrices posuere cubilia curae; Vivamus pharetra enim leo, nec molestie nibh consectetur quis. Class aptent taciti sociosqu ad litora torquent per conubia nostra, per inceptos himenaeos. Nunc quis maximus elit, vitae pulvinar urna. Integer at mi elit. Phasellus vitae rutrum sem. Vivamus et mauris ac nisl congue congue eu eget elit. Nullam at quam velit. Pellentesque dictum, diam nec tempor aliquet, tortor justo fermentum sapien, at condimentum turpis elit vel sapien. Aenean rutrum tellus sodales tortor viverra eleifend.

Donec facilisis, diam efficitur maximus ultrices, enim lectus rutrum elit, eget malesuada mi justo dapibus enim. Maecenas finibus euismod nulla quis dignissim. Sed dictum ante rutrum turpis euismod laoreet. Sed placerat tellus leo. In ut lobortis lorem. Nullam vitae lectus egestas urna tincidunt aliquet. Ut sagittis vel enim eget malesuada. Cras in congue tortor. Interdum et malesuada fames ac ante ipsum primis in faucibus. Nunc tempus consequat neque, et eleifend nulla aliquam eu.",Author 292,6,sach-am-thanh-8-am-thanh-sinh-ong-nhung-phuong-tien-on-ao,NXB 292,2010,16
https://cdn1.fahasa.com/media/catalog/product/i/m/image_241169.jpg,Sách Âm Thanh - Thỏ Và Rùa,171750,41,9780085481408,"Lorem ipsum dolor sit amet, consectetur adipiscing elit. Nam congue vel tellus non luctus. Vestibulum vitae nunc lorem. Sed lacinia lectus vel augue imperdiet ultricies. Donec id venenatis ex, vitae pretium ligula. Sed nulla eros, dignissim at feugiat non, posuere sit amet urna. Ut eu porttitor tellus. Cras eu massa nulla. Morbi porta fermentum elit eu iaculis. Pellentesque hendrerit venenatis purus at feugiat. Pellentesque vitae feugiat purus. Donec mattis rhoncus lacinia. Sed quam diam, molestie id laoreet eu, lacinia ac turpis. Cras tincidunt lobortis elit quis aliquam. Proin et massa libero.

Aliquam id pharetra arcu. Vivamus vitae mattis ligula. Sed efficitur urna vitae scelerisque tempor. Proin purus magna, vulputate eu ligula a, vehicula malesuada enim. Curabitur aliquet rutrum enim et tincidunt. Vestibulum ante ipsum primis in faucibus orci luctus et ultrices posuere cubilia curae; Vivamus pharetra enim leo, nec molestie nibh consectetur quis. Class aptent taciti sociosqu ad litora torquent per conubia nostra, per inceptos himenaeos. Nunc quis maximus elit, vitae pulvinar urna. Integer at mi elit. Phasellus vitae rutrum sem. Vivamus et mauris ac nisl congue congue eu eget elit. Nullam at quam velit. Pellentesque dictum, diam nec tempor aliquet, tortor justo fermentum sapien, at condimentum turpis elit vel sapien. Aenean rutrum tellus sodales tortor viverra eleifend.

Donec facilisis, diam efficitur maximus ultrices, enim lectus rutrum elit, eget malesuada mi justo dapibus enim. Maecenas finibus euismod nulla quis dignissim. Sed dictum ante rutrum turpis euismod laoreet. Sed placerat tellus leo. In ut lobortis lorem. Nullam vitae lectus egestas urna tincidunt aliquet. Ut sagittis vel enim eget malesuada. Cras in congue tortor. Interdum et malesuada fames ac ante ipsum primis in faucibus. Nunc tempus consequat neque, et eleifend nulla aliquam eu.",Author 293,6,sach-am-thanh-tho-va-rua,NXB 293,2013,5
https://cdn1.fahasa.com/media/catalog/product/9/7/9781837958276.jpg,Sách Âm Thanh - 8 Âm Thanh Vui Nhộn - Những Chú Khủng Long Vui Vẻ,212000,41,9780085481409,"Lorem ipsum dolor sit amet, consectetur adipiscing elit. Nam congue vel tellus non luctus. Vestibulum vitae nunc lorem. Sed lacinia lectus vel augue imperdiet ultricies. Donec id venenatis ex, vitae pretium ligula. Sed nulla eros, dignissim at feugiat non, posuere sit amet urna. Ut eu porttitor tellus. Cras eu massa nulla. Morbi porta fermentum elit eu iaculis. Pellentesque hendrerit venenatis purus at feugiat. Pellentesque vitae feugiat purus. Donec mattis rhoncus lacinia. Sed quam diam, molestie id laoreet eu, lacinia ac turpis. Cras tincidunt lobortis elit quis aliquam. Proin et massa libero.

Aliquam id pharetra arcu. Vivamus vitae mattis ligula. Sed efficitur urna vitae scelerisque tempor. Proin purus magna, vulputate eu ligula a, vehicula malesuada enim. Curabitur aliquet rutrum enim et tincidunt. Vestibulum ante ipsum primis in faucibus orci luctus et ultrices posuere cubilia curae; Vivamus pharetra enim leo, nec molestie nibh consectetur quis. Class aptent taciti sociosqu ad litora torquent per conubia nostra, per inceptos himenaeos. Nunc quis maximus elit, vitae pulvinar urna. Integer at mi elit. Phasellus vitae rutrum sem. Vivamus et mauris ac nisl congue congue eu eget elit. Nullam at quam velit. Pellentesque dictum, diam nec tempor aliquet, tortor justo fermentum sapien, at condimentum turpis elit vel sapien. Aenean rutrum tellus sodales tortor viverra eleifend.

Donec facilisis, diam efficitur maximus ultrices, enim lectus rutrum elit, eget malesuada mi justo dapibus enim. Maecenas finibus euismod nulla quis dignissim. Sed dictum ante rutrum turpis euismod laoreet. Sed placerat tellus leo. In ut lobortis lorem. Nullam vitae lectus egestas urna tincidunt aliquet. Ut sagittis vel enim eget malesuada. Cras in congue tortor. Interdum et malesuada fames ac ante ipsum primis in faucibus. Nunc tempus consequat neque, et eleifend nulla aliquam eu.",Author 294,14,sach-am-thanh-8-am-thanh-vui-nhon-nhung-chu-khung-long-vui-ve,NXB 294,2012,10
https://cdn1.fahasa.com/media/catalog/product/9/7/9781837958290.jpg,Sách Âm Thanh - Âm Thanh Quanh Bé - Những Động Vật Đáng Yêu,212000,41,9780085481410,"Lorem ipsum dolor sit amet, consectetur adipiscing elit. Nam congue vel tellus non luctus. Vestibulum vitae nunc lorem. Sed lacinia lectus vel augue imperdiet ultricies. Donec id venenatis ex, vitae pretium ligula. Sed nulla eros, dignissim at feugiat non, posuere sit amet urna. Ut eu porttitor tellus. Cras eu massa nulla. Morbi porta fermentum elit eu iaculis. Pellentesque hendrerit venenatis purus at feugiat. Pellentesque vitae feugiat purus. Donec mattis rhoncus lacinia. Sed quam diam, molestie id laoreet eu, lacinia ac turpis. Cras tincidunt lobortis elit quis aliquam. Proin et massa libero.

Aliquam id pharetra arcu. Vivamus vitae mattis ligula. Sed efficitur urna vitae scelerisque tempor. Proin purus magna, vulputate eu ligula a, vehicula malesuada enim. Curabitur aliquet rutrum enim et tincidunt. Vestibulum ante ipsum primis in faucibus orci luctus et ultrices posuere cubilia curae; Vivamus pharetra enim leo, nec molestie nibh consectetur quis. Class aptent taciti sociosqu ad litora torquent per conubia nostra, per inceptos himenaeos. Nunc quis maximus elit, vitae pulvinar urna. Integer at mi elit. Phasellus vitae rutrum sem. Vivamus et mauris ac nisl congue congue eu eget elit. Nullam at quam velit. Pellentesque dictum, diam nec tempor aliquet, tortor justo fermentum sapien, at condimentum turpis elit vel sapien. Aenean rutrum tellus sodales tortor viverra eleifend.

Donec facilisis, diam efficitur maximus ultrices, enim lectus rutrum elit, eget malesuada mi justo dapibus enim. Maecenas finibus euismod nulla quis dignissim. Sed dictum ante rutrum turpis euismod laoreet. Sed placerat tellus leo. In ut lobortis lorem. Nullam vitae lectus egestas urna tincidunt aliquet. Ut sagittis vel enim eget malesuada. Cras in congue tortor. Interdum et malesuada fames ac ante ipsum primis in faucibus. Nunc tempus consequat neque, et eleifend nulla aliquam eu.",Author 295,7,sach-am-thanh-am-thanh-quanh-be-nhung-ong-vat-ang-yeu,NXB 295,2000,8
https://cdn1.fahasa.com/media/catalog/product/9/7/9781837958306.jpg,Sách Âm Thanh - Âm Thanh Quanh Bé - Những Từ Vựng Đầu Tiên,212000,41,9780085481411,"Lorem ipsum dolor sit amet, consectetur adipiscing elit. Nam congue vel tellus non luctus. Vestibulum vitae nunc lorem. Sed lacinia lectus vel augue imperdiet ultricies. Donec id venenatis ex, vitae pretium ligula. Sed nulla eros, dignissim at feugiat non, posuere sit amet urna. Ut eu porttitor tellus. Cras eu massa nulla. Morbi porta fermentum elit eu iaculis. Pellentesque hendrerit venenatis purus at feugiat. Pellentesque vitae feugiat purus. Donec mattis rhoncus lacinia. Sed quam diam, molestie id laoreet eu, lacinia ac turpis. Cras tincidunt lobortis elit quis aliquam. Proin et massa libero.

Aliquam id pharetra arcu. Vivamus vitae mattis ligula. Sed efficitur urna vitae scelerisque tempor. Proin purus magna, vulputate eu ligula a, vehicula malesuada enim. Curabitur aliquet rutrum enim et tincidunt. Vestibulum ante ipsum primis in faucibus orci luctus et ultrices posuere cubilia curae; Vivamus pharetra enim leo, nec molestie nibh consectetur quis. Class aptent taciti sociosqu ad litora torquent per conubia nostra, per inceptos himenaeos. Nunc quis maximus elit, vitae pulvinar urna. Integer at mi elit. Phasellus vitae rutrum sem. Vivamus et mauris ac nisl congue congue eu eget elit. Nullam at quam velit. Pellentesque dictum, diam nec tempor aliquet, tortor justo fermentum sapien, at condimentum turpis elit vel sapien. Aenean rutrum tellus sodales tortor viverra eleifend.

Donec facilisis, diam efficitur maximus ultrices, enim lectus rutrum elit, eget malesuada mi justo dapibus enim. Maecenas finibus euismod nulla quis dignissim. Sed dictum ante rutrum turpis euismod laoreet. Sed placerat tellus leo. In ut lobortis lorem. Nullam vitae lectus egestas urna tincidunt aliquet. Ut sagittis vel enim eget malesuada. Cras in congue tortor. Interdum et malesuada fames ac ante ipsum primis in faucibus. Nunc tempus consequat neque, et eleifend nulla aliquam eu.",Author 296,7,sach-am-thanh-am-thanh-quanh-be-nhung-tu-vung-au-tien,NXB 296,2007,10
https://cdn1.fahasa.com/media/catalog/product/8/9/8936065773356.jpg,Khám Phá Thế Giới Khủng Long - Những Bí Ẩn Thời Tiền Sử,97500,42,9780085481412,"Lorem ipsum dolor sit amet, consectetur adipiscing elit. Nam congue vel tellus non luctus. Vestibulum vitae nunc lorem. Sed lacinia lectus vel augue imperdiet ultricies. Donec id venenatis ex, vitae pretium ligula. Sed nulla eros, dignissim at feugiat non, posuere sit amet urna. Ut eu porttitor tellus. Cras eu massa nulla. Morbi porta fermentum elit eu iaculis. Pellentesque hendrerit venenatis purus at feugiat. Pellentesque vitae feugiat purus. Donec mattis rhoncus lacinia. Sed quam diam, molestie id laoreet eu, lacinia ac turpis. Cras tincidunt lobortis elit quis aliquam. Proin et massa libero.

Aliquam id pharetra arcu. Vivamus vitae mattis ligula. Sed efficitur urna vitae scelerisque tempor. Proin purus magna, vulputate eu ligula a, vehicula malesuada enim. Curabitur aliquet rutrum enim et tincidunt. Vestibulum ante ipsum primis in faucibus orci luctus et ultrices posuere cubilia curae; Vivamus pharetra enim leo, nec molestie nibh consectetur quis. Class aptent taciti sociosqu ad litora torquent per conubia nostra, per inceptos himenaeos. Nunc quis maximus elit, vitae pulvinar urna. Integer at mi elit. Phasellus vitae rutrum sem. Vivamus et mauris ac nisl congue congue eu eget elit. Nullam at quam velit. Pellentesque dictum, diam nec tempor aliquet, tortor justo fermentum sapien, at condimentum turpis elit vel sapien. Aenean rutrum tellus sodales tortor viverra eleifend.

Donec facilisis, diam efficitur maximus ultrices, enim lectus rutrum elit, eget malesuada mi justo dapibus enim. Maecenas finibus euismod nulla quis dignissim. Sed dictum ante rutrum turpis euismod laoreet. Sed placerat tellus leo. In ut lobortis lorem. Nullam vitae lectus egestas urna tincidunt aliquet. Ut sagittis vel enim eget malesuada. Cras in congue tortor. Interdum et malesuada fames ac ante ipsum primis in faucibus. Nunc tempus consequat neque, et eleifend nulla aliquam eu.",Author 297,13,kham-pha-the-gioi-khung-long-nhung-bi-an-thoi-tien-su,NXB 297,2004,3
https://cdn1.fahasa.com/media/catalog/product/i/m/image_244718_1_4999.jpg,Evie Và Biệt Tài Bí Mật,118000,42,9780085481413,"Lorem ipsum dolor sit amet, consectetur adipiscing elit. Nam congue vel tellus non luctus. Vestibulum vitae nunc lorem. Sed lacinia lectus vel augue imperdiet ultricies. Donec id venenatis ex, vitae pretium ligula. Sed nulla eros, dignissim at feugiat non, posuere sit amet urna. Ut eu porttitor tellus. Cras eu massa nulla. Morbi porta fermentum elit eu iaculis. Pellentesque hendrerit venenatis purus at feugiat. Pellentesque vitae feugiat purus. Donec mattis rhoncus lacinia. Sed quam diam, molestie id laoreet eu, lacinia ac turpis. Cras tincidunt lobortis elit quis aliquam. Proin et massa libero.

Aliquam id pharetra arcu. Vivamus vitae mattis ligula. Sed efficitur urna vitae scelerisque tempor. Proin purus magna, vulputate eu ligula a, vehicula malesuada enim. Curabitur aliquet rutrum enim et tincidunt. Vestibulum ante ipsum primis in faucibus orci luctus et ultrices posuere cubilia curae; Vivamus pharetra enim leo, nec molestie nibh consectetur quis. Class aptent taciti sociosqu ad litora torquent per conubia nostra, per inceptos himenaeos. Nunc quis maximus elit, vitae pulvinar urna. Integer at mi elit. Phasellus vitae rutrum sem. Vivamus et mauris ac nisl congue congue eu eget elit. Nullam at quam velit. Pellentesque dictum, diam nec tempor aliquet, tortor justo fermentum sapien, at condimentum turpis elit vel sapien. Aenean rutrum tellus sodales tortor viverra eleifend.

Donec facilisis, diam efficitur maximus ultrices, enim lectus rutrum elit, eget malesuada mi justo dapibus enim. Maecenas finibus euismod nulla quis dignissim. Sed dictum ante rutrum turpis euismod laoreet. Sed placerat tellus leo. In ut lobortis lorem. Nullam vitae lectus egestas urna tincidunt aliquet. Ut sagittis vel enim eget malesuada. Cras in congue tortor. Interdum et malesuada fames ac ante ipsum primis in faucibus. Nunc tempus consequat neque, et eleifend nulla aliquam eu.",Author 298,5,evie-va-biet-tai-bi-mat,NXB 298,2025,13
