image_url,title,price,category_id,isbn,description,author,in_stock,url_slug,publisher,publish_year,page_count
https://cdn1.fahasa.com/media/catalog/product/d/u/duoc-su-tu-tu_tap-8_qua-tang.jpg,[Light Novel] Dược Sư Tự Sự - Tập 8 - Tặng Kèm Bookmark + Set 4 Khánh Treo,112500,10,9780085479997,"Lorem ipsum dolor sit amet, consectetur adipiscing elit. Nam congue vel tellus non luctus. Vestibulum vitae nunc lorem. Sed lacinia lectus vel augue imperdiet ultricies. Donec id venenatis ex, vitae pretium ligula. Sed nulla eros, dignissim at feugiat non, posuere sit amet urna. Ut eu porttitor tellus. Cras eu massa nulla. Morbi porta fermentum elit eu iaculis. Pellentesque hendrerit venenatis purus at feugiat. Pellentesque vitae feugiat purus. Donec mattis rhoncus lacinia. Sed quam diam, molestie id laoreet eu, lacinia ac turpis. Cras tincidunt lobortis elit quis aliquam. Proin et massa libero.

Aliquam id pharetra arcu. Vivamus vitae mattis ligula. Sed efficitur urna vitae scelerisque tempor. Proin purus magna, vulputate eu ligula a, vehicula malesuada enim. Curabitur aliquet rutrum enim et tincidunt. Vestibulum ante ipsum primis in faucibus orci luctus et ultrices posuere cubilia curae; Vivamus pharetra enim leo, nec molestie nibh consectetur quis. Class aptent taciti sociosqu ad litora torquent per conubia nostra, per inceptos himenaeos. Nunc quis maximus elit, vitae pulvinar urna. Integer at mi elit. Phasellus vitae rutrum sem. Vivamus et mauris ac nisl congue congue eu eget elit. Nullam at quam velit. Pellentesque dictum, diam nec tempor aliquet, tortor justo fermentum sapien, at condimentum turpis elit vel sapien. Aenean rutrum tellus sodales tortor viverra eleifend.

Donec facilisis, diam efficitur maximus ultrices, enim lectus rutrum elit, eget malesuada mi justo dapibus enim. Maecenas finibus euismod nulla quis dignissim. Sed dictum ante rutrum turpis euismod laoreet. Sed placerat tellus leo. In ut lobortis lorem. Nullam vitae lectus egestas urna tincidunt aliquet. Ut sagittis vel enim eget malesuada. Cras in congue tortor. Interdum et malesuada fames ac ante ipsum primis in faucibus. Nunc tempus consequat neque, et eleifend nulla aliquam eu.",Author 1,10,light-novel-duoc-su-tu-su-tap-8-tang-kem-bookmark-set-4-khanh-treo,NXB 1,2013,60
https://cdn1.fahasa.com/media/catalog/product/d/u/duoc-su-tu-su_light-novel_tap-7_qua-tang_tb-2025.jpg,[Light Novel] Dược Sư Tự Sự - Tập 7 - Tặng Kèm Bookmark,112500,10,9780085479998,"Lorem ipsum dolor sit amet, consectetur adipiscing elit. Nam congue vel tellus non luctus. Vestibulum vitae nunc lorem. Sed lacinia lectus vel augue imperdiet ultricies. Donec id venenatis ex, vitae pretium ligula. Sed nulla eros, dignissim at feugiat non, posuere sit amet urna. Ut eu porttitor tellus. Cras eu massa nulla. Morbi porta fermentum elit eu iaculis. Pellentesque hendrerit venenatis purus at feugiat. Pellentesque vitae feugiat purus. Donec mattis rhoncus lacinia. Sed quam diam, molestie id laoreet eu, lacinia ac turpis. Cras tincidunt lobortis elit quis aliquam. Proin et massa libero.

Aliquam id pharetra arcu. Vivamus vitae mattis ligula. Sed efficitur urna vitae scelerisque tempor. Proin purus magna, vulputate eu ligula a, vehicula malesuada enim. Curabitur aliquet rutrum enim et tincidunt. Vestibulum ante ipsum primis in faucibus orci luctus et ultrices posuere cubilia curae; Vivamus pharetra enim leo, nec molestie nibh consectetur quis. Class aptent taciti sociosqu ad litora torquent per conubia nostra, per inceptos himenaeos. Nunc quis maximus elit, vitae pulvinar urna. Integer at mi elit. Phasellus vitae rutrum sem. Vivamus et mauris ac nisl congue congue eu eget elit. Nullam at quam velit. Pellentesque dictum, diam nec tempor aliquet, tortor justo fermentum sapien, at condimentum turpis elit vel sapien. Aenean rutrum tellus sodales tortor viverra eleifend.

Donec facilisis, diam efficitur maximus ultrices, enim lectus rutrum elit, eget malesuada mi justo dapibus enim. Maecenas finibus euismod nulla quis dignissim. Sed dictum ante rutrum turpis euismod laoreet. Sed placerat tellus leo. In ut lobortis lorem. Nullam vitae lectus egestas urna tincidunt aliquet. Ut sagittis vel enim eget malesuada. Cras in congue tortor. Interdum et malesuada fames ac ante ipsum primis in faucibus. Nunc tempus consequat neque, et eleifend nulla aliquam eu.",Author 2,4,light-novel-duoc-su-tu-su-tap-7-tang-kem-bookmark,NXB 2,2021,112
https://cdn1.fahasa.com/media/catalog/product/d/u/duoc-su-tu-tu_tap-8_qt.jpg,[Light Novel] Dược Sư Tự Sự - Tập 8 - Tặng Kèm Bookmark + Set 4 Khánh Treo + Poster,106250,10,9780085479999,"Lorem ipsum dolor sit amet, consectetur adipiscing elit. Nam congue vel tellus non luctus. Vestibulum vitae nunc lorem. Sed lacinia lectus vel augue imperdiet ultricies. Donec id venenatis ex, vitae pretium ligula. Sed nulla eros, dignissim at feugiat non, posuere sit amet urna. Ut eu porttitor tellus. Cras eu massa nulla. Morbi porta fermentum elit eu iaculis. Pellentesque hendrerit venenatis purus at feugiat. Pellentesque vitae feugiat purus. Donec mattis rhoncus lacinia. Sed quam diam, molestie id laoreet eu, lacinia ac turpis. Cras tincidunt lobortis elit quis aliquam. Proin et massa libero.

Aliquam id pharetra arcu. Vivamus vitae mattis ligula. Sed efficitur urna vitae scelerisque tempor. Proin purus magna, vulputate eu ligula a, vehicula malesuada enim. Curabitur aliquet rutrum enim et tincidunt. Vestibulum ante ipsum primis in faucibus orci luctus et ultrices posuere cubilia curae; Vivamus pharetra enim leo, nec molestie nibh consectetur quis. Class aptent taciti sociosqu ad litora torquent per conubia nostra, per inceptos himenaeos. Nunc quis maximus elit, vitae pulvinar urna. Integer at mi elit. Phasellus vitae rutrum sem. Vivamus et mauris ac nisl congue congue eu eget elit. Nullam at quam velit. Pellentesque dictum, diam nec tempor aliquet, tortor justo fermentum sapien, at condimentum turpis elit vel sapien. Aenean rutrum tellus sodales tortor viverra eleifend.

Donec facilisis, diam efficitur maximus ultrices, enim lectus rutrum elit, eget malesuada mi justo dapibus enim. Maecenas finibus euismod nulla quis dignissim. Sed dictum ante rutrum turpis euismod laoreet. Sed placerat tellus leo. In ut lobortis lorem. Nullam vitae lectus egestas urna tincidunt aliquet. Ut sagittis vel enim eget malesuada. Cras in congue tortor. Interdum et malesuada fames ac ante ipsum primis in faucibus. Nunc tempus consequat neque, et eleifend nulla aliquam eu.",Author 3,18,light-novel-duoc-su-tu-su-tap-8-tang-kem-bookmark-set-4-khanh-treo-poster,NXB 3,2023,115
https://cdn1.fahasa.com/media/catalog/product/c/h/chua-te-bong-toi_ln_tap-5_ban-gioi-han.jpg,[Light Novel] Chúa Tể Bóng Tối - Tập 5 - Bản Giới Hạn - Tặng Kèm Thẻ Nhân Vật + Khung Tranh,115000,10,9780085480000,"Lorem ipsum dolor sit amet, consectetur adipiscing elit. Nam congue vel tellus non luctus. Vestibulum vitae nunc lorem. Sed lacinia lectus vel augue imperdiet ultricies. Donec id venenatis ex, vitae pretium ligula. Sed nulla eros, dignissim at feugiat non, posuere sit amet urna. Ut eu porttitor tellus. Cras eu massa nulla. Morbi porta fermentum elit eu iaculis. Pellentesque hendrerit venenatis purus at feugiat. Pellentesque vitae feugiat purus. Donec mattis rhoncus lacinia. Sed quam diam, molestie id laoreet eu, lacinia ac turpis. Cras tincidunt lobortis elit quis aliquam. Proin et massa libero.

Aliquam id pharetra arcu. Vivamus vitae mattis ligula. Sed efficitur urna vitae scelerisque tempor. Proin purus magna, vulputate eu ligula a, vehicula malesuada enim. Curabitur aliquet rutrum enim et tincidunt. Vestibulum ante ipsum primis in faucibus orci luctus et ultrices posuere cubilia curae; Vivamus pharetra enim leo, nec molestie nibh consectetur quis. Class aptent taciti sociosqu ad litora torquent per conubia nostra, per inceptos himenaeos. Nunc quis maximus elit, vitae pulvinar urna. Integer at mi elit. Phasellus vitae rutrum sem. Vivamus et mauris ac nisl congue congue eu eget elit. Nullam at quam velit. Pellentesque dictum, diam nec tempor aliquet, tortor justo fermentum sapien, at condimentum turpis elit vel sapien. Aenean rutrum tellus sodales tortor viverra eleifend.

Donec facilisis, diam efficitur maximus ultrices, enim lectus rutrum elit, eget malesuada mi justo dapibus enim. Maecenas finibus euismod nulla quis dignissim. Sed dictum ante rutrum turpis euismod laoreet. Sed placerat tellus leo. In ut lobortis lorem. Nullam vitae lectus egestas urna tincidunt aliquet. Ut sagittis vel enim eget malesuada. Cras in congue tortor. Interdum et malesuada fames ac ante ipsum primis in faucibus. Nunc tempus consequat neque, et eleifend nulla aliquam eu.",Author 4,6,light-novel-chua-te-bong-toi-tap-5-ban-gioi-han-tang-kem-the-nhan-vat-khung-tranh,NXB 4,2013,136
https://cdn1.fahasa.com/media/catalog/product/t/h/thien-su-nha-ben_tap-10_ban-pho-thong_qua-tang.jpg,[Light Novel] Thiên Sứ Nhà Bên - Tập 10 - Tặng Kèm Bookmark,85500,10,9780085480001,"Lorem ipsum dolor sit amet, consectetur adipiscing elit. Nam congue vel tellus non luctus. Vestibulum vitae nunc lorem. Sed lacinia lectus vel augue imperdiet ultricies. Donec id venenatis ex, vitae pretium ligula. Sed nulla eros, dignissim at feugiat non, posuere sit amet urna. Ut eu porttitor tellus. Cras eu massa nulla. Morbi porta fermentum elit eu iaculis. Pellentesque hendrerit venenatis purus at feugiat. Pellentesque vitae feugiat purus. Donec mattis rhoncus lacinia. Sed quam diam, molestie id laoreet eu, lacinia ac turpis. Cras tincidunt lobortis elit quis aliquam. Proin et massa libero.

Aliquam id pharetra arcu. Vivamus vitae mattis ligula. Sed efficitur urna vitae scelerisque tempor. Proin purus magna, vulputate eu ligula a, vehicula malesuada enim. Curabitur aliquet rutrum enim et tincidunt. Vestibulum ante ipsum primis in faucibus orci luctus et ultrices posuere cubilia curae; Vivamus pharetra enim leo, nec molestie nibh consectetur quis. Class aptent taciti sociosqu ad litora torquent per conubia nostra, per inceptos himenaeos. Nunc quis maximus elit, vitae pulvinar urna. Integer at mi elit. Phasellus vitae rutrum sem. Vivamus et mauris ac nisl congue congue eu eget elit. Nullam at quam velit. Pellentesque dictum, diam nec tempor aliquet, tortor justo fermentum sapien, at condimentum turpis elit vel sapien. Aenean rutrum tellus sodales tortor viverra eleifend.

Donec facilisis, diam efficitur maximus ultrices, enim lectus rutrum elit, eget malesuada mi justo dapibus enim. Maecenas finibus euismod nulla quis dignissim. Sed dictum ante rutrum turpis euismod laoreet. Sed placerat tellus leo. In ut lobortis lorem. Nullam vitae lectus egestas urna tincidunt aliquet. Ut sagittis vel enim eget malesuada. Cras in congue tortor. Interdum et malesuada fames ac ante ipsum primis in faucibus. Nunc tempus consequat neque, et eleifend nulla aliquam eu.",Author 5,19,light-novel-thien-su-nha-ben-tap-10-tang-kem-bookmark,NXB 5,2012,142
https://cdn1.fahasa.com/media/catalog/product/a/r/arya-ban-ben-thinh-thoang-lai-treu-gheo-toi-bang-tieng-nga_tap-8_ban-boxset.jpg,Arya Bàn Bên Thỉnh Thoảng Lại Trêu Ghẹo Tôi Bằng Tiếng Nga - Tập 8 - Bản Boxset - Tặng Kèm Boxset + Sticker + Bộ Postcard Lịch 2026,121500,10,9780085480002,"Lorem ipsum dolor sit amet, consectetur adipiscing elit. Nam congue vel tellus non luctus. Vestibulum vitae nunc lorem. Sed lacinia lectus vel augue imperdiet ultricies. Donec id venenatis ex, vitae pretium ligula. Sed nulla eros, dignissim at feugiat non, posuere sit amet urna. Ut eu porttitor tellus. Cras eu massa nulla. Morbi porta fermentum elit eu iaculis. Pellentesque hendrerit venenatis purus at feugiat. Pellentesque vitae feugiat purus. Donec mattis rhoncus lacinia. Sed quam diam, molestie id laoreet eu, lacinia ac turpis. Cras tincidunt lobortis elit quis aliquam. Proin et massa libero.

Aliquam id pharetra arcu. Vivamus vitae mattis ligula. Sed efficitur urna vitae scelerisque tempor. Proin purus magna, vulputate eu ligula a, vehicula malesuada enim. Curabitur aliquet rutrum enim et tincidunt. Vestibulum ante ipsum primis in faucibus orci luctus et ultrices posuere cubilia curae; Vivamus pharetra enim leo, nec molestie nibh consectetur quis. Class aptent taciti sociosqu ad litora torquent per conubia nostra, per inceptos himenaeos. Nunc quis maximus elit, vitae pulvinar urna. Integer at mi elit. Phasellus vitae rutrum sem. Vivamus et mauris ac nisl congue congue eu eget elit. Nullam at quam velit. Pellentesque dictum, diam nec tempor aliquet, tortor justo fermentum sapien, at condimentum turpis elit vel sapien. Aenean rutrum tellus sodales tortor viverra eleifend.

Donec facilisis, diam efficitur maximus ultrices, enim lectus rutrum elit, eget malesuada mi justo dapibus enim. Maecenas finibus euismod nulla quis dignissim. Sed dictum ante rutrum turpis euismod laoreet. Sed placerat tellus leo. In ut lobortis lorem. Nullam vitae lectus egestas urna tincidunt aliquet. Ut sagittis vel enim eget malesuada. Cras in congue tortor. Interdum et malesuada fames ac ante ipsum primis in faucibus. Nunc tempus consequat neque, et eleifend nulla aliquam eu.",Author 6,14,arya-ban-ben-thinh-thoang-lai-treu-gheo-toi-bang-tieng-nga-tap-8-ban-boxset-tang-kem-boxset-sticker-bo-postcard-lich-2026,NXB 6,2023,117
https://cdn1.fahasa.com/media/catalog/product/u/n/untitled-1_1_32.jpg,[Light Novel] Dược Sư Tự Sự - Tập 5 - Tặng Kèm Bookmark,112500,10,9780085480003,"Lorem ipsum dolor sit amet, consectetur adipiscing elit. Nam congue vel tellus non luctus. Vestibulum vitae nunc lorem. Sed lacinia lectus vel augue imperdiet ultricies. Donec id venenatis ex, vitae pretium ligula. Sed nulla eros, dignissim at feugiat non, posuere sit amet urna. Ut eu porttitor tellus. Cras eu massa nulla. Morbi porta fermentum elit eu iaculis. Pellentesque hendrerit venenatis purus at feugiat. Pellentesque vitae feugiat purus. Donec mattis rhoncus lacinia. Sed quam diam, molestie id laoreet eu, lacinia ac turpis. Cras tincidunt lobortis elit quis aliquam. Proin et massa libero.

Aliquam id pharetra arcu. Vivamus vitae mattis ligula. Sed efficitur urna vitae scelerisque tempor. Proin purus magna, vulputate eu ligula a, vehicula malesuada enim. Curabitur aliquet rutrum enim et tincidunt. Vestibulum ante ipsum primis in faucibus orci luctus et ultrices posuere cubilia curae; Vivamus pharetra enim leo, nec molestie nibh consectetur quis. Class aptent taciti sociosqu ad litora torquent per conubia nostra, per inceptos himenaeos. Nunc quis maximus elit, vitae pulvinar urna. Integer at mi elit. Phasellus vitae rutrum sem. Vivamus et mauris ac nisl congue congue eu eget elit. Nullam at quam velit. Pellentesque dictum, diam nec tempor aliquet, tortor justo fermentum sapien, at condimentum turpis elit vel sapien. Aenean rutrum tellus sodales tortor viverra eleifend.

Donec facilisis, diam efficitur maximus ultrices, enim lectus rutrum elit, eget malesuada mi justo dapibus enim. Maecenas finibus euismod nulla quis dignissim. Sed dictum ante rutrum turpis euismod laoreet. Sed placerat tellus leo. In ut lobortis lorem. Nullam vitae lectus egestas urna tincidunt aliquet. Ut sagittis vel enim eget malesuada. Cras in congue tortor. Interdum et malesuada fames ac ante ipsum primis in faucibus. Nunc tempus consequat neque, et eleifend nulla aliquam eu.",Author 7,13,light-novel-duoc-su-tu-su-tap-5-tang-kem-bookmark,NXB 7,2020,128
https://cdn1.fahasa.com/media/catalog/product/2/6/261225-6_1.jpg,Thiếu Nữ Độc Ác Và Mười Hai Ánh Mắt - Cuộc Đời Thứ Hai Đầy Huy Hoàng Cùng Những Tùy Tùng Vô Song - Tặng Kèm 1 Bookmark + 2 Postcard + 1 Poster A3,109500,10,9780085480004,"Lorem ipsum dolor sit amet, consectetur adipiscing elit. Nam congue vel tellus non luctus. Vestibulum vitae nunc lorem. Sed lacinia lectus vel augue imperdiet ultricies. Donec id venenatis ex, vitae pretium ligula. Sed nulla eros, dignissim at feugiat non, posuere sit amet urna. Ut eu porttitor tellus. Cras eu massa nulla. Morbi porta fermentum elit eu iaculis. Pellentesque hendrerit venenatis purus at feugiat. Pellentesque vitae feugiat purus. Donec mattis rhoncus lacinia. Sed quam diam, molestie id laoreet eu, lacinia ac turpis. Cras tincidunt lobortis elit quis aliquam. Proin et massa libero.

Aliquam id pharetra arcu. Vivamus vitae mattis ligula. Sed efficitur urna vitae scelerisque tempor. Proin purus magna, vulputate eu ligula a, vehicula malesuada enim. Curabitur aliquet rutrum enim et tincidunt. Vestibulum ante ipsum primis in faucibus orci luctus et ultrices posuere cubilia curae; Vivamus pharetra enim leo, nec molestie nibh consectetur quis. Class aptent taciti sociosqu ad litora torquent per conubia nostra, per inceptos himenaeos. Nunc quis maximus elit, vitae pulvinar urna. Integer at mi elit. Phasellus vitae rutrum sem. Vivamus et mauris ac nisl congue congue eu eget elit. Nullam at quam velit. Pellentesque dictum, diam nec tempor aliquet, tortor justo fermentum sapien, at condimentum turpis elit vel sapien. Aenean rutrum tellus sodales tortor viverra eleifend.

Donec facilisis, diam efficitur maximus ultrices, enim lectus rutrum elit, eget malesuada mi justo dapibus enim. Maecenas finibus euismod nulla quis dignissim. Sed dictum ante rutrum turpis euismod laoreet. Sed placerat tellus leo. In ut lobortis lorem. Nullam vitae lectus egestas urna tincidunt aliquet. Ut sagittis vel enim eget malesuada. Cras in congue tortor. Interdum et malesuada fames ac ante ipsum primis in faucibus. Nunc tempus consequat neque, et eleifend nulla aliquam eu.",Author 8,19,thieu-nu-oc-ac-va-muoi-hai-anh-mat-cuoc-oi-thu-hai-ay-huy-hoang-cung-nhung-tuy-tung-vo-song-tang-kem-1-bookmark-2-postcard-1-poster-a3,NXB 8,2000,80
https://cdn1.fahasa.com/media/catalog/product/d/u/duoc-su-tu-su_light-novel_tap-2_bia_qua-tang_tb-2025.jpg,[Light Novel] Dược Sư Tự Sự - Tập 2 - Tặng Kèm Bookmark,96800,10,9780085480005,"Lorem ipsum dolor sit amet, consectetur adipiscing elit. Nam congue vel tellus non luctus. Vestibulum vitae nunc lorem. Sed lacinia lectus vel augue imperdiet ultricies. Donec id venenatis ex, vitae pretium ligula. Sed nulla eros, dignissim at feugiat non, posuere sit amet urna. Ut eu porttitor tellus. Cras eu massa nulla. Morbi porta fermentum elit eu iaculis. Pellentesque hendrerit venenatis purus at feugiat. Pellentesque vitae feugiat purus. Donec mattis rhoncus lacinia. Sed quam diam, molestie id laoreet eu, lacinia ac turpis. Cras tincidunt lobortis elit quis aliquam. Proin et massa libero.

Aliquam id pharetra arcu. Vivamus vitae mattis ligula. Sed efficitur urna vitae scelerisque tempor. Proin purus magna, vulputate eu ligula a, vehicula malesuada enim. Curabitur aliquet rutrum enim et tincidunt. Vestibulum ante ipsum primis in faucibus orci luctus et ultrices posuere cubilia curae; Vivamus pharetra enim leo, nec molestie nibh consectetur quis. Class aptent taciti sociosqu ad litora torquent per conubia nostra, per inceptos himenaeos. Nunc quis maximus elit, vitae pulvinar urna. Integer at mi elit. Phasellus vitae rutrum sem. Vivamus et mauris ac nisl congue congue eu eget elit. Nullam at quam velit. Pellentesque dictum, diam nec tempor aliquet, tortor justo fermentum sapien, at condimentum turpis elit vel sapien. Aenean rutrum tellus sodales tortor viverra eleifend.

Donec facilisis, diam efficitur maximus ultrices, enim lectus rutrum elit, eget malesuada mi justo dapibus enim. Maecenas finibus euismod nulla quis dignissim. Sed dictum ante rutrum turpis euismod laoreet. Sed placerat tellus leo. In ut lobortis lorem. Nullam vitae lectus egestas urna tincidunt aliquet. Ut sagittis vel enim eget malesuada. Cras in congue tortor. Interdum et malesuada fames ac ante ipsum primis in faucibus. Nunc tempus consequat neque, et eleifend nulla aliquam eu.",Author 9,10,light-novel-duoc-su-tu-su-tap-2-tang-kem-bookmark,NXB 9,2024,63
https://cdn1.fahasa.com/media/catalog/product/v/a/vanhaoluulac_ln_4_bia-1_3.jpg,Văn Hào Lưu Lạc,,10,9780085480006,"Lorem ipsum dolor sit amet, consectetur adipiscing elit. Nam congue vel tellus non luctus. Vestibulum vitae nunc lorem. Sed lacinia lectus vel augue imperdiet ultricies. Donec id venenatis ex, vitae pretium ligula. Sed nulla eros, dignissim at feugiat non, posuere sit amet urna. Ut eu porttitor tellus. Cras eu massa nulla. Morbi porta fermentum elit eu iaculis. Pellentesque hendrerit venenatis purus at feugiat. Pellentesque vitae feugiat purus. Donec mattis rhoncus lacinia. Sed quam diam, molestie id laoreet eu, lacinia ac turpis. Cras tincidunt lobortis elit quis aliquam. Proin et massa libero.

Aliquam id pharetra arcu. Vivamus vitae mattis ligula. Sed efficitur urna vitae scelerisque tempor. Proin purus magna, vulputate eu ligula a, vehicula malesuada enim. Curabitur aliquet rutrum enim et tincidunt. Vestibulum ante ipsum primis in faucibus orci luctus et ultrices posuere cubilia curae; Vivamus pharetra enim leo, nec molestie nibh consectetur quis. Class aptent taciti sociosqu ad litora torquent per conubia nostra, per inceptos himenaeos. Nunc quis maximus elit, vitae pulvinar urna. Integer at mi elit. Phasellus vitae rutrum sem. Vivamus et mauris ac nisl congue congue eu eget elit. Nullam at quam velit. Pellentesque dictum, diam nec tempor aliquet, tortor justo fermentum sapien, at condimentum turpis elit vel sapien. Aenean rutrum tellus sodales tortor viverra eleifend.

Donec facilisis, diam efficitur maximus ultrices, enim lectus rutrum elit, eget malesuada mi justo dapibus enim. Maecenas finibus euismod nulla quis dignissim. Sed dictum ante rutrum turpis euismod laoreet. Sed placerat tellus leo. In ut lobortis lorem. Nullam vitae lectus egestas urna tincidunt aliquet. Ut sagittis vel enim eget malesuada. Cras in congue tortor. Interdum et malesuada fames ac ante ipsum primis in faucibus. Nunc tempus consequat neque, et eleifend nulla aliquam eu.",Author 10,15,van-hao-luu-lac,NXB 10,2001,103
https://cdn1.fahasa.com/media/catalog/product/d/u/duoc_su_tu_su_tap_1_tieu_thuyet_bia_1_4.jpg,[Light Novel] Dược Sư Tự Sự - Tập 1,99000,10,9780085480007,"Lorem ipsum dolor sit amet, consectetur adipiscing elit. Nam congue vel tellus non luctus. Vestibulum vitae nunc lorem. Sed lacinia lectus vel augue imperdiet ultricies. Donec id venenatis ex, vitae pretium ligula. Sed nulla eros, dignissim at feugiat non, posuere sit amet urna. Ut eu porttitor tellus. Cras eu massa nulla. Morbi porta fermentum elit eu iaculis. Pellentesque hendrerit venenatis purus at feugiat. Pellentesque vitae feugiat purus. Donec mattis rhoncus lacinia. Sed quam diam, molestie id laoreet eu, lacinia ac turpis. Cras tincidunt lobortis elit quis aliquam. Proin et massa libero.

Aliquam id pharetra arcu. Vivamus vitae mattis ligula. Sed efficitur urna vitae scelerisque tempor. Proin purus magna, vulputate eu ligula a, vehicula malesuada enim. Curabitur aliquet rutrum enim et tincidunt. Vestibulum ante ipsum primis in faucibus orci luctus et ultrices posuere cubilia curae; Vivamus pharetra enim leo, nec molestie nibh consectetur quis. Class aptent taciti sociosqu ad litora torquent per conubia nostra, per inceptos himenaeos. Nunc quis maximus elit, vitae pulvinar urna. Integer at mi elit. Phasellus vitae rutrum sem. Vivamus et mauris ac nisl congue congue eu eget elit. Nullam at quam velit. Pellentesque dictum, diam nec tempor aliquet, tortor justo fermentum sapien, at condimentum turpis elit vel sapien. Aenean rutrum tellus sodales tortor viverra eleifend.

Donec facilisis, diam efficitur maximus ultrices, enim lectus rutrum elit, eget malesuada mi justo dapibus enim. Maecenas finibus euismod nulla quis dignissim. Sed dictum ante rutrum turpis euismod laoreet. Sed placerat tellus leo. In ut lobortis lorem. Nullam vitae lectus egestas urna tincidunt aliquet. Ut sagittis vel enim eget malesuada. Cras in congue tortor. Interdum et malesuada fames ac ante ipsum primis in faucibus. Nunc tempus consequat neque, et eleifend nulla aliquam eu.",Author 11,10,light-novel-duoc-su-tu-su-tap-1,NXB 11,2005,147
https://cdn1.fahasa.com/media/catalog/product/d/u/duoc-su-tu-su_tieu-thuyet_tap-3_tang-bookmark_tb2024.jpg,[Light Novel] Dược Sư Tự Sự - Tập 3 - Tặng Kèm Bookmark,106250,10,9780085480008,"Lorem ipsum dolor sit amet, consectetur adipiscing elit. Nam congue vel tellus non luctus. Vestibulum vitae nunc lorem. Sed lacinia lectus vel augue imperdiet ultricies. Donec id venenatis ex, vitae pretium ligula. Sed nulla eros, dignissim at feugiat non, posuere sit amet urna. Ut eu porttitor tellus. Cras eu massa nulla. Morbi porta fermentum elit eu iaculis. Pellentesque hendrerit venenatis purus at feugiat. Pellentesque vitae feugiat purus. Donec mattis rhoncus lacinia. Sed quam diam, molestie id laoreet eu, lacinia ac turpis. Cras tincidunt lobortis elit quis aliquam. Proin et massa libero.

Aliquam id pharetra arcu. Vivamus vitae mattis ligula. Sed efficitur urna vitae scelerisque tempor. Proin purus magna, vulputate eu ligula a, vehicula malesuada enim. Curabitur aliquet rutrum enim et tincidunt. Vestibulum ante ipsum primis in faucibus orci luctus et ultrices posuere cubilia curae; Vivamus pharetra enim leo, nec molestie nibh consectetur quis. Class aptent taciti sociosqu ad litora torquent per conubia nostra, per inceptos himenaeos. Nunc quis maximus elit, vitae pulvinar urna. Integer at mi elit. Phasellus vitae rutrum sem. Vivamus et mauris ac nisl congue congue eu eget elit. Nullam at quam velit. Pellentesque dictum, diam nec tempor aliquet, tortor justo fermentum sapien, at condimentum turpis elit vel sapien. Aenean rutrum tellus sodales tortor viverra eleifend.

Donec facilisis, diam efficitur maximus ultrices, enim lectus rutrum elit, eget malesuada mi justo dapibus enim. Maecenas finibus euismod nulla quis dignissim. Sed dictum ante rutrum turpis euismod laoreet. Sed placerat tellus leo. In ut lobortis lorem. Nullam vitae lectus egestas urna tincidunt aliquet. Ut sagittis vel enim eget malesuada. Cras in congue tortor. Interdum et malesuada fames ac ante ipsum primis in faucibus. Nunc tempus consequat neque, et eleifend nulla aliquam eu.",Author 12,19,light-novel-duoc-su-tu-su-tap-3-tang-kem-bookmark,NXB 12,2012,118
https://cdn1.fahasa.com/media/catalog/product/c/b/cbb-slime-6-b_n-th_ng.jpg,Về Chuyện Tôi Chuyển Sinh Thành Slime - Tập 6 - Tặng Kèm Bookmark + Postcard,184500,10,9780085480009,"Lorem ipsum dolor sit amet, consectetur adipiscing elit. Nam congue vel tellus non luctus. Vestibulum vitae nunc lorem. Sed lacinia lectus vel augue imperdiet ultricies. Donec id venenatis ex, vitae pretium ligula. Sed nulla eros, dignissim at feugiat non, posuere sit amet urna. Ut eu porttitor tellus. Cras eu massa nulla. Morbi porta fermentum elit eu iaculis. Pellentesque hendrerit venenatis purus at feugiat. Pellentesque vitae feugiat purus. Donec mattis rhoncus lacinia. Sed quam diam, molestie id laoreet eu, lacinia ac turpis. Cras tincidunt lobortis elit quis aliquam. Proin et massa libero.

Aliquam id pharetra arcu. Vivamus vitae mattis ligula. Sed efficitur urna vitae scelerisque tempor. Proin purus magna, vulputate eu ligula a, vehicula malesuada enim. Curabitur aliquet rutrum enim et tincidunt. Vestibulum ante ipsum primis in faucibus orci luctus et ultrices posuere cubilia curae; Vivamus pharetra enim leo, nec molestie nibh consectetur quis. Class aptent taciti sociosqu ad litora torquent per conubia nostra, per inceptos himenaeos. Nunc quis maximus elit, vitae pulvinar urna. Integer at mi elit. Phasellus vitae rutrum sem. Vivamus et mauris ac nisl congue congue eu eget elit. Nullam at quam velit. Pellentesque dictum, diam nec tempor aliquet, tortor justo fermentum sapien, at condimentum turpis elit vel sapien. Aenean rutrum tellus sodales tortor viverra eleifend.

Donec facilisis, diam efficitur maximus ultrices, enim lectus rutrum elit, eget malesuada mi justo dapibus enim. Maecenas finibus euismod nulla quis dignissim. Sed dictum ante rutrum turpis euismod laoreet. Sed placerat tellus leo. In ut lobortis lorem. Nullam vitae lectus egestas urna tincidunt aliquet. Ut sagittis vel enim eget malesuada. Cras in congue tortor. Interdum et malesuada fames ac ante ipsum primis in faucibus. Nunc tempus consequat neque, et eleifend nulla aliquam eu.",Author 13,13,ve-chuyen-toi-chuyen-sinh-thanh-slime-tap-6-tang-kem-bookmark-postcard,NXB 13,2010,62
https://cdn1.fahasa.com/media/catalog/product/c/h/chung-mot-mai-nha_tap-4_ban-gioi-han.jpg,Chung Một Mái Nhà - Tập 4 - Bản Giới Hạn - Tặng Kèm Bookmark + Set 2 Thẻ Học Sinh,94500,10,9780085480010,"Lorem ipsum dolor sit amet, consectetur adipiscing elit. Nam congue vel tellus non luctus. Vestibulum vitae nunc lorem. Sed lacinia lectus vel augue imperdiet ultricies. Donec id venenatis ex, vitae pretium ligula. Sed nulla eros, dignissim at feugiat non, posuere sit amet urna. Ut eu porttitor tellus. Cras eu massa nulla. Morbi porta fermentum elit eu iaculis. Pellentesque hendrerit venenatis purus at feugiat. Pellentesque vitae feugiat purus. Donec mattis rhoncus lacinia. Sed quam diam, molestie id laoreet eu, lacinia ac turpis. Cras tincidunt lobortis elit quis aliquam. Proin et massa libero.

Aliquam id pharetra arcu. Vivamus vitae mattis ligula. Sed efficitur urna vitae scelerisque tempor. Proin purus magna, vulputate eu ligula a, vehicula malesuada enim. Curabitur aliquet rutrum enim et tincidunt. Vestibulum ante ipsum primis in faucibus orci luctus et ultrices posuere cubilia curae; Vivamus pharetra enim leo, nec molestie nibh consectetur quis. Class aptent taciti sociosqu ad litora torquent per conubia nostra, per inceptos himenaeos. Nunc quis maximus elit, vitae pulvinar urna. Integer at mi elit. Phasellus vitae rutrum sem. Vivamus et mauris ac nisl congue congue eu eget elit. Nullam at quam velit. Pellentesque dictum, diam nec tempor aliquet, tortor justo fermentum sapien, at condimentum turpis elit vel sapien. Aenean rutrum tellus sodales tortor viverra eleifend.

Donec facilisis, diam efficitur maximus ultrices, enim lectus rutrum elit, eget malesuada mi justo dapibus enim. Maecenas finibus euismod nulla quis dignissim. Sed dictum ante rutrum turpis euismod laoreet. Sed placerat tellus leo. In ut lobortis lorem. Nullam vitae lectus egestas urna tincidunt aliquet. Ut sagittis vel enim eget malesuada. Cras in congue tortor. Interdum et malesuada fames ac ante ipsum primis in faucibus. Nunc tempus consequat neque, et eleifend nulla aliquam eu.",Author 14,20,chung-mot-mai-nha-tap-4-ban-gioi-han-tang-kem-bookmark-set-2-the-hoc-sinh,NXB 14,2024,122
https://cdn1.fahasa.com/media/catalog/product/z/7/z7408827466843_cba06b7104487fce6aca39423bd0b27a.jpg,[Light Novel] Cuộc Nổi Dậy Của Cô Nàng Mọt Sách - Phần 2 - Vu Nữ Tập Sự Của Thần Điện II - Bản Đặc Biệt - Tặng Kèm Bookmark + Card Trong + Postcard,175500,10,9780085480011,"Lorem ipsum dolor sit amet, consectetur adipiscing elit. Nam congue vel tellus non luctus. Vestibulum vitae nunc lorem. Sed lacinia lectus vel augue imperdiet ultricies. Donec id venenatis ex, vitae pretium ligula. Sed nulla eros, dignissim at feugiat non, posuere sit amet urna. Ut eu porttitor tellus. Cras eu massa nulla. Morbi porta fermentum elit eu iaculis. Pellentesque hendrerit venenatis purus at feugiat. Pellentesque vitae feugiat purus. Donec mattis rhoncus lacinia. Sed quam diam, molestie id laoreet eu, lacinia ac turpis. Cras tincidunt lobortis elit quis aliquam. Proin et massa libero.

Aliquam id pharetra arcu. Vivamus vitae mattis ligula. Sed efficitur urna vitae scelerisque tempor. Proin purus magna, vulputate eu ligula a, vehicula malesuada enim. Curabitur aliquet rutrum enim et tincidunt. Vestibulum ante ipsum primis in faucibus orci luctus et ultrices posuere cubilia curae; Vivamus pharetra enim leo, nec molestie nibh consectetur quis. Class aptent taciti sociosqu ad litora torquent per conubia nostra, per inceptos himenaeos. Nunc quis maximus elit, vitae pulvinar urna. Integer at mi elit. Phasellus vitae rutrum sem. Vivamus et mauris ac nisl congue congue eu eget elit. Nullam at quam velit. Pellentesque dictum, diam nec tempor aliquet, tortor justo fermentum sapien, at condimentum turpis elit vel sapien. Aenean rutrum tellus sodales tortor viverra eleifend.

Donec facilisis, diam efficitur maximus ultrices, enim lectus rutrum elit, eget malesuada mi justo dapibus enim. Maecenas finibus euismod nulla quis dignissim. Sed dictum ante rutrum turpis euismod laoreet. Sed placerat tellus leo. In ut lobortis lorem. Nullam vitae lectus egestas urna tincidunt aliquet. Ut sagittis vel enim eget malesuada. Cras in congue tortor. Interdum et malesuada fames ac ante ipsum primis in faucibus. Nunc tempus consequat neque, et eleifend nulla aliquam eu.",Author 15,15,light-novel-cuoc-noi-day-cua-co-nang-mot-sach-phan-2-vu-nu-tap-su-cua-than-ien-ii-ban-ac-biet-tang-kem-bookmark-card-trong-postcard,NXB 15,2012,135
https://cdn1.fahasa.com/media/catalog/product/2/0/200124.jpg,Thiên Sứ Nhà Bên - Tập 8 - Tặng Kèm Bookmark,80750,10,9780085480012,"Lorem ipsum dolor sit amet, consectetur adipiscing elit. Nam congue vel tellus non luctus. Vestibulum vitae nunc lorem. Sed lacinia lectus vel augue imperdiet ultricies. Donec id venenatis ex, vitae pretium ligula. Sed nulla eros, dignissim at feugiat non, posuere sit amet urna. Ut eu porttitor tellus. Cras eu massa nulla. Morbi porta fermentum elit eu iaculis. Pellentesque hendrerit venenatis purus at feugiat. Pellentesque vitae feugiat purus. Donec mattis rhoncus lacinia. Sed quam diam, molestie id laoreet eu, lacinia ac turpis. Cras tincidunt lobortis elit quis aliquam. Proin et massa libero.

Aliquam id pharetra arcu. Vivamus vitae mattis ligula. Sed efficitur urna vitae scelerisque tempor. Proin purus magna, vulputate eu ligula a, vehicula malesuada enim. Curabitur aliquet rutrum enim et tincidunt. Vestibulum ante ipsum primis in faucibus orci luctus et ultrices posuere cubilia curae; Vivamus pharetra enim leo, nec molestie nibh consectetur quis. Class aptent taciti sociosqu ad litora torquent per conubia nostra, per inceptos himenaeos. Nunc quis maximus elit, vitae pulvinar urna. Integer at mi elit. Phasellus vitae rutrum sem. Vivamus et mauris ac nisl congue congue eu eget elit. Nullam at quam velit. Pellentesque dictum, diam nec tempor aliquet, tortor justo fermentum sapien, at condimentum turpis elit vel sapien. Aenean rutrum tellus sodales tortor viverra eleifend.

Donec facilisis, diam efficitur maximus ultrices, enim lectus rutrum elit, eget malesuada mi justo dapibus enim. Maecenas finibus euismod nulla quis dignissim. Sed dictum ante rutrum turpis euismod laoreet. Sed placerat tellus leo. In ut lobortis lorem. Nullam vitae lectus egestas urna tincidunt aliquet. Ut sagittis vel enim eget malesuada. Cras in congue tortor. Interdum et malesuada fames ac ante ipsum primis in faucibus. Nunc tempus consequat neque, et eleifend nulla aliquam eu.",Author 16,12,thien-su-nha-ben-tap-8-tang-kem-bookmark,NXB 16,2006,84
https://cdn1.fahasa.com/media/catalog/product/t/h/thien-su-nha-ben_tap-10_-ban-boxset-limited_qua-tang-1.jpg,Thiên Sứ Nhà Bên,,10,9780085480013,"Lorem ipsum dolor sit amet, consectetur adipiscing elit. Nam congue vel tellus non luctus. Vestibulum vitae nunc lorem. Sed lacinia lectus vel augue imperdiet ultricies. Donec id venenatis ex, vitae pretium ligula. Sed nulla eros, dignissim at feugiat non, posuere sit amet urna. Ut eu porttitor tellus. Cras eu massa nulla. Morbi porta fermentum elit eu iaculis. Pellentesque hendrerit venenatis purus at feugiat. Pellentesque vitae feugiat purus. Donec mattis rhoncus lacinia. Sed quam diam, molestie id laoreet eu, lacinia ac turpis. Cras tincidunt lobortis elit quis aliquam. Proin et massa libero.

Aliquam id pharetra arcu. Vivamus vitae mattis ligula. Sed efficitur urna vitae scelerisque tempor. Proin purus magna, vulputate eu ligula a, vehicula malesuada enim. Curabitur aliquet rutrum enim et tincidunt. Vestibulum ante ipsum primis in faucibus orci luctus et ultrices posuere cubilia curae; Vivamus pharetra enim leo, nec molestie nibh consectetur quis. Class aptent taciti sociosqu ad litora torquent per conubia nostra, per inceptos himenaeos. Nunc quis maximus elit, vitae pulvinar urna. Integer at mi elit. Phasellus vitae rutrum sem. Vivamus et mauris ac nisl congue congue eu eget elit. Nullam at quam velit. Pellentesque dictum, diam nec tempor aliquet, tortor justo fermentum sapien, at condimentum turpis elit vel sapien. Aenean rutrum tellus sodales tortor viverra eleifend.

Donec facilisis, diam efficitur maximus ultrices, enim lectus rutrum elit, eget malesuada mi justo dapibus enim. Maecenas finibus euismod nulla quis dignissim. Sed dictum ante rutrum turpis euismod laoreet. Sed placerat tellus leo. In ut lobortis lorem. Nullam vitae lectus egestas urna tincidunt aliquet. Ut sagittis vel enim eget malesuada. Cras in congue tortor. Interdum et malesuada fames ac ante ipsum primis in faucibus. Nunc tempus consequat neque, et eleifend nulla aliquam eu.",Author 17,14,thien-su-nha-ben,NXB 17,2019,119
https://cdn1.fahasa.com/media/catalog/product/d/u/duoc-su-tu-su_tieu-thuyet-tap-4_tang-bookmark_tb2024.jpg,[Light Novel] Dược Sư Tự Sự - Tập 4 - Tặng Kèm Bookmark,106250,10,9780085480014,"Lorem ipsum dolor sit amet, consectetur adipiscing elit. Nam congue vel tellus non luctus. Vestibulum vitae nunc lorem. Sed lacinia lectus vel augue imperdiet ultricies. Donec id venenatis ex, vitae pretium ligula. Sed nulla eros, dignissim at feugiat non, posuere sit amet urna. Ut eu porttitor tellus. Cras eu massa nulla. Morbi porta fermentum elit eu iaculis. Pellentesque hendrerit venenatis purus at feugiat. Pellentesque vitae feugiat purus. Donec mattis rhoncus lacinia. Sed quam diam, molestie id laoreet eu, lacinia ac turpis. Cras tincidunt lobortis elit quis aliquam. Proin et massa libero.

Aliquam id pharetra arcu. Vivamus vitae mattis ligula. Sed efficitur urna vitae scelerisque tempor. Proin purus magna, vulputate eu ligula a, vehicula malesuada enim. Curabitur aliquet rutrum enim et tincidunt. Vestibulum ante ipsum primis in faucibus orci luctus et ultrices posuere cubilia curae; Vivamus pharetra enim leo, nec molestie nibh consectetur quis. Class aptent taciti sociosqu ad litora torquent per conubia nostra, per inceptos himenaeos. Nunc quis maximus elit, vitae pulvinar urna. Integer at mi elit. Phasellus vitae rutrum sem. Vivamus et mauris ac nisl congue congue eu eget elit. Nullam at quam velit. Pellentesque dictum, diam nec tempor aliquet, tortor justo fermentum sapien, at condimentum turpis elit vel sapien. Aenean rutrum tellus sodales tortor viverra eleifend.

Donec facilisis, diam efficitur maximus ultrices, enim lectus rutrum elit, eget malesuada mi justo dapibus enim. Maecenas finibus euismod nulla quis dignissim. Sed dictum ante rutrum turpis euismod laoreet. Sed placerat tellus leo. In ut lobortis lorem. Nullam vitae lectus egestas urna tincidunt aliquet. Ut sagittis vel enim eget malesuada. Cras in congue tortor. Interdum et malesuada fames ac ante ipsum primis in faucibus. Nunc tempus consequat neque, et eleifend nulla aliquam eu.",Author 18,19,light-novel-duoc-su-tu-su-tap-4-tang-kem-bookmark,NXB 18,2015,136
https://cdn1.fahasa.com/media/catalog/product/z/7/z7315686205602_d5204bc5604bea1ca802df6f39dcb6fb.jpg,Ai Đã Giết Anh Hùng - Tập 2 - Bản Đặc Biệt - Tặng Kèm 2 Character Card,96000,10,9780085480015,"Lorem ipsum dolor sit amet, consectetur adipiscing elit. Nam congue vel tellus non luctus. Vestibulum vitae nunc lorem. Sed lacinia lectus vel augue imperdiet ultricies. Donec id venenatis ex, vitae pretium ligula. Sed nulla eros, dignissim at feugiat non, posuere sit amet urna. Ut eu porttitor tellus. Cras eu massa nulla. Morbi porta fermentum elit eu iaculis. Pellentesque hendrerit venenatis purus at feugiat. Pellentesque vitae feugiat purus. Donec mattis rhoncus lacinia. Sed quam diam, molestie id laoreet eu, lacinia ac turpis. Cras tincidunt lobortis elit quis aliquam. Proin et massa libero.

Aliquam id pharetra arcu. Vivamus vitae mattis ligula. Sed efficitur urna vitae scelerisque tempor. Proin purus magna, vulputate eu ligula a, vehicula malesuada enim. Curabitur aliquet rutrum enim et tincidunt. Vestibulum ante ipsum primis in faucibus orci luctus et ultrices posuere cubilia curae; Vivamus pharetra enim leo, nec molestie nibh consectetur quis. Class aptent taciti sociosqu ad litora torquent per conubia nostra, per inceptos himenaeos. Nunc quis maximus elit, vitae pulvinar urna. Integer at mi elit. Phasellus vitae rutrum sem. Vivamus et mauris ac nisl congue congue eu eget elit. Nullam at quam velit. Pellentesque dictum, diam nec tempor aliquet, tortor justo fermentum sapien, at condimentum turpis elit vel sapien. Aenean rutrum tellus sodales tortor viverra eleifend.

Donec facilisis, diam efficitur maximus ultrices, enim lectus rutrum elit, eget malesuada mi justo dapibus enim. Maecenas finibus euismod nulla quis dignissim. Sed dictum ante rutrum turpis euismod laoreet. Sed placerat tellus leo. In ut lobortis lorem. Nullam vitae lectus egestas urna tincidunt aliquet. Ut sagittis vel enim eget malesuada. Cras in congue tortor. Interdum et malesuada fames ac ante ipsum primis in faucibus. Nunc tempus consequat neque, et eleifend nulla aliquam eu.",Author 19,16,ai-a-giet-anh-hung-tap-2-ban-ac-biet-tang-kem-2-character-card,NXB 19,2005,129
https://cdn1.fahasa.com/media/catalog/product/2/7/270925-2.jpg,Ai Đã Giết Anh Hùng - Tập 1 - Bản Đặc Biệt - Tặng Kèm 2 Character Card,96000,10,9780085480016,"Lorem ipsum dolor sit amet, consectetur adipiscing elit. Nam congue vel tellus non luctus. Vestibulum vitae nunc lorem. Sed lacinia lectus vel augue imperdiet ultricies. Donec id venenatis ex, vitae pretium ligula. Sed nulla eros, dignissim at feugiat non, posuere sit amet urna. Ut eu porttitor tellus. Cras eu massa nulla. Morbi porta fermentum elit eu iaculis. Pellentesque hendrerit venenatis purus at feugiat. Pellentesque vitae feugiat purus. Donec mattis rhoncus lacinia. Sed quam diam, molestie id laoreet eu, lacinia ac turpis. Cras tincidunt lobortis elit quis aliquam. Proin et massa libero.

Aliquam id pharetra arcu. Vivamus vitae mattis ligula. Sed efficitur urna vitae scelerisque tempor. Proin purus magna, vulputate eu ligula a, vehicula malesuada enim. Curabitur aliquet rutrum enim et tincidunt. Vestibulum ante ipsum primis in faucibus orci luctus et ultrices posuere cubilia curae; Vivamus pharetra enim leo, nec molestie nibh consectetur quis. Class aptent taciti sociosqu ad litora torquent per conubia nostra, per inceptos himenaeos. Nunc quis maximus elit, vitae pulvinar urna. Integer at mi elit. Phasellus vitae rutrum sem. Vivamus et mauris ac nisl congue congue eu eget elit. Nullam at quam velit. Pellentesque dictum, diam nec tempor aliquet, tortor justo fermentum sapien, at condimentum turpis elit vel sapien. Aenean rutrum tellus sodales tortor viverra eleifend.

Donec facilisis, diam efficitur maximus ultrices, enim lectus rutrum elit, eget malesuada mi justo dapibus enim. Maecenas finibus euismod nulla quis dignissim. Sed dictum ante rutrum turpis euismod laoreet. Sed placerat tellus leo. In ut lobortis lorem. Nullam vitae lectus egestas urna tincidunt aliquet. Ut sagittis vel enim eget malesuada. Cras in congue tortor. Interdum et malesuada fames ac ante ipsum primis in faucibus. Nunc tempus consequat neque, et eleifend nulla aliquam eu.",Author 20,13,ai-a-giet-anh-hung-tap-1-ban-ac-biet-tang-kem-2-character-card,NXB 20,2001,63
https://cdn1.fahasa.com/media/catalog/product/t/b/tbph1_8.jpg,Tôi Bị Đàn Em Đứng Hạng Nhất Trong Cuộc Thi Người Vợ Lý Tưởng Nắm Được Điểm Yếu - Tập 2 - Bản Đặc Biệt - Tặng Kèm Bookmark Phũ Nhũ + Postcard Phủ Nhũ + Poster A3,135000,10,9780085480017,"Lorem ipsum dolor sit amet, consectetur adipiscing elit. Nam congue vel tellus non luctus. Vestibulum vitae nunc lorem. Sed lacinia lectus vel augue imperdiet ultricies. Donec id venenatis ex, vitae pretium ligula. Sed nulla eros, dignissim at feugiat non, posuere sit amet urna. Ut eu porttitor tellus. Cras eu massa nulla. Morbi porta fermentum elit eu iaculis. Pellentesque hendrerit venenatis purus at feugiat. Pellentesque vitae feugiat purus. Donec mattis rhoncus lacinia. Sed quam diam, molestie id laoreet eu, lacinia ac turpis. Cras tincidunt lobortis elit quis aliquam. Proin et massa libero.

Aliquam id pharetra arcu. Vivamus vitae mattis ligula. Sed efficitur urna vitae scelerisque tempor. Proin purus magna, vulputate eu ligula a, vehicula malesuada enim. Curabitur aliquet rutrum enim et tincidunt. Vestibulum ante ipsum primis in faucibus orci luctus et ultrices posuere cubilia curae; Vivamus pharetra enim leo, nec molestie nibh consectetur quis. Class aptent taciti sociosqu ad litora torquent per conubia nostra, per inceptos himenaeos. Nunc quis maximus elit, vitae pulvinar urna. Integer at mi elit. Phasellus vitae rutrum sem. Vivamus et mauris ac nisl congue congue eu eget elit. Nullam at quam velit. Pellentesque dictum, diam nec tempor aliquet, tortor justo fermentum sapien, at condimentum turpis elit vel sapien. Aenean rutrum tellus sodales tortor viverra eleifend.

Donec facilisis, diam efficitur maximus ultrices, enim lectus rutrum elit, eget malesuada mi justo dapibus enim. Maecenas finibus euismod nulla quis dignissim. Sed dictum ante rutrum turpis euismod laoreet. Sed placerat tellus leo. In ut lobortis lorem. Nullam vitae lectus egestas urna tincidunt aliquet. Ut sagittis vel enim eget malesuada. Cras in congue tortor. Interdum et malesuada fames ac ante ipsum primis in faucibus. Nunc tempus consequat neque, et eleifend nulla aliquam eu.",Author 21,8,toi-bi-an-em-ung-hang-nhat-trong-cuoc-thi-nguoi-vo-ly-tuong-nam-uoc-iem-yeu-tap-2-ban-ac-biet-tang-kem-bookmark-phu-nhu-postcard-phu-nhu-poster-a3,NXB 21,2008,84
https://cdn1.fahasa.com/media/catalog/product/2/0/201023-2.jpg,Thiên Sứ Nhà Bên - Tập 7 - Tặng Kèm Bookmark,80750,10,9780085480018,"Lorem ipsum dolor sit amet, consectetur adipiscing elit. Nam congue vel tellus non luctus. Vestibulum vitae nunc lorem. Sed lacinia lectus vel augue imperdiet ultricies. Donec id venenatis ex, vitae pretium ligula. Sed nulla eros, dignissim at feugiat non, posuere sit amet urna. Ut eu porttitor tellus. Cras eu massa nulla. Morbi porta fermentum elit eu iaculis. Pellentesque hendrerit venenatis purus at feugiat. Pellentesque vitae feugiat purus. Donec mattis rhoncus lacinia. Sed quam diam, molestie id laoreet eu, lacinia ac turpis. Cras tincidunt lobortis elit quis aliquam. Proin et massa libero.

Aliquam id pharetra arcu. Vivamus vitae mattis ligula. Sed efficitur urna vitae scelerisque tempor. Proin purus magna, vulputate eu ligula a, vehicula malesuada enim. Curabitur aliquet rutrum enim et tincidunt. Vestibulum ante ipsum primis in faucibus orci luctus et ultrices posuere cubilia curae; Vivamus pharetra enim leo, nec molestie nibh consectetur quis. Class aptent taciti sociosqu ad litora torquent per conubia nostra, per inceptos himenaeos. Nunc quis maximus elit, vitae pulvinar urna. Integer at mi elit. Phasellus vitae rutrum sem. Vivamus et mauris ac nisl congue congue eu eget elit. Nullam at quam velit. Pellentesque dictum, diam nec tempor aliquet, tortor justo fermentum sapien, at condimentum turpis elit vel sapien. Aenean rutrum tellus sodales tortor viverra eleifend.

Donec facilisis, diam efficitur maximus ultrices, enim lectus rutrum elit, eget malesuada mi justo dapibus enim. Maecenas finibus euismod nulla quis dignissim. Sed dictum ante rutrum turpis euismod laoreet. Sed placerat tellus leo. In ut lobortis lorem. Nullam vitae lectus egestas urna tincidunt aliquet. Ut sagittis vel enim eget malesuada. Cras in congue tortor. Interdum et malesuada fames ac ante ipsum primis in faucibus. Nunc tempus consequat neque, et eleifend nulla aliquam eu.",Author 22,9,thien-su-nha-ben-tap-7-tang-kem-bookmark,NXB 22,2022,147
https://cdn1.fahasa.com/media/catalog/product/a/c/ac-nu-nua-voi_light-novel_tap-1_qua-tang.jpg,[Light Novel] Ác Nữ Nửa Vời - Truyền Kì Hoán Hồn Đổi Xác - Tập 1 - Tặng Kèm Bookmark + Postcard PVC + Shikishi 2 Mặt,103500,10,9780085480019,"Lorem ipsum dolor sit amet, consectetur adipiscing elit. Nam congue vel tellus non luctus. Vestibulum vitae nunc lorem. Sed lacinia lectus vel augue imperdiet ultricies. Donec id venenatis ex, vitae pretium ligula. Sed nulla eros, dignissim at feugiat non, posuere sit amet urna. Ut eu porttitor tellus. Cras eu massa nulla. Morbi porta fermentum elit eu iaculis. Pellentesque hendrerit venenatis purus at feugiat. Pellentesque vitae feugiat purus. Donec mattis rhoncus lacinia. Sed quam diam, molestie id laoreet eu, lacinia ac turpis. Cras tincidunt lobortis elit quis aliquam. Proin et massa libero.

Aliquam id pharetra arcu. Vivamus vitae mattis ligula. Sed efficitur urna vitae scelerisque tempor. Proin purus magna, vulputate eu ligula a, vehicula malesuada enim. Curabitur aliquet rutrum enim et tincidunt. Vestibulum ante ipsum primis in faucibus orci luctus et ultrices posuere cubilia curae; Vivamus pharetra enim leo, nec molestie nibh consectetur quis. Class aptent taciti sociosqu ad litora torquent per conubia nostra, per inceptos himenaeos. Nunc quis maximus elit, vitae pulvinar urna. Integer at mi elit. Phasellus vitae rutrum sem. Vivamus et mauris ac nisl congue congue eu eget elit. Nullam at quam velit. Pellentesque dictum, diam nec tempor aliquet, tortor justo fermentum sapien, at condimentum turpis elit vel sapien. Aenean rutrum tellus sodales tortor viverra eleifend.

Donec facilisis, diam efficitur maximus ultrices, enim lectus rutrum elit, eget malesuada mi justo dapibus enim. Maecenas finibus euismod nulla quis dignissim. Sed dictum ante rutrum turpis euismod laoreet. Sed placerat tellus leo. In ut lobortis lorem. Nullam vitae lectus egestas urna tincidunt aliquet. Ut sagittis vel enim eget malesuada. Cras in congue tortor. Interdum et malesuada fames ac ante ipsum primis in faucibus. Nunc tempus consequat neque, et eleifend nulla aliquam eu.",Author 23,16,light-novel-ac-nu-nua-voi-truyen-ki-hoan-hon-oi-xac-tap-1-tang-kem-bookmark-postcard-pvc-shikishi-2-mat,NXB 23,2006,128
https://cdn1.fahasa.com/media/catalog/product/a/r/arya-ban-ben-thinh-thoang-lai-treu-gheo-toi-bang-tieng-nga_tap-8_ban-pho-thong.jpg,Arya Bàn Bên Thỉnh Thoảng Lại Trêu Ghẹo Tôi Bằng Tiếng Nga - Tập 8 - Tặng Kèm Bookmark Bế Hình + Bìa Áo Bonus,85500,10,9780085480020,"Lorem ipsum dolor sit amet, consectetur adipiscing elit. Nam congue vel tellus non luctus. Vestibulum vitae nunc lorem. Sed lacinia lectus vel augue imperdiet ultricies. Donec id venenatis ex, vitae pretium ligula. Sed nulla eros, dignissim at feugiat non, posuere sit amet urna. Ut eu porttitor tellus. Cras eu massa nulla. Morbi porta fermentum elit eu iaculis. Pellentesque hendrerit venenatis purus at feugiat. Pellentesque vitae feugiat purus. Donec mattis rhoncus lacinia. Sed quam diam, molestie id laoreet eu, lacinia ac turpis. Cras tincidunt lobortis elit quis aliquam. Proin et massa libero.

Aliquam id pharetra arcu. Vivamus vitae mattis ligula. Sed efficitur urna vitae scelerisque tempor. Proin purus magna, vulputate eu ligula a, vehicula malesuada enim. Curabitur aliquet rutrum enim et tincidunt. Vestibulum ante ipsum primis in faucibus orci luctus et ultrices posuere cubilia curae; Vivamus pharetra enim leo, nec molestie nibh consectetur quis. Class aptent taciti sociosqu ad litora torquent per conubia nostra, per inceptos himenaeos. Nunc quis maximus elit, vitae pulvinar urna. Integer at mi elit. Phasellus vitae rutrum sem. Vivamus et mauris ac nisl congue congue eu eget elit. Nullam at quam velit. Pellentesque dictum, diam nec tempor aliquet, tortor justo fermentum sapien, at condimentum turpis elit vel sapien. Aenean rutrum tellus sodales tortor viverra eleifend.

Donec facilisis, diam efficitur maximus ultrices, enim lectus rutrum elit, eget malesuada mi justo dapibus enim. Maecenas finibus euismod nulla quis dignissim. Sed dictum ante rutrum turpis euismod laoreet. Sed placerat tellus leo. In ut lobortis lorem. Nullam vitae lectus egestas urna tincidunt aliquet. Ut sagittis vel enim eget malesuada. Cras in congue tortor. Interdum et malesuada fames ac ante ipsum primis in faucibus. Nunc tempus consequat neque, et eleifend nulla aliquam eu.",Author 24,8,arya-ban-ben-thinh-thoang-lai-treu-gheo-toi-bang-tieng-nga-tap-8-tang-kem-bookmark-be-hinh-bia-ao-bonus,NXB 24,2013,108
https://cdn1.fahasa.com/media/catalog/product/t/h/thien-su-nha-ben_5_ban-pho-thong.jpg,Thiên Sứ Nhà Bên - Tập 5 - Tặng Kèm Bookmark,85500,10,9780085480021,"Lorem ipsum dolor sit amet, consectetur adipiscing elit. Nam congue vel tellus non luctus. Vestibulum vitae nunc lorem. Sed lacinia lectus vel augue imperdiet ultricies. Donec id venenatis ex, vitae pretium ligula. Sed nulla eros, dignissim at feugiat non, posuere sit amet urna. Ut eu porttitor tellus. Cras eu massa nulla. Morbi porta fermentum elit eu iaculis. Pellentesque hendrerit venenatis purus at feugiat. Pellentesque vitae feugiat purus. Donec mattis rhoncus lacinia. Sed quam diam, molestie id laoreet eu, lacinia ac turpis. Cras tincidunt lobortis elit quis aliquam. Proin et massa libero.

Aliquam id pharetra arcu. Vivamus vitae mattis ligula. Sed efficitur urna vitae scelerisque tempor. Proin purus magna, vulputate eu ligula a, vehicula malesuada enim. Curabitur aliquet rutrum enim et tincidunt. Vestibulum ante ipsum primis in faucibus orci luctus et ultrices posuere cubilia curae; Vivamus pharetra enim leo, nec molestie nibh consectetur quis. Class aptent taciti sociosqu ad litora torquent per conubia nostra, per inceptos himenaeos. Nunc quis maximus elit, vitae pulvinar urna. Integer at mi elit. Phasellus vitae rutrum sem. Vivamus et mauris ac nisl congue congue eu eget elit. Nullam at quam velit. Pellentesque dictum, diam nec tempor aliquet, tortor justo fermentum sapien, at condimentum turpis elit vel sapien. Aenean rutrum tellus sodales tortor viverra eleifend.

Donec facilisis, diam efficitur maximus ultrices, enim lectus rutrum elit, eget malesuada mi justo dapibus enim. Maecenas finibus euismod nulla quis dignissim. Sed dictum ante rutrum turpis euismod laoreet. Sed placerat tellus leo. In ut lobortis lorem. Nullam vitae lectus egestas urna tincidunt aliquet. Ut sagittis vel enim eget malesuada. Cras in congue tortor. Interdum et malesuada fames ac ante ipsum primis in faucibus. Nunc tempus consequat neque, et eleifend nulla aliquam eu.",Author 25,12,thien-su-nha-ben-tap-5-tang-kem-bookmark,NXB 25,2000,80
https://cdn1.fahasa.com/media/catalog/product/a/r/arya-ban-ben-thinh-thoang-lai-treu-gheo-toi-bang-tieng-nga_tap-7_ban-boxset_bia.jpg,Arya Bàn Bên Thỉnh Thoảng Lại Trêu Ghẹo Tôi Bằng Tiếng Nga - Tập 7 - Bản Boxset -Tặng Kèm Boxset + Shikishi + Set 2 Thẻ Học Sinh,121500,10,9780085480022,"Lorem ipsum dolor sit amet, consectetur adipiscing elit. Nam congue vel tellus non luctus. Vestibulum vitae nunc lorem. Sed lacinia lectus vel augue imperdiet ultricies. Donec id venenatis ex, vitae pretium ligula. Sed nulla eros, dignissim at feugiat non, posuere sit amet urna. Ut eu porttitor tellus. Cras eu massa nulla. Morbi porta fermentum elit eu iaculis. Pellentesque hendrerit venenatis purus at feugiat. Pellentesque vitae feugiat purus. Donec mattis rhoncus lacinia. Sed quam diam, molestie id laoreet eu, lacinia ac turpis. Cras tincidunt lobortis elit quis aliquam. Proin et massa libero.

Aliquam id pharetra arcu. Vivamus vitae mattis ligula. Sed efficitur urna vitae scelerisque tempor. Proin purus magna, vulputate eu ligula a, vehicula malesuada enim. Curabitur aliquet rutrum enim et tincidunt. Vestibulum ante ipsum primis in faucibus orci luctus et ultrices posuere cubilia curae; Vivamus pharetra enim leo, nec molestie nibh consectetur quis. Class aptent taciti sociosqu ad litora torquent per conubia nostra, per inceptos himenaeos. Nunc quis maximus elit, vitae pulvinar urna. Integer at mi elit. Phasellus vitae rutrum sem. Vivamus et mauris ac nisl congue congue eu eget elit. Nullam at quam velit. Pellentesque dictum, diam nec tempor aliquet, tortor justo fermentum sapien, at condimentum turpis elit vel sapien. Aenean rutrum tellus sodales tortor viverra eleifend.

Donec facilisis, diam efficitur maximus ultrices, enim lectus rutrum elit, eget malesuada mi justo dapibus enim. Maecenas finibus euismod nulla quis dignissim. Sed dictum ante rutrum turpis euismod laoreet. Sed placerat tellus leo. In ut lobortis lorem. Nullam vitae lectus egestas urna tincidunt aliquet. Ut sagittis vel enim eget malesuada. Cras in congue tortor. Interdum et malesuada fames ac ante ipsum primis in faucibus. Nunc tempus consequat neque, et eleifend nulla aliquam eu.",Author 26,13,arya-ban-ben-thinh-thoang-lai-treu-gheo-toi-bang-tieng-nga-tap-7-ban-boxset-tang-kem-boxset-shikishi-set-2-the-hoc-sinh,NXB 26,2004,51
https://cdn1.fahasa.com/media/catalog/product/c/h/chua-te-bong-toi_ban-pho-thong_tap-2.jpg,[Light Novel] Chúa Tể Bóng Tối - Tập 2 - Tặng Kèm Character Card,108800,10,9780085480023,"Lorem ipsum dolor sit amet, consectetur adipiscing elit. Nam congue vel tellus non luctus. Vestibulum vitae nunc lorem. Sed lacinia lectus vel augue imperdiet ultricies. Donec id venenatis ex, vitae pretium ligula. Sed nulla eros, dignissim at feugiat non, posuere sit amet urna. Ut eu porttitor tellus. Cras eu massa nulla. Morbi porta fermentum elit eu iaculis. Pellentesque hendrerit venenatis purus at feugiat. Pellentesque vitae feugiat purus. Donec mattis rhoncus lacinia. Sed quam diam, molestie id laoreet eu, lacinia ac turpis. Cras tincidunt lobortis elit quis aliquam. Proin et massa libero.

Aliquam id pharetra arcu. Vivamus vitae mattis ligula. Sed efficitur urna vitae scelerisque tempor. Proin purus magna, vulputate eu ligula a, vehicula malesuada enim. Curabitur aliquet rutrum enim et tincidunt. Vestibulum ante ipsum primis in faucibus orci luctus et ultrices posuere cubilia curae; Vivamus pharetra enim leo, nec molestie nibh consectetur quis. Class aptent taciti sociosqu ad litora torquent per conubia nostra, per inceptos himenaeos. Nunc quis maximus elit, vitae pulvinar urna. Integer at mi elit. Phasellus vitae rutrum sem. Vivamus et mauris ac nisl congue congue eu eget elit. Nullam at quam velit. Pellentesque dictum, diam nec tempor aliquet, tortor justo fermentum sapien, at condimentum turpis elit vel sapien. Aenean rutrum tellus sodales tortor viverra eleifend.

Donec facilisis, diam efficitur maximus ultrices, enim lectus rutrum elit, eget malesuada mi justo dapibus enim. Maecenas finibus euismod nulla quis dignissim. Sed dictum ante rutrum turpis euismod laoreet. Sed placerat tellus leo. In ut lobortis lorem. Nullam vitae lectus egestas urna tincidunt aliquet. Ut sagittis vel enim eget malesuada. Cras in congue tortor. Interdum et malesuada fames ac ante ipsum primis in faucibus. Nunc tempus consequat neque, et eleifend nulla aliquam eu.",Author 27,16,light-novel-chua-te-bong-toi-tap-2-tang-kem-character-card,NXB 27,2025,101
https://cdn1.fahasa.com/media/catalog/product/3/0/300725.jpg,86-EIGHTY SIX - Alter.1 - Đôi Nét Thanh Xuân Của Tử Thần - Bản Đặc Biệt - Tặng Kèm 2 Postcard,100000,10,9780085480024,"Lorem ipsum dolor sit amet, consectetur adipiscing elit. Nam congue vel tellus non luctus. Vestibulum vitae nunc lorem. Sed lacinia lectus vel augue imperdiet ultricies. Donec id venenatis ex, vitae pretium ligula. Sed nulla eros, dignissim at feugiat non, posuere sit amet urna. Ut eu porttitor tellus. Cras eu massa nulla. Morbi porta fermentum elit eu iaculis. Pellentesque hendrerit venenatis purus at feugiat. Pellentesque vitae feugiat purus. Donec mattis rhoncus lacinia. Sed quam diam, molestie id laoreet eu, lacinia ac turpis. Cras tincidunt lobortis elit quis aliquam. Proin et massa libero.

Aliquam id pharetra arcu. Vivamus vitae mattis ligula. Sed efficitur urna vitae scelerisque tempor. Proin purus magna, vulputate eu ligula a, vehicula malesuada enim. Curabitur aliquet rutrum enim et tincidunt. Vestibulum ante ipsum primis in faucibus orci luctus et ultrices posuere cubilia curae; Vivamus pharetra enim leo, nec molestie nibh consectetur quis. Class aptent taciti sociosqu ad litora torquent per conubia nostra, per inceptos himenaeos. Nunc quis maximus elit, vitae pulvinar urna. Integer at mi elit. Phasellus vitae rutrum sem. Vivamus et mauris ac nisl congue congue eu eget elit. Nullam at quam velit. Pellentesque dictum, diam nec tempor aliquet, tortor justo fermentum sapien, at condimentum turpis elit vel sapien. Aenean rutrum tellus sodales tortor viverra eleifend.

Donec facilisis, diam efficitur maximus ultrices, enim lectus rutrum elit, eget malesuada mi justo dapibus enim. Maecenas finibus euismod nulla quis dignissim. Sed dictum ante rutrum turpis euismod laoreet. Sed placerat tellus leo. In ut lobortis lorem. Nullam vitae lectus egestas urna tincidunt aliquet. Ut sagittis vel enim eget malesuada. Cras in congue tortor. Interdum et malesuada fames ac ante ipsum primis in faucibus. Nunc tempus consequat neque, et eleifend nulla aliquam eu.",Author 28,5,86-eighty-six-alter-1-oi-net-thanh-xuan-cua-tu-than-ban-ac-biet-tang-kem-2-postcard,NXB 28,2009,90
https://cdn1.fahasa.com/media/catalog/product/c/h/chung-mot-mai-nha_tap-1_ban-pho-thong.jpg,Chung Một Mái Nhà - Tập 1 - Tặng Bookmark Bo Góc,94500,10,9780085480025,"Lorem ipsum dolor sit amet, consectetur adipiscing elit. Nam congue vel tellus non luctus. Vestibulum vitae nunc lorem. Sed lacinia lectus vel augue imperdiet ultricies. Donec id venenatis ex, vitae pretium ligula. Sed nulla eros, dignissim at feugiat non, posuere sit amet urna. Ut eu porttitor tellus. Cras eu massa nulla. Morbi porta fermentum elit eu iaculis. Pellentesque hendrerit venenatis purus at feugiat. Pellentesque vitae feugiat purus. Donec mattis rhoncus lacinia. Sed quam diam, molestie id laoreet eu, lacinia ac turpis. Cras tincidunt lobortis elit quis aliquam. Proin et massa libero.

Aliquam id pharetra arcu. Vivamus vitae mattis ligula. Sed efficitur urna vitae scelerisque tempor. Proin purus magna, vulputate eu ligula a, vehicula malesuada enim. Curabitur aliquet rutrum enim et tincidunt. Vestibulum ante ipsum primis in faucibus orci luctus et ultrices posuere cubilia curae; Vivamus pharetra enim leo, nec molestie nibh consectetur quis. Class aptent taciti sociosqu ad litora torquent per conubia nostra, per inceptos himenaeos. Nunc quis maximus elit, vitae pulvinar urna. Integer at mi elit. Phasellus vitae rutrum sem. Vivamus et mauris ac nisl congue congue eu eget elit. Nullam at quam velit. Pellentesque dictum, diam nec tempor aliquet, tortor justo fermentum sapien, at condimentum turpis elit vel sapien. Aenean rutrum tellus sodales tortor viverra eleifend.

Donec facilisis, diam efficitur maximus ultrices, enim lectus rutrum elit, eget malesuada mi justo dapibus enim. Maecenas finibus euismod nulla quis dignissim. Sed dictum ante rutrum turpis euismod laoreet. Sed placerat tellus leo. In ut lobortis lorem. Nullam vitae lectus egestas urna tincidunt aliquet. Ut sagittis vel enim eget malesuada. Cras in congue tortor. Interdum et malesuada fames ac ante ipsum primis in faucibus. Nunc tempus consequat neque, et eleifend nulla aliquam eu.",Author 29,18,chung-mot-mai-nha-tap-1-tang-bookmark-bo-goc,NXB 29,2005,54
https://cdn1.fahasa.com/media/catalog/product/2/5/250624-2.jpg,86-EIGHTY SIX - Ep.11 - Ngày Phán Xét,116000,10,9780085480026,"Lorem ipsum dolor sit amet, consectetur adipiscing elit. Nam congue vel tellus non luctus. Vestibulum vitae nunc lorem. Sed lacinia lectus vel augue imperdiet ultricies. Donec id venenatis ex, vitae pretium ligula. Sed nulla eros, dignissim at feugiat non, posuere sit amet urna. Ut eu porttitor tellus. Cras eu massa nulla. Morbi porta fermentum elit eu iaculis. Pellentesque hendrerit venenatis purus at feugiat. Pellentesque vitae feugiat purus. Donec mattis rhoncus lacinia. Sed quam diam, molestie id laoreet eu, lacinia ac turpis. Cras tincidunt lobortis elit quis aliquam. Proin et massa libero.

Aliquam id pharetra arcu. Vivamus vitae mattis ligula. Sed efficitur urna vitae scelerisque tempor. Proin purus magna, vulputate eu ligula a, vehicula malesuada enim. Curabitur aliquet rutrum enim et tincidunt. Vestibulum ante ipsum primis in faucibus orci luctus et ultrices posuere cubilia curae; Vivamus pharetra enim leo, nec molestie nibh consectetur quis. Class aptent taciti sociosqu ad litora torquent per conubia nostra, per inceptos himenaeos. Nunc quis maximus elit, vitae pulvinar urna. Integer at mi elit. Phasellus vitae rutrum sem. Vivamus et mauris ac nisl congue congue eu eget elit. Nullam at quam velit. Pellentesque dictum, diam nec tempor aliquet, tortor justo fermentum sapien, at condimentum turpis elit vel sapien. Aenean rutrum tellus sodales tortor viverra eleifend.

Donec facilisis, diam efficitur maximus ultrices, enim lectus rutrum elit, eget malesuada mi justo dapibus enim. Maecenas finibus euismod nulla quis dignissim. Sed dictum ante rutrum turpis euismod laoreet. Sed placerat tellus leo. In ut lobortis lorem. Nullam vitae lectus egestas urna tincidunt aliquet. Ut sagittis vel enim eget malesuada. Cras in congue tortor. Interdum et malesuada fames ac ante ipsum primis in faucibus. Nunc tempus consequat neque, et eleifend nulla aliquam eu.",Author 30,15,86-eighty-six-ep-11-ngay-phan-xet,NXB 30,2004,143
https://cdn1.fahasa.com/media/catalog/product/c/h/chung-mot-mai-nha_tap-4_ban-gioi-han-1.jpg,Chung Một Mái Nhà,,10,9780085480027,"Lorem ipsum dolor sit amet, consectetur adipiscing elit. Nam congue vel tellus non luctus. Vestibulum vitae nunc lorem. Sed lacinia lectus vel augue imperdiet ultricies. Donec id venenatis ex, vitae pretium ligula. Sed nulla eros, dignissim at feugiat non, posuere sit amet urna. Ut eu porttitor tellus. Cras eu massa nulla. Morbi porta fermentum elit eu iaculis. Pellentesque hendrerit venenatis purus at feugiat. Pellentesque vitae feugiat purus. Donec mattis rhoncus lacinia. Sed quam diam, molestie id laoreet eu, lacinia ac turpis. Cras tincidunt lobortis elit quis aliquam. Proin et massa libero.

Aliquam id pharetra arcu. Vivamus vitae mattis ligula. Sed efficitur urna vitae scelerisque tempor. Proin purus magna, vulputate eu ligula a, vehicula malesuada enim. Curabitur aliquet rutrum enim et tincidunt. Vestibulum ante ipsum primis in faucibus orci luctus et ultrices posuere cubilia curae; Vivamus pharetra enim leo, nec molestie nibh consectetur quis. Class aptent taciti sociosqu ad litora torquent per conubia nostra, per inceptos himenaeos. Nunc quis maximus elit, vitae pulvinar urna. Integer at mi elit. Phasellus vitae rutrum sem. Vivamus et mauris ac nisl congue congue eu eget elit. Nullam at quam velit. Pellentesque dictum, diam nec tempor aliquet, tortor justo fermentum sapien, at condimentum turpis elit vel sapien. Aenean rutrum tellus sodales tortor viverra eleifend.

Donec facilisis, diam efficitur maximus ultrices, enim lectus rutrum elit, eget malesuada mi justo dapibus enim. Maecenas finibus euismod nulla quis dignissim. Sed dictum ante rutrum turpis euismod laoreet. Sed placerat tellus leo. In ut lobortis lorem. Nullam vitae lectus egestas urna tincidunt aliquet. Ut sagittis vel enim eget malesuada. Cras in congue tortor. Interdum et malesuada fames ac ante ipsum primis in faucibus. Nunc tempus consequat neque, et eleifend nulla aliquam eu.",Author 31,9,chung-mot-mai-nha,NXB 31,2001,58
https://cdn1.fahasa.com/media/catalog/product/6/0/600arya-ban-ben-thinh-thoang-lai-treu-gheo-toi-bang-tieng-nga---tap-2---ban-pho-thong.jpg,Arya Bàn Bên Thỉnh Thoảng Lại Trêu Ghẹo Tôi Bằng Tiếng Nga - Tập 2 - Bản Phổ Thông - Tặng Kèm Bookmark Bế Hình + Bìa Áo Bonus,85500,10,9780085480028,"Lorem ipsum dolor sit amet, consectetur adipiscing elit. Nam congue vel tellus non luctus. Vestibulum vitae nunc lorem. Sed lacinia lectus vel augue imperdiet ultricies. Donec id venenatis ex, vitae pretium ligula. Sed nulla eros, dignissim at feugiat non, posuere sit amet urna. Ut eu porttitor tellus. Cras eu massa nulla. Morbi porta fermentum elit eu iaculis. Pellentesque hendrerit venenatis purus at feugiat. Pellentesque vitae feugiat purus. Donec mattis rhoncus lacinia. Sed quam diam, molestie id laoreet eu, lacinia ac turpis. Cras tincidunt lobortis elit quis aliquam. Proin et massa libero.

Aliquam id pharetra arcu. Vivamus vitae mattis ligula. Sed efficitur urna vitae scelerisque tempor. Proin purus magna, vulputate eu ligula a, vehicula malesuada enim. Curabitur aliquet rutrum enim et tincidunt. Vestibulum ante ipsum primis in faucibus orci luctus et ultrices posuere cubilia curae; Vivamus pharetra enim leo, nec molestie nibh consectetur quis. Class aptent taciti sociosqu ad litora torquent per conubia nostra, per inceptos himenaeos. Nunc quis maximus elit, vitae pulvinar urna. Integer at mi elit. Phasellus vitae rutrum sem. Vivamus et mauris ac nisl congue congue eu eget elit. Nullam at quam velit. Pellentesque dictum, diam nec tempor aliquet, tortor justo fermentum sapien, at condimentum turpis elit vel sapien. Aenean rutrum tellus sodales tortor viverra eleifend.

Donec facilisis, diam efficitur maximus ultrices, enim lectus rutrum elit, eget malesuada mi justo dapibus enim. Maecenas finibus euismod nulla quis dignissim. Sed dictum ante rutrum turpis euismod laoreet. Sed placerat tellus leo. In ut lobortis lorem. Nullam vitae lectus egestas urna tincidunt aliquet. Ut sagittis vel enim eget malesuada. Cras in congue tortor. Interdum et malesuada fames ac ante ipsum primis in faucibus. Nunc tempus consequat neque, et eleifend nulla aliquam eu.",Author 32,17,arya-ban-ben-thinh-thoang-lai-treu-gheo-toi-bang-tieng-nga-tap-2-ban-pho-thong-tang-kem-bookmark-be-hinh-bia-ao-bonus,NXB 32,2013,81
https://cdn1.fahasa.com/media/catalog/product/a/r/arya-ban-ben-thinh-thoang-lai-treu-gheo-toi-bang-tieng-nga_tap-6_ban-pho-thong.jpg,Arya Bàn Bên Thỉnh Thoảng Lại Trêu Ghẹo Tôi Bằng Tiếng Nga - Tập 6 - Tặng Kèm Bookmark Bế Hình + Bìa Áo Bonus,85500,10,9780085480029,"Lorem ipsum dolor sit amet, consectetur adipiscing elit. Nam congue vel tellus non luctus. Vestibulum vitae nunc lorem. Sed lacinia lectus vel augue imperdiet ultricies. Donec id venenatis ex, vitae pretium ligula. Sed nulla eros, dignissim at feugiat non, posuere sit amet urna. Ut eu porttitor tellus. Cras eu massa nulla. Morbi porta fermentum elit eu iaculis. Pellentesque hendrerit venenatis purus at feugiat. Pellentesque vitae feugiat purus. Donec mattis rhoncus lacinia. Sed quam diam, molestie id laoreet eu, lacinia ac turpis. Cras tincidunt lobortis elit quis aliquam. Proin et massa libero.

Aliquam id pharetra arcu. Vivamus vitae mattis ligula. Sed efficitur urna vitae scelerisque tempor. Proin purus magna, vulputate eu ligula a, vehicula malesuada enim. Curabitur aliquet rutrum enim et tincidunt. Vestibulum ante ipsum primis in faucibus orci luctus et ultrices posuere cubilia curae; Vivamus pharetra enim leo, nec molestie nibh consectetur quis. Class aptent taciti sociosqu ad litora torquent per conubia nostra, per inceptos himenaeos. Nunc quis maximus elit, vitae pulvinar urna. Integer at mi elit. Phasellus vitae rutrum sem. Vivamus et mauris ac nisl congue congue eu eget elit. Nullam at quam velit. Pellentesque dictum, diam nec tempor aliquet, tortor justo fermentum sapien, at condimentum turpis elit vel sapien. Aenean rutrum tellus sodales tortor viverra eleifend.

Donec facilisis, diam efficitur maximus ultrices, enim lectus rutrum elit, eget malesuada mi justo dapibus enim. Maecenas finibus euismod nulla quis dignissim. Sed dictum ante rutrum turpis euismod laoreet. Sed placerat tellus leo. In ut lobortis lorem. Nullam vitae lectus egestas urna tincidunt aliquet. Ut sagittis vel enim eget malesuada. Cras in congue tortor. Interdum et malesuada fames ac ante ipsum primis in faucibus. Nunc tempus consequat neque, et eleifend nulla aliquam eu.",Author 33,7,arya-ban-ben-thinh-thoang-lai-treu-gheo-toi-bang-tieng-nga-tap-6-tang-kem-bookmark-be-hinh-bia-ao-bonus,NXB 33,2011,62
https://cdn1.fahasa.com/media/catalog/product/s/l/slime-7--b_n-th_ng-dd.jpg,Về Chuyện Tôi Chuyển Sinh Thành Slime - Tập 7 - Tặng Kèm Bookmark + Postcard,193500,10,9780085480030,"Lorem ipsum dolor sit amet, consectetur adipiscing elit. Nam congue vel tellus non luctus. Vestibulum vitae nunc lorem. Sed lacinia lectus vel augue imperdiet ultricies. Donec id venenatis ex, vitae pretium ligula. Sed nulla eros, dignissim at feugiat non, posuere sit amet urna. Ut eu porttitor tellus. Cras eu massa nulla. Morbi porta fermentum elit eu iaculis. Pellentesque hendrerit venenatis purus at feugiat. Pellentesque vitae feugiat purus. Donec mattis rhoncus lacinia. Sed quam diam, molestie id laoreet eu, lacinia ac turpis. Cras tincidunt lobortis elit quis aliquam. Proin et massa libero.

Aliquam id pharetra arcu. Vivamus vitae mattis ligula. Sed efficitur urna vitae scelerisque tempor. Proin purus magna, vulputate eu ligula a, vehicula malesuada enim. Curabitur aliquet rutrum enim et tincidunt. Vestibulum ante ipsum primis in faucibus orci luctus et ultrices posuere cubilia curae; Vivamus pharetra enim leo, nec molestie nibh consectetur quis. Class aptent taciti sociosqu ad litora torquent per conubia nostra, per inceptos himenaeos. Nunc quis maximus elit, vitae pulvinar urna. Integer at mi elit. Phasellus vitae rutrum sem. Vivamus et mauris ac nisl congue congue eu eget elit. Nullam at quam velit. Pellentesque dictum, diam nec tempor aliquet, tortor justo fermentum sapien, at condimentum turpis elit vel sapien. Aenean rutrum tellus sodales tortor viverra eleifend.

Donec facilisis, diam efficitur maximus ultrices, enim lectus rutrum elit, eget malesuada mi justo dapibus enim. Maecenas finibus euismod nulla quis dignissim. Sed dictum ante rutrum turpis euismod laoreet. Sed placerat tellus leo. In ut lobortis lorem. Nullam vitae lectus egestas urna tincidunt aliquet. Ut sagittis vel enim eget malesuada. Cras in congue tortor. Interdum et malesuada fames ac ante ipsum primis in faucibus. Nunc tempus consequat neque, et eleifend nulla aliquam eu.",Author 34,18,ve-chuyen-toi-chuyen-sinh-thanh-slime-tap-7-tang-kem-bookmark-postcard,NXB 34,2013,88
https://cdn1.fahasa.com/media/catalog/product/a/r/arya-ban-ben-thinh-thoang-lai-treu-gheo-toi-bang-tieng-nga_tap-6_ban-boxset.jpg,Arya Bàn Bên Thỉnh Thoảng Lại Trêu Ghẹo Tôi Bằng Tiếng Nga - Tập 6 - Bản Boxset - Tặng Kèm Boxset + Standee PVC + Standee Bế Hình Có Chân Đế,121500,10,9780085480031,"Lorem ipsum dolor sit amet, consectetur adipiscing elit. Nam congue vel tellus non luctus. Vestibulum vitae nunc lorem. Sed lacinia lectus vel augue imperdiet ultricies. Donec id venenatis ex, vitae pretium ligula. Sed nulla eros, dignissim at feugiat non, posuere sit amet urna. Ut eu porttitor tellus. Cras eu massa nulla. Morbi porta fermentum elit eu iaculis. Pellentesque hendrerit venenatis purus at feugiat. Pellentesque vitae feugiat purus. Donec mattis rhoncus lacinia. Sed quam diam, molestie id laoreet eu, lacinia ac turpis. Cras tincidunt lobortis elit quis aliquam. Proin et massa libero.

Aliquam id pharetra arcu. Vivamus vitae mattis ligula. Sed efficitur urna vitae scelerisque tempor. Proin purus magna, vulputate eu ligula a, vehicula malesuada enim. Curabitur aliquet rutrum enim et tincidunt. Vestibulum ante ipsum primis in faucibus orci luctus et ultrices posuere cubilia curae; Vivamus pharetra enim leo, nec molestie nibh consectetur quis. Class aptent taciti sociosqu ad litora torquent per conubia nostra, per inceptos himenaeos. Nunc quis maximus elit, vitae pulvinar urna. Integer at mi elit. Phasellus vitae rutrum sem. Vivamus et mauris ac nisl congue congue eu eget elit. Nullam at quam velit. Pellentesque dictum, diam nec tempor aliquet, tortor justo fermentum sapien, at condimentum turpis elit vel sapien. Aenean rutrum tellus sodales tortor viverra eleifend.

Donec facilisis, diam efficitur maximus ultrices, enim lectus rutrum elit, eget malesuada mi justo dapibus enim. Maecenas finibus euismod nulla quis dignissim. Sed dictum ante rutrum turpis euismod laoreet. Sed placerat tellus leo. In ut lobortis lorem. Nullam vitae lectus egestas urna tincidunt aliquet. Ut sagittis vel enim eget malesuada. Cras in congue tortor. Interdum et malesuada fames ac ante ipsum primis in faucibus. Nunc tempus consequat neque, et eleifend nulla aliquam eu.",Author 35,3,arya-ban-ben-thinh-thoang-lai-treu-gheo-toi-bang-tieng-nga-tap-6-ban-boxset-tang-kem-boxset-standee-pvc-standee-be-hinh-co-chan-e,NXB 35,2008,138
https://cdn1.fahasa.com/media/catalog/product/s/u/su-gia-bon-mua_vu-dieu-mua-xuan_quyen-1_ban-gioi-han.jpg,Sứ Giả Bốn Mùa - Vũ Điệu Mùa Xuân - Tập 1 - Bản Giới Hạn - Tặng Kèm Postcard + Thiệp Pop-Up,112500,10,9780085480032,"Lorem ipsum dolor sit amet, consectetur adipiscing elit. Nam congue vel tellus non luctus. Vestibulum vitae nunc lorem. Sed lacinia lectus vel augue imperdiet ultricies. Donec id venenatis ex, vitae pretium ligula. Sed nulla eros, dignissim at feugiat non, posuere sit amet urna. Ut eu porttitor tellus. Cras eu massa nulla. Morbi porta fermentum elit eu iaculis. Pellentesque hendrerit venenatis purus at feugiat. Pellentesque vitae feugiat purus. Donec mattis rhoncus lacinia. Sed quam diam, molestie id laoreet eu, lacinia ac turpis. Cras tincidunt lobortis elit quis aliquam. Proin et massa libero.

Aliquam id pharetra arcu. Vivamus vitae mattis ligula. Sed efficitur urna vitae scelerisque tempor. Proin purus magna, vulputate eu ligula a, vehicula malesuada enim. Curabitur aliquet rutrum enim et tincidunt. Vestibulum ante ipsum primis in faucibus orci luctus et ultrices posuere cubilia curae; Vivamus pharetra enim leo, nec molestie nibh consectetur quis. Class aptent taciti sociosqu ad litora torquent per conubia nostra, per inceptos himenaeos. Nunc quis maximus elit, vitae pulvinar urna. Integer at mi elit. Phasellus vitae rutrum sem. Vivamus et mauris ac nisl congue congue eu eget elit. Nullam at quam velit. Pellentesque dictum, diam nec tempor aliquet, tortor justo fermentum sapien, at condimentum turpis elit vel sapien. Aenean rutrum tellus sodales tortor viverra eleifend.

Donec facilisis, diam efficitur maximus ultrices, enim lectus rutrum elit, eget malesuada mi justo dapibus enim. Maecenas finibus euismod nulla quis dignissim. Sed dictum ante rutrum turpis euismod laoreet. Sed placerat tellus leo. In ut lobortis lorem. Nullam vitae lectus egestas urna tincidunt aliquet. Ut sagittis vel enim eget malesuada. Cras in congue tortor. Interdum et malesuada fames ac ante ipsum primis in faucibus. Nunc tempus consequat neque, et eleifend nulla aliquam eu.",Author 36,7,su-gia-bon-mua-vu-ieu-mua-xuan-tap-1-ban-gioi-han-tang-kem-postcard-thiep-pop-up,NXB 36,2002,148
https://cdn1.fahasa.com/media/catalog/product/3/0/300324.jpg,Arya Bàn Bên Thỉnh Thoảng Lại Trêu Ghẹo Tôi Bằng Tiếng Nga - Tập 4.5 - Tặng Kèm Bookmark Bế Hình + Bìa Áo Bonus,80750,10,9780085480033,"Lorem ipsum dolor sit amet, consectetur adipiscing elit. Nam congue vel tellus non luctus. Vestibulum vitae nunc lorem. Sed lacinia lectus vel augue imperdiet ultricies. Donec id venenatis ex, vitae pretium ligula. Sed nulla eros, dignissim at feugiat non, posuere sit amet urna. Ut eu porttitor tellus. Cras eu massa nulla. Morbi porta fermentum elit eu iaculis. Pellentesque hendrerit venenatis purus at feugiat. Pellentesque vitae feugiat purus. Donec mattis rhoncus lacinia. Sed quam diam, molestie id laoreet eu, lacinia ac turpis. Cras tincidunt lobortis elit quis aliquam. Proin et massa libero.

Aliquam id pharetra arcu. Vivamus vitae mattis ligula. Sed efficitur urna vitae scelerisque tempor. Proin purus magna, vulputate eu ligula a, vehicula malesuada enim. Curabitur aliquet rutrum enim et tincidunt. Vestibulum ante ipsum primis in faucibus orci luctus et ultrices posuere cubilia curae; Vivamus pharetra enim leo, nec molestie nibh consectetur quis. Class aptent taciti sociosqu ad litora torquent per conubia nostra, per inceptos himenaeos. Nunc quis maximus elit, vitae pulvinar urna. Integer at mi elit. Phasellus vitae rutrum sem. Vivamus et mauris ac nisl congue congue eu eget elit. Nullam at quam velit. Pellentesque dictum, diam nec tempor aliquet, tortor justo fermentum sapien, at condimentum turpis elit vel sapien. Aenean rutrum tellus sodales tortor viverra eleifend.

Donec facilisis, diam efficitur maximus ultrices, enim lectus rutrum elit, eget malesuada mi justo dapibus enim. Maecenas finibus euismod nulla quis dignissim. Sed dictum ante rutrum turpis euismod laoreet. Sed placerat tellus leo. In ut lobortis lorem. Nullam vitae lectus egestas urna tincidunt aliquet. Ut sagittis vel enim eget malesuada. Cras in congue tortor. Interdum et malesuada fames ac ante ipsum primis in faucibus. Nunc tempus consequat neque, et eleifend nulla aliquam eu.",Author 37,14,arya-ban-ben-thinh-thoang-lai-treu-gheo-toi-bang-tieng-nga-tap-4-5-tang-kem-bookmark-be-hinh-bia-ao-bonus,NXB 37,2004,119
https://cdn1.fahasa.com/media/catalog/product/a/r/arya-ban-ben-thinh-thoang-lai-treu-gheo-toi-bang-tieng-nga_tap-7_ban-pho-thong_qua-tang.jpg,Arya Bàn Bên Thỉnh Thoảng Lại Trêu Ghẹo Tôi Bằng Tiếng Nga - Tập 7 - Tặng Kèm Bookmark Bế Hình + Bìa Áo Bonus,85500,10,9780085480034,"Lorem ipsum dolor sit amet, consectetur adipiscing elit. Nam congue vel tellus non luctus. Vestibulum vitae nunc lorem. Sed lacinia lectus vel augue imperdiet ultricies. Donec id venenatis ex, vitae pretium ligula. Sed nulla eros, dignissim at feugiat non, posuere sit amet urna. Ut eu porttitor tellus. Cras eu massa nulla. Morbi porta fermentum elit eu iaculis. Pellentesque hendrerit venenatis purus at feugiat. Pellentesque vitae feugiat purus. Donec mattis rhoncus lacinia. Sed quam diam, molestie id laoreet eu, lacinia ac turpis. Cras tincidunt lobortis elit quis aliquam. Proin et massa libero.

Aliquam id pharetra arcu. Vivamus vitae mattis ligula. Sed efficitur urna vitae scelerisque tempor. Proin purus magna, vulputate eu ligula a, vehicula malesuada enim. Curabitur aliquet rutrum enim et tincidunt. Vestibulum ante ipsum primis in faucibus orci luctus et ultrices posuere cubilia curae; Vivamus pharetra enim leo, nec molestie nibh consectetur quis. Class aptent taciti sociosqu ad litora torquent per conubia nostra, per inceptos himenaeos. Nunc quis maximus elit, vitae pulvinar urna. Integer at mi elit. Phasellus vitae rutrum sem. Vivamus et mauris ac nisl congue congue eu eget elit. Nullam at quam velit. Pellentesque dictum, diam nec tempor aliquet, tortor justo fermentum sapien, at condimentum turpis elit vel sapien. Aenean rutrum tellus sodales tortor viverra eleifend.

Donec facilisis, diam efficitur maximus ultrices, enim lectus rutrum elit, eget malesuada mi justo dapibus enim. Maecenas finibus euismod nulla quis dignissim. Sed dictum ante rutrum turpis euismod laoreet. Sed placerat tellus leo. In ut lobortis lorem. Nullam vitae lectus egestas urna tincidunt aliquet. Ut sagittis vel enim eget malesuada. Cras in congue tortor. Interdum et malesuada fames ac ante ipsum primis in faucibus. Nunc tempus consequat neque, et eleifend nulla aliquam eu.",Author 38,20,arya-ban-ben-thinh-thoang-lai-treu-gheo-toi-bang-tieng-nga-tap-7-tang-kem-bookmark-be-hinh-bia-ao-bonus,NXB 38,2013,52
https://cdn1.fahasa.com/media/catalog/product/b/_/b_a-1-slime-7_1.jpg,Về Chuyện Tôi Chuyển Sinh Thành Slime,,10,9780085480035,"Lorem ipsum dolor sit amet, consectetur adipiscing elit. Nam congue vel tellus non luctus. Vestibulum vitae nunc lorem. Sed lacinia lectus vel augue imperdiet ultricies. Donec id venenatis ex, vitae pretium ligula. Sed nulla eros, dignissim at feugiat non, posuere sit amet urna. Ut eu porttitor tellus. Cras eu massa nulla. Morbi porta fermentum elit eu iaculis. Pellentesque hendrerit venenatis purus at feugiat. Pellentesque vitae feugiat purus. Donec mattis rhoncus lacinia. Sed quam diam, molestie id laoreet eu, lacinia ac turpis. Cras tincidunt lobortis elit quis aliquam. Proin et massa libero.

Aliquam id pharetra arcu. Vivamus vitae mattis ligula. Sed efficitur urna vitae scelerisque tempor. Proin purus magna, vulputate eu ligula a, vehicula malesuada enim. Curabitur aliquet rutrum enim et tincidunt. Vestibulum ante ipsum primis in faucibus orci luctus et ultrices posuere cubilia curae; Vivamus pharetra enim leo, nec molestie nibh consectetur quis. Class aptent taciti sociosqu ad litora torquent per conubia nostra, per inceptos himenaeos. Nunc quis maximus elit, vitae pulvinar urna. Integer at mi elit. Phasellus vitae rutrum sem. Vivamus et mauris ac nisl congue congue eu eget elit. Nullam at quam velit. Pellentesque dictum, diam nec tempor aliquet, tortor justo fermentum sapien, at condimentum turpis elit vel sapien. Aenean rutrum tellus sodales tortor viverra eleifend.

Donec facilisis, diam efficitur maximus ultrices, enim lectus rutrum elit, eget malesuada mi justo dapibus enim. Maecenas finibus euismod nulla quis dignissim. Sed dictum ante rutrum turpis euismod laoreet. Sed placerat tellus leo. In ut lobortis lorem. Nullam vitae lectus egestas urna tincidunt aliquet. Ut sagittis vel enim eget malesuada. Cras in congue tortor. Interdum et malesuada fames ac ante ipsum primis in faucibus. Nunc tempus consequat neque, et eleifend nulla aliquam eu.",Author 39,5,ve-chuyen-toi-chuyen-sinh-thanh-slime,NXB 39,2018,141
https://cdn1.fahasa.com/media/catalog/product/l/a/lam-ban-voi-co-nang-de-thuong-nhi-lop_tap-3_ban-pho-thong.jpg,Làm Bạn Với Cô Nàng Dễ Thương Nhì Lớp - Tập 3 - Tặng Kèm Postcard,94500,10,9780085480036,"Lorem ipsum dolor sit amet, consectetur adipiscing elit. Nam congue vel tellus non luctus. Vestibulum vitae nunc lorem. Sed lacinia lectus vel augue imperdiet ultricies. Donec id venenatis ex, vitae pretium ligula. Sed nulla eros, dignissim at feugiat non, posuere sit amet urna. Ut eu porttitor tellus. Cras eu massa nulla. Morbi porta fermentum elit eu iaculis. Pellentesque hendrerit venenatis purus at feugiat. Pellentesque vitae feugiat purus. Donec mattis rhoncus lacinia. Sed quam diam, molestie id laoreet eu, lacinia ac turpis. Cras tincidunt lobortis elit quis aliquam. Proin et massa libero.

Aliquam id pharetra arcu. Vivamus vitae mattis ligula. Sed efficitur urna vitae scelerisque tempor. Proin purus magna, vulputate eu ligula a, vehicula malesuada enim. Curabitur aliquet rutrum enim et tincidunt. Vestibulum ante ipsum primis in faucibus orci luctus et ultrices posuere cubilia curae; Vivamus pharetra enim leo, nec molestie nibh consectetur quis. Class aptent taciti sociosqu ad litora torquent per conubia nostra, per inceptos himenaeos. Nunc quis maximus elit, vitae pulvinar urna. Integer at mi elit. Phasellus vitae rutrum sem. Vivamus et mauris ac nisl congue congue eu eget elit. Nullam at quam velit. Pellentesque dictum, diam nec tempor aliquet, tortor justo fermentum sapien, at condimentum turpis elit vel sapien. Aenean rutrum tellus sodales tortor viverra eleifend.

Donec facilisis, diam efficitur maximus ultrices, enim lectus rutrum elit, eget malesuada mi justo dapibus enim. Maecenas finibus euismod nulla quis dignissim. Sed dictum ante rutrum turpis euismod laoreet. Sed placerat tellus leo. In ut lobortis lorem. Nullam vitae lectus egestas urna tincidunt aliquet. Ut sagittis vel enim eget malesuada. Cras in congue tortor. Interdum et malesuada fames ac ante ipsum primis in faucibus. Nunc tempus consequat neque, et eleifend nulla aliquam eu.",Author 40,10,lam-ban-voi-co-nang-de-thuong-nhi-lop-tap-3-tang-kem-postcard,NXB 40,2006,77
https://cdn1.fahasa.com/media/catalog/product/l/a/lam-ban-voi-co-nang-de-thuong-nhi-lop_tap-3_ban-gioi-han.jpg,Làm Bạn Với Cô Nàng Dễ Thương Nhì Lớp - Tập 3 - Bản Giới Hạn - Tặng Kèm Postcard + Bìa Áo Limited + Set Postcard Lịch 2026,94500,10,9780085480037,"Lorem ipsum dolor sit amet, consectetur adipiscing elit. Nam congue vel tellus non luctus. Vestibulum vitae nunc lorem. Sed lacinia lectus vel augue imperdiet ultricies. Donec id venenatis ex, vitae pretium ligula. Sed nulla eros, dignissim at feugiat non, posuere sit amet urna. Ut eu porttitor tellus. Cras eu massa nulla. Morbi porta fermentum elit eu iaculis. Pellentesque hendrerit venenatis purus at feugiat. Pellentesque vitae feugiat purus. Donec mattis rhoncus lacinia. Sed quam diam, molestie id laoreet eu, lacinia ac turpis. Cras tincidunt lobortis elit quis aliquam. Proin et massa libero.

Aliquam id pharetra arcu. Vivamus vitae mattis ligula. Sed efficitur urna vitae scelerisque tempor. Proin purus magna, vulputate eu ligula a, vehicula malesuada enim. Curabitur aliquet rutrum enim et tincidunt. Vestibulum ante ipsum primis in faucibus orci luctus et ultrices posuere cubilia curae; Vivamus pharetra enim leo, nec molestie nibh consectetur quis. Class aptent taciti sociosqu ad litora torquent per conubia nostra, per inceptos himenaeos. Nunc quis maximus elit, vitae pulvinar urna. Integer at mi elit. Phasellus vitae rutrum sem. Vivamus et mauris ac nisl congue congue eu eget elit. Nullam at quam velit. Pellentesque dictum, diam nec tempor aliquet, tortor justo fermentum sapien, at condimentum turpis elit vel sapien. Aenean rutrum tellus sodales tortor viverra eleifend.

Donec facilisis, diam efficitur maximus ultrices, enim lectus rutrum elit, eget malesuada mi justo dapibus enim. Maecenas finibus euismod nulla quis dignissim. Sed dictum ante rutrum turpis euismod laoreet. Sed placerat tellus leo. In ut lobortis lorem. Nullam vitae lectus egestas urna tincidunt aliquet. Ut sagittis vel enim eget malesuada. Cras in congue tortor. Interdum et malesuada fames ac ante ipsum primis in faucibus. Nunc tempus consequat neque, et eleifend nulla aliquam eu.",Author 41,4,lam-ban-voi-co-nang-de-thuong-nhi-lop-tap-3-ban-gioi-han-tang-kem-postcard-bia-ao-limited-set-postcard-lich-2026,NXB 41,2006,85
https://cdn1.fahasa.com/media/catalog/product/d/u/duoc-su-tu-su_tieu-thuyet_tap-6_qua-tang.jpg,[Light Novel] Dược Sư Tự Sự - Tập 6 - Tặng Kèm Bookmark + Postcard + Set 5 Thẻ Xăm,112500,10,9780085480038,"Lorem ipsum dolor sit amet, consectetur adipiscing elit. Nam congue vel tellus non luctus. Vestibulum vitae nunc lorem. Sed lacinia lectus vel augue imperdiet ultricies. Donec id venenatis ex, vitae pretium ligula. Sed nulla eros, dignissim at feugiat non, posuere sit amet urna. Ut eu porttitor tellus. Cras eu massa nulla. Morbi porta fermentum elit eu iaculis. Pellentesque hendrerit venenatis purus at feugiat. Pellentesque vitae feugiat purus. Donec mattis rhoncus lacinia. Sed quam diam, molestie id laoreet eu, lacinia ac turpis. Cras tincidunt lobortis elit quis aliquam. Proin et massa libero.

Aliquam id pharetra arcu. Vivamus vitae mattis ligula. Sed efficitur urna vitae scelerisque tempor. Proin purus magna, vulputate eu ligula a, vehicula malesuada enim. Curabitur aliquet rutrum enim et tincidunt. Vestibulum ante ipsum primis in faucibus orci luctus et ultrices posuere cubilia curae; Vivamus pharetra enim leo, nec molestie nibh consectetur quis. Class aptent taciti sociosqu ad litora torquent per conubia nostra, per inceptos himenaeos. Nunc quis maximus elit, vitae pulvinar urna. Integer at mi elit. Phasellus vitae rutrum sem. Vivamus et mauris ac nisl congue congue eu eget elit. Nullam at quam velit. Pellentesque dictum, diam nec tempor aliquet, tortor justo fermentum sapien, at condimentum turpis elit vel sapien. Aenean rutrum tellus sodales tortor viverra eleifend.

Donec facilisis, diam efficitur maximus ultrices, enim lectus rutrum elit, eget malesuada mi justo dapibus enim. Maecenas finibus euismod nulla quis dignissim. Sed dictum ante rutrum turpis euismod laoreet. Sed placerat tellus leo. In ut lobortis lorem. Nullam vitae lectus egestas urna tincidunt aliquet. Ut sagittis vel enim eget malesuada. Cras in congue tortor. Interdum et malesuada fames ac ante ipsum primis in faucibus. Nunc tempus consequat neque, et eleifend nulla aliquam eu.",Author 42,14,light-novel-duoc-su-tu-su-tap-6-tang-kem-bookmark-postcard-set-5-the-xam,NXB 42,2014,147
https://cdn1.fahasa.com/media/catalog/product/0/7/071125-2.jpg,Chào Mừng Đến Lớp Học Đề Cao Thực Lực - Tập 11.5 - Bản Đặc Biệt - Tặng Kèm Camera Card,96000,10,9780085480039,"Lorem ipsum dolor sit amet, consectetur adipiscing elit. Nam congue vel tellus non luctus. Vestibulum vitae nunc lorem. Sed lacinia lectus vel augue imperdiet ultricies. Donec id venenatis ex, vitae pretium ligula. Sed nulla eros, dignissim at feugiat non, posuere sit amet urna. Ut eu porttitor tellus. Cras eu massa nulla. Morbi porta fermentum elit eu iaculis. Pellentesque hendrerit venenatis purus at feugiat. Pellentesque vitae feugiat purus. Donec mattis rhoncus lacinia. Sed quam diam, molestie id laoreet eu, lacinia ac turpis. Cras tincidunt lobortis elit quis aliquam. Proin et massa libero.

Aliquam id pharetra arcu. Vivamus vitae mattis ligula. Sed efficitur urna vitae scelerisque tempor. Proin purus magna, vulputate eu ligula a, vehicula malesuada enim. Curabitur aliquet rutrum enim et tincidunt. Vestibulum ante ipsum primis in faucibus orci luctus et ultrices posuere cubilia curae; Vivamus pharetra enim leo, nec molestie nibh consectetur quis. Class aptent taciti sociosqu ad litora torquent per conubia nostra, per inceptos himenaeos. Nunc quis maximus elit, vitae pulvinar urna. Integer at mi elit. Phasellus vitae rutrum sem. Vivamus et mauris ac nisl congue congue eu eget elit. Nullam at quam velit. Pellentesque dictum, diam nec tempor aliquet, tortor justo fermentum sapien, at condimentum turpis elit vel sapien. Aenean rutrum tellus sodales tortor viverra eleifend.

Donec facilisis, diam efficitur maximus ultrices, enim lectus rutrum elit, eget malesuada mi justo dapibus enim. Maecenas finibus euismod nulla quis dignissim. Sed dictum ante rutrum turpis euismod laoreet. Sed placerat tellus leo. In ut lobortis lorem. Nullam vitae lectus egestas urna tincidunt aliquet. Ut sagittis vel enim eget malesuada. Cras in congue tortor. Interdum et malesuada fames ac ante ipsum primis in faucibus. Nunc tempus consequat neque, et eleifend nulla aliquam eu.",Author 43,6,chao-mung-en-lop-hoc-e-cao-thuc-luc-tap-11-5-ban-ac-biet-tang-kem-camera-card,NXB 43,2019,78
https://cdn1.fahasa.com/media/catalog/product/d/u/duoc-su-tu-su_tieu-thuyet_tap-6_bia.jpg,[Light Novel] Dược Sư Tự Sự - Tập 6,112500,10,9780085480040,"Lorem ipsum dolor sit amet, consectetur adipiscing elit. Nam congue vel tellus non luctus. Vestibulum vitae nunc lorem. Sed lacinia lectus vel augue imperdiet ultricies. Donec id venenatis ex, vitae pretium ligula. Sed nulla eros, dignissim at feugiat non, posuere sit amet urna. Ut eu porttitor tellus. Cras eu massa nulla. Morbi porta fermentum elit eu iaculis. Pellentesque hendrerit venenatis purus at feugiat. Pellentesque vitae feugiat purus. Donec mattis rhoncus lacinia. Sed quam diam, molestie id laoreet eu, lacinia ac turpis. Cras tincidunt lobortis elit quis aliquam. Proin et massa libero.

Aliquam id pharetra arcu. Vivamus vitae mattis ligula. Sed efficitur urna vitae scelerisque tempor. Proin purus magna, vulputate eu ligula a, vehicula malesuada enim. Curabitur aliquet rutrum enim et tincidunt. Vestibulum ante ipsum primis in faucibus orci luctus et ultrices posuere cubilia curae; Vivamus pharetra enim leo, nec molestie nibh consectetur quis. Class aptent taciti sociosqu ad litora torquent per conubia nostra, per inceptos himenaeos. Nunc quis maximus elit, vitae pulvinar urna. Integer at mi elit. Phasellus vitae rutrum sem. Vivamus et mauris ac nisl congue congue eu eget elit. Nullam at quam velit. Pellentesque dictum, diam nec tempor aliquet, tortor justo fermentum sapien, at condimentum turpis elit vel sapien. Aenean rutrum tellus sodales tortor viverra eleifend.

Donec facilisis, diam efficitur maximus ultrices, enim lectus rutrum elit, eget malesuada mi justo dapibus enim. Maecenas finibus euismod nulla quis dignissim. Sed dictum ante rutrum turpis euismod laoreet. Sed placerat tellus leo. In ut lobortis lorem. Nullam vitae lectus egestas urna tincidunt aliquet. Ut sagittis vel enim eget malesuada. Cras in congue tortor. Interdum et malesuada fames ac ante ipsum primis in faucibus. Nunc tempus consequat neque, et eleifend nulla aliquam eu.",Author 44,17,light-novel-duoc-su-tu-su-tap-6,NXB 44,2012,138
https://cdn1.fahasa.com/media/catalog/product/0/7/071125-1_1.jpg,Chào Mừng Đến Lớp Học Đề Cao Thực Lực - Tập 11.5 - Bản Giới Hạn - Tặng Kèm Box + ID Card Nhựa + Postcard Giấy + Tapestry A1,285000,10,9780085480041,"Lorem ipsum dolor sit amet, consectetur adipiscing elit. Nam congue vel tellus non luctus. Vestibulum vitae nunc lorem. Sed lacinia lectus vel augue imperdiet ultricies. Donec id venenatis ex, vitae pretium ligula. Sed nulla eros, dignissim at feugiat non, posuere sit amet urna. Ut eu porttitor tellus. Cras eu massa nulla. Morbi porta fermentum elit eu iaculis. Pellentesque hendrerit venenatis purus at feugiat. Pellentesque vitae feugiat purus. Donec mattis rhoncus lacinia. Sed quam diam, molestie id laoreet eu, lacinia ac turpis. Cras tincidunt lobortis elit quis aliquam. Proin et massa libero.

Aliquam id pharetra arcu. Vivamus vitae mattis ligula. Sed efficitur urna vitae scelerisque tempor. Proin purus magna, vulputate eu ligula a, vehicula malesuada enim. Curabitur aliquet rutrum enim et tincidunt. Vestibulum ante ipsum primis in faucibus orci luctus et ultrices posuere cubilia curae; Vivamus pharetra enim leo, nec molestie nibh consectetur quis. Class aptent taciti sociosqu ad litora torquent per conubia nostra, per inceptos himenaeos. Nunc quis maximus elit, vitae pulvinar urna. Integer at mi elit. Phasellus vitae rutrum sem. Vivamus et mauris ac nisl congue congue eu eget elit. Nullam at quam velit. Pellentesque dictum, diam nec tempor aliquet, tortor justo fermentum sapien, at condimentum turpis elit vel sapien. Aenean rutrum tellus sodales tortor viverra eleifend.

Donec facilisis, diam efficitur maximus ultrices, enim lectus rutrum elit, eget malesuada mi justo dapibus enim. Maecenas finibus euismod nulla quis dignissim. Sed dictum ante rutrum turpis euismod laoreet. Sed placerat tellus leo. In ut lobortis lorem. Nullam vitae lectus egestas urna tincidunt aliquet. Ut sagittis vel enim eget malesuada. Cras in congue tortor. Interdum et malesuada fames ac ante ipsum primis in faucibus. Nunc tempus consequat neque, et eleifend nulla aliquam eu.",Author 45,18,chao-mung-en-lop-hoc-e-cao-thuc-luc-tap-11-5-ban-gioi-han-tang-kem-box-id-card-nhua-postcard-giay-tapestry-a1,NXB 45,2015,118
https://cdn1.fahasa.com/media/catalog/product/l/a/lam-ban-voi-co-nang-de-thuong-nhi-lop_tap-2_ban-pho-thong-1.jpg,Làm Bạn Với Cô Nàng Dễ Thương Nhì Lớp - Tập 2 - Tặng Kèm Postcard,94500,10,9780085480042,"Lorem ipsum dolor sit amet, consectetur adipiscing elit. Nam congue vel tellus non luctus. Vestibulum vitae nunc lorem. Sed lacinia lectus vel augue imperdiet ultricies. Donec id venenatis ex, vitae pretium ligula. Sed nulla eros, dignissim at feugiat non, posuere sit amet urna. Ut eu porttitor tellus. Cras eu massa nulla. Morbi porta fermentum elit eu iaculis. Pellentesque hendrerit venenatis purus at feugiat. Pellentesque vitae feugiat purus. Donec mattis rhoncus lacinia. Sed quam diam, molestie id laoreet eu, lacinia ac turpis. Cras tincidunt lobortis elit quis aliquam. Proin et massa libero.

Aliquam id pharetra arcu. Vivamus vitae mattis ligula. Sed efficitur urna vitae scelerisque tempor. Proin purus magna, vulputate eu ligula a, vehicula malesuada enim. Curabitur aliquet rutrum enim et tincidunt. Vestibulum ante ipsum primis in faucibus orci luctus et ultrices posuere cubilia curae; Vivamus pharetra enim leo, nec molestie nibh consectetur quis. Class aptent taciti sociosqu ad litora torquent per conubia nostra, per inceptos himenaeos. Nunc quis maximus elit, vitae pulvinar urna. Integer at mi elit. Phasellus vitae rutrum sem. Vivamus et mauris ac nisl congue congue eu eget elit. Nullam at quam velit. Pellentesque dictum, diam nec tempor aliquet, tortor justo fermentum sapien, at condimentum turpis elit vel sapien. Aenean rutrum tellus sodales tortor viverra eleifend.

Donec facilisis, diam efficitur maximus ultrices, enim lectus rutrum elit, eget malesuada mi justo dapibus enim. Maecenas finibus euismod nulla quis dignissim. Sed dictum ante rutrum turpis euismod laoreet. Sed placerat tellus leo. In ut lobortis lorem. Nullam vitae lectus egestas urna tincidunt aliquet. Ut sagittis vel enim eget malesuada. Cras in congue tortor. Interdum et malesuada fames ac ante ipsum primis in faucibus. Nunc tempus consequat neque, et eleifend nulla aliquam eu.",Author 46,20,lam-ban-voi-co-nang-de-thuong-nhi-lop-tap-2-tang-kem-postcard,NXB 46,2001,138
https://cdn1.fahasa.com/media/catalog/product/t/h/thong-bao-phat-hanh-elaina-13---bang-th_ng.jpg,Hành Trình Của Elaina,,10,9780085480043,"Lorem ipsum dolor sit amet, consectetur adipiscing elit. Nam congue vel tellus non luctus. Vestibulum vitae nunc lorem. Sed lacinia lectus vel augue imperdiet ultricies. Donec id venenatis ex, vitae pretium ligula. Sed nulla eros, dignissim at feugiat non, posuere sit amet urna. Ut eu porttitor tellus. Cras eu massa nulla. Morbi porta fermentum elit eu iaculis. Pellentesque hendrerit venenatis purus at feugiat. Pellentesque vitae feugiat purus. Donec mattis rhoncus lacinia. Sed quam diam, molestie id laoreet eu, lacinia ac turpis. Cras tincidunt lobortis elit quis aliquam. Proin et massa libero.

Aliquam id pharetra arcu. Vivamus vitae mattis ligula. Sed efficitur urna vitae scelerisque tempor. Proin purus magna, vulputate eu ligula a, vehicula malesuada enim. Curabitur aliquet rutrum enim et tincidunt. Vestibulum ante ipsum primis in faucibus orci luctus et ultrices posuere cubilia curae; Vivamus pharetra enim leo, nec molestie nibh consectetur quis. Class aptent taciti sociosqu ad litora torquent per conubia nostra, per inceptos himenaeos. Nunc quis maximus elit, vitae pulvinar urna. Integer at mi elit. Phasellus vitae rutrum sem. Vivamus et mauris ac nisl congue congue eu eget elit. Nullam at quam velit. Pellentesque dictum, diam nec tempor aliquet, tortor justo fermentum sapien, at condimentum turpis elit vel sapien. Aenean rutrum tellus sodales tortor viverra eleifend.

Donec facilisis, diam efficitur maximus ultrices, enim lectus rutrum elit, eget malesuada mi justo dapibus enim. Maecenas finibus euismod nulla quis dignissim. Sed dictum ante rutrum turpis euismod laoreet. Sed placerat tellus leo. In ut lobortis lorem. Nullam vitae lectus egestas urna tincidunt aliquet. Ut sagittis vel enim eget malesuada. Cras in congue tortor. Interdum et malesuada fames ac ante ipsum primis in faucibus. Nunc tempus consequat neque, et eleifend nulla aliquam eu.",Author 47,13,hanh-trinh-cua-elaina,NXB 47,2013,78
https://cdn1.fahasa.com/media/catalog/product/t/h/thien-su-nha-ben_tap-9_ban-pho-thong.jpg,[Light Novel] Thiên Sứ Nhà Bên - Tập 9 - Tặng Kèm Bookmark,85500,10,9780085480044,"Lorem ipsum dolor sit amet, consectetur adipiscing elit. Nam congue vel tellus non luctus. Vestibulum vitae nunc lorem. Sed lacinia lectus vel augue imperdiet ultricies. Donec id venenatis ex, vitae pretium ligula. Sed nulla eros, dignissim at feugiat non, posuere sit amet urna. Ut eu porttitor tellus. Cras eu massa nulla. Morbi porta fermentum elit eu iaculis. Pellentesque hendrerit venenatis purus at feugiat. Pellentesque vitae feugiat purus. Donec mattis rhoncus lacinia. Sed quam diam, molestie id laoreet eu, lacinia ac turpis. Cras tincidunt lobortis elit quis aliquam. Proin et massa libero.

Aliquam id pharetra arcu. Vivamus vitae mattis ligula. Sed efficitur urna vitae scelerisque tempor. Proin purus magna, vulputate eu ligula a, vehicula malesuada enim. Curabitur aliquet rutrum enim et tincidunt. Vestibulum ante ipsum primis in faucibus orci luctus et ultrices posuere cubilia curae; Vivamus pharetra enim leo, nec molestie nibh consectetur quis. Class aptent taciti sociosqu ad litora torquent per conubia nostra, per inceptos himenaeos. Nunc quis maximus elit, vitae pulvinar urna. Integer at mi elit. Phasellus vitae rutrum sem. Vivamus et mauris ac nisl congue congue eu eget elit. Nullam at quam velit. Pellentesque dictum, diam nec tempor aliquet, tortor justo fermentum sapien, at condimentum turpis elit vel sapien. Aenean rutrum tellus sodales tortor viverra eleifend.

Donec facilisis, diam efficitur maximus ultrices, enim lectus rutrum elit, eget malesuada mi justo dapibus enim. Maecenas finibus euismod nulla quis dignissim. Sed dictum ante rutrum turpis euismod laoreet. Sed placerat tellus leo. In ut lobortis lorem. Nullam vitae lectus egestas urna tincidunt aliquet. Ut sagittis vel enim eget malesuada. Cras in congue tortor. Interdum et malesuada fames ac ante ipsum primis in faucibus. Nunc tempus consequat neque, et eleifend nulla aliquam eu.",Author 48,5,light-novel-thien-su-nha-ben-tap-9-tang-kem-bookmark,NXB 48,2008,127
https://cdn1.fahasa.com/media/catalog/product/b/i/bia-ho-so-mau---bia-truoc-1_1.jpg,Hồ Sơ Máu - Vén Màn 13 Vụ Án Rúng Động Mọi Thời Đại,104000,11,9780085480045,"Lorem ipsum dolor sit amet, consectetur adipiscing elit. Nam congue vel tellus non luctus. Vestibulum vitae nunc lorem. Sed lacinia lectus vel augue imperdiet ultricies. Donec id venenatis ex, vitae pretium ligula. Sed nulla eros, dignissim at feugiat non, posuere sit amet urna. Ut eu porttitor tellus. Cras eu massa nulla. Morbi porta fermentum elit eu iaculis. Pellentesque hendrerit venenatis purus at feugiat. Pellentesque vitae feugiat purus. Donec mattis rhoncus lacinia. Sed quam diam, molestie id laoreet eu, lacinia ac turpis. Cras tincidunt lobortis elit quis aliquam. Proin et massa libero.

Aliquam id pharetra arcu. Vivamus vitae mattis ligula. Sed efficitur urna vitae scelerisque tempor. Proin purus magna, vulputate eu ligula a, vehicula malesuada enim. Curabitur aliquet rutrum enim et tincidunt. Vestibulum ante ipsum primis in faucibus orci luctus et ultrices posuere cubilia curae; Vivamus pharetra enim leo, nec molestie nibh consectetur quis. Class aptent taciti sociosqu ad litora torquent per conubia nostra, per inceptos himenaeos. Nunc quis maximus elit, vitae pulvinar urna. Integer at mi elit. Phasellus vitae rutrum sem. Vivamus et mauris ac nisl congue congue eu eget elit. Nullam at quam velit. Pellentesque dictum, diam nec tempor aliquet, tortor justo fermentum sapien, at condimentum turpis elit vel sapien. Aenean rutrum tellus sodales tortor viverra eleifend.

Donec facilisis, diam efficitur maximus ultrices, enim lectus rutrum elit, eget malesuada mi justo dapibus enim. Maecenas finibus euismod nulla quis dignissim. Sed dictum ante rutrum turpis euismod laoreet. Sed placerat tellus leo. In ut lobortis lorem. Nullam vitae lectus egestas urna tincidunt aliquet. Ut sagittis vel enim eget malesuada. Cras in congue tortor. Interdum et malesuada fames ac ante ipsum primis in faucibus. Nunc tempus consequat neque, et eleifend nulla aliquam eu.",Author 49,13,ho-so-mau-ven-man-13-vu-an-rung-ong-moi-thoi-ai,NXB 49,2010,145
https://cdn1.fahasa.com/media/catalog/product/b/i/bia_vi-ngay-tho.jpg,Vị Ngây Thơ,123500,11,9780085480046,"Lorem ipsum dolor sit amet, consectetur adipiscing elit. Nam congue vel tellus non luctus. Vestibulum vitae nunc lorem. Sed lacinia lectus vel augue imperdiet ultricies. Donec id venenatis ex, vitae pretium ligula. Sed nulla eros, dignissim at feugiat non, posuere sit amet urna. Ut eu porttitor tellus. Cras eu massa nulla. Morbi porta fermentum elit eu iaculis. Pellentesque hendrerit venenatis purus at feugiat. Pellentesque vitae feugiat purus. Donec mattis rhoncus lacinia. Sed quam diam, molestie id laoreet eu, lacinia ac turpis. Cras tincidunt lobortis elit quis aliquam. Proin et massa libero.

Aliquam id pharetra arcu. Vivamus vitae mattis ligula. Sed efficitur urna vitae scelerisque tempor. Proin purus magna, vulputate eu ligula a, vehicula malesuada enim. Curabitur aliquet rutrum enim et tincidunt. Vestibulum ante ipsum primis in faucibus orci luctus et ultrices posuere cubilia curae; Vivamus pharetra enim leo, nec molestie nibh consectetur quis. Class aptent taciti sociosqu ad litora torquent per conubia nostra, per inceptos himenaeos. Nunc quis maximus elit, vitae pulvinar urna. Integer at mi elit. Phasellus vitae rutrum sem. Vivamus et mauris ac nisl congue congue eu eget elit. Nullam at quam velit. Pellentesque dictum, diam nec tempor aliquet, tortor justo fermentum sapien, at condimentum turpis elit vel sapien. Aenean rutrum tellus sodales tortor viverra eleifend.

Donec facilisis, diam efficitur maximus ultrices, enim lectus rutrum elit, eget malesuada mi justo dapibus enim. Maecenas finibus euismod nulla quis dignissim. Sed dictum ante rutrum turpis euismod laoreet. Sed placerat tellus leo. In ut lobortis lorem. Nullam vitae lectus egestas urna tincidunt aliquet. Ut sagittis vel enim eget malesuada. Cras in congue tortor. Interdum et malesuada fames ac ante ipsum primis in faucibus. Nunc tempus consequat neque, et eleifend nulla aliquam eu.",Author 50,8,vi-ngay-tho,NXB 50,2000,89
https://cdn1.fahasa.com/media/catalog/product/b/_/b_a-tr_c-gcpy4_bebooks.jpg,Ghi Chép Pháp Y - Lật Lại Hồ Sơ Tội Ác,78500,11,9780085480047,"Lorem ipsum dolor sit amet, consectetur adipiscing elit. Nam congue vel tellus non luctus. Vestibulum vitae nunc lorem. Sed lacinia lectus vel augue imperdiet ultricies. Donec id venenatis ex, vitae pretium ligula. Sed nulla eros, dignissim at feugiat non, posuere sit amet urna. Ut eu porttitor tellus. Cras eu massa nulla. Morbi porta fermentum elit eu iaculis. Pellentesque hendrerit venenatis purus at feugiat. Pellentesque vitae feugiat purus. Donec mattis rhoncus lacinia. Sed quam diam, molestie id laoreet eu, lacinia ac turpis. Cras tincidunt lobortis elit quis aliquam. Proin et massa libero.

Aliquam id pharetra arcu. Vivamus vitae mattis ligula. Sed efficitur urna vitae scelerisque tempor. Proin purus magna, vulputate eu ligula a, vehicula malesuada enim. Curabitur aliquet rutrum enim et tincidunt. Vestibulum ante ipsum primis in faucibus orci luctus et ultrices posuere cubilia curae; Vivamus pharetra enim leo, nec molestie nibh consectetur quis. Class aptent taciti sociosqu ad litora torquent per conubia nostra, per inceptos himenaeos. Nunc quis maximus elit, vitae pulvinar urna. Integer at mi elit. Phasellus vitae rutrum sem. Vivamus et mauris ac nisl congue congue eu eget elit. Nullam at quam velit. Pellentesque dictum, diam nec tempor aliquet, tortor justo fermentum sapien, at condimentum turpis elit vel sapien. Aenean rutrum tellus sodales tortor viverra eleifend.

Donec facilisis, diam efficitur maximus ultrices, enim lectus rutrum elit, eget malesuada mi justo dapibus enim. Maecenas finibus euismod nulla quis dignissim. Sed dictum ante rutrum turpis euismod laoreet. Sed placerat tellus leo. In ut lobortis lorem. Nullam vitae lectus egestas urna tincidunt aliquet. Ut sagittis vel enim eget malesuada. Cras in congue tortor. Interdum et malesuada fames ac ante ipsum primis in faucibus. Nunc tempus consequat neque, et eleifend nulla aliquam eu.",Author 51,4,ghi-chep-phap-y-lat-lai-ho-so-toi-ac,NXB 51,2001,140
https://cdn1.fahasa.com/media/catalog/product/b/_/b_a-tr_c-ph_p-y-3.jpg,Ghi Chép Pháp Y - Những Thi Thể Không Hoàn Chỉnh,97500,11,9780085480048,"Lorem ipsum dolor sit amet, consectetur adipiscing elit. Nam congue vel tellus non luctus. Vestibulum vitae nunc lorem. Sed lacinia lectus vel augue imperdiet ultricies. Donec id venenatis ex, vitae pretium ligula. Sed nulla eros, dignissim at feugiat non, posuere sit amet urna. Ut eu porttitor tellus. Cras eu massa nulla. Morbi porta fermentum elit eu iaculis. Pellentesque hendrerit venenatis purus at feugiat. Pellentesque vitae feugiat purus. Donec mattis rhoncus lacinia. Sed quam diam, molestie id laoreet eu, lacinia ac turpis. Cras tincidunt lobortis elit quis aliquam. Proin et massa libero.

Aliquam id pharetra arcu. Vivamus vitae mattis ligula. Sed efficitur urna vitae scelerisque tempor. Proin purus magna, vulputate eu ligula a, vehicula malesuada enim. Curabitur aliquet rutrum enim et tincidunt. Vestibulum ante ipsum primis in faucibus orci luctus et ultrices posuere cubilia curae; Vivamus pharetra enim leo, nec molestie nibh consectetur quis. Class aptent taciti sociosqu ad litora torquent per conubia nostra, per inceptos himenaeos. Nunc quis maximus elit, vitae pulvinar urna. Integer at mi elit. Phasellus vitae rutrum sem. Vivamus et mauris ac nisl congue congue eu eget elit. Nullam at quam velit. Pellentesque dictum, diam nec tempor aliquet, tortor justo fermentum sapien, at condimentum turpis elit vel sapien. Aenean rutrum tellus sodales tortor viverra eleifend.

Donec facilisis, diam efficitur maximus ultrices, enim lectus rutrum elit, eget malesuada mi justo dapibus enim. Maecenas finibus euismod nulla quis dignissim. Sed dictum ante rutrum turpis euismod laoreet. Sed placerat tellus leo. In ut lobortis lorem. Nullam vitae lectus egestas urna tincidunt aliquet. Ut sagittis vel enim eget malesuada. Cras in congue tortor. Interdum et malesuada fames ac ante ipsum primis in faucibus. Nunc tempus consequat neque, et eleifend nulla aliquam eu.",Author 52,11,ghi-chep-phap-y-nhung-thi-the-khong-hoan-chinh,NXB 52,2010,95
https://cdn1.fahasa.com/media/catalog/product/b/i/bia1anmang.jpg,Án Mạng Trong Tháp Thủy Tinh,156500,11,9780085480049,"Lorem ipsum dolor sit amet, consectetur adipiscing elit. Nam congue vel tellus non luctus. Vestibulum vitae nunc lorem. Sed lacinia lectus vel augue imperdiet ultricies. Donec id venenatis ex, vitae pretium ligula. Sed nulla eros, dignissim at feugiat non, posuere sit amet urna. Ut eu porttitor tellus. Cras eu massa nulla. Morbi porta fermentum elit eu iaculis. Pellentesque hendrerit venenatis purus at feugiat. Pellentesque vitae feugiat purus. Donec mattis rhoncus lacinia. Sed quam diam, molestie id laoreet eu, lacinia ac turpis. Cras tincidunt lobortis elit quis aliquam. Proin et massa libero.

Aliquam id pharetra arcu. Vivamus vitae mattis ligula. Sed efficitur urna vitae scelerisque tempor. Proin purus magna, vulputate eu ligula a, vehicula malesuada enim. Curabitur aliquet rutrum enim et tincidunt. Vestibulum ante ipsum primis in faucibus orci luctus et ultrices posuere cubilia curae; Vivamus pharetra enim leo, nec molestie nibh consectetur quis. Class aptent taciti sociosqu ad litora torquent per conubia nostra, per inceptos himenaeos. Nunc quis maximus elit, vitae pulvinar urna. Integer at mi elit. Phasellus vitae rutrum sem. Vivamus et mauris ac nisl congue congue eu eget elit. Nullam at quam velit. Pellentesque dictum, diam nec tempor aliquet, tortor justo fermentum sapien, at condimentum turpis elit vel sapien. Aenean rutrum tellus sodales tortor viverra eleifend.

Donec facilisis, diam efficitur maximus ultrices, enim lectus rutrum elit, eget malesuada mi justo dapibus enim. Maecenas finibus euismod nulla quis dignissim. Sed dictum ante rutrum turpis euismod laoreet. Sed placerat tellus leo. In ut lobortis lorem. Nullam vitae lectus egestas urna tincidunt aliquet. Ut sagittis vel enim eget malesuada. Cras in congue tortor. Interdum et malesuada fames ac ante ipsum primis in faucibus. Nunc tempus consequat neque, et eleifend nulla aliquam eu.",Author 53,17,an-mang-trong-thap-thuy-tinh,NXB 53,2010,112
https://cdn1.fahasa.com/media/catalog/product/i/m/image_237727.jpg,Và Rồi Chẳng Còn Ai - And Then There Were None (Từ Tựa Cũ: Mười Người Da Đen Nhỏ),93500,11,9780085480050,"Lorem ipsum dolor sit amet, consectetur adipiscing elit. Nam congue vel tellus non luctus. Vestibulum vitae nunc lorem. Sed lacinia lectus vel augue imperdiet ultricies. Donec id venenatis ex, vitae pretium ligula. Sed nulla eros, dignissim at feugiat non, posuere sit amet urna. Ut eu porttitor tellus. Cras eu massa nulla. Morbi porta fermentum elit eu iaculis. Pellentesque hendrerit venenatis purus at feugiat. Pellentesque vitae feugiat purus. Donec mattis rhoncus lacinia. Sed quam diam, molestie id laoreet eu, lacinia ac turpis. Cras tincidunt lobortis elit quis aliquam. Proin et massa libero.

Aliquam id pharetra arcu. Vivamus vitae mattis ligula. Sed efficitur urna vitae scelerisque tempor. Proin purus magna, vulputate eu ligula a, vehicula malesuada enim. Curabitur aliquet rutrum enim et tincidunt. Vestibulum ante ipsum primis in faucibus orci luctus et ultrices posuere cubilia curae; Vivamus pharetra enim leo, nec molestie nibh consectetur quis. Class aptent taciti sociosqu ad litora torquent per conubia nostra, per inceptos himenaeos. Nunc quis maximus elit, vitae pulvinar urna. Integer at mi elit. Phasellus vitae rutrum sem. Vivamus et mauris ac nisl congue congue eu eget elit. Nullam at quam velit. Pellentesque dictum, diam nec tempor aliquet, tortor justo fermentum sapien, at condimentum turpis elit vel sapien. Aenean rutrum tellus sodales tortor viverra eleifend.

Donec facilisis, diam efficitur maximus ultrices, enim lectus rutrum elit, eget malesuada mi justo dapibus enim. Maecenas finibus euismod nulla quis dignissim. Sed dictum ante rutrum turpis euismod laoreet. Sed placerat tellus leo. In ut lobortis lorem. Nullam vitae lectus egestas urna tincidunt aliquet. Ut sagittis vel enim eget malesuada. Cras in congue tortor. Interdum et malesuada fames ac ante ipsum primis in faucibus. Nunc tempus consequat neque, et eleifend nulla aliquam eu.",Author 54,8,va-roi-chang-con-ai-and-then-there-were-none-tu-tua-cu-muoi-nguoi-da-en-nho,NXB 54,2008,131
https://cdn1.fahasa.com/media/catalog/product/b/_/b_a-tr_c-gcpy-2-1.jpg,Ghi Chép Pháp Y - Tập 2 - Khi Tử Thi Biết Nói,93500,11,9780085480051,"Lorem ipsum dolor sit amet, consectetur adipiscing elit. Nam congue vel tellus non luctus. Vestibulum vitae nunc lorem. Sed lacinia lectus vel augue imperdiet ultricies. Donec id venenatis ex, vitae pretium ligula. Sed nulla eros, dignissim at feugiat non, posuere sit amet urna. Ut eu porttitor tellus. Cras eu massa nulla. Morbi porta fermentum elit eu iaculis. Pellentesque hendrerit venenatis purus at feugiat. Pellentesque vitae feugiat purus. Donec mattis rhoncus lacinia. Sed quam diam, molestie id laoreet eu, lacinia ac turpis. Cras tincidunt lobortis elit quis aliquam. Proin et massa libero.

Aliquam id pharetra arcu. Vivamus vitae mattis ligula. Sed efficitur urna vitae scelerisque tempor. Proin purus magna, vulputate eu ligula a, vehicula malesuada enim. Curabitur aliquet rutrum enim et tincidunt. Vestibulum ante ipsum primis in faucibus orci luctus et ultrices posuere cubilia curae; Vivamus pharetra enim leo, nec molestie nibh consectetur quis. Class aptent taciti sociosqu ad litora torquent per conubia nostra, per inceptos himenaeos. Nunc quis maximus elit, vitae pulvinar urna. Integer at mi elit. Phasellus vitae rutrum sem. Vivamus et mauris ac nisl congue congue eu eget elit. Nullam at quam velit. Pellentesque dictum, diam nec tempor aliquet, tortor justo fermentum sapien, at condimentum turpis elit vel sapien. Aenean rutrum tellus sodales tortor viverra eleifend.

Donec facilisis, diam efficitur maximus ultrices, enim lectus rutrum elit, eget malesuada mi justo dapibus enim. Maecenas finibus euismod nulla quis dignissim. Sed dictum ante rutrum turpis euismod laoreet. Sed placerat tellus leo. In ut lobortis lorem. Nullam vitae lectus egestas urna tincidunt aliquet. Ut sagittis vel enim eget malesuada. Cras in congue tortor. Interdum et malesuada fames ac ante ipsum primis in faucibus. Nunc tempus consequat neque, et eleifend nulla aliquam eu.",Author 55,3,ghi-chep-phap-y-tap-2-khi-tu-thi-biet-noi,NXB 55,2018,97
https://cdn1.fahasa.com/media/catalog/product/b/_/b_a-tr_c_41.jpg,Tâm Lý Học Tội Phạm - Khi Kẻ Yếu Trở Thành Kẻ Săn Mồi,111500,11,9780085480052,"Lorem ipsum dolor sit amet, consectetur adipiscing elit. Nam congue vel tellus non luctus. Vestibulum vitae nunc lorem. Sed lacinia lectus vel augue imperdiet ultricies. Donec id venenatis ex, vitae pretium ligula. Sed nulla eros, dignissim at feugiat non, posuere sit amet urna. Ut eu porttitor tellus. Cras eu massa nulla. Morbi porta fermentum elit eu iaculis. Pellentesque hendrerit venenatis purus at feugiat. Pellentesque vitae feugiat purus. Donec mattis rhoncus lacinia. Sed quam diam, molestie id laoreet eu, lacinia ac turpis. Cras tincidunt lobortis elit quis aliquam. Proin et massa libero.

Aliquam id pharetra arcu. Vivamus vitae mattis ligula. Sed efficitur urna vitae scelerisque tempor. Proin purus magna, vulputate eu ligula a, vehicula malesuada enim. Curabitur aliquet rutrum enim et tincidunt. Vestibulum ante ipsum primis in faucibus orci luctus et ultrices posuere cubilia curae; Vivamus pharetra enim leo, nec molestie nibh consectetur quis. Class aptent taciti sociosqu ad litora torquent per conubia nostra, per inceptos himenaeos. Nunc quis maximus elit, vitae pulvinar urna. Integer at mi elit. Phasellus vitae rutrum sem. Vivamus et mauris ac nisl congue congue eu eget elit. Nullam at quam velit. Pellentesque dictum, diam nec tempor aliquet, tortor justo fermentum sapien, at condimentum turpis elit vel sapien. Aenean rutrum tellus sodales tortor viverra eleifend.

Donec facilisis, diam efficitur maximus ultrices, enim lectus rutrum elit, eget malesuada mi justo dapibus enim. Maecenas finibus euismod nulla quis dignissim. Sed dictum ante rutrum turpis euismod laoreet. Sed placerat tellus leo. In ut lobortis lorem. Nullam vitae lectus egestas urna tincidunt aliquet. Ut sagittis vel enim eget malesuada. Cras in congue tortor. Interdum et malesuada fames ac ante ipsum primis in faucibus. Nunc tempus consequat neque, et eleifend nulla aliquam eu.",Author 56,5,tam-ly-hoc-toi-pham-khi-ke-yeu-tro-thanh-ke-san-moi,NXB 56,2002,87
https://cdn1.fahasa.com/media/catalog/product/b/i/bia-1-con-cao-ve-mau-len-canvas-lanh.jpg,Con Cáo Vẽ Máu Lên Canvas Lanh,156000,11,9780085480053,"Lorem ipsum dolor sit amet, consectetur adipiscing elit. Nam congue vel tellus non luctus. Vestibulum vitae nunc lorem. Sed lacinia lectus vel augue imperdiet ultricies. Donec id venenatis ex, vitae pretium ligula. Sed nulla eros, dignissim at feugiat non, posuere sit amet urna. Ut eu porttitor tellus. Cras eu massa nulla. Morbi porta fermentum elit eu iaculis. Pellentesque hendrerit venenatis purus at feugiat. Pellentesque vitae feugiat purus. Donec mattis rhoncus lacinia. Sed quam diam, molestie id laoreet eu, lacinia ac turpis. Cras tincidunt lobortis elit quis aliquam. Proin et massa libero.

Aliquam id pharetra arcu. Vivamus vitae mattis ligula. Sed efficitur urna vitae scelerisque tempor. Proin purus magna, vulputate eu ligula a, vehicula malesuada enim. Curabitur aliquet rutrum enim et tincidunt. Vestibulum ante ipsum primis in faucibus orci luctus et ultrices posuere cubilia curae; Vivamus pharetra enim leo, nec molestie nibh consectetur quis. Class aptent taciti sociosqu ad litora torquent per conubia nostra, per inceptos himenaeos. Nunc quis maximus elit, vitae pulvinar urna. Integer at mi elit. Phasellus vitae rutrum sem. Vivamus et mauris ac nisl congue congue eu eget elit. Nullam at quam velit. Pellentesque dictum, diam nec tempor aliquet, tortor justo fermentum sapien, at condimentum turpis elit vel sapien. Aenean rutrum tellus sodales tortor viverra eleifend.

Donec facilisis, diam efficitur maximus ultrices, enim lectus rutrum elit, eget malesuada mi justo dapibus enim. Maecenas finibus euismod nulla quis dignissim. Sed dictum ante rutrum turpis euismod laoreet. Sed placerat tellus leo. In ut lobortis lorem. Nullam vitae lectus egestas urna tincidunt aliquet. Ut sagittis vel enim eget malesuada. Cras in congue tortor. Interdum et malesuada fames ac ante ipsum primis in faucibus. Nunc tempus consequat neque, et eleifend nulla aliquam eu.",Author 57,9,con-cao-ve-mau-len-canvas-lanh,NXB 57,2004,72
https://cdn1.fahasa.com/media/catalog/product/b/_/b_a-tr_c---ph_p-y-600.jpg,Ghi Chép Pháp Y - Những Cái Chết Bí Ẩn,112500,11,9780085480054,"Lorem ipsum dolor sit amet, consectetur adipiscing elit. Nam congue vel tellus non luctus. Vestibulum vitae nunc lorem. Sed lacinia lectus vel augue imperdiet ultricies. Donec id venenatis ex, vitae pretium ligula. Sed nulla eros, dignissim at feugiat non, posuere sit amet urna. Ut eu porttitor tellus. Cras eu massa nulla. Morbi porta fermentum elit eu iaculis. Pellentesque hendrerit venenatis purus at feugiat. Pellentesque vitae feugiat purus. Donec mattis rhoncus lacinia. Sed quam diam, molestie id laoreet eu, lacinia ac turpis. Cras tincidunt lobortis elit quis aliquam. Proin et massa libero.

Aliquam id pharetra arcu. Vivamus vitae mattis ligula. Sed efficitur urna vitae scelerisque tempor. Proin purus magna, vulputate eu ligula a, vehicula malesuada enim. Curabitur aliquet rutrum enim et tincidunt. Vestibulum ante ipsum primis in faucibus orci luctus et ultrices posuere cubilia curae; Vivamus pharetra enim leo, nec molestie nibh consectetur quis. Class aptent taciti sociosqu ad litora torquent per conubia nostra, per inceptos himenaeos. Nunc quis maximus elit, vitae pulvinar urna. Integer at mi elit. Phasellus vitae rutrum sem. Vivamus et mauris ac nisl congue congue eu eget elit. Nullam at quam velit. Pellentesque dictum, diam nec tempor aliquet, tortor justo fermentum sapien, at condimentum turpis elit vel sapien. Aenean rutrum tellus sodales tortor viverra eleifend.

Donec facilisis, diam efficitur maximus ultrices, enim lectus rutrum elit, eget malesuada mi justo dapibus enim. Maecenas finibus euismod nulla quis dignissim. Sed dictum ante rutrum turpis euismod laoreet. Sed placerat tellus leo. In ut lobortis lorem. Nullam vitae lectus egestas urna tincidunt aliquet. Ut sagittis vel enim eget malesuada. Cras in congue tortor. Interdum et malesuada fames ac ante ipsum primis in faucibus. Nunc tempus consequat neque, et eleifend nulla aliquam eu.",Author 58,5,ghi-chep-phap-y-nhung-cai-chet-bi-an,NXB 58,2013,106
https://cdn1.fahasa.com/media/catalog/product/b/i/bia1-nguoiech.jpg,Người Ếch - Kẻ Giết Người Hàng Loạt,117500,11,9780085480055,"Lorem ipsum dolor sit amet, consectetur adipiscing elit. Nam congue vel tellus non luctus. Vestibulum vitae nunc lorem. Sed lacinia lectus vel augue imperdiet ultricies. Donec id venenatis ex, vitae pretium ligula. Sed nulla eros, dignissim at feugiat non, posuere sit amet urna. Ut eu porttitor tellus. Cras eu massa nulla. Morbi porta fermentum elit eu iaculis. Pellentesque hendrerit venenatis purus at feugiat. Pellentesque vitae feugiat purus. Donec mattis rhoncus lacinia. Sed quam diam, molestie id laoreet eu, lacinia ac turpis. Cras tincidunt lobortis elit quis aliquam. Proin et massa libero.

Aliquam id pharetra arcu. Vivamus vitae mattis ligula. Sed efficitur urna vitae scelerisque tempor. Proin purus magna, vulputate eu ligula a, vehicula malesuada enim. Curabitur aliquet rutrum enim et tincidunt. Vestibulum ante ipsum primis in faucibus orci luctus et ultrices posuere cubilia curae; Vivamus pharetra enim leo, nec molestie nibh consectetur quis. Class aptent taciti sociosqu ad litora torquent per conubia nostra, per inceptos himenaeos. Nunc quis maximus elit, vitae pulvinar urna. Integer at mi elit. Phasellus vitae rutrum sem. Vivamus et mauris ac nisl congue congue eu eget elit. Nullam at quam velit. Pellentesque dictum, diam nec tempor aliquet, tortor justo fermentum sapien, at condimentum turpis elit vel sapien. Aenean rutrum tellus sodales tortor viverra eleifend.

Donec facilisis, diam efficitur maximus ultrices, enim lectus rutrum elit, eget malesuada mi justo dapibus enim. Maecenas finibus euismod nulla quis dignissim. Sed dictum ante rutrum turpis euismod laoreet. Sed placerat tellus leo. In ut lobortis lorem. Nullam vitae lectus egestas urna tincidunt aliquet. Ut sagittis vel enim eget malesuada. Cras in congue tortor. Interdum et malesuada fames ac ante ipsum primis in faucibus. Nunc tempus consequat neque, et eleifend nulla aliquam eu.",Author 59,8,nguoi-ech-ke-giet-nguoi-hang-loat,NXB 59,2019,85
https://cdn1.fahasa.com/media/catalog/product/n/x/nxbtre_full_29112025_021102.jpg,Bí Mật Dinh Thự Chimneys - The Secret Of Chimneys,136000,11,9780085480056,"Lorem ipsum dolor sit amet, consectetur adipiscing elit. Nam congue vel tellus non luctus. Vestibulum vitae nunc lorem. Sed lacinia lectus vel augue imperdiet ultricies. Donec id venenatis ex, vitae pretium ligula. Sed nulla eros, dignissim at feugiat non, posuere sit amet urna. Ut eu porttitor tellus. Cras eu massa nulla. Morbi porta fermentum elit eu iaculis. Pellentesque hendrerit venenatis purus at feugiat. Pellentesque vitae feugiat purus. Donec mattis rhoncus lacinia. Sed quam diam, molestie id laoreet eu, lacinia ac turpis. Cras tincidunt lobortis elit quis aliquam. Proin et massa libero.

Aliquam id pharetra arcu. Vivamus vitae mattis ligula. Sed efficitur urna vitae scelerisque tempor. Proin purus magna, vulputate eu ligula a, vehicula malesuada enim. Curabitur aliquet rutrum enim et tincidunt. Vestibulum ante ipsum primis in faucibus orci luctus et ultrices posuere cubilia curae; Vivamus pharetra enim leo, nec molestie nibh consectetur quis. Class aptent taciti sociosqu ad litora torquent per conubia nostra, per inceptos himenaeos. Nunc quis maximus elit, vitae pulvinar urna. Integer at mi elit. Phasellus vitae rutrum sem. Vivamus et mauris ac nisl congue congue eu eget elit. Nullam at quam velit. Pellentesque dictum, diam nec tempor aliquet, tortor justo fermentum sapien, at condimentum turpis elit vel sapien. Aenean rutrum tellus sodales tortor viverra eleifend.

Donec facilisis, diam efficitur maximus ultrices, enim lectus rutrum elit, eget malesuada mi justo dapibus enim. Maecenas finibus euismod nulla quis dignissim. Sed dictum ante rutrum turpis euismod laoreet. Sed placerat tellus leo. In ut lobortis lorem. Nullam vitae lectus egestas urna tincidunt aliquet. Ut sagittis vel enim eget malesuada. Cras in congue tortor. Interdum et malesuada fames ac ante ipsum primis in faucibus. Nunc tempus consequat neque, et eleifend nulla aliquam eu.",Author 60,15,bi-mat-dinh-thu-chimneys-the-secret-of-chimneys,NXB 60,2022,63
https://cdn1.fahasa.com/media/catalog/product/2/0/2023_05_25_15_08_18_1-390x510.jpg,Nguồn Cội (Tái Bản),194350,11,9780085480057,"Lorem ipsum dolor sit amet, consectetur adipiscing elit. Nam congue vel tellus non luctus. Vestibulum vitae nunc lorem. Sed lacinia lectus vel augue imperdiet ultricies. Donec id venenatis ex, vitae pretium ligula. Sed nulla eros, dignissim at feugiat non, posuere sit amet urna. Ut eu porttitor tellus. Cras eu massa nulla. Morbi porta fermentum elit eu iaculis. Pellentesque hendrerit venenatis purus at feugiat. Pellentesque vitae feugiat purus. Donec mattis rhoncus lacinia. Sed quam diam, molestie id laoreet eu, lacinia ac turpis. Cras tincidunt lobortis elit quis aliquam. Proin et massa libero.

Aliquam id pharetra arcu. Vivamus vitae mattis ligula. Sed efficitur urna vitae scelerisque tempor. Proin purus magna, vulputate eu ligula a, vehicula malesuada enim. Curabitur aliquet rutrum enim et tincidunt. Vestibulum ante ipsum primis in faucibus orci luctus et ultrices posuere cubilia curae; Vivamus pharetra enim leo, nec molestie nibh consectetur quis. Class aptent taciti sociosqu ad litora torquent per conubia nostra, per inceptos himenaeos. Nunc quis maximus elit, vitae pulvinar urna. Integer at mi elit. Phasellus vitae rutrum sem. Vivamus et mauris ac nisl congue congue eu eget elit. Nullam at quam velit. Pellentesque dictum, diam nec tempor aliquet, tortor justo fermentum sapien, at condimentum turpis elit vel sapien. Aenean rutrum tellus sodales tortor viverra eleifend.

Donec facilisis, diam efficitur maximus ultrices, enim lectus rutrum elit, eget malesuada mi justo dapibus enim. Maecenas finibus euismod nulla quis dignissim. Sed dictum ante rutrum turpis euismod laoreet. Sed placerat tellus leo. In ut lobortis lorem. Nullam vitae lectus egestas urna tincidunt aliquet. Ut sagittis vel enim eget malesuada. Cras in congue tortor. Interdum et malesuada fames ac ante ipsum primis in faucibus. Nunc tempus consequat neque, et eleifend nulla aliquam eu.",Author 61,16,nguon-coi-tai-ban,NXB 61,2000,129
https://cdn1.fahasa.com/media/catalog/product/z/3/z3321916667332_020c2534a681bf6955344738d2c90492_1.jpg,Điểm Dối Lừa,123000,11,9780085480058,"Lorem ipsum dolor sit amet, consectetur adipiscing elit. Nam congue vel tellus non luctus. Vestibulum vitae nunc lorem. Sed lacinia lectus vel augue imperdiet ultricies. Donec id venenatis ex, vitae pretium ligula. Sed nulla eros, dignissim at feugiat non, posuere sit amet urna. Ut eu porttitor tellus. Cras eu massa nulla. Morbi porta fermentum elit eu iaculis. Pellentesque hendrerit venenatis purus at feugiat. Pellentesque vitae feugiat purus. Donec mattis rhoncus lacinia. Sed quam diam, molestie id laoreet eu, lacinia ac turpis. Cras tincidunt lobortis elit quis aliquam. Proin et massa libero.

Aliquam id pharetra arcu. Vivamus vitae mattis ligula. Sed efficitur urna vitae scelerisque tempor. Proin purus magna, vulputate eu ligula a, vehicula malesuada enim. Curabitur aliquet rutrum enim et tincidunt. Vestibulum ante ipsum primis in faucibus orci luctus et ultrices posuere cubilia curae; Vivamus pharetra enim leo, nec molestie nibh consectetur quis. Class aptent taciti sociosqu ad litora torquent per conubia nostra, per inceptos himenaeos. Nunc quis maximus elit, vitae pulvinar urna. Integer at mi elit. Phasellus vitae rutrum sem. Vivamus et mauris ac nisl congue congue eu eget elit. Nullam at quam velit. Pellentesque dictum, diam nec tempor aliquet, tortor justo fermentum sapien, at condimentum turpis elit vel sapien. Aenean rutrum tellus sodales tortor viverra eleifend.

Donec facilisis, diam efficitur maximus ultrices, enim lectus rutrum elit, eget malesuada mi justo dapibus enim. Maecenas finibus euismod nulla quis dignissim. Sed dictum ante rutrum turpis euismod laoreet. Sed placerat tellus leo. In ut lobortis lorem. Nullam vitae lectus egestas urna tincidunt aliquet. Ut sagittis vel enim eget malesuada. Cras in congue tortor. Interdum et malesuada fames ac ante ipsum primis in faucibus. Nunc tempus consequat neque, et eleifend nulla aliquam eu.",Author 62,11,iem-doi-lua,NXB 62,2012,102
https://cdn1.fahasa.com/media/catalog/product/8/9/8935236438032.jpg,Bằng Chứng Pháp Y - Tập 1 - Mật Mã Dấu Vết,127000,11,9780085480059,"Lorem ipsum dolor sit amet, consectetur adipiscing elit. Nam congue vel tellus non luctus. Vestibulum vitae nunc lorem. Sed lacinia lectus vel augue imperdiet ultricies. Donec id venenatis ex, vitae pretium ligula. Sed nulla eros, dignissim at feugiat non, posuere sit amet urna. Ut eu porttitor tellus. Cras eu massa nulla. Morbi porta fermentum elit eu iaculis. Pellentesque hendrerit venenatis purus at feugiat. Pellentesque vitae feugiat purus. Donec mattis rhoncus lacinia. Sed quam diam, molestie id laoreet eu, lacinia ac turpis. Cras tincidunt lobortis elit quis aliquam. Proin et massa libero.

Aliquam id pharetra arcu. Vivamus vitae mattis ligula. Sed efficitur urna vitae scelerisque tempor. Proin purus magna, vulputate eu ligula a, vehicula malesuada enim. Curabitur aliquet rutrum enim et tincidunt. Vestibulum ante ipsum primis in faucibus orci luctus et ultrices posuere cubilia curae; Vivamus pharetra enim leo, nec molestie nibh consectetur quis. Class aptent taciti sociosqu ad litora torquent per conubia nostra, per inceptos himenaeos. Nunc quis maximus elit, vitae pulvinar urna. Integer at mi elit. Phasellus vitae rutrum sem. Vivamus et mauris ac nisl congue congue eu eget elit. Nullam at quam velit. Pellentesque dictum, diam nec tempor aliquet, tortor justo fermentum sapien, at condimentum turpis elit vel sapien. Aenean rutrum tellus sodales tortor viverra eleifend.

Donec facilisis, diam efficitur maximus ultrices, enim lectus rutrum elit, eget malesuada mi justo dapibus enim. Maecenas finibus euismod nulla quis dignissim. Sed dictum ante rutrum turpis euismod laoreet. Sed placerat tellus leo. In ut lobortis lorem. Nullam vitae lectus egestas urna tincidunt aliquet. Ut sagittis vel enim eget malesuada. Cras in congue tortor. Interdum et malesuada fames ac ante ipsum primis in faucibus. Nunc tempus consequat neque, et eleifend nulla aliquam eu.",Author 63,7,bang-chung-phap-y-tap-1-mat-ma-dau-vet,NXB 63,2014,73
https://cdn1.fahasa.com/media/catalog/product/8/9/8934974211303.jpg,The Seven Dials Mystery - Kỳ Án Bảy Mặt Đồng Hồ,112000,11,9780085480060,"Lorem ipsum dolor sit amet, consectetur adipiscing elit. Nam congue vel tellus non luctus. Vestibulum vitae nunc lorem. Sed lacinia lectus vel augue imperdiet ultricies. Donec id venenatis ex, vitae pretium ligula. Sed nulla eros, dignissim at feugiat non, posuere sit amet urna. Ut eu porttitor tellus. Cras eu massa nulla. Morbi porta fermentum elit eu iaculis. Pellentesque hendrerit venenatis purus at feugiat. Pellentesque vitae feugiat purus. Donec mattis rhoncus lacinia. Sed quam diam, molestie id laoreet eu, lacinia ac turpis. Cras tincidunt lobortis elit quis aliquam. Proin et massa libero.

Aliquam id pharetra arcu. Vivamus vitae mattis ligula. Sed efficitur urna vitae scelerisque tempor. Proin purus magna, vulputate eu ligula a, vehicula malesuada enim. Curabitur aliquet rutrum enim et tincidunt. Vestibulum ante ipsum primis in faucibus orci luctus et ultrices posuere cubilia curae; Vivamus pharetra enim leo, nec molestie nibh consectetur quis. Class aptent taciti sociosqu ad litora torquent per conubia nostra, per inceptos himenaeos. Nunc quis maximus elit, vitae pulvinar urna. Integer at mi elit. Phasellus vitae rutrum sem. Vivamus et mauris ac nisl congue congue eu eget elit. Nullam at quam velit. Pellentesque dictum, diam nec tempor aliquet, tortor justo fermentum sapien, at condimentum turpis elit vel sapien. Aenean rutrum tellus sodales tortor viverra eleifend.

Donec facilisis, diam efficitur maximus ultrices, enim lectus rutrum elit, eget malesuada mi justo dapibus enim. Maecenas finibus euismod nulla quis dignissim. Sed dictum ante rutrum turpis euismod laoreet. Sed placerat tellus leo. In ut lobortis lorem. Nullam vitae lectus egestas urna tincidunt aliquet. Ut sagittis vel enim eget malesuada. Cras in congue tortor. Interdum et malesuada fames ac ante ipsum primis in faucibus. Nunc tempus consequat neque, et eleifend nulla aliquam eu.",Author 64,19,the-seven-dials-mystery-ky-an-bay-mat-ong-ho,NXB 64,2008,138
https://cdn1.fahasa.com/media/catalog/product/8/9/8935236438049.jpg,Bằng Chứng Pháp Y - Tập 2 - Vi Vết Tử Thần,126500,11,9780085480061,"Lorem ipsum dolor sit amet, consectetur adipiscing elit. Nam congue vel tellus non luctus. Vestibulum vitae nunc lorem. Sed lacinia lectus vel augue imperdiet ultricies. Donec id venenatis ex, vitae pretium ligula. Sed nulla eros, dignissim at feugiat non, posuere sit amet urna. Ut eu porttitor tellus. Cras eu massa nulla. Morbi porta fermentum elit eu iaculis. Pellentesque hendrerit venenatis purus at feugiat. Pellentesque vitae feugiat purus. Donec mattis rhoncus lacinia. Sed quam diam, molestie id laoreet eu, lacinia ac turpis. Cras tincidunt lobortis elit quis aliquam. Proin et massa libero.

Aliquam id pharetra arcu. Vivamus vitae mattis ligula. Sed efficitur urna vitae scelerisque tempor. Proin purus magna, vulputate eu ligula a, vehicula malesuada enim. Curabitur aliquet rutrum enim et tincidunt. Vestibulum ante ipsum primis in faucibus orci luctus et ultrices posuere cubilia curae; Vivamus pharetra enim leo, nec molestie nibh consectetur quis. Class aptent taciti sociosqu ad litora torquent per conubia nostra, per inceptos himenaeos. Nunc quis maximus elit, vitae pulvinar urna. Integer at mi elit. Phasellus vitae rutrum sem. Vivamus et mauris ac nisl congue congue eu eget elit. Nullam at quam velit. Pellentesque dictum, diam nec tempor aliquet, tortor justo fermentum sapien, at condimentum turpis elit vel sapien. Aenean rutrum tellus sodales tortor viverra eleifend.

Donec facilisis, diam efficitur maximus ultrices, enim lectus rutrum elit, eget malesuada mi justo dapibus enim. Maecenas finibus euismod nulla quis dignissim. Sed dictum ante rutrum turpis euismod laoreet. Sed placerat tellus leo. In ut lobortis lorem. Nullam vitae lectus egestas urna tincidunt aliquet. Ut sagittis vel enim eget malesuada. Cras in congue tortor. Interdum et malesuada fames ac ante ipsum primis in faucibus. Nunc tempus consequat neque, et eleifend nulla aliquam eu.",Author 65,17,bang-chung-phap-y-tap-2-vi-vet-tu-than,NXB 65,2003,140
https://cdn1.fahasa.com/media/catalog/product/f/u/full-bia-ao.jpg,Ma Quỷ Dân Gian Ký - Quyển 2,253000,11,9780085480062,"Lorem ipsum dolor sit amet, consectetur adipiscing elit. Nam congue vel tellus non luctus. Vestibulum vitae nunc lorem. Sed lacinia lectus vel augue imperdiet ultricies. Donec id venenatis ex, vitae pretium ligula. Sed nulla eros, dignissim at feugiat non, posuere sit amet urna. Ut eu porttitor tellus. Cras eu massa nulla. Morbi porta fermentum elit eu iaculis. Pellentesque hendrerit venenatis purus at feugiat. Pellentesque vitae feugiat purus. Donec mattis rhoncus lacinia. Sed quam diam, molestie id laoreet eu, lacinia ac turpis. Cras tincidunt lobortis elit quis aliquam. Proin et massa libero.

Aliquam id pharetra arcu. Vivamus vitae mattis ligula. Sed efficitur urna vitae scelerisque tempor. Proin purus magna, vulputate eu ligula a, vehicula malesuada enim. Curabitur aliquet rutrum enim et tincidunt. Vestibulum ante ipsum primis in faucibus orci luctus et ultrices posuere cubilia curae; Vivamus pharetra enim leo, nec molestie nibh consectetur quis. Class aptent taciti sociosqu ad litora torquent per conubia nostra, per inceptos himenaeos. Nunc quis maximus elit, vitae pulvinar urna. Integer at mi elit. Phasellus vitae rutrum sem. Vivamus et mauris ac nisl congue congue eu eget elit. Nullam at quam velit. Pellentesque dictum, diam nec tempor aliquet, tortor justo fermentum sapien, at condimentum turpis elit vel sapien. Aenean rutrum tellus sodales tortor viverra eleifend.

Donec facilisis, diam efficitur maximus ultrices, enim lectus rutrum elit, eget malesuada mi justo dapibus enim. Maecenas finibus euismod nulla quis dignissim. Sed dictum ante rutrum turpis euismod laoreet. Sed placerat tellus leo. In ut lobortis lorem. Nullam vitae lectus egestas urna tincidunt aliquet. Ut sagittis vel enim eget malesuada. Cras in congue tortor. Interdum et malesuada fames ac ante ipsum primis in faucibus. Nunc tempus consequat neque, et eleifend nulla aliquam eu.",Author 66,15,ma-quy-dan-gian-ky-quyen-2,NXB 66,2015,71
https://cdn1.fahasa.com/media/catalog/product/i/m/image_195509_1_31873_1.jpg,Biểu Tượng Thất Truyền - Bìa Cứng (Tái Bản 2023),155350,11,9780085480063,"Lorem ipsum dolor sit amet, consectetur adipiscing elit. Nam congue vel tellus non luctus. Vestibulum vitae nunc lorem. Sed lacinia lectus vel augue imperdiet ultricies. Donec id venenatis ex, vitae pretium ligula. Sed nulla eros, dignissim at feugiat non, posuere sit amet urna. Ut eu porttitor tellus. Cras eu massa nulla. Morbi porta fermentum elit eu iaculis. Pellentesque hendrerit venenatis purus at feugiat. Pellentesque vitae feugiat purus. Donec mattis rhoncus lacinia. Sed quam diam, molestie id laoreet eu, lacinia ac turpis. Cras tincidunt lobortis elit quis aliquam. Proin et massa libero.

Aliquam id pharetra arcu. Vivamus vitae mattis ligula. Sed efficitur urna vitae scelerisque tempor. Proin purus magna, vulputate eu ligula a, vehicula malesuada enim. Curabitur aliquet rutrum enim et tincidunt. Vestibulum ante ipsum primis in faucibus orci luctus et ultrices posuere cubilia curae; Vivamus pharetra enim leo, nec molestie nibh consectetur quis. Class aptent taciti sociosqu ad litora torquent per conubia nostra, per inceptos himenaeos. Nunc quis maximus elit, vitae pulvinar urna. Integer at mi elit. Phasellus vitae rutrum sem. Vivamus et mauris ac nisl congue congue eu eget elit. Nullam at quam velit. Pellentesque dictum, diam nec tempor aliquet, tortor justo fermentum sapien, at condimentum turpis elit vel sapien. Aenean rutrum tellus sodales tortor viverra eleifend.

Donec facilisis, diam efficitur maximus ultrices, enim lectus rutrum elit, eget malesuada mi justo dapibus enim. Maecenas finibus euismod nulla quis dignissim. Sed dictum ante rutrum turpis euismod laoreet. Sed placerat tellus leo. In ut lobortis lorem. Nullam vitae lectus egestas urna tincidunt aliquet. Ut sagittis vel enim eget malesuada. Cras in congue tortor. Interdum et malesuada fames ac ante ipsum primis in faucibus. Nunc tempus consequat neque, et eleifend nulla aliquam eu.",Author 67,5,bieu-tuong-that-truyen-bia-cung-tai-ban-2023,NXB 67,2017,57
https://cdn1.fahasa.com/media/catalog/product/b/i/bia_khuc-ca-chuoc-toi.jpg,Khúc Ca Chuộc Tội - Tặng Kèm Bookmark,119000,11,9780085480064,"Lorem ipsum dolor sit amet, consectetur adipiscing elit. Nam congue vel tellus non luctus. Vestibulum vitae nunc lorem. Sed lacinia lectus vel augue imperdiet ultricies. Donec id venenatis ex, vitae pretium ligula. Sed nulla eros, dignissim at feugiat non, posuere sit amet urna. Ut eu porttitor tellus. Cras eu massa nulla. Morbi porta fermentum elit eu iaculis. Pellentesque hendrerit venenatis purus at feugiat. Pellentesque vitae feugiat purus. Donec mattis rhoncus lacinia. Sed quam diam, molestie id laoreet eu, lacinia ac turpis. Cras tincidunt lobortis elit quis aliquam. Proin et massa libero.

Aliquam id pharetra arcu. Vivamus vitae mattis ligula. Sed efficitur urna vitae scelerisque tempor. Proin purus magna, vulputate eu ligula a, vehicula malesuada enim. Curabitur aliquet rutrum enim et tincidunt. Vestibulum ante ipsum primis in faucibus orci luctus et ultrices posuere cubilia curae; Vivamus pharetra enim leo, nec molestie nibh consectetur quis. Class aptent taciti sociosqu ad litora torquent per conubia nostra, per inceptos himenaeos. Nunc quis maximus elit, vitae pulvinar urna. Integer at mi elit. Phasellus vitae rutrum sem. Vivamus et mauris ac nisl congue congue eu eget elit. Nullam at quam velit. Pellentesque dictum, diam nec tempor aliquet, tortor justo fermentum sapien, at condimentum turpis elit vel sapien. Aenean rutrum tellus sodales tortor viverra eleifend.

Donec facilisis, diam efficitur maximus ultrices, enim lectus rutrum elit, eget malesuada mi justo dapibus enim. Maecenas finibus euismod nulla quis dignissim. Sed dictum ante rutrum turpis euismod laoreet. Sed placerat tellus leo. In ut lobortis lorem. Nullam vitae lectus egestas urna tincidunt aliquet. Ut sagittis vel enim eget malesuada. Cras in congue tortor. Interdum et malesuada fames ac ante ipsum primis in faucibus. Nunc tempus consequat neque, et eleifend nulla aliquam eu.",Author 68,10,khuc-ca-chuoc-toi-tang-kem-bookmark,NXB 68,2000,80
https://cdn1.fahasa.com/media/catalog/product/i/m/image_195509_1_31875_1.jpg,Hỏa Ngục - Bìa Cứng (Tái Bản 2023),155350,11,9780085480065,"Lorem ipsum dolor sit amet, consectetur adipiscing elit. Nam congue vel tellus non luctus. Vestibulum vitae nunc lorem. Sed lacinia lectus vel augue imperdiet ultricies. Donec id venenatis ex, vitae pretium ligula. Sed nulla eros, dignissim at feugiat non, posuere sit amet urna. Ut eu porttitor tellus. Cras eu massa nulla. Morbi porta fermentum elit eu iaculis. Pellentesque hendrerit venenatis purus at feugiat. Pellentesque vitae feugiat purus. Donec mattis rhoncus lacinia. Sed quam diam, molestie id laoreet eu, lacinia ac turpis. Cras tincidunt lobortis elit quis aliquam. Proin et massa libero.

Aliquam id pharetra arcu. Vivamus vitae mattis ligula. Sed efficitur urna vitae scelerisque tempor. Proin purus magna, vulputate eu ligula a, vehicula malesuada enim. Curabitur aliquet rutrum enim et tincidunt. Vestibulum ante ipsum primis in faucibus orci luctus et ultrices posuere cubilia curae; Vivamus pharetra enim leo, nec molestie nibh consectetur quis. Class aptent taciti sociosqu ad litora torquent per conubia nostra, per inceptos himenaeos. Nunc quis maximus elit, vitae pulvinar urna. Integer at mi elit. Phasellus vitae rutrum sem. Vivamus et mauris ac nisl congue congue eu eget elit. Nullam at quam velit. Pellentesque dictum, diam nec tempor aliquet, tortor justo fermentum sapien, at condimentum turpis elit vel sapien. Aenean rutrum tellus sodales tortor viverra eleifend.

Donec facilisis, diam efficitur maximus ultrices, enim lectus rutrum elit, eget malesuada mi justo dapibus enim. Maecenas finibus euismod nulla quis dignissim. Sed dictum ante rutrum turpis euismod laoreet. Sed placerat tellus leo. In ut lobortis lorem. Nullam vitae lectus egestas urna tincidunt aliquet. Ut sagittis vel enim eget malesuada. Cras in congue tortor. Interdum et malesuada fames ac ante ipsum primis in faucibus. Nunc tempus consequat neque, et eleifend nulla aliquam eu.",Author 69,17,hoa-nguc-bia-cung-tai-ban-2023,NXB 69,2009,86
https://cdn1.fahasa.com/media/catalog/product/b/i/bia_ten-cua-co-ay-.jpg,Tên Của Cô Ấy,138500,11,9780085480066,"Lorem ipsum dolor sit amet, consectetur adipiscing elit. Nam congue vel tellus non luctus. Vestibulum vitae nunc lorem. Sed lacinia lectus vel augue imperdiet ultricies. Donec id venenatis ex, vitae pretium ligula. Sed nulla eros, dignissim at feugiat non, posuere sit amet urna. Ut eu porttitor tellus. Cras eu massa nulla. Morbi porta fermentum elit eu iaculis. Pellentesque hendrerit venenatis purus at feugiat. Pellentesque vitae feugiat purus. Donec mattis rhoncus lacinia. Sed quam diam, molestie id laoreet eu, lacinia ac turpis. Cras tincidunt lobortis elit quis aliquam. Proin et massa libero.

Aliquam id pharetra arcu. Vivamus vitae mattis ligula. Sed efficitur urna vitae scelerisque tempor. Proin purus magna, vulputate eu ligula a, vehicula malesuada enim. Curabitur aliquet rutrum enim et tincidunt. Vestibulum ante ipsum primis in faucibus orci luctus et ultrices posuere cubilia curae; Vivamus pharetra enim leo, nec molestie nibh consectetur quis. Class aptent taciti sociosqu ad litora torquent per conubia nostra, per inceptos himenaeos. Nunc quis maximus elit, vitae pulvinar urna. Integer at mi elit. Phasellus vitae rutrum sem. Vivamus et mauris ac nisl congue congue eu eget elit. Nullam at quam velit. Pellentesque dictum, diam nec tempor aliquet, tortor justo fermentum sapien, at condimentum turpis elit vel sapien. Aenean rutrum tellus sodales tortor viverra eleifend.

Donec facilisis, diam efficitur maximus ultrices, enim lectus rutrum elit, eget malesuada mi justo dapibus enim. Maecenas finibus euismod nulla quis dignissim. Sed dictum ante rutrum turpis euismod laoreet. Sed placerat tellus leo. In ut lobortis lorem. Nullam vitae lectus egestas urna tincidunt aliquet. Ut sagittis vel enim eget malesuada. Cras in congue tortor. Interdum et malesuada fames ac ante ipsum primis in faucibus. Nunc tempus consequat neque, et eleifend nulla aliquam eu.",Author 70,10,ten-cua-co-ay,NXB 70,2017,63
https://cdn1.fahasa.com/media/catalog/product/c/o/combo-1706202504.jpg,Combo Sách Ghi Chép Pháp Y (Bộ 4 Cuốn),382000,11,9780085480067,"Lorem ipsum dolor sit amet, consectetur adipiscing elit. Nam congue vel tellus non luctus. Vestibulum vitae nunc lorem. Sed lacinia lectus vel augue imperdiet ultricies. Donec id venenatis ex, vitae pretium ligula. Sed nulla eros, dignissim at feugiat non, posuere sit amet urna. Ut eu porttitor tellus. Cras eu massa nulla. Morbi porta fermentum elit eu iaculis. Pellentesque hendrerit venenatis purus at feugiat. Pellentesque vitae feugiat purus. Donec mattis rhoncus lacinia. Sed quam diam, molestie id laoreet eu, lacinia ac turpis. Cras tincidunt lobortis elit quis aliquam. Proin et massa libero.

Aliquam id pharetra arcu. Vivamus vitae mattis ligula. Sed efficitur urna vitae scelerisque tempor. Proin purus magna, vulputate eu ligula a, vehicula malesuada enim. Curabitur aliquet rutrum enim et tincidunt. Vestibulum ante ipsum primis in faucibus orci luctus et ultrices posuere cubilia curae; Vivamus pharetra enim leo, nec molestie nibh consectetur quis. Class aptent taciti sociosqu ad litora torquent per conubia nostra, per inceptos himenaeos. Nunc quis maximus elit, vitae pulvinar urna. Integer at mi elit. Phasellus vitae rutrum sem. Vivamus et mauris ac nisl congue congue eu eget elit. Nullam at quam velit. Pellentesque dictum, diam nec tempor aliquet, tortor justo fermentum sapien, at condimentum turpis elit vel sapien. Aenean rutrum tellus sodales tortor viverra eleifend.

Donec facilisis, diam efficitur maximus ultrices, enim lectus rutrum elit, eget malesuada mi justo dapibus enim. Maecenas finibus euismod nulla quis dignissim. Sed dictum ante rutrum turpis euismod laoreet. Sed placerat tellus leo. In ut lobortis lorem. Nullam vitae lectus egestas urna tincidunt aliquet. Ut sagittis vel enim eget malesuada. Cras in congue tortor. Interdum et malesuada fames ac ante ipsum primis in faucibus. Nunc tempus consequat neque, et eleifend nulla aliquam eu.",Author 71,10,combo-sach-ghi-chep-phap-y-bo-4-cuon,NXB 71,2006,56
https://cdn1.fahasa.com/media/catalog/product/8/9/8935235237247.jpg,Thú Tội (Tái Bản 2023),84000,11,9780085480068,"Lorem ipsum dolor sit amet, consectetur adipiscing elit. Nam congue vel tellus non luctus. Vestibulum vitae nunc lorem. Sed lacinia lectus vel augue imperdiet ultricies. Donec id venenatis ex, vitae pretium ligula. Sed nulla eros, dignissim at feugiat non, posuere sit amet urna. Ut eu porttitor tellus. Cras eu massa nulla. Morbi porta fermentum elit eu iaculis. Pellentesque hendrerit venenatis purus at feugiat. Pellentesque vitae feugiat purus. Donec mattis rhoncus lacinia. Sed quam diam, molestie id laoreet eu, lacinia ac turpis. Cras tincidunt lobortis elit quis aliquam. Proin et massa libero.

Aliquam id pharetra arcu. Vivamus vitae mattis ligula. Sed efficitur urna vitae scelerisque tempor. Proin purus magna, vulputate eu ligula a, vehicula malesuada enim. Curabitur aliquet rutrum enim et tincidunt. Vestibulum ante ipsum primis in faucibus orci luctus et ultrices posuere cubilia curae; Vivamus pharetra enim leo, nec molestie nibh consectetur quis. Class aptent taciti sociosqu ad litora torquent per conubia nostra, per inceptos himenaeos. Nunc quis maximus elit, vitae pulvinar urna. Integer at mi elit. Phasellus vitae rutrum sem. Vivamus et mauris ac nisl congue congue eu eget elit. Nullam at quam velit. Pellentesque dictum, diam nec tempor aliquet, tortor justo fermentum sapien, at condimentum turpis elit vel sapien. Aenean rutrum tellus sodales tortor viverra eleifend.

Donec facilisis, diam efficitur maximus ultrices, enim lectus rutrum elit, eget malesuada mi justo dapibus enim. Maecenas finibus euismod nulla quis dignissim. Sed dictum ante rutrum turpis euismod laoreet. Sed placerat tellus leo. In ut lobortis lorem. Nullam vitae lectus egestas urna tincidunt aliquet. Ut sagittis vel enim eget malesuada. Cras in congue tortor. Interdum et malesuada fames ac ante ipsum primis in faucibus. Nunc tempus consequat neque, et eleifend nulla aliquam eu.",Author 72,19,thu-toi-tai-ban-2023,NXB 72,2012,117
https://cdn1.fahasa.com/media/catalog/product/b/i/bia-1_dung-bao-gio-noi-doi.jpg,Đừng Bao Giờ Nói Dối,114000,11,9780085480069,"Lorem ipsum dolor sit amet, consectetur adipiscing elit. Nam congue vel tellus non luctus. Vestibulum vitae nunc lorem. Sed lacinia lectus vel augue imperdiet ultricies. Donec id venenatis ex, vitae pretium ligula. Sed nulla eros, dignissim at feugiat non, posuere sit amet urna. Ut eu porttitor tellus. Cras eu massa nulla. Morbi porta fermentum elit eu iaculis. Pellentesque hendrerit venenatis purus at feugiat. Pellentesque vitae feugiat purus. Donec mattis rhoncus lacinia. Sed quam diam, molestie id laoreet eu, lacinia ac turpis. Cras tincidunt lobortis elit quis aliquam. Proin et massa libero.

Aliquam id pharetra arcu. Vivamus vitae mattis ligula. Sed efficitur urna vitae scelerisque tempor. Proin purus magna, vulputate eu ligula a, vehicula malesuada enim. Curabitur aliquet rutrum enim et tincidunt. Vestibulum ante ipsum primis in faucibus orci luctus et ultrices posuere cubilia curae; Vivamus pharetra enim leo, nec molestie nibh consectetur quis. Class aptent taciti sociosqu ad litora torquent per conubia nostra, per inceptos himenaeos. Nunc quis maximus elit, vitae pulvinar urna. Integer at mi elit. Phasellus vitae rutrum sem. Vivamus et mauris ac nisl congue congue eu eget elit. Nullam at quam velit. Pellentesque dictum, diam nec tempor aliquet, tortor justo fermentum sapien, at condimentum turpis elit vel sapien. Aenean rutrum tellus sodales tortor viverra eleifend.

Donec facilisis, diam efficitur maximus ultrices, enim lectus rutrum elit, eget malesuada mi justo dapibus enim. Maecenas finibus euismod nulla quis dignissim. Sed dictum ante rutrum turpis euismod laoreet. Sed placerat tellus leo. In ut lobortis lorem. Nullam vitae lectus egestas urna tincidunt aliquet. Ut sagittis vel enim eget malesuada. Cras in congue tortor. Interdum et malesuada fames ac ante ipsum primis in faucibus. Nunc tempus consequat neque, et eleifend nulla aliquam eu.",Author 73,16,ung-bao-gio-noi-doi,NXB 73,2003,120
https://cdn1.fahasa.com/media/catalog/product/t/h/th_ng-b_o-s_ch-m_i-_th_ng_.jpg,Án Mạng Trong Thư Viện - Bí Ẩn Lời Chỉ Điểm Đẫm Máu - Tặng Kèm Obi + Bookmark,152000,11,9780085480070,"Lorem ipsum dolor sit amet, consectetur adipiscing elit. Nam congue vel tellus non luctus. Vestibulum vitae nunc lorem. Sed lacinia lectus vel augue imperdiet ultricies. Donec id venenatis ex, vitae pretium ligula. Sed nulla eros, dignissim at feugiat non, posuere sit amet urna. Ut eu porttitor tellus. Cras eu massa nulla. Morbi porta fermentum elit eu iaculis. Pellentesque hendrerit venenatis purus at feugiat. Pellentesque vitae feugiat purus. Donec mattis rhoncus lacinia. Sed quam diam, molestie id laoreet eu, lacinia ac turpis. Cras tincidunt lobortis elit quis aliquam. Proin et massa libero.

Aliquam id pharetra arcu. Vivamus vitae mattis ligula. Sed efficitur urna vitae scelerisque tempor. Proin purus magna, vulputate eu ligula a, vehicula malesuada enim. Curabitur aliquet rutrum enim et tincidunt. Vestibulum ante ipsum primis in faucibus orci luctus et ultrices posuere cubilia curae; Vivamus pharetra enim leo, nec molestie nibh consectetur quis. Class aptent taciti sociosqu ad litora torquent per conubia nostra, per inceptos himenaeos. Nunc quis maximus elit, vitae pulvinar urna. Integer at mi elit. Phasellus vitae rutrum sem. Vivamus et mauris ac nisl congue congue eu eget elit. Nullam at quam velit. Pellentesque dictum, diam nec tempor aliquet, tortor justo fermentum sapien, at condimentum turpis elit vel sapien. Aenean rutrum tellus sodales tortor viverra eleifend.

Donec facilisis, diam efficitur maximus ultrices, enim lectus rutrum elit, eget malesuada mi justo dapibus enim. Maecenas finibus euismod nulla quis dignissim. Sed dictum ante rutrum turpis euismod laoreet. Sed placerat tellus leo. In ut lobortis lorem. Nullam vitae lectus egestas urna tincidunt aliquet. Ut sagittis vel enim eget malesuada. Cras in congue tortor. Interdum et malesuada fames ac ante ipsum primis in faucibus. Nunc tempus consequat neque, et eleifend nulla aliquam eu.",Author 74,10,an-mang-trong-thu-vien-bi-an-loi-chi-iem-am-mau-tang-kem-obi-bookmark,NXB 74,2009,105
https://cdn1.fahasa.com/media/catalog/product/i/m/image_195509_1_46501.jpg,Thợ Săn Bóng Tối,154500,11,9780085480071,"Lorem ipsum dolor sit amet, consectetur adipiscing elit. Nam congue vel tellus non luctus. Vestibulum vitae nunc lorem. Sed lacinia lectus vel augue imperdiet ultricies. Donec id venenatis ex, vitae pretium ligula. Sed nulla eros, dignissim at feugiat non, posuere sit amet urna. Ut eu porttitor tellus. Cras eu massa nulla. Morbi porta fermentum elit eu iaculis. Pellentesque hendrerit venenatis purus at feugiat. Pellentesque vitae feugiat purus. Donec mattis rhoncus lacinia. Sed quam diam, molestie id laoreet eu, lacinia ac turpis. Cras tincidunt lobortis elit quis aliquam. Proin et massa libero.

Aliquam id pharetra arcu. Vivamus vitae mattis ligula. Sed efficitur urna vitae scelerisque tempor. Proin purus magna, vulputate eu ligula a, vehicula malesuada enim. Curabitur aliquet rutrum enim et tincidunt. Vestibulum ante ipsum primis in faucibus orci luctus et ultrices posuere cubilia curae; Vivamus pharetra enim leo, nec molestie nibh consectetur quis. Class aptent taciti sociosqu ad litora torquent per conubia nostra, per inceptos himenaeos. Nunc quis maximus elit, vitae pulvinar urna. Integer at mi elit. Phasellus vitae rutrum sem. Vivamus et mauris ac nisl congue congue eu eget elit. Nullam at quam velit. Pellentesque dictum, diam nec tempor aliquet, tortor justo fermentum sapien, at condimentum turpis elit vel sapien. Aenean rutrum tellus sodales tortor viverra eleifend.

Donec facilisis, diam efficitur maximus ultrices, enim lectus rutrum elit, eget malesuada mi justo dapibus enim. Maecenas finibus euismod nulla quis dignissim. Sed dictum ante rutrum turpis euismod laoreet. Sed placerat tellus leo. In ut lobortis lorem. Nullam vitae lectus egestas urna tincidunt aliquet. Ut sagittis vel enim eget malesuada. Cras in congue tortor. Interdum et malesuada fames ac ante ipsum primis in faucibus. Nunc tempus consequat neque, et eleifend nulla aliquam eu.",Author 75,15,tho-san-bong-toi,NXB 75,2008,71
https://cdn1.fahasa.com/media/catalog/product/8/9/8934974211556.jpg,Vụ Mưu Sát Ngài Edgware - Lord Edgware Dies,114500,11,9780085480072,"Lorem ipsum dolor sit amet, consectetur adipiscing elit. Nam congue vel tellus non luctus. Vestibulum vitae nunc lorem. Sed lacinia lectus vel augue imperdiet ultricies. Donec id venenatis ex, vitae pretium ligula. Sed nulla eros, dignissim at feugiat non, posuere sit amet urna. Ut eu porttitor tellus. Cras eu massa nulla. Morbi porta fermentum elit eu iaculis. Pellentesque hendrerit venenatis purus at feugiat. Pellentesque vitae feugiat purus. Donec mattis rhoncus lacinia. Sed quam diam, molestie id laoreet eu, lacinia ac turpis. Cras tincidunt lobortis elit quis aliquam. Proin et massa libero.

Aliquam id pharetra arcu. Vivamus vitae mattis ligula. Sed efficitur urna vitae scelerisque tempor. Proin purus magna, vulputate eu ligula a, vehicula malesuada enim. Curabitur aliquet rutrum enim et tincidunt. Vestibulum ante ipsum primis in faucibus orci luctus et ultrices posuere cubilia curae; Vivamus pharetra enim leo, nec molestie nibh consectetur quis. Class aptent taciti sociosqu ad litora torquent per conubia nostra, per inceptos himenaeos. Nunc quis maximus elit, vitae pulvinar urna. Integer at mi elit. Phasellus vitae rutrum sem. Vivamus et mauris ac nisl congue congue eu eget elit. Nullam at quam velit. Pellentesque dictum, diam nec tempor aliquet, tortor justo fermentum sapien, at condimentum turpis elit vel sapien. Aenean rutrum tellus sodales tortor viverra eleifend.

Donec facilisis, diam efficitur maximus ultrices, enim lectus rutrum elit, eget malesuada mi justo dapibus enim. Maecenas finibus euismod nulla quis dignissim. Sed dictum ante rutrum turpis euismod laoreet. Sed placerat tellus leo. In ut lobortis lorem. Nullam vitae lectus egestas urna tincidunt aliquet. Ut sagittis vel enim eget malesuada. Cras in congue tortor. Interdum et malesuada fames ac ante ipsum primis in faucibus. Nunc tempus consequat neque, et eleifend nulla aliquam eu.",Author 76,9,vu-muu-sat-ngai-edgware-lord-edgware-dies,NXB 76,2013,143
https://cdn1.fahasa.com/media/catalog/product/8/9/8935235245440.jpg,Bí Mật Của Thiên Thần,157000,11,9780085480073,"Lorem ipsum dolor sit amet, consectetur adipiscing elit. Nam congue vel tellus non luctus. Vestibulum vitae nunc lorem. Sed lacinia lectus vel augue imperdiet ultricies. Donec id venenatis ex, vitae pretium ligula. Sed nulla eros, dignissim at feugiat non, posuere sit amet urna. Ut eu porttitor tellus. Cras eu massa nulla. Morbi porta fermentum elit eu iaculis. Pellentesque hendrerit venenatis purus at feugiat. Pellentesque vitae feugiat purus. Donec mattis rhoncus lacinia. Sed quam diam, molestie id laoreet eu, lacinia ac turpis. Cras tincidunt lobortis elit quis aliquam. Proin et massa libero.

Aliquam id pharetra arcu. Vivamus vitae mattis ligula. Sed efficitur urna vitae scelerisque tempor. Proin purus magna, vulputate eu ligula a, vehicula malesuada enim. Curabitur aliquet rutrum enim et tincidunt. Vestibulum ante ipsum primis in faucibus orci luctus et ultrices posuere cubilia curae; Vivamus pharetra enim leo, nec molestie nibh consectetur quis. Class aptent taciti sociosqu ad litora torquent per conubia nostra, per inceptos himenaeos. Nunc quis maximus elit, vitae pulvinar urna. Integer at mi elit. Phasellus vitae rutrum sem. Vivamus et mauris ac nisl congue congue eu eget elit. Nullam at quam velit. Pellentesque dictum, diam nec tempor aliquet, tortor justo fermentum sapien, at condimentum turpis elit vel sapien. Aenean rutrum tellus sodales tortor viverra eleifend.

Donec facilisis, diam efficitur maximus ultrices, enim lectus rutrum elit, eget malesuada mi justo dapibus enim. Maecenas finibus euismod nulla quis dignissim. Sed dictum ante rutrum turpis euismod laoreet. Sed placerat tellus leo. In ut lobortis lorem. Nullam vitae lectus egestas urna tincidunt aliquet. Ut sagittis vel enim eget malesuada. Cras in congue tortor. Interdum et malesuada fames ac ante ipsum primis in faucibus. Nunc tempus consequat neque, et eleifend nulla aliquam eu.",Author 77,14,bi-mat-cua-thien-than,NXB 77,2025,146
https://cdn1.fahasa.com/media/catalog/product/b/i/bia-1_tu-nhan.jpg,Tù Nhân,123500,11,9780085480074,"Lorem ipsum dolor sit amet, consectetur adipiscing elit. Nam congue vel tellus non luctus. Vestibulum vitae nunc lorem. Sed lacinia lectus vel augue imperdiet ultricies. Donec id venenatis ex, vitae pretium ligula. Sed nulla eros, dignissim at feugiat non, posuere sit amet urna. Ut eu porttitor tellus. Cras eu massa nulla. Morbi porta fermentum elit eu iaculis. Pellentesque hendrerit venenatis purus at feugiat. Pellentesque vitae feugiat purus. Donec mattis rhoncus lacinia. Sed quam diam, molestie id laoreet eu, lacinia ac turpis. Cras tincidunt lobortis elit quis aliquam. Proin et massa libero.

Aliquam id pharetra arcu. Vivamus vitae mattis ligula. Sed efficitur urna vitae scelerisque tempor. Proin purus magna, vulputate eu ligula a, vehicula malesuada enim. Curabitur aliquet rutrum enim et tincidunt. Vestibulum ante ipsum primis in faucibus orci luctus et ultrices posuere cubilia curae; Vivamus pharetra enim leo, nec molestie nibh consectetur quis. Class aptent taciti sociosqu ad litora torquent per conubia nostra, per inceptos himenaeos. Nunc quis maximus elit, vitae pulvinar urna. Integer at mi elit. Phasellus vitae rutrum sem. Vivamus et mauris ac nisl congue congue eu eget elit. Nullam at quam velit. Pellentesque dictum, diam nec tempor aliquet, tortor justo fermentum sapien, at condimentum turpis elit vel sapien. Aenean rutrum tellus sodales tortor viverra eleifend.

Donec facilisis, diam efficitur maximus ultrices, enim lectus rutrum elit, eget malesuada mi justo dapibus enim. Maecenas finibus euismod nulla quis dignissim. Sed dictum ante rutrum turpis euismod laoreet. Sed placerat tellus leo. In ut lobortis lorem. Nullam vitae lectus egestas urna tincidunt aliquet. Ut sagittis vel enim eget malesuada. Cras in congue tortor. Interdum et malesuada fames ac ante ipsum primis in faucibus. Nunc tempus consequat neque, et eleifend nulla aliquam eu.",Author 78,5,tu-nhan,NXB 78,2000,114
https://cdn1.fahasa.com/media/catalog/product/b/_/b_a_6_23.jpg,Sát Nhân Trong Chiếc Hộp Mắt Ma,126500,11,9780085480075,"Lorem ipsum dolor sit amet, consectetur adipiscing elit. Nam congue vel tellus non luctus. Vestibulum vitae nunc lorem. Sed lacinia lectus vel augue imperdiet ultricies. Donec id venenatis ex, vitae pretium ligula. Sed nulla eros, dignissim at feugiat non, posuere sit amet urna. Ut eu porttitor tellus. Cras eu massa nulla. Morbi porta fermentum elit eu iaculis. Pellentesque hendrerit venenatis purus at feugiat. Pellentesque vitae feugiat purus. Donec mattis rhoncus lacinia. Sed quam diam, molestie id laoreet eu, lacinia ac turpis. Cras tincidunt lobortis elit quis aliquam. Proin et massa libero.

Aliquam id pharetra arcu. Vivamus vitae mattis ligula. Sed efficitur urna vitae scelerisque tempor. Proin purus magna, vulputate eu ligula a, vehicula malesuada enim. Curabitur aliquet rutrum enim et tincidunt. Vestibulum ante ipsum primis in faucibus orci luctus et ultrices posuere cubilia curae; Vivamus pharetra enim leo, nec molestie nibh consectetur quis. Class aptent taciti sociosqu ad litora torquent per conubia nostra, per inceptos himenaeos. Nunc quis maximus elit, vitae pulvinar urna. Integer at mi elit. Phasellus vitae rutrum sem. Vivamus et mauris ac nisl congue congue eu eget elit. Nullam at quam velit. Pellentesque dictum, diam nec tempor aliquet, tortor justo fermentum sapien, at condimentum turpis elit vel sapien. Aenean rutrum tellus sodales tortor viverra eleifend.

Donec facilisis, diam efficitur maximus ultrices, enim lectus rutrum elit, eget malesuada mi justo dapibus enim. Maecenas finibus euismod nulla quis dignissim. Sed dictum ante rutrum turpis euismod laoreet. Sed placerat tellus leo. In ut lobortis lorem. Nullam vitae lectus egestas urna tincidunt aliquet. Ut sagittis vel enim eget malesuada. Cras in congue tortor. Interdum et malesuada fames ac ante ipsum primis in faucibus. Nunc tempus consequat neque, et eleifend nulla aliquam eu.",Author 79,6,sat-nhan-trong-chiec-hop-mat-ma,NXB 79,2013,137
https://cdn1.fahasa.com/media/catalog/product/2/-/2-_2__1.jpg,Đứa Con Của Dối Trá,167000,11,9780085480076,"Lorem ipsum dolor sit amet, consectetur adipiscing elit. Nam congue vel tellus non luctus. Vestibulum vitae nunc lorem. Sed lacinia lectus vel augue imperdiet ultricies. Donec id venenatis ex, vitae pretium ligula. Sed nulla eros, dignissim at feugiat non, posuere sit amet urna. Ut eu porttitor tellus. Cras eu massa nulla. Morbi porta fermentum elit eu iaculis. Pellentesque hendrerit venenatis purus at feugiat. Pellentesque vitae feugiat purus. Donec mattis rhoncus lacinia. Sed quam diam, molestie id laoreet eu, lacinia ac turpis. Cras tincidunt lobortis elit quis aliquam. Proin et massa libero.

Aliquam id pharetra arcu. Vivamus vitae mattis ligula. Sed efficitur urna vitae scelerisque tempor. Proin purus magna, vulputate eu ligula a, vehicula malesuada enim. Curabitur aliquet rutrum enim et tincidunt. Vestibulum ante ipsum primis in faucibus orci luctus et ultrices posuere cubilia curae; Vivamus pharetra enim leo, nec molestie nibh consectetur quis. Class aptent taciti sociosqu ad litora torquent per conubia nostra, per inceptos himenaeos. Nunc quis maximus elit, vitae pulvinar urna. Integer at mi elit. Phasellus vitae rutrum sem. Vivamus et mauris ac nisl congue congue eu eget elit. Nullam at quam velit. Pellentesque dictum, diam nec tempor aliquet, tortor justo fermentum sapien, at condimentum turpis elit vel sapien. Aenean rutrum tellus sodales tortor viverra eleifend.

Donec facilisis, diam efficitur maximus ultrices, enim lectus rutrum elit, eget malesuada mi justo dapibus enim. Maecenas finibus euismod nulla quis dignissim. Sed dictum ante rutrum turpis euismod laoreet. Sed placerat tellus leo. In ut lobortis lorem. Nullam vitae lectus egestas urna tincidunt aliquet. Ut sagittis vel enim eget malesuada. Cras in congue tortor. Interdum et malesuada fames ac ante ipsum primis in faucibus. Nunc tempus consequat neque, et eleifend nulla aliquam eu.",Author 80,3,ua-con-cua-doi-tra,NXB 80,2024,130
https://cdn1.fahasa.com/media/catalog/product/b/_/b_a-tr_c_2_19.jpg,Cục Điều Tra Thi Thể - Tập 2 - Lần Theo Dấu Vết Tử Thi,127000,11,9780085480077,"Lorem ipsum dolor sit amet, consectetur adipiscing elit. Nam congue vel tellus non luctus. Vestibulum vitae nunc lorem. Sed lacinia lectus vel augue imperdiet ultricies. Donec id venenatis ex, vitae pretium ligula. Sed nulla eros, dignissim at feugiat non, posuere sit amet urna. Ut eu porttitor tellus. Cras eu massa nulla. Morbi porta fermentum elit eu iaculis. Pellentesque hendrerit venenatis purus at feugiat. Pellentesque vitae feugiat purus. Donec mattis rhoncus lacinia. Sed quam diam, molestie id laoreet eu, lacinia ac turpis. Cras tincidunt lobortis elit quis aliquam. Proin et massa libero.

Aliquam id pharetra arcu. Vivamus vitae mattis ligula. Sed efficitur urna vitae scelerisque tempor. Proin purus magna, vulputate eu ligula a, vehicula malesuada enim. Curabitur aliquet rutrum enim et tincidunt. Vestibulum ante ipsum primis in faucibus orci luctus et ultrices posuere cubilia curae; Vivamus pharetra enim leo, nec molestie nibh consectetur quis. Class aptent taciti sociosqu ad litora torquent per conubia nostra, per inceptos himenaeos. Nunc quis maximus elit, vitae pulvinar urna. Integer at mi elit. Phasellus vitae rutrum sem. Vivamus et mauris ac nisl congue congue eu eget elit. Nullam at quam velit. Pellentesque dictum, diam nec tempor aliquet, tortor justo fermentum sapien, at condimentum turpis elit vel sapien. Aenean rutrum tellus sodales tortor viverra eleifend.

Donec facilisis, diam efficitur maximus ultrices, enim lectus rutrum elit, eget malesuada mi justo dapibus enim. Maecenas finibus euismod nulla quis dignissim. Sed dictum ante rutrum turpis euismod laoreet. Sed placerat tellus leo. In ut lobortis lorem. Nullam vitae lectus egestas urna tincidunt aliquet. Ut sagittis vel enim eget malesuada. Cras in congue tortor. Interdum et malesuada fames ac ante ipsum primis in faucibus. Nunc tempus consequat neque, et eleifend nulla aliquam eu.",Author 81,19,cuc-ieu-tra-thi-the-tap-2-lan-theo-dau-vet-tu-thi,NXB 81,2020,144
https://cdn1.fahasa.com/media/catalog/product/9/7/9786326041439.jpg,Bóng Ma Ở Casino,159000,11,9780085480078,"Lorem ipsum dolor sit amet, consectetur adipiscing elit. Nam congue vel tellus non luctus. Vestibulum vitae nunc lorem. Sed lacinia lectus vel augue imperdiet ultricies. Donec id venenatis ex, vitae pretium ligula. Sed nulla eros, dignissim at feugiat non, posuere sit amet urna. Ut eu porttitor tellus. Cras eu massa nulla. Morbi porta fermentum elit eu iaculis. Pellentesque hendrerit venenatis purus at feugiat. Pellentesque vitae feugiat purus. Donec mattis rhoncus lacinia. Sed quam diam, molestie id laoreet eu, lacinia ac turpis. Cras tincidunt lobortis elit quis aliquam. Proin et massa libero.

Aliquam id pharetra arcu. Vivamus vitae mattis ligula. Sed efficitur urna vitae scelerisque tempor. Proin purus magna, vulputate eu ligula a, vehicula malesuada enim. Curabitur aliquet rutrum enim et tincidunt. Vestibulum ante ipsum primis in faucibus orci luctus et ultrices posuere cubilia curae; Vivamus pharetra enim leo, nec molestie nibh consectetur quis. Class aptent taciti sociosqu ad litora torquent per conubia nostra, per inceptos himenaeos. Nunc quis maximus elit, vitae pulvinar urna. Integer at mi elit. Phasellus vitae rutrum sem. Vivamus et mauris ac nisl congue congue eu eget elit. Nullam at quam velit. Pellentesque dictum, diam nec tempor aliquet, tortor justo fermentum sapien, at condimentum turpis elit vel sapien. Aenean rutrum tellus sodales tortor viverra eleifend.

Donec facilisis, diam efficitur maximus ultrices, enim lectus rutrum elit, eget malesuada mi justo dapibus enim. Maecenas finibus euismod nulla quis dignissim. Sed dictum ante rutrum turpis euismod laoreet. Sed placerat tellus leo. In ut lobortis lorem. Nullam vitae lectus egestas urna tincidunt aliquet. Ut sagittis vel enim eget malesuada. Cras in congue tortor. Interdum et malesuada fames ac ante ipsum primis in faucibus. Nunc tempus consequat neque, et eleifend nulla aliquam eu.",Author 82,14,bong-ma-o-casino,NXB 82,2001,89
https://cdn1.fahasa.com/media/catalog/product/u/n/untitled-1_2_4.jpg,Death In The Clouds - Án Mạng Giữa Không Trung,106000,11,9780085480079,"Lorem ipsum dolor sit amet, consectetur adipiscing elit. Nam congue vel tellus non luctus. Vestibulum vitae nunc lorem. Sed lacinia lectus vel augue imperdiet ultricies. Donec id venenatis ex, vitae pretium ligula. Sed nulla eros, dignissim at feugiat non, posuere sit amet urna. Ut eu porttitor tellus. Cras eu massa nulla. Morbi porta fermentum elit eu iaculis. Pellentesque hendrerit venenatis purus at feugiat. Pellentesque vitae feugiat purus. Donec mattis rhoncus lacinia. Sed quam diam, molestie id laoreet eu, lacinia ac turpis. Cras tincidunt lobortis elit quis aliquam. Proin et massa libero.

Aliquam id pharetra arcu. Vivamus vitae mattis ligula. Sed efficitur urna vitae scelerisque tempor. Proin purus magna, vulputate eu ligula a, vehicula malesuada enim. Curabitur aliquet rutrum enim et tincidunt. Vestibulum ante ipsum primis in faucibus orci luctus et ultrices posuere cubilia curae; Vivamus pharetra enim leo, nec molestie nibh consectetur quis. Class aptent taciti sociosqu ad litora torquent per conubia nostra, per inceptos himenaeos. Nunc quis maximus elit, vitae pulvinar urna. Integer at mi elit. Phasellus vitae rutrum sem. Vivamus et mauris ac nisl congue congue eu eget elit. Nullam at quam velit. Pellentesque dictum, diam nec tempor aliquet, tortor justo fermentum sapien, at condimentum turpis elit vel sapien. Aenean rutrum tellus sodales tortor viverra eleifend.

Donec facilisis, diam efficitur maximus ultrices, enim lectus rutrum elit, eget malesuada mi justo dapibus enim. Maecenas finibus euismod nulla quis dignissim. Sed dictum ante rutrum turpis euismod laoreet. Sed placerat tellus leo. In ut lobortis lorem. Nullam vitae lectus egestas urna tincidunt aliquet. Ut sagittis vel enim eget malesuada. Cras in congue tortor. Interdum et malesuada fames ac ante ipsum primis in faucibus. Nunc tempus consequat neque, et eleifend nulla aliquam eu.",Author 83,12,death-in-the-clouds-an-mang-giua-khong-trung,NXB 83,2018,74
https://cdn1.fahasa.com/media/catalog/product/b/_/b_a-1_7_7.jpg,Mỗi Lần Tỉnh Dậy Đều Trở Thành Nghi Phạm - Tập 1,167000,11,9780085480080,"Lorem ipsum dolor sit amet, consectetur adipiscing elit. Nam congue vel tellus non luctus. Vestibulum vitae nunc lorem. Sed lacinia lectus vel augue imperdiet ultricies. Donec id venenatis ex, vitae pretium ligula. Sed nulla eros, dignissim at feugiat non, posuere sit amet urna. Ut eu porttitor tellus. Cras eu massa nulla. Morbi porta fermentum elit eu iaculis. Pellentesque hendrerit venenatis purus at feugiat. Pellentesque vitae feugiat purus. Donec mattis rhoncus lacinia. Sed quam diam, molestie id laoreet eu, lacinia ac turpis. Cras tincidunt lobortis elit quis aliquam. Proin et massa libero.

Aliquam id pharetra arcu. Vivamus vitae mattis ligula. Sed efficitur urna vitae scelerisque tempor. Proin purus magna, vulputate eu ligula a, vehicula malesuada enim. Curabitur aliquet rutrum enim et tincidunt. Vestibulum ante ipsum primis in faucibus orci luctus et ultrices posuere cubilia curae; Vivamus pharetra enim leo, nec molestie nibh consectetur quis. Class aptent taciti sociosqu ad litora torquent per conubia nostra, per inceptos himenaeos. Nunc quis maximus elit, vitae pulvinar urna. Integer at mi elit. Phasellus vitae rutrum sem. Vivamus et mauris ac nisl congue congue eu eget elit. Nullam at quam velit. Pellentesque dictum, diam nec tempor aliquet, tortor justo fermentum sapien, at condimentum turpis elit vel sapien. Aenean rutrum tellus sodales tortor viverra eleifend.

Donec facilisis, diam efficitur maximus ultrices, enim lectus rutrum elit, eget malesuada mi justo dapibus enim. Maecenas finibus euismod nulla quis dignissim. Sed dictum ante rutrum turpis euismod laoreet. Sed placerat tellus leo. In ut lobortis lorem. Nullam vitae lectus egestas urna tincidunt aliquet. Ut sagittis vel enim eget malesuada. Cras in congue tortor. Interdum et malesuada fames ac ante ipsum primis in faucibus. Nunc tempus consequat neque, et eleifend nulla aliquam eu.",Author 84,19,moi-lan-tinh-day-eu-tro-thanh-nghi-pham-tap-1,NXB 84,2016,104
https://cdn1.fahasa.com/media/catalog/product/z/5/z5894678094219_4df564eb85db36780da5355503a5a1ec.jpg,Nhật Ký Ghi Chép Pháp Y - Tập 2 - Thanh Âm Của Cái Chết,119000,11,9780085480081,"Lorem ipsum dolor sit amet, consectetur adipiscing elit. Nam congue vel tellus non luctus. Vestibulum vitae nunc lorem. Sed lacinia lectus vel augue imperdiet ultricies. Donec id venenatis ex, vitae pretium ligula. Sed nulla eros, dignissim at feugiat non, posuere sit amet urna. Ut eu porttitor tellus. Cras eu massa nulla. Morbi porta fermentum elit eu iaculis. Pellentesque hendrerit venenatis purus at feugiat. Pellentesque vitae feugiat purus. Donec mattis rhoncus lacinia. Sed quam diam, molestie id laoreet eu, lacinia ac turpis. Cras tincidunt lobortis elit quis aliquam. Proin et massa libero.

Aliquam id pharetra arcu. Vivamus vitae mattis ligula. Sed efficitur urna vitae scelerisque tempor. Proin purus magna, vulputate eu ligula a, vehicula malesuada enim. Curabitur aliquet rutrum enim et tincidunt. Vestibulum ante ipsum primis in faucibus orci luctus et ultrices posuere cubilia curae; Vivamus pharetra enim leo, nec molestie nibh consectetur quis. Class aptent taciti sociosqu ad litora torquent per conubia nostra, per inceptos himenaeos. Nunc quis maximus elit, vitae pulvinar urna. Integer at mi elit. Phasellus vitae rutrum sem. Vivamus et mauris ac nisl congue congue eu eget elit. Nullam at quam velit. Pellentesque dictum, diam nec tempor aliquet, tortor justo fermentum sapien, at condimentum turpis elit vel sapien. Aenean rutrum tellus sodales tortor viverra eleifend.

Donec facilisis, diam efficitur maximus ultrices, enim lectus rutrum elit, eget malesuada mi justo dapibus enim. Maecenas finibus euismod nulla quis dignissim. Sed dictum ante rutrum turpis euismod laoreet. Sed placerat tellus leo. In ut lobortis lorem. Nullam vitae lectus egestas urna tincidunt aliquet. Ut sagittis vel enim eget malesuada. Cras in congue tortor. Interdum et malesuada fames ac ante ipsum primis in faucibus. Nunc tempus consequat neque, et eleifend nulla aliquam eu.",Author 85,18,nhat-ky-ghi-chep-phap-y-tap-2-thanh-am-cua-cai-chet,NXB 85,2025,98
https://cdn1.fahasa.com/media/catalog/product/8/9/8934974177081.jpg,Án Mạng Trên Chuyến Tàu Tốc Hành Phương Đông (Tái Bản 2022),102000,11,9780085480082,"Lorem ipsum dolor sit amet, consectetur adipiscing elit. Nam congue vel tellus non luctus. Vestibulum vitae nunc lorem. Sed lacinia lectus vel augue imperdiet ultricies. Donec id venenatis ex, vitae pretium ligula. Sed nulla eros, dignissim at feugiat non, posuere sit amet urna. Ut eu porttitor tellus. Cras eu massa nulla. Morbi porta fermentum elit eu iaculis. Pellentesque hendrerit venenatis purus at feugiat. Pellentesque vitae feugiat purus. Donec mattis rhoncus lacinia. Sed quam diam, molestie id laoreet eu, lacinia ac turpis. Cras tincidunt lobortis elit quis aliquam. Proin et massa libero.

Aliquam id pharetra arcu. Vivamus vitae mattis ligula. Sed efficitur urna vitae scelerisque tempor. Proin purus magna, vulputate eu ligula a, vehicula malesuada enim. Curabitur aliquet rutrum enim et tincidunt. Vestibulum ante ipsum primis in faucibus orci luctus et ultrices posuere cubilia curae; Vivamus pharetra enim leo, nec molestie nibh consectetur quis. Class aptent taciti sociosqu ad litora torquent per conubia nostra, per inceptos himenaeos. Nunc quis maximus elit, vitae pulvinar urna. Integer at mi elit. Phasellus vitae rutrum sem. Vivamus et mauris ac nisl congue congue eu eget elit. Nullam at quam velit. Pellentesque dictum, diam nec tempor aliquet, tortor justo fermentum sapien, at condimentum turpis elit vel sapien. Aenean rutrum tellus sodales tortor viverra eleifend.

Donec facilisis, diam efficitur maximus ultrices, enim lectus rutrum elit, eget malesuada mi justo dapibus enim. Maecenas finibus euismod nulla quis dignissim. Sed dictum ante rutrum turpis euismod laoreet. Sed placerat tellus leo. In ut lobortis lorem. Nullam vitae lectus egestas urna tincidunt aliquet. Ut sagittis vel enim eget malesuada. Cras in congue tortor. Interdum et malesuada fames ac ante ipsum primis in faucibus. Nunc tempus consequat neque, et eleifend nulla aliquam eu.",Author 86,5,an-mang-tren-chuyen-tau-toc-hanh-phuong-ong-tai-ban-2022,NXB 86,2008,94
https://cdn1.fahasa.com/media/catalog/product/i/m/image_187738_1.jpg,Phía Sau Nghi Can X (Tái Bản 2024),103200,11,9780085480083,"Lorem ipsum dolor sit amet, consectetur adipiscing elit. Nam congue vel tellus non luctus. Vestibulum vitae nunc lorem. Sed lacinia lectus vel augue imperdiet ultricies. Donec id venenatis ex, vitae pretium ligula. Sed nulla eros, dignissim at feugiat non, posuere sit amet urna. Ut eu porttitor tellus. Cras eu massa nulla. Morbi porta fermentum elit eu iaculis. Pellentesque hendrerit venenatis purus at feugiat. Pellentesque vitae feugiat purus. Donec mattis rhoncus lacinia. Sed quam diam, molestie id laoreet eu, lacinia ac turpis. Cras tincidunt lobortis elit quis aliquam. Proin et massa libero.

Aliquam id pharetra arcu. Vivamus vitae mattis ligula. Sed efficitur urna vitae scelerisque tempor. Proin purus magna, vulputate eu ligula a, vehicula malesuada enim. Curabitur aliquet rutrum enim et tincidunt. Vestibulum ante ipsum primis in faucibus orci luctus et ultrices posuere cubilia curae; Vivamus pharetra enim leo, nec molestie nibh consectetur quis. Class aptent taciti sociosqu ad litora torquent per conubia nostra, per inceptos himenaeos. Nunc quis maximus elit, vitae pulvinar urna. Integer at mi elit. Phasellus vitae rutrum sem. Vivamus et mauris ac nisl congue congue eu eget elit. Nullam at quam velit. Pellentesque dictum, diam nec tempor aliquet, tortor justo fermentum sapien, at condimentum turpis elit vel sapien. Aenean rutrum tellus sodales tortor viverra eleifend.

Donec facilisis, diam efficitur maximus ultrices, enim lectus rutrum elit, eget malesuada mi justo dapibus enim. Maecenas finibus euismod nulla quis dignissim. Sed dictum ante rutrum turpis euismod laoreet. Sed placerat tellus leo. In ut lobortis lorem. Nullam vitae lectus egestas urna tincidunt aliquet. Ut sagittis vel enim eget malesuada. Cras in congue tortor. Interdum et malesuada fames ac ante ipsum primis in faucibus. Nunc tempus consequat neque, et eleifend nulla aliquam eu.",Author 87,9,phia-sau-nghi-can-x-tai-ban-2024,NXB 87,2012,82
https://cdn1.fahasa.com/media/catalog/product/b/_/b_a-1_5_37.jpg,Ác Quỷ Khoác Áo Blouse,143000,11,9780085480084,"Lorem ipsum dolor sit amet, consectetur adipiscing elit. Nam congue vel tellus non luctus. Vestibulum vitae nunc lorem. Sed lacinia lectus vel augue imperdiet ultricies. Donec id venenatis ex, vitae pretium ligula. Sed nulla eros, dignissim at feugiat non, posuere sit amet urna. Ut eu porttitor tellus. Cras eu massa nulla. Morbi porta fermentum elit eu iaculis. Pellentesque hendrerit venenatis purus at feugiat. Pellentesque vitae feugiat purus. Donec mattis rhoncus lacinia. Sed quam diam, molestie id laoreet eu, lacinia ac turpis. Cras tincidunt lobortis elit quis aliquam. Proin et massa libero.

Aliquam id pharetra arcu. Vivamus vitae mattis ligula. Sed efficitur urna vitae scelerisque tempor. Proin purus magna, vulputate eu ligula a, vehicula malesuada enim. Curabitur aliquet rutrum enim et tincidunt. Vestibulum ante ipsum primis in faucibus orci luctus et ultrices posuere cubilia curae; Vivamus pharetra enim leo, nec molestie nibh consectetur quis. Class aptent taciti sociosqu ad litora torquent per conubia nostra, per inceptos himenaeos. Nunc quis maximus elit, vitae pulvinar urna. Integer at mi elit. Phasellus vitae rutrum sem. Vivamus et mauris ac nisl congue congue eu eget elit. Nullam at quam velit. Pellentesque dictum, diam nec tempor aliquet, tortor justo fermentum sapien, at condimentum turpis elit vel sapien. Aenean rutrum tellus sodales tortor viverra eleifend.

Donec facilisis, diam efficitur maximus ultrices, enim lectus rutrum elit, eget malesuada mi justo dapibus enim. Maecenas finibus euismod nulla quis dignissim. Sed dictum ante rutrum turpis euismod laoreet. Sed placerat tellus leo. In ut lobortis lorem. Nullam vitae lectus egestas urna tincidunt aliquet. Ut sagittis vel enim eget malesuada. Cras in congue tortor. Interdum et malesuada fames ac ante ipsum primis in faucibus. Nunc tempus consequat neque, et eleifend nulla aliquam eu.",Author 88,13,ac-quy-khoac-ao-blouse,NXB 88,2012,133
https://cdn1.fahasa.com/media/catalog/product/b/i/bia-1_quai-dam-nam-kinh.jpg,Quái Đàm Nam Kinh - Ghi Chép Về Kỳ Án Quỷ Tu La Của Ngài Bạch Trạch,159000,11,9780085480085,"Lorem ipsum dolor sit amet, consectetur adipiscing elit. Nam congue vel tellus non luctus. Vestibulum vitae nunc lorem. Sed lacinia lectus vel augue imperdiet ultricies. Donec id venenatis ex, vitae pretium ligula. Sed nulla eros, dignissim at feugiat non, posuere sit amet urna. Ut eu porttitor tellus. Cras eu massa nulla. Morbi porta fermentum elit eu iaculis. Pellentesque hendrerit venenatis purus at feugiat. Pellentesque vitae feugiat purus. Donec mattis rhoncus lacinia. Sed quam diam, molestie id laoreet eu, lacinia ac turpis. Cras tincidunt lobortis elit quis aliquam. Proin et massa libero.

Aliquam id pharetra arcu. Vivamus vitae mattis ligula. Sed efficitur urna vitae scelerisque tempor. Proin purus magna, vulputate eu ligula a, vehicula malesuada enim. Curabitur aliquet rutrum enim et tincidunt. Vestibulum ante ipsum primis in faucibus orci luctus et ultrices posuere cubilia curae; Vivamus pharetra enim leo, nec molestie nibh consectetur quis. Class aptent taciti sociosqu ad litora torquent per conubia nostra, per inceptos himenaeos. Nunc quis maximus elit, vitae pulvinar urna. Integer at mi elit. Phasellus vitae rutrum sem. Vivamus et mauris ac nisl congue congue eu eget elit. Nullam at quam velit. Pellentesque dictum, diam nec tempor aliquet, tortor justo fermentum sapien, at condimentum turpis elit vel sapien. Aenean rutrum tellus sodales tortor viverra eleifend.

Donec facilisis, diam efficitur maximus ultrices, enim lectus rutrum elit, eget malesuada mi justo dapibus enim. Maecenas finibus euismod nulla quis dignissim. Sed dictum ante rutrum turpis euismod laoreet. Sed placerat tellus leo. In ut lobortis lorem. Nullam vitae lectus egestas urna tincidunt aliquet. Ut sagittis vel enim eget malesuada. Cras in congue tortor. Interdum et malesuada fames ac ante ipsum primis in faucibus. Nunc tempus consequat neque, et eleifend nulla aliquam eu.",Author 89,6,quai-am-nam-kinh-ghi-chep-ve-ky-an-quy-tu-la-cua-ngai-bach-trach,NXB 89,2014,105
https://cdn1.fahasa.com/media/catalog/product/b/i/bia_1_15.jpg,Bạn Trai,126500,11,9780085480086,"Lorem ipsum dolor sit amet, consectetur adipiscing elit. Nam congue vel tellus non luctus. Vestibulum vitae nunc lorem. Sed lacinia lectus vel augue imperdiet ultricies. Donec id venenatis ex, vitae pretium ligula. Sed nulla eros, dignissim at feugiat non, posuere sit amet urna. Ut eu porttitor tellus. Cras eu massa nulla. Morbi porta fermentum elit eu iaculis. Pellentesque hendrerit venenatis purus at feugiat. Pellentesque vitae feugiat purus. Donec mattis rhoncus lacinia. Sed quam diam, molestie id laoreet eu, lacinia ac turpis. Cras tincidunt lobortis elit quis aliquam. Proin et massa libero.

Aliquam id pharetra arcu. Vivamus vitae mattis ligula. Sed efficitur urna vitae scelerisque tempor. Proin purus magna, vulputate eu ligula a, vehicula malesuada enim. Curabitur aliquet rutrum enim et tincidunt. Vestibulum ante ipsum primis in faucibus orci luctus et ultrices posuere cubilia curae; Vivamus pharetra enim leo, nec molestie nibh consectetur quis. Class aptent taciti sociosqu ad litora torquent per conubia nostra, per inceptos himenaeos. Nunc quis maximus elit, vitae pulvinar urna. Integer at mi elit. Phasellus vitae rutrum sem. Vivamus et mauris ac nisl congue congue eu eget elit. Nullam at quam velit. Pellentesque dictum, diam nec tempor aliquet, tortor justo fermentum sapien, at condimentum turpis elit vel sapien. Aenean rutrum tellus sodales tortor viverra eleifend.

Donec facilisis, diam efficitur maximus ultrices, enim lectus rutrum elit, eget malesuada mi justo dapibus enim. Maecenas finibus euismod nulla quis dignissim. Sed dictum ante rutrum turpis euismod laoreet. Sed placerat tellus leo. In ut lobortis lorem. Nullam vitae lectus egestas urna tincidunt aliquet. Ut sagittis vel enim eget malesuada. Cras in congue tortor. Interdum et malesuada fames ac ante ipsum primis in faucibus. Nunc tempus consequat neque, et eleifend nulla aliquam eu.",Author 90,5,ban-trai,NXB 90,2001,55
https://cdn1.fahasa.com/media/catalog/product/s/a/sat-thu-doi-dau-01.jpg,Maria Beetle - Sát Thủ Đối Đầu,126500,11,9780085480087,"Lorem ipsum dolor sit amet, consectetur adipiscing elit. Nam congue vel tellus non luctus. Vestibulum vitae nunc lorem. Sed lacinia lectus vel augue imperdiet ultricies. Donec id venenatis ex, vitae pretium ligula. Sed nulla eros, dignissim at feugiat non, posuere sit amet urna. Ut eu porttitor tellus. Cras eu massa nulla. Morbi porta fermentum elit eu iaculis. Pellentesque hendrerit venenatis purus at feugiat. Pellentesque vitae feugiat purus. Donec mattis rhoncus lacinia. Sed quam diam, molestie id laoreet eu, lacinia ac turpis. Cras tincidunt lobortis elit quis aliquam. Proin et massa libero.

Aliquam id pharetra arcu. Vivamus vitae mattis ligula. Sed efficitur urna vitae scelerisque tempor. Proin purus magna, vulputate eu ligula a, vehicula malesuada enim. Curabitur aliquet rutrum enim et tincidunt. Vestibulum ante ipsum primis in faucibus orci luctus et ultrices posuere cubilia curae; Vivamus pharetra enim leo, nec molestie nibh consectetur quis. Class aptent taciti sociosqu ad litora torquent per conubia nostra, per inceptos himenaeos. Nunc quis maximus elit, vitae pulvinar urna. Integer at mi elit. Phasellus vitae rutrum sem. Vivamus et mauris ac nisl congue congue eu eget elit. Nullam at quam velit. Pellentesque dictum, diam nec tempor aliquet, tortor justo fermentum sapien, at condimentum turpis elit vel sapien. Aenean rutrum tellus sodales tortor viverra eleifend.

Donec facilisis, diam efficitur maximus ultrices, enim lectus rutrum elit, eget malesuada mi justo dapibus enim. Maecenas finibus euismod nulla quis dignissim. Sed dictum ante rutrum turpis euismod laoreet. Sed placerat tellus leo. In ut lobortis lorem. Nullam vitae lectus egestas urna tincidunt aliquet. Ut sagittis vel enim eget malesuada. Cras in congue tortor. Interdum et malesuada fames ac ante ipsum primis in faucibus. Nunc tempus consequat neque, et eleifend nulla aliquam eu.",Author 91,17,maria-beetle-sat-thu-oi-au,NXB 91,2025,86
https://cdn1.fahasa.com/media/catalog/product/b/i/bia-nu-cuoi-dang-thuong.jpg,Nụ Cười Đáng Thương,89000,11,9780085480088,"Lorem ipsum dolor sit amet, consectetur adipiscing elit. Nam congue vel tellus non luctus. Vestibulum vitae nunc lorem. Sed lacinia lectus vel augue imperdiet ultricies. Donec id venenatis ex, vitae pretium ligula. Sed nulla eros, dignissim at feugiat non, posuere sit amet urna. Ut eu porttitor tellus. Cras eu massa nulla. Morbi porta fermentum elit eu iaculis. Pellentesque hendrerit venenatis purus at feugiat. Pellentesque vitae feugiat purus. Donec mattis rhoncus lacinia. Sed quam diam, molestie id laoreet eu, lacinia ac turpis. Cras tincidunt lobortis elit quis aliquam. Proin et massa libero.

Aliquam id pharetra arcu. Vivamus vitae mattis ligula. Sed efficitur urna vitae scelerisque tempor. Proin purus magna, vulputate eu ligula a, vehicula malesuada enim. Curabitur aliquet rutrum enim et tincidunt. Vestibulum ante ipsum primis in faucibus orci luctus et ultrices posuere cubilia curae; Vivamus pharetra enim leo, nec molestie nibh consectetur quis. Class aptent taciti sociosqu ad litora torquent per conubia nostra, per inceptos himenaeos. Nunc quis maximus elit, vitae pulvinar urna. Integer at mi elit. Phasellus vitae rutrum sem. Vivamus et mauris ac nisl congue congue eu eget elit. Nullam at quam velit. Pellentesque dictum, diam nec tempor aliquet, tortor justo fermentum sapien, at condimentum turpis elit vel sapien. Aenean rutrum tellus sodales tortor viverra eleifend.

Donec facilisis, diam efficitur maximus ultrices, enim lectus rutrum elit, eget malesuada mi justo dapibus enim. Maecenas finibus euismod nulla quis dignissim. Sed dictum ante rutrum turpis euismod laoreet. Sed placerat tellus leo. In ut lobortis lorem. Nullam vitae lectus egestas urna tincidunt aliquet. Ut sagittis vel enim eget malesuada. Cras in congue tortor. Interdum et malesuada fames ac ante ipsum primis in faucibus. Nunc tempus consequat neque, et eleifend nulla aliquam eu.",Author 92,9,nu-cuoi-ang-thuong,NXB 92,2008,127
https://cdn1.fahasa.com/media/catalog/product/6/_/6_8_3.jpg,Người Tìm Xác - Tập 6,159000,11,9780085480089,"Lorem ipsum dolor sit amet, consectetur adipiscing elit. Nam congue vel tellus non luctus. Vestibulum vitae nunc lorem. Sed lacinia lectus vel augue imperdiet ultricies. Donec id venenatis ex, vitae pretium ligula. Sed nulla eros, dignissim at feugiat non, posuere sit amet urna. Ut eu porttitor tellus. Cras eu massa nulla. Morbi porta fermentum elit eu iaculis. Pellentesque hendrerit venenatis purus at feugiat. Pellentesque vitae feugiat purus. Donec mattis rhoncus lacinia. Sed quam diam, molestie id laoreet eu, lacinia ac turpis. Cras tincidunt lobortis elit quis aliquam. Proin et massa libero.

Aliquam id pharetra arcu. Vivamus vitae mattis ligula. Sed efficitur urna vitae scelerisque tempor. Proin purus magna, vulputate eu ligula a, vehicula malesuada enim. Curabitur aliquet rutrum enim et tincidunt. Vestibulum ante ipsum primis in faucibus orci luctus et ultrices posuere cubilia curae; Vivamus pharetra enim leo, nec molestie nibh consectetur quis. Class aptent taciti sociosqu ad litora torquent per conubia nostra, per inceptos himenaeos. Nunc quis maximus elit, vitae pulvinar urna. Integer at mi elit. Phasellus vitae rutrum sem. Vivamus et mauris ac nisl congue congue eu eget elit. Nullam at quam velit. Pellentesque dictum, diam nec tempor aliquet, tortor justo fermentum sapien, at condimentum turpis elit vel sapien. Aenean rutrum tellus sodales tortor viverra eleifend.

Donec facilisis, diam efficitur maximus ultrices, enim lectus rutrum elit, eget malesuada mi justo dapibus enim. Maecenas finibus euismod nulla quis dignissim. Sed dictum ante rutrum turpis euismod laoreet. Sed placerat tellus leo. In ut lobortis lorem. Nullam vitae lectus egestas urna tincidunt aliquet. Ut sagittis vel enim eget malesuada. Cras in congue tortor. Interdum et malesuada fames ac ante ipsum primis in faucibus. Nunc tempus consequat neque, et eleifend nulla aliquam eu.",Author 93,6,nguoi-tim-xac-tap-6,NXB 93,2023,77
https://cdn1.fahasa.com/media/catalog/product/b/_/b_a-tr_c-c_c-_i_u-tra-thi-th_.jpg,Cục Điều Tra Thi Thể - Truy Tìm Bằng Chứng Thép,111500,11,9780085480090,"Lorem ipsum dolor sit amet, consectetur adipiscing elit. Nam congue vel tellus non luctus. Vestibulum vitae nunc lorem. Sed lacinia lectus vel augue imperdiet ultricies. Donec id venenatis ex, vitae pretium ligula. Sed nulla eros, dignissim at feugiat non, posuere sit amet urna. Ut eu porttitor tellus. Cras eu massa nulla. Morbi porta fermentum elit eu iaculis. Pellentesque hendrerit venenatis purus at feugiat. Pellentesque vitae feugiat purus. Donec mattis rhoncus lacinia. Sed quam diam, molestie id laoreet eu, lacinia ac turpis. Cras tincidunt lobortis elit quis aliquam. Proin et massa libero.

Aliquam id pharetra arcu. Vivamus vitae mattis ligula. Sed efficitur urna vitae scelerisque tempor. Proin purus magna, vulputate eu ligula a, vehicula malesuada enim. Curabitur aliquet rutrum enim et tincidunt. Vestibulum ante ipsum primis in faucibus orci luctus et ultrices posuere cubilia curae; Vivamus pharetra enim leo, nec molestie nibh consectetur quis. Class aptent taciti sociosqu ad litora torquent per conubia nostra, per inceptos himenaeos. Nunc quis maximus elit, vitae pulvinar urna. Integer at mi elit. Phasellus vitae rutrum sem. Vivamus et mauris ac nisl congue congue eu eget elit. Nullam at quam velit. Pellentesque dictum, diam nec tempor aliquet, tortor justo fermentum sapien, at condimentum turpis elit vel sapien. Aenean rutrum tellus sodales tortor viverra eleifend.

Donec facilisis, diam efficitur maximus ultrices, enim lectus rutrum elit, eget malesuada mi justo dapibus enim. Maecenas finibus euismod nulla quis dignissim. Sed dictum ante rutrum turpis euismod laoreet. Sed placerat tellus leo. In ut lobortis lorem. Nullam vitae lectus egestas urna tincidunt aliquet. Ut sagittis vel enim eget malesuada. Cras in congue tortor. Interdum et malesuada fames ac ante ipsum primis in faucibus. Nunc tempus consequat neque, et eleifend nulla aliquam eu.",Author 94,10,cuc-ieu-tra-thi-the-truy-tim-bang-chung-thep,NXB 94,2025,54
https://cdn1.fahasa.com/media/catalog/product/z/5/z5998901075154_ae9c520e905d8dd8c84a8284af3417a5.jpg,Boxset Nhật Ký Ghi Chép Pháp Y - Tập 1 + Tập 2 + Tập 3 (Hộp 3 Tập),360000,11,9780085480091,"Lorem ipsum dolor sit amet, consectetur adipiscing elit. Nam congue vel tellus non luctus. Vestibulum vitae nunc lorem. Sed lacinia lectus vel augue imperdiet ultricies. Donec id venenatis ex, vitae pretium ligula. Sed nulla eros, dignissim at feugiat non, posuere sit amet urna. Ut eu porttitor tellus. Cras eu massa nulla. Morbi porta fermentum elit eu iaculis. Pellentesque hendrerit venenatis purus at feugiat. Pellentesque vitae feugiat purus. Donec mattis rhoncus lacinia. Sed quam diam, molestie id laoreet eu, lacinia ac turpis. Cras tincidunt lobortis elit quis aliquam. Proin et massa libero.

Aliquam id pharetra arcu. Vivamus vitae mattis ligula. Sed efficitur urna vitae scelerisque tempor. Proin purus magna, vulputate eu ligula a, vehicula malesuada enim. Curabitur aliquet rutrum enim et tincidunt. Vestibulum ante ipsum primis in faucibus orci luctus et ultrices posuere cubilia curae; Vivamus pharetra enim leo, nec molestie nibh consectetur quis. Class aptent taciti sociosqu ad litora torquent per conubia nostra, per inceptos himenaeos. Nunc quis maximus elit, vitae pulvinar urna. Integer at mi elit. Phasellus vitae rutrum sem. Vivamus et mauris ac nisl congue congue eu eget elit. Nullam at quam velit. Pellentesque dictum, diam nec tempor aliquet, tortor justo fermentum sapien, at condimentum turpis elit vel sapien. Aenean rutrum tellus sodales tortor viverra eleifend.

Donec facilisis, diam efficitur maximus ultrices, enim lectus rutrum elit, eget malesuada mi justo dapibus enim. Maecenas finibus euismod nulla quis dignissim. Sed dictum ante rutrum turpis euismod laoreet. Sed placerat tellus leo. In ut lobortis lorem. Nullam vitae lectus egestas urna tincidunt aliquet. Ut sagittis vel enim eget malesuada. Cras in congue tortor. Interdum et malesuada fames ac ante ipsum primis in faucibus. Nunc tempus consequat neque, et eleifend nulla aliquam eu.",Author 95,5,boxset-nhat-ky-ghi-chep-phap-y-tap-1-tap-2-tap-3-hop-3-tap,NXB 95,2014,123
https://cdn1.fahasa.com/media/catalog/product/b/i/bia-1-sau-canh-cua-khoa-kin.jpg,Sau Cánh Cửa Khóa Kín,121500,11,9780085480092,"Lorem ipsum dolor sit amet, consectetur adipiscing elit. Nam congue vel tellus non luctus. Vestibulum vitae nunc lorem. Sed lacinia lectus vel augue imperdiet ultricies. Donec id venenatis ex, vitae pretium ligula. Sed nulla eros, dignissim at feugiat non, posuere sit amet urna. Ut eu porttitor tellus. Cras eu massa nulla. Morbi porta fermentum elit eu iaculis. Pellentesque hendrerit venenatis purus at feugiat. Pellentesque vitae feugiat purus. Donec mattis rhoncus lacinia. Sed quam diam, molestie id laoreet eu, lacinia ac turpis. Cras tincidunt lobortis elit quis aliquam. Proin et massa libero.

Aliquam id pharetra arcu. Vivamus vitae mattis ligula. Sed efficitur urna vitae scelerisque tempor. Proin purus magna, vulputate eu ligula a, vehicula malesuada enim. Curabitur aliquet rutrum enim et tincidunt. Vestibulum ante ipsum primis in faucibus orci luctus et ultrices posuere cubilia curae; Vivamus pharetra enim leo, nec molestie nibh consectetur quis. Class aptent taciti sociosqu ad litora torquent per conubia nostra, per inceptos himenaeos. Nunc quis maximus elit, vitae pulvinar urna. Integer at mi elit. Phasellus vitae rutrum sem. Vivamus et mauris ac nisl congue congue eu eget elit. Nullam at quam velit. Pellentesque dictum, diam nec tempor aliquet, tortor justo fermentum sapien, at condimentum turpis elit vel sapien. Aenean rutrum tellus sodales tortor viverra eleifend.

Donec facilisis, diam efficitur maximus ultrices, enim lectus rutrum elit, eget malesuada mi justo dapibus enim. Maecenas finibus euismod nulla quis dignissim. Sed dictum ante rutrum turpis euismod laoreet. Sed placerat tellus leo. In ut lobortis lorem. Nullam vitae lectus egestas urna tincidunt aliquet. Ut sagittis vel enim eget malesuada. Cras in congue tortor. Interdum et malesuada fames ac ante ipsum primis in faucibus. Nunc tempus consequat neque, et eleifend nulla aliquam eu.",Author 96,7,sau-canh-cua-khoa-kin,NXB 96,2017,122
https://cdn1.fahasa.com/media/catalog/product/z/5/z5767334826845_2e61b754a821ac7fd.jpg,Không Gia Đình - Bìa Cứng (Tái Bản 2024),172000,12,9780085480093,"Lorem ipsum dolor sit amet, consectetur adipiscing elit. Nam congue vel tellus non luctus. Vestibulum vitae nunc lorem. Sed lacinia lectus vel augue imperdiet ultricies. Donec id venenatis ex, vitae pretium ligula. Sed nulla eros, dignissim at feugiat non, posuere sit amet urna. Ut eu porttitor tellus. Cras eu massa nulla. Morbi porta fermentum elit eu iaculis. Pellentesque hendrerit venenatis purus at feugiat. Pellentesque vitae feugiat purus. Donec mattis rhoncus lacinia. Sed quam diam, molestie id laoreet eu, lacinia ac turpis. Cras tincidunt lobortis elit quis aliquam. Proin et massa libero.

Aliquam id pharetra arcu. Vivamus vitae mattis ligula. Sed efficitur urna vitae scelerisque tempor. Proin purus magna, vulputate eu ligula a, vehicula malesuada enim. Curabitur aliquet rutrum enim et tincidunt. Vestibulum ante ipsum primis in faucibus orci luctus et ultrices posuere cubilia curae; Vivamus pharetra enim leo, nec molestie nibh consectetur quis. Class aptent taciti sociosqu ad litora torquent per conubia nostra, per inceptos himenaeos. Nunc quis maximus elit, vitae pulvinar urna. Integer at mi elit. Phasellus vitae rutrum sem. Vivamus et mauris ac nisl congue congue eu eget elit. Nullam at quam velit. Pellentesque dictum, diam nec tempor aliquet, tortor justo fermentum sapien, at condimentum turpis elit vel sapien. Aenean rutrum tellus sodales tortor viverra eleifend.

Donec facilisis, diam efficitur maximus ultrices, enim lectus rutrum elit, eget malesuada mi justo dapibus enim. Maecenas finibus euismod nulla quis dignissim. Sed dictum ante rutrum turpis euismod laoreet. Sed placerat tellus leo. In ut lobortis lorem. Nullam vitae lectus egestas urna tincidunt aliquet. Ut sagittis vel enim eget malesuada. Cras in congue tortor. Interdum et malesuada fames ac ante ipsum primis in faucibus. Nunc tempus consequat neque, et eleifend nulla aliquam eu.",Author 97,8,khong-gia-inh-bia-cung-tai-ban-2024,NXB 97,2025,118
https://cdn1.fahasa.com/media/catalog/product/8/9/8935212362139.jpg,Thép Đã Tôi Thế Đấy (Tái Bản 2023),97300,12,9780085480094,"Lorem ipsum dolor sit amet, consectetur adipiscing elit. Nam congue vel tellus non luctus. Vestibulum vitae nunc lorem. Sed lacinia lectus vel augue imperdiet ultricies. Donec id venenatis ex, vitae pretium ligula. Sed nulla eros, dignissim at feugiat non, posuere sit amet urna. Ut eu porttitor tellus. Cras eu massa nulla. Morbi porta fermentum elit eu iaculis. Pellentesque hendrerit venenatis purus at feugiat. Pellentesque vitae feugiat purus. Donec mattis rhoncus lacinia. Sed quam diam, molestie id laoreet eu, lacinia ac turpis. Cras tincidunt lobortis elit quis aliquam. Proin et massa libero.

Aliquam id pharetra arcu. Vivamus vitae mattis ligula. Sed efficitur urna vitae scelerisque tempor. Proin purus magna, vulputate eu ligula a, vehicula malesuada enim. Curabitur aliquet rutrum enim et tincidunt. Vestibulum ante ipsum primis in faucibus orci luctus et ultrices posuere cubilia curae; Vivamus pharetra enim leo, nec molestie nibh consectetur quis. Class aptent taciti sociosqu ad litora torquent per conubia nostra, per inceptos himenaeos. Nunc quis maximus elit, vitae pulvinar urna. Integer at mi elit. Phasellus vitae rutrum sem. Vivamus et mauris ac nisl congue congue eu eget elit. Nullam at quam velit. Pellentesque dictum, diam nec tempor aliquet, tortor justo fermentum sapien, at condimentum turpis elit vel sapien. Aenean rutrum tellus sodales tortor viverra eleifend.

Donec facilisis, diam efficitur maximus ultrices, enim lectus rutrum elit, eget malesuada mi justo dapibus enim. Maecenas finibus euismod nulla quis dignissim. Sed dictum ante rutrum turpis euismod laoreet. Sed placerat tellus leo. In ut lobortis lorem. Nullam vitae lectus egestas urna tincidunt aliquet. Ut sagittis vel enim eget malesuada. Cras in congue tortor. Interdum et malesuada fames ac ante ipsum primis in faucibus. Nunc tempus consequat neque, et eleifend nulla aliquam eu.",Author 98,10,thep-a-toi-the-ay-tai-ban-2023,NXB 98,2001,107
https://cdn1.fahasa.com/media/catalog/product/b/i/bia_1_hai_so_phan_bc_1480e4f883424e25aba89a0dee7cbab8_master_1.jpg,Hai Số Phận - Kane And Abel - Bìa Cứng (Tái Bản 2025),236000,12,9780085480095,"Lorem ipsum dolor sit amet, consectetur adipiscing elit. Nam congue vel tellus non luctus. Vestibulum vitae nunc lorem. Sed lacinia lectus vel augue imperdiet ultricies. Donec id venenatis ex, vitae pretium ligula. Sed nulla eros, dignissim at feugiat non, posuere sit amet urna. Ut eu porttitor tellus. Cras eu massa nulla. Morbi porta fermentum elit eu iaculis. Pellentesque hendrerit venenatis purus at feugiat. Pellentesque vitae feugiat purus. Donec mattis rhoncus lacinia. Sed quam diam, molestie id laoreet eu, lacinia ac turpis. Cras tincidunt lobortis elit quis aliquam. Proin et massa libero.

Aliquam id pharetra arcu. Vivamus vitae mattis ligula. Sed efficitur urna vitae scelerisque tempor. Proin purus magna, vulputate eu ligula a, vehicula malesuada enim. Curabitur aliquet rutrum enim et tincidunt. Vestibulum ante ipsum primis in faucibus orci luctus et ultrices posuere cubilia curae; Vivamus pharetra enim leo, nec molestie nibh consectetur quis. Class aptent taciti sociosqu ad litora torquent per conubia nostra, per inceptos himenaeos. Nunc quis maximus elit, vitae pulvinar urna. Integer at mi elit. Phasellus vitae rutrum sem. Vivamus et mauris ac nisl congue congue eu eget elit. Nullam at quam velit. Pellentesque dictum, diam nec tempor aliquet, tortor justo fermentum sapien, at condimentum turpis elit vel sapien. Aenean rutrum tellus sodales tortor viverra eleifend.

Donec facilisis, diam efficitur maximus ultrices, enim lectus rutrum elit, eget malesuada mi justo dapibus enim. Maecenas finibus euismod nulla quis dignissim. Sed dictum ante rutrum turpis euismod laoreet. Sed placerat tellus leo. In ut lobortis lorem. Nullam vitae lectus egestas urna tincidunt aliquet. Ut sagittis vel enim eget malesuada. Cras in congue tortor. Interdum et malesuada fames ac ante ipsum primis in faucibus. Nunc tempus consequat neque, et eleifend nulla aliquam eu.",Author 99,16,hai-so-phan-kane-and-abel-bia-cung-tai-ban-2025,NXB 99,2008,88
https://cdn1.fahasa.com/media/catalog/product/8/9/8935235240292.jpg,Trăm Năm Cô Đơn (Tái Bản 2023),169000,12,9780085480096,"Lorem ipsum dolor sit amet, consectetur adipiscing elit. Nam congue vel tellus non luctus. Vestibulum vitae nunc lorem. Sed lacinia lectus vel augue imperdiet ultricies. Donec id venenatis ex, vitae pretium ligula. Sed nulla eros, dignissim at feugiat non, posuere sit amet urna. Ut eu porttitor tellus. Cras eu massa nulla. Morbi porta fermentum elit eu iaculis. Pellentesque hendrerit venenatis purus at feugiat. Pellentesque vitae feugiat purus. Donec mattis rhoncus lacinia. Sed quam diam, molestie id laoreet eu, lacinia ac turpis. Cras tincidunt lobortis elit quis aliquam. Proin et massa libero.

Aliquam id pharetra arcu. Vivamus vitae mattis ligula. Sed efficitur urna vitae scelerisque tempor. Proin purus magna, vulputate eu ligula a, vehicula malesuada enim. Curabitur aliquet rutrum enim et tincidunt. Vestibulum ante ipsum primis in faucibus orci luctus et ultrices posuere cubilia curae; Vivamus pharetra enim leo, nec molestie nibh consectetur quis. Class aptent taciti sociosqu ad litora torquent per conubia nostra, per inceptos himenaeos. Nunc quis maximus elit, vitae pulvinar urna. Integer at mi elit. Phasellus vitae rutrum sem. Vivamus et mauris ac nisl congue congue eu eget elit. Nullam at quam velit. Pellentesque dictum, diam nec tempor aliquet, tortor justo fermentum sapien, at condimentum turpis elit vel sapien. Aenean rutrum tellus sodales tortor viverra eleifend.

Donec facilisis, diam efficitur maximus ultrices, enim lectus rutrum elit, eget malesuada mi justo dapibus enim. Maecenas finibus euismod nulla quis dignissim. Sed dictum ante rutrum turpis euismod laoreet. Sed placerat tellus leo. In ut lobortis lorem. Nullam vitae lectus egestas urna tincidunt aliquet. Ut sagittis vel enim eget malesuada. Cras in congue tortor. Interdum et malesuada fames ac ante ipsum primis in faucibus. Nunc tempus consequat neque, et eleifend nulla aliquam eu.",Author 100,8,tram-nam-co-on-tai-ban-2023,NXB 100,2022,96
https://cdn1.fahasa.com/media/catalog/product/i/m/image_177713.jpg,Ông Già Và Biển Cả (Tái Bản 2018),36000,12,9780085480097,"Lorem ipsum dolor sit amet, consectetur adipiscing elit. Nam congue vel tellus non luctus. Vestibulum vitae nunc lorem. Sed lacinia lectus vel augue imperdiet ultricies. Donec id venenatis ex, vitae pretium ligula. Sed nulla eros, dignissim at feugiat non, posuere sit amet urna. Ut eu porttitor tellus. Cras eu massa nulla. Morbi porta fermentum elit eu iaculis. Pellentesque hendrerit venenatis purus at feugiat. Pellentesque vitae feugiat purus. Donec mattis rhoncus lacinia. Sed quam diam, molestie id laoreet eu, lacinia ac turpis. Cras tincidunt lobortis elit quis aliquam. Proin et massa libero.

Aliquam id pharetra arcu. Vivamus vitae mattis ligula. Sed efficitur urna vitae scelerisque tempor. Proin purus magna, vulputate eu ligula a, vehicula malesuada enim. Curabitur aliquet rutrum enim et tincidunt. Vestibulum ante ipsum primis in faucibus orci luctus et ultrices posuere cubilia curae; Vivamus pharetra enim leo, nec molestie nibh consectetur quis. Class aptent taciti sociosqu ad litora torquent per conubia nostra, per inceptos himenaeos. Nunc quis maximus elit, vitae pulvinar urna. Integer at mi elit. Phasellus vitae rutrum sem. Vivamus et mauris ac nisl congue congue eu eget elit. Nullam at quam velit. Pellentesque dictum, diam nec tempor aliquet, tortor justo fermentum sapien, at condimentum turpis elit vel sapien. Aenean rutrum tellus sodales tortor viverra eleifend.

Donec facilisis, diam efficitur maximus ultrices, enim lectus rutrum elit, eget malesuada mi justo dapibus enim. Maecenas finibus euismod nulla quis dignissim. Sed dictum ante rutrum turpis euismod laoreet. Sed placerat tellus leo. In ut lobortis lorem. Nullam vitae lectus egestas urna tincidunt aliquet. Ut sagittis vel enim eget malesuada. Cras in congue tortor. Interdum et malesuada fames ac ante ipsum primis in faucibus. Nunc tempus consequat neque, et eleifend nulla aliquam eu.",Author 101,19,ong-gia-va-bien-ca-tai-ban-2018,NXB 101,2017,142
https://cdn1.fahasa.com/media/catalog/product/8/9/8935236432832.jpg,Thép Đã Tôi Thế Đấy (Tái Bản 2023),100000,12,9780085480098,"Lorem ipsum dolor sit amet, consectetur adipiscing elit. Nam congue vel tellus non luctus. Vestibulum vitae nunc lorem. Sed lacinia lectus vel augue imperdiet ultricies. Donec id venenatis ex, vitae pretium ligula. Sed nulla eros, dignissim at feugiat non, posuere sit amet urna. Ut eu porttitor tellus. Cras eu massa nulla. Morbi porta fermentum elit eu iaculis. Pellentesque hendrerit venenatis purus at feugiat. Pellentesque vitae feugiat purus. Donec mattis rhoncus lacinia. Sed quam diam, molestie id laoreet eu, lacinia ac turpis. Cras tincidunt lobortis elit quis aliquam. Proin et massa libero.

Aliquam id pharetra arcu. Vivamus vitae mattis ligula. Sed efficitur urna vitae scelerisque tempor. Proin purus magna, vulputate eu ligula a, vehicula malesuada enim. Curabitur aliquet rutrum enim et tincidunt. Vestibulum ante ipsum primis in faucibus orci luctus et ultrices posuere cubilia curae; Vivamus pharetra enim leo, nec molestie nibh consectetur quis. Class aptent taciti sociosqu ad litora torquent per conubia nostra, per inceptos himenaeos. Nunc quis maximus elit, vitae pulvinar urna. Integer at mi elit. Phasellus vitae rutrum sem. Vivamus et mauris ac nisl congue congue eu eget elit. Nullam at quam velit. Pellentesque dictum, diam nec tempor aliquet, tortor justo fermentum sapien, at condimentum turpis elit vel sapien. Aenean rutrum tellus sodales tortor viverra eleifend.

Donec facilisis, diam efficitur maximus ultrices, enim lectus rutrum elit, eget malesuada mi justo dapibus enim. Maecenas finibus euismod nulla quis dignissim. Sed dictum ante rutrum turpis euismod laoreet. Sed placerat tellus leo. In ut lobortis lorem. Nullam vitae lectus egestas urna tincidunt aliquet. Ut sagittis vel enim eget malesuada. Cras in congue tortor. Interdum et malesuada fames ac ante ipsum primis in faucibus. Nunc tempus consequat neque, et eleifend nulla aliquam eu.",Author 102,9,thep-a-toi-the-ay-tai-ban-2023,NXB 102,2006,126
https://cdn1.fahasa.com/media/catalog/product/8/9/8935244877489.jpg,Hai Vạn Dặm Dưới Biển (Tái Bản 2022),79000,12,9780085480099,"Lorem ipsum dolor sit amet, consectetur adipiscing elit. Nam congue vel tellus non luctus. Vestibulum vitae nunc lorem. Sed lacinia lectus vel augue imperdiet ultricies. Donec id venenatis ex, vitae pretium ligula. Sed nulla eros, dignissim at feugiat non, posuere sit amet urna. Ut eu porttitor tellus. Cras eu massa nulla. Morbi porta fermentum elit eu iaculis. Pellentesque hendrerit venenatis purus at feugiat. Pellentesque vitae feugiat purus. Donec mattis rhoncus lacinia. Sed quam diam, molestie id laoreet eu, lacinia ac turpis. Cras tincidunt lobortis elit quis aliquam. Proin et massa libero.

Aliquam id pharetra arcu. Vivamus vitae mattis ligula. Sed efficitur urna vitae scelerisque tempor. Proin purus magna, vulputate eu ligula a, vehicula malesuada enim. Curabitur aliquet rutrum enim et tincidunt. Vestibulum ante ipsum primis in faucibus orci luctus et ultrices posuere cubilia curae; Vivamus pharetra enim leo, nec molestie nibh consectetur quis. Class aptent taciti sociosqu ad litora torquent per conubia nostra, per inceptos himenaeos. Nunc quis maximus elit, vitae pulvinar urna. Integer at mi elit. Phasellus vitae rutrum sem. Vivamus et mauris ac nisl congue congue eu eget elit. Nullam at quam velit. Pellentesque dictum, diam nec tempor aliquet, tortor justo fermentum sapien, at condimentum turpis elit vel sapien. Aenean rutrum tellus sodales tortor viverra eleifend.

Donec facilisis, diam efficitur maximus ultrices, enim lectus rutrum elit, eget malesuada mi justo dapibus enim. Maecenas finibus euismod nulla quis dignissim. Sed dictum ante rutrum turpis euismod laoreet. Sed placerat tellus leo. In ut lobortis lorem. Nullam vitae lectus egestas urna tincidunt aliquet. Ut sagittis vel enim eget malesuada. Cras in congue tortor. Interdum et malesuada fames ac ante ipsum primis in faucibus. Nunc tempus consequat neque, et eleifend nulla aliquam eu.",Author 103,4,hai-van-dam-duoi-bien-tai-ban-2022,NXB 103,2015,143
https://cdn1.fahasa.com/media/catalog/product/p/h/phuthuyxuoz.jpg,The Wonderful Wizard of Oz - Phù Thuỷ Xứ Oz - Song Ngữ Việt-Anh,62300,12,9780085480100,"Lorem ipsum dolor sit amet, consectetur adipiscing elit. Nam congue vel tellus non luctus. Vestibulum vitae nunc lorem. Sed lacinia lectus vel augue imperdiet ultricies. Donec id venenatis ex, vitae pretium ligula. Sed nulla eros, dignissim at feugiat non, posuere sit amet urna. Ut eu porttitor tellus. Cras eu massa nulla. Morbi porta fermentum elit eu iaculis. Pellentesque hendrerit venenatis purus at feugiat. Pellentesque vitae feugiat purus. Donec mattis rhoncus lacinia. Sed quam diam, molestie id laoreet eu, lacinia ac turpis. Cras tincidunt lobortis elit quis aliquam. Proin et massa libero.

Aliquam id pharetra arcu. Vivamus vitae mattis ligula. Sed efficitur urna vitae scelerisque tempor. Proin purus magna, vulputate eu ligula a, vehicula malesuada enim. Curabitur aliquet rutrum enim et tincidunt. Vestibulum ante ipsum primis in faucibus orci luctus et ultrices posuere cubilia curae; Vivamus pharetra enim leo, nec molestie nibh consectetur quis. Class aptent taciti sociosqu ad litora torquent per conubia nostra, per inceptos himenaeos. Nunc quis maximus elit, vitae pulvinar urna. Integer at mi elit. Phasellus vitae rutrum sem. Vivamus et mauris ac nisl congue congue eu eget elit. Nullam at quam velit. Pellentesque dictum, diam nec tempor aliquet, tortor justo fermentum sapien, at condimentum turpis elit vel sapien. Aenean rutrum tellus sodales tortor viverra eleifend.

Donec facilisis, diam efficitur maximus ultrices, enim lectus rutrum elit, eget malesuada mi justo dapibus enim. Maecenas finibus euismod nulla quis dignissim. Sed dictum ante rutrum turpis euismod laoreet. Sed placerat tellus leo. In ut lobortis lorem. Nullam vitae lectus egestas urna tincidunt aliquet. Ut sagittis vel enim eget malesuada. Cras in congue tortor. Interdum et malesuada fames ac ante ipsum primis in faucibus. Nunc tempus consequat neque, et eleifend nulla aliquam eu.",Author 104,11,the-wonderful-wizard-of-oz-phu-thuy-xu-oz-song-ngu-viet-anh,NXB 104,2008,100
https://cdn1.fahasa.com/media/catalog/product/8/9/8935230009887.jpg,Không Gia Đình,118000,12,9780085480101,"Lorem ipsum dolor sit amet, consectetur adipiscing elit. Nam congue vel tellus non luctus. Vestibulum vitae nunc lorem. Sed lacinia lectus vel augue imperdiet ultricies. Donec id venenatis ex, vitae pretium ligula. Sed nulla eros, dignissim at feugiat non, posuere sit amet urna. Ut eu porttitor tellus. Cras eu massa nulla. Morbi porta fermentum elit eu iaculis. Pellentesque hendrerit venenatis purus at feugiat. Pellentesque vitae feugiat purus. Donec mattis rhoncus lacinia. Sed quam diam, molestie id laoreet eu, lacinia ac turpis. Cras tincidunt lobortis elit quis aliquam. Proin et massa libero.

Aliquam id pharetra arcu. Vivamus vitae mattis ligula. Sed efficitur urna vitae scelerisque tempor. Proin purus magna, vulputate eu ligula a, vehicula malesuada enim. Curabitur aliquet rutrum enim et tincidunt. Vestibulum ante ipsum primis in faucibus orci luctus et ultrices posuere cubilia curae; Vivamus pharetra enim leo, nec molestie nibh consectetur quis. Class aptent taciti sociosqu ad litora torquent per conubia nostra, per inceptos himenaeos. Nunc quis maximus elit, vitae pulvinar urna. Integer at mi elit. Phasellus vitae rutrum sem. Vivamus et mauris ac nisl congue congue eu eget elit. Nullam at quam velit. Pellentesque dictum, diam nec tempor aliquet, tortor justo fermentum sapien, at condimentum turpis elit vel sapien. Aenean rutrum tellus sodales tortor viverra eleifend.

Donec facilisis, diam efficitur maximus ultrices, enim lectus rutrum elit, eget malesuada mi justo dapibus enim. Maecenas finibus euismod nulla quis dignissim. Sed dictum ante rutrum turpis euismod laoreet. Sed placerat tellus leo. In ut lobortis lorem. Nullam vitae lectus egestas urna tincidunt aliquet. Ut sagittis vel enim eget malesuada. Cras in congue tortor. Interdum et malesuada fames ac ante ipsum primis in faucibus. Nunc tempus consequat neque, et eleifend nulla aliquam eu.",Author 105,7,khong-gia-inh,NXB 105,2000,98
https://cdn1.fahasa.com/media/catalog/product/6/0/600knt-bia1_2_.jpg,Kẻ Nhắc Tuồng (Tái Bản),131500,12,9780085480102,"Lorem ipsum dolor sit amet, consectetur adipiscing elit. Nam congue vel tellus non luctus. Vestibulum vitae nunc lorem. Sed lacinia lectus vel augue imperdiet ultricies. Donec id venenatis ex, vitae pretium ligula. Sed nulla eros, dignissim at feugiat non, posuere sit amet urna. Ut eu porttitor tellus. Cras eu massa nulla. Morbi porta fermentum elit eu iaculis. Pellentesque hendrerit venenatis purus at feugiat. Pellentesque vitae feugiat purus. Donec mattis rhoncus lacinia. Sed quam diam, molestie id laoreet eu, lacinia ac turpis. Cras tincidunt lobortis elit quis aliquam. Proin et massa libero.

Aliquam id pharetra arcu. Vivamus vitae mattis ligula. Sed efficitur urna vitae scelerisque tempor. Proin purus magna, vulputate eu ligula a, vehicula malesuada enim. Curabitur aliquet rutrum enim et tincidunt. Vestibulum ante ipsum primis in faucibus orci luctus et ultrices posuere cubilia curae; Vivamus pharetra enim leo, nec molestie nibh consectetur quis. Class aptent taciti sociosqu ad litora torquent per conubia nostra, per inceptos himenaeos. Nunc quis maximus elit, vitae pulvinar urna. Integer at mi elit. Phasellus vitae rutrum sem. Vivamus et mauris ac nisl congue congue eu eget elit. Nullam at quam velit. Pellentesque dictum, diam nec tempor aliquet, tortor justo fermentum sapien, at condimentum turpis elit vel sapien. Aenean rutrum tellus sodales tortor viverra eleifend.

Donec facilisis, diam efficitur maximus ultrices, enim lectus rutrum elit, eget malesuada mi justo dapibus enim. Maecenas finibus euismod nulla quis dignissim. Sed dictum ante rutrum turpis euismod laoreet. Sed placerat tellus leo. In ut lobortis lorem. Nullam vitae lectus egestas urna tincidunt aliquet. Ut sagittis vel enim eget malesuada. Cras in congue tortor. Interdum et malesuada fames ac ante ipsum primis in faucibus. Nunc tempus consequat neque, et eleifend nulla aliquam eu.",Author 106,19,ke-nhac-tuong-tai-ban,NXB 106,2015,75
https://cdn1.fahasa.com/media/catalog/product/8/9/8934974182306.jpg,Thần Thoại Sisyphus (Tái Bản 2022),80500,12,9780085480103,"Lorem ipsum dolor sit amet, consectetur adipiscing elit. Nam congue vel tellus non luctus. Vestibulum vitae nunc lorem. Sed lacinia lectus vel augue imperdiet ultricies. Donec id venenatis ex, vitae pretium ligula. Sed nulla eros, dignissim at feugiat non, posuere sit amet urna. Ut eu porttitor tellus. Cras eu massa nulla. Morbi porta fermentum elit eu iaculis. Pellentesque hendrerit venenatis purus at feugiat. Pellentesque vitae feugiat purus. Donec mattis rhoncus lacinia. Sed quam diam, molestie id laoreet eu, lacinia ac turpis. Cras tincidunt lobortis elit quis aliquam. Proin et massa libero.

Aliquam id pharetra arcu. Vivamus vitae mattis ligula. Sed efficitur urna vitae scelerisque tempor. Proin purus magna, vulputate eu ligula a, vehicula malesuada enim. Curabitur aliquet rutrum enim et tincidunt. Vestibulum ante ipsum primis in faucibus orci luctus et ultrices posuere cubilia curae; Vivamus pharetra enim leo, nec molestie nibh consectetur quis. Class aptent taciti sociosqu ad litora torquent per conubia nostra, per inceptos himenaeos. Nunc quis maximus elit, vitae pulvinar urna. Integer at mi elit. Phasellus vitae rutrum sem. Vivamus et mauris ac nisl congue congue eu eget elit. Nullam at quam velit. Pellentesque dictum, diam nec tempor aliquet, tortor justo fermentum sapien, at condimentum turpis elit vel sapien. Aenean rutrum tellus sodales tortor viverra eleifend.

Donec facilisis, diam efficitur maximus ultrices, enim lectus rutrum elit, eget malesuada mi justo dapibus enim. Maecenas finibus euismod nulla quis dignissim. Sed dictum ante rutrum turpis euismod laoreet. Sed placerat tellus leo. In ut lobortis lorem. Nullam vitae lectus egestas urna tincidunt aliquet. Ut sagittis vel enim eget malesuada. Cras in congue tortor. Interdum et malesuada fames ac ante ipsum primis in faucibus. Nunc tempus consequat neque, et eleifend nulla aliquam eu.",Author 107,18,than-thoai-sisyphus-tai-ban-2022,NXB 107,2011,125
https://cdn1.fahasa.com/media/catalog/product/c/v/cvr---nghe-thuat-va-tho-thu-cong.jpg,Nghệ Thuật Và Thợ Thủ Công (Tái Bản 2024),71500,12,9780085480104,"Lorem ipsum dolor sit amet, consectetur adipiscing elit. Nam congue vel tellus non luctus. Vestibulum vitae nunc lorem. Sed lacinia lectus vel augue imperdiet ultricies. Donec id venenatis ex, vitae pretium ligula. Sed nulla eros, dignissim at feugiat non, posuere sit amet urna. Ut eu porttitor tellus. Cras eu massa nulla. Morbi porta fermentum elit eu iaculis. Pellentesque hendrerit venenatis purus at feugiat. Pellentesque vitae feugiat purus. Donec mattis rhoncus lacinia. Sed quam diam, molestie id laoreet eu, lacinia ac turpis. Cras tincidunt lobortis elit quis aliquam. Proin et massa libero.

Aliquam id pharetra arcu. Vivamus vitae mattis ligula. Sed efficitur urna vitae scelerisque tempor. Proin purus magna, vulputate eu ligula a, vehicula malesuada enim. Curabitur aliquet rutrum enim et tincidunt. Vestibulum ante ipsum primis in faucibus orci luctus et ultrices posuere cubilia curae; Vivamus pharetra enim leo, nec molestie nibh consectetur quis. Class aptent taciti sociosqu ad litora torquent per conubia nostra, per inceptos himenaeos. Nunc quis maximus elit, vitae pulvinar urna. Integer at mi elit. Phasellus vitae rutrum sem. Vivamus et mauris ac nisl congue congue eu eget elit. Nullam at quam velit. Pellentesque dictum, diam nec tempor aliquet, tortor justo fermentum sapien, at condimentum turpis elit vel sapien. Aenean rutrum tellus sodales tortor viverra eleifend.

Donec facilisis, diam efficitur maximus ultrices, enim lectus rutrum elit, eget malesuada mi justo dapibus enim. Maecenas finibus euismod nulla quis dignissim. Sed dictum ante rutrum turpis euismod laoreet. Sed placerat tellus leo. In ut lobortis lorem. Nullam vitae lectus egestas urna tincidunt aliquet. Ut sagittis vel enim eget malesuada. Cras in congue tortor. Interdum et malesuada fames ac ante ipsum primis in faucibus. Nunc tempus consequat neque, et eleifend nulla aliquam eu.",Author 108,5,nghe-thuat-va-tho-thu-cong-tai-ban-2024,NXB 108,2014,101
https://cdn1.fahasa.com/media/catalog/product/8/9/8935244874372.jpg,Không Gia Đình (Tái Bản 2022),120000,12,9780085480105,"Lorem ipsum dolor sit amet, consectetur adipiscing elit. Nam congue vel tellus non luctus. Vestibulum vitae nunc lorem. Sed lacinia lectus vel augue imperdiet ultricies. Donec id venenatis ex, vitae pretium ligula. Sed nulla eros, dignissim at feugiat non, posuere sit amet urna. Ut eu porttitor tellus. Cras eu massa nulla. Morbi porta fermentum elit eu iaculis. Pellentesque hendrerit venenatis purus at feugiat. Pellentesque vitae feugiat purus. Donec mattis rhoncus lacinia. Sed quam diam, molestie id laoreet eu, lacinia ac turpis. Cras tincidunt lobortis elit quis aliquam. Proin et massa libero.

Aliquam id pharetra arcu. Vivamus vitae mattis ligula. Sed efficitur urna vitae scelerisque tempor. Proin purus magna, vulputate eu ligula a, vehicula malesuada enim. Curabitur aliquet rutrum enim et tincidunt. Vestibulum ante ipsum primis in faucibus orci luctus et ultrices posuere cubilia curae; Vivamus pharetra enim leo, nec molestie nibh consectetur quis. Class aptent taciti sociosqu ad litora torquent per conubia nostra, per inceptos himenaeos. Nunc quis maximus elit, vitae pulvinar urna. Integer at mi elit. Phasellus vitae rutrum sem. Vivamus et mauris ac nisl congue congue eu eget elit. Nullam at quam velit. Pellentesque dictum, diam nec tempor aliquet, tortor justo fermentum sapien, at condimentum turpis elit vel sapien. Aenean rutrum tellus sodales tortor viverra eleifend.

Donec facilisis, diam efficitur maximus ultrices, enim lectus rutrum elit, eget malesuada mi justo dapibus enim. Maecenas finibus euismod nulla quis dignissim. Sed dictum ante rutrum turpis euismod laoreet. Sed placerat tellus leo. In ut lobortis lorem. Nullam vitae lectus egestas urna tincidunt aliquet. Ut sagittis vel enim eget malesuada. Cras in congue tortor. Interdum et malesuada fames ac ante ipsum primis in faucibus. Nunc tempus consequat neque, et eleifend nulla aliquam eu.",Author 109,8,khong-gia-inh-tai-ban-2022,NXB 109,2014,129
https://cdn1.fahasa.com/media/catalog/product/z/5/z5474099896893_7a995d946aa3e65f8b7eba8be6e999c7.jpg,Jane Eyre (Tái Bản 2024),180000,12,9780085480106,"Lorem ipsum dolor sit amet, consectetur adipiscing elit. Nam congue vel tellus non luctus. Vestibulum vitae nunc lorem. Sed lacinia lectus vel augue imperdiet ultricies. Donec id venenatis ex, vitae pretium ligula. Sed nulla eros, dignissim at feugiat non, posuere sit amet urna. Ut eu porttitor tellus. Cras eu massa nulla. Morbi porta fermentum elit eu iaculis. Pellentesque hendrerit venenatis purus at feugiat. Pellentesque vitae feugiat purus. Donec mattis rhoncus lacinia. Sed quam diam, molestie id laoreet eu, lacinia ac turpis. Cras tincidunt lobortis elit quis aliquam. Proin et massa libero.

Aliquam id pharetra arcu. Vivamus vitae mattis ligula. Sed efficitur urna vitae scelerisque tempor. Proin purus magna, vulputate eu ligula a, vehicula malesuada enim. Curabitur aliquet rutrum enim et tincidunt. Vestibulum ante ipsum primis in faucibus orci luctus et ultrices posuere cubilia curae; Vivamus pharetra enim leo, nec molestie nibh consectetur quis. Class aptent taciti sociosqu ad litora torquent per conubia nostra, per inceptos himenaeos. Nunc quis maximus elit, vitae pulvinar urna. Integer at mi elit. Phasellus vitae rutrum sem. Vivamus et mauris ac nisl congue congue eu eget elit. Nullam at quam velit. Pellentesque dictum, diam nec tempor aliquet, tortor justo fermentum sapien, at condimentum turpis elit vel sapien. Aenean rutrum tellus sodales tortor viverra eleifend.

Donec facilisis, diam efficitur maximus ultrices, enim lectus rutrum elit, eget malesuada mi justo dapibus enim. Maecenas finibus euismod nulla quis dignissim. Sed dictum ante rutrum turpis euismod laoreet. Sed placerat tellus leo. In ut lobortis lorem. Nullam vitae lectus egestas urna tincidunt aliquet. Ut sagittis vel enim eget malesuada. Cras in congue tortor. Interdum et malesuada fames ac ante ipsum primis in faucibus. Nunc tempus consequat neque, et eleifend nulla aliquam eu.",Author 110,3,jane-eyre-tai-ban-2024,NXB 110,2019,124
https://cdn1.fahasa.com/media/catalog/product/b/i/bia-lao-tu-tb-13-1-25-02.jpg,Bách Gia Tranh Minh - Lão Tử Đạo Đức Kinh (Tái Bản 2025),143000,12,9780085480107,"Lorem ipsum dolor sit amet, consectetur adipiscing elit. Nam congue vel tellus non luctus. Vestibulum vitae nunc lorem. Sed lacinia lectus vel augue imperdiet ultricies. Donec id venenatis ex, vitae pretium ligula. Sed nulla eros, dignissim at feugiat non, posuere sit amet urna. Ut eu porttitor tellus. Cras eu massa nulla. Morbi porta fermentum elit eu iaculis. Pellentesque hendrerit venenatis purus at feugiat. Pellentesque vitae feugiat purus. Donec mattis rhoncus lacinia. Sed quam diam, molestie id laoreet eu, lacinia ac turpis. Cras tincidunt lobortis elit quis aliquam. Proin et massa libero.

Aliquam id pharetra arcu. Vivamus vitae mattis ligula. Sed efficitur urna vitae scelerisque tempor. Proin purus magna, vulputate eu ligula a, vehicula malesuada enim. Curabitur aliquet rutrum enim et tincidunt. Vestibulum ante ipsum primis in faucibus orci luctus et ultrices posuere cubilia curae; Vivamus pharetra enim leo, nec molestie nibh consectetur quis. Class aptent taciti sociosqu ad litora torquent per conubia nostra, per inceptos himenaeos. Nunc quis maximus elit, vitae pulvinar urna. Integer at mi elit. Phasellus vitae rutrum sem. Vivamus et mauris ac nisl congue congue eu eget elit. Nullam at quam velit. Pellentesque dictum, diam nec tempor aliquet, tortor justo fermentum sapien, at condimentum turpis elit vel sapien. Aenean rutrum tellus sodales tortor viverra eleifend.

Donec facilisis, diam efficitur maximus ultrices, enim lectus rutrum elit, eget malesuada mi justo dapibus enim. Maecenas finibus euismod nulla quis dignissim. Sed dictum ante rutrum turpis euismod laoreet. Sed placerat tellus leo. In ut lobortis lorem. Nullam vitae lectus egestas urna tincidunt aliquet. Ut sagittis vel enim eget malesuada. Cras in congue tortor. Interdum et malesuada fames ac ante ipsum primis in faucibus. Nunc tempus consequat neque, et eleifend nulla aliquam eu.",Author 111,18,bach-gia-tranh-minh-lao-tu-ao-uc-kinh-tai-ban-2025,NXB 111,2023,58
https://cdn1.fahasa.com/media/catalog/product/l/o/loi-hieu-trieu-cua-cthulhu_bia.jpg,Lời Hiệu Triệu Của Cthulhu (Tuyển Tập H.P. Lovecraft),68000,12,9780085480108,"Lorem ipsum dolor sit amet, consectetur adipiscing elit. Nam congue vel tellus non luctus. Vestibulum vitae nunc lorem. Sed lacinia lectus vel augue imperdiet ultricies. Donec id venenatis ex, vitae pretium ligula. Sed nulla eros, dignissim at feugiat non, posuere sit amet urna. Ut eu porttitor tellus. Cras eu massa nulla. Morbi porta fermentum elit eu iaculis. Pellentesque hendrerit venenatis purus at feugiat. Pellentesque vitae feugiat purus. Donec mattis rhoncus lacinia. Sed quam diam, molestie id laoreet eu, lacinia ac turpis. Cras tincidunt lobortis elit quis aliquam. Proin et massa libero.

Aliquam id pharetra arcu. Vivamus vitae mattis ligula. Sed efficitur urna vitae scelerisque tempor. Proin purus magna, vulputate eu ligula a, vehicula malesuada enim. Curabitur aliquet rutrum enim et tincidunt. Vestibulum ante ipsum primis in faucibus orci luctus et ultrices posuere cubilia curae; Vivamus pharetra enim leo, nec molestie nibh consectetur quis. Class aptent taciti sociosqu ad litora torquent per conubia nostra, per inceptos himenaeos. Nunc quis maximus elit, vitae pulvinar urna. Integer at mi elit. Phasellus vitae rutrum sem. Vivamus et mauris ac nisl congue congue eu eget elit. Nullam at quam velit. Pellentesque dictum, diam nec tempor aliquet, tortor justo fermentum sapien, at condimentum turpis elit vel sapien. Aenean rutrum tellus sodales tortor viverra eleifend.

Donec facilisis, diam efficitur maximus ultrices, enim lectus rutrum elit, eget malesuada mi justo dapibus enim. Maecenas finibus euismod nulla quis dignissim. Sed dictum ante rutrum turpis euismod laoreet. Sed placerat tellus leo. In ut lobortis lorem. Nullam vitae lectus egestas urna tincidunt aliquet. Ut sagittis vel enim eget malesuada. Cras in congue tortor. Interdum et malesuada fames ac ante ipsum primis in faucibus. Nunc tempus consequat neque, et eleifend nulla aliquam eu.",Author 112,10,loi-hieu-trieu-cua-cthulhu-tuyen-tap-h-p-lovecraft,NXB 112,2017,135
https://cdn1.fahasa.com/media/catalog/product/9/7/9786043230574.jpg,Không Gia Đình Nobodys Boy Song Ngữ Anhviệt,,12,9780085480109,"Lorem ipsum dolor sit amet, consectetur adipiscing elit. Nam congue vel tellus non luctus. Vestibulum vitae nunc lorem. Sed lacinia lectus vel augue imperdiet ultricies. Donec id venenatis ex, vitae pretium ligula. Sed nulla eros, dignissim at feugiat non, posuere sit amet urna. Ut eu porttitor tellus. Cras eu massa nulla. Morbi porta fermentum elit eu iaculis. Pellentesque hendrerit venenatis purus at feugiat. Pellentesque vitae feugiat purus. Donec mattis rhoncus lacinia. Sed quam diam, molestie id laoreet eu, lacinia ac turpis. Cras tincidunt lobortis elit quis aliquam. Proin et massa libero.

Aliquam id pharetra arcu. Vivamus vitae mattis ligula. Sed efficitur urna vitae scelerisque tempor. Proin purus magna, vulputate eu ligula a, vehicula malesuada enim. Curabitur aliquet rutrum enim et tincidunt. Vestibulum ante ipsum primis in faucibus orci luctus et ultrices posuere cubilia curae; Vivamus pharetra enim leo, nec molestie nibh consectetur quis. Class aptent taciti sociosqu ad litora torquent per conubia nostra, per inceptos himenaeos. Nunc quis maximus elit, vitae pulvinar urna. Integer at mi elit. Phasellus vitae rutrum sem. Vivamus et mauris ac nisl congue congue eu eget elit. Nullam at quam velit. Pellentesque dictum, diam nec tempor aliquet, tortor justo fermentum sapien, at condimentum turpis elit vel sapien. Aenean rutrum tellus sodales tortor viverra eleifend.

Donec facilisis, diam efficitur maximus ultrices, enim lectus rutrum elit, eget malesuada mi justo dapibus enim. Maecenas finibus euismod nulla quis dignissim. Sed dictum ante rutrum turpis euismod laoreet. Sed placerat tellus leo. In ut lobortis lorem. Nullam vitae lectus egestas urna tincidunt aliquet. Ut sagittis vel enim eget malesuada. Cras in congue tortor. Interdum et malesuada fames ac ante ipsum primis in faucibus. Nunc tempus consequat neque, et eleifend nulla aliquam eu.",Author 113,19,khong-gia-inh-nobodys-boy-song-ngu-anhviet,NXB 113,2015,104
https://cdn1.fahasa.com/media/catalog/product/8/6/865131eccf7d5aaea74094b221caf805.jpg,Không Gia Đình (Tái Bản),134000,12,9780085480110,"Lorem ipsum dolor sit amet, consectetur adipiscing elit. Nam congue vel tellus non luctus. Vestibulum vitae nunc lorem. Sed lacinia lectus vel augue imperdiet ultricies. Donec id venenatis ex, vitae pretium ligula. Sed nulla eros, dignissim at feugiat non, posuere sit amet urna. Ut eu porttitor tellus. Cras eu massa nulla. Morbi porta fermentum elit eu iaculis. Pellentesque hendrerit venenatis purus at feugiat. Pellentesque vitae feugiat purus. Donec mattis rhoncus lacinia. Sed quam diam, molestie id laoreet eu, lacinia ac turpis. Cras tincidunt lobortis elit quis aliquam. Proin et massa libero.

Aliquam id pharetra arcu. Vivamus vitae mattis ligula. Sed efficitur urna vitae scelerisque tempor. Proin purus magna, vulputate eu ligula a, vehicula malesuada enim. Curabitur aliquet rutrum enim et tincidunt. Vestibulum ante ipsum primis in faucibus orci luctus et ultrices posuere cubilia curae; Vivamus pharetra enim leo, nec molestie nibh consectetur quis. Class aptent taciti sociosqu ad litora torquent per conubia nostra, per inceptos himenaeos. Nunc quis maximus elit, vitae pulvinar urna. Integer at mi elit. Phasellus vitae rutrum sem. Vivamus et mauris ac nisl congue congue eu eget elit. Nullam at quam velit. Pellentesque dictum, diam nec tempor aliquet, tortor justo fermentum sapien, at condimentum turpis elit vel sapien. Aenean rutrum tellus sodales tortor viverra eleifend.

Donec facilisis, diam efficitur maximus ultrices, enim lectus rutrum elit, eget malesuada mi justo dapibus enim. Maecenas finibus euismod nulla quis dignissim. Sed dictum ante rutrum turpis euismod laoreet. Sed placerat tellus leo. In ut lobortis lorem. Nullam vitae lectus egestas urna tincidunt aliquet. Ut sagittis vel enim eget malesuada. Cras in congue tortor. Interdum et malesuada fames ac ante ipsum primis in faucibus. Nunc tempus consequat neque, et eleifend nulla aliquam eu.",Author 114,4,khong-gia-inh-tai-ban,NXB 114,2025,68
https://cdn1.fahasa.com/media/catalog/product/8/9/8936067604603.jpg,Ông Già Và Biển Cả (Tái Bản 2022),29400,12,9780085480111,"Lorem ipsum dolor sit amet, consectetur adipiscing elit. Nam congue vel tellus non luctus. Vestibulum vitae nunc lorem. Sed lacinia lectus vel augue imperdiet ultricies. Donec id venenatis ex, vitae pretium ligula. Sed nulla eros, dignissim at feugiat non, posuere sit amet urna. Ut eu porttitor tellus. Cras eu massa nulla. Morbi porta fermentum elit eu iaculis. Pellentesque hendrerit venenatis purus at feugiat. Pellentesque vitae feugiat purus. Donec mattis rhoncus lacinia. Sed quam diam, molestie id laoreet eu, lacinia ac turpis. Cras tincidunt lobortis elit quis aliquam. Proin et massa libero.

Aliquam id pharetra arcu. Vivamus vitae mattis ligula. Sed efficitur urna vitae scelerisque tempor. Proin purus magna, vulputate eu ligula a, vehicula malesuada enim. Curabitur aliquet rutrum enim et tincidunt. Vestibulum ante ipsum primis in faucibus orci luctus et ultrices posuere cubilia curae; Vivamus pharetra enim leo, nec molestie nibh consectetur quis. Class aptent taciti sociosqu ad litora torquent per conubia nostra, per inceptos himenaeos. Nunc quis maximus elit, vitae pulvinar urna. Integer at mi elit. Phasellus vitae rutrum sem. Vivamus et mauris ac nisl congue congue eu eget elit. Nullam at quam velit. Pellentesque dictum, diam nec tempor aliquet, tortor justo fermentum sapien, at condimentum turpis elit vel sapien. Aenean rutrum tellus sodales tortor viverra eleifend.

Donec facilisis, diam efficitur maximus ultrices, enim lectus rutrum elit, eget malesuada mi justo dapibus enim. Maecenas finibus euismod nulla quis dignissim. Sed dictum ante rutrum turpis euismod laoreet. Sed placerat tellus leo. In ut lobortis lorem. Nullam vitae lectus egestas urna tincidunt aliquet. Ut sagittis vel enim eget malesuada. Cras in congue tortor. Interdum et malesuada fames ac ante ipsum primis in faucibus. Nunc tempus consequat neque, et eleifend nulla aliquam eu.",Author 115,10,ong-gia-va-bien-ca-tai-ban-2022,NXB 115,2015,146
https://cdn1.fahasa.com/media/catalog/product/9/7/9786043723939.jpg,Boxset Hồng Lâu Mộng (Hộp 3 Tập),420000,12,9780085480112,"Lorem ipsum dolor sit amet, consectetur adipiscing elit. Nam congue vel tellus non luctus. Vestibulum vitae nunc lorem. Sed lacinia lectus vel augue imperdiet ultricies. Donec id venenatis ex, vitae pretium ligula. Sed nulla eros, dignissim at feugiat non, posuere sit amet urna. Ut eu porttitor tellus. Cras eu massa nulla. Morbi porta fermentum elit eu iaculis. Pellentesque hendrerit venenatis purus at feugiat. Pellentesque vitae feugiat purus. Donec mattis rhoncus lacinia. Sed quam diam, molestie id laoreet eu, lacinia ac turpis. Cras tincidunt lobortis elit quis aliquam. Proin et massa libero.

Aliquam id pharetra arcu. Vivamus vitae mattis ligula. Sed efficitur urna vitae scelerisque tempor. Proin purus magna, vulputate eu ligula a, vehicula malesuada enim. Curabitur aliquet rutrum enim et tincidunt. Vestibulum ante ipsum primis in faucibus orci luctus et ultrices posuere cubilia curae; Vivamus pharetra enim leo, nec molestie nibh consectetur quis. Class aptent taciti sociosqu ad litora torquent per conubia nostra, per inceptos himenaeos. Nunc quis maximus elit, vitae pulvinar urna. Integer at mi elit. Phasellus vitae rutrum sem. Vivamus et mauris ac nisl congue congue eu eget elit. Nullam at quam velit. Pellentesque dictum, diam nec tempor aliquet, tortor justo fermentum sapien, at condimentum turpis elit vel sapien. Aenean rutrum tellus sodales tortor viverra eleifend.

Donec facilisis, diam efficitur maximus ultrices, enim lectus rutrum elit, eget malesuada mi justo dapibus enim. Maecenas finibus euismod nulla quis dignissim. Sed dictum ante rutrum turpis euismod laoreet. Sed placerat tellus leo. In ut lobortis lorem. Nullam vitae lectus egestas urna tincidunt aliquet. Ut sagittis vel enim eget malesuada. Cras in congue tortor. Interdum et malesuada fames ac ante ipsum primis in faucibus. Nunc tempus consequat neque, et eleifend nulla aliquam eu.",Author 116,12,boxset-hong-lau-mong-hop-3-tap,NXB 116,2021,67
https://cdn1.fahasa.com/media/catalog/product/9/7/9786043230581.jpg,Không Gia Đình - Nobody’s Boy - Song Ngữ Anh-Việt - Tập 2,62300,12,9780085480113,"Lorem ipsum dolor sit amet, consectetur adipiscing elit. Nam congue vel tellus non luctus. Vestibulum vitae nunc lorem. Sed lacinia lectus vel augue imperdiet ultricies. Donec id venenatis ex, vitae pretium ligula. Sed nulla eros, dignissim at feugiat non, posuere sit amet urna. Ut eu porttitor tellus. Cras eu massa nulla. Morbi porta fermentum elit eu iaculis. Pellentesque hendrerit venenatis purus at feugiat. Pellentesque vitae feugiat purus. Donec mattis rhoncus lacinia. Sed quam diam, molestie id laoreet eu, lacinia ac turpis. Cras tincidunt lobortis elit quis aliquam. Proin et massa libero.

Aliquam id pharetra arcu. Vivamus vitae mattis ligula. Sed efficitur urna vitae scelerisque tempor. Proin purus magna, vulputate eu ligula a, vehicula malesuada enim. Curabitur aliquet rutrum enim et tincidunt. Vestibulum ante ipsum primis in faucibus orci luctus et ultrices posuere cubilia curae; Vivamus pharetra enim leo, nec molestie nibh consectetur quis. Class aptent taciti sociosqu ad litora torquent per conubia nostra, per inceptos himenaeos. Nunc quis maximus elit, vitae pulvinar urna. Integer at mi elit. Phasellus vitae rutrum sem. Vivamus et mauris ac nisl congue congue eu eget elit. Nullam at quam velit. Pellentesque dictum, diam nec tempor aliquet, tortor justo fermentum sapien, at condimentum turpis elit vel sapien. Aenean rutrum tellus sodales tortor viverra eleifend.

Donec facilisis, diam efficitur maximus ultrices, enim lectus rutrum elit, eget malesuada mi justo dapibus enim. Maecenas finibus euismod nulla quis dignissim. Sed dictum ante rutrum turpis euismod laoreet. Sed placerat tellus leo. In ut lobortis lorem. Nullam vitae lectus egestas urna tincidunt aliquet. Ut sagittis vel enim eget malesuada. Cras in congue tortor. Interdum et malesuada fames ac ante ipsum primis in faucibus. Nunc tempus consequat neque, et eleifend nulla aliquam eu.",Author 117,15,khong-gia-inh-nobodys-boy-song-ngu-anh-viet-tap-2,NXB 117,2020,52
https://cdn1.fahasa.com/media/catalog/product/9/7/9786043230574.jpg,Không Gia Đình - Nobody’s Boy - Song Ngữ Anh-Việt - Tập 1,62300,12,9780085480114,"Lorem ipsum dolor sit amet, consectetur adipiscing elit. Nam congue vel tellus non luctus. Vestibulum vitae nunc lorem. Sed lacinia lectus vel augue imperdiet ultricies. Donec id venenatis ex, vitae pretium ligula. Sed nulla eros, dignissim at feugiat non, posuere sit amet urna. Ut eu porttitor tellus. Cras eu massa nulla. Morbi porta fermentum elit eu iaculis. Pellentesque hendrerit venenatis purus at feugiat. Pellentesque vitae feugiat purus. Donec mattis rhoncus lacinia. Sed quam diam, molestie id laoreet eu, lacinia ac turpis. Cras tincidunt lobortis elit quis aliquam. Proin et massa libero.

Aliquam id pharetra arcu. Vivamus vitae mattis ligula. Sed efficitur urna vitae scelerisque tempor. Proin purus magna, vulputate eu ligula a, vehicula malesuada enim. Curabitur aliquet rutrum enim et tincidunt. Vestibulum ante ipsum primis in faucibus orci luctus et ultrices posuere cubilia curae; Vivamus pharetra enim leo, nec molestie nibh consectetur quis. Class aptent taciti sociosqu ad litora torquent per conubia nostra, per inceptos himenaeos. Nunc quis maximus elit, vitae pulvinar urna. Integer at mi elit. Phasellus vitae rutrum sem. Vivamus et mauris ac nisl congue congue eu eget elit. Nullam at quam velit. Pellentesque dictum, diam nec tempor aliquet, tortor justo fermentum sapien, at condimentum turpis elit vel sapien. Aenean rutrum tellus sodales tortor viverra eleifend.

Donec facilisis, diam efficitur maximus ultrices, enim lectus rutrum elit, eget malesuada mi justo dapibus enim. Maecenas finibus euismod nulla quis dignissim. Sed dictum ante rutrum turpis euismod laoreet. Sed placerat tellus leo. In ut lobortis lorem. Nullam vitae lectus egestas urna tincidunt aliquet. Ut sagittis vel enim eget malesuada. Cras in congue tortor. Interdum et malesuada fames ac ante ipsum primis in faucibus. Nunc tempus consequat neque, et eleifend nulla aliquam eu.",Author 118,8,khong-gia-inh-nobodys-boy-song-ngu-anh-viet-tap-1,NXB 118,2014,56
https://cdn1.fahasa.com/media/catalog/product/b/_/b_a-1---_ng-gi_-v_-bi_n-c_.jpg,Ông Già Và Biển Cả,66500,12,9780085480115,"Lorem ipsum dolor sit amet, consectetur adipiscing elit. Nam congue vel tellus non luctus. Vestibulum vitae nunc lorem. Sed lacinia lectus vel augue imperdiet ultricies. Donec id venenatis ex, vitae pretium ligula. Sed nulla eros, dignissim at feugiat non, posuere sit amet urna. Ut eu porttitor tellus. Cras eu massa nulla. Morbi porta fermentum elit eu iaculis. Pellentesque hendrerit venenatis purus at feugiat. Pellentesque vitae feugiat purus. Donec mattis rhoncus lacinia. Sed quam diam, molestie id laoreet eu, lacinia ac turpis. Cras tincidunt lobortis elit quis aliquam. Proin et massa libero.

Aliquam id pharetra arcu. Vivamus vitae mattis ligula. Sed efficitur urna vitae scelerisque tempor. Proin purus magna, vulputate eu ligula a, vehicula malesuada enim. Curabitur aliquet rutrum enim et tincidunt. Vestibulum ante ipsum primis in faucibus orci luctus et ultrices posuere cubilia curae; Vivamus pharetra enim leo, nec molestie nibh consectetur quis. Class aptent taciti sociosqu ad litora torquent per conubia nostra, per inceptos himenaeos. Nunc quis maximus elit, vitae pulvinar urna. Integer at mi elit. Phasellus vitae rutrum sem. Vivamus et mauris ac nisl congue congue eu eget elit. Nullam at quam velit. Pellentesque dictum, diam nec tempor aliquet, tortor justo fermentum sapien, at condimentum turpis elit vel sapien. Aenean rutrum tellus sodales tortor viverra eleifend.

Donec facilisis, diam efficitur maximus ultrices, enim lectus rutrum elit, eget malesuada mi justo dapibus enim. Maecenas finibus euismod nulla quis dignissim. Sed dictum ante rutrum turpis euismod laoreet. Sed placerat tellus leo. In ut lobortis lorem. Nullam vitae lectus egestas urna tincidunt aliquet. Ut sagittis vel enim eget malesuada. Cras in congue tortor. Interdum et malesuada fames ac ante ipsum primis in faucibus. Nunc tempus consequat neque, et eleifend nulla aliquam eu.",Author 119,6,ong-gia-va-bien-ca,NXB 119,2020,111
https://cdn1.fahasa.com/media/catalog/product/i/m/image_244718_1_1842.jpg,Nghìn Lẻ Một Đêm,792000,12,9780085480116,"Lorem ipsum dolor sit amet, consectetur adipiscing elit. Nam congue vel tellus non luctus. Vestibulum vitae nunc lorem. Sed lacinia lectus vel augue imperdiet ultricies. Donec id venenatis ex, vitae pretium ligula. Sed nulla eros, dignissim at feugiat non, posuere sit amet urna. Ut eu porttitor tellus. Cras eu massa nulla. Morbi porta fermentum elit eu iaculis. Pellentesque hendrerit venenatis purus at feugiat. Pellentesque vitae feugiat purus. Donec mattis rhoncus lacinia. Sed quam diam, molestie id laoreet eu, lacinia ac turpis. Cras tincidunt lobortis elit quis aliquam. Proin et massa libero.

Aliquam id pharetra arcu. Vivamus vitae mattis ligula. Sed efficitur urna vitae scelerisque tempor. Proin purus magna, vulputate eu ligula a, vehicula malesuada enim. Curabitur aliquet rutrum enim et tincidunt. Vestibulum ante ipsum primis in faucibus orci luctus et ultrices posuere cubilia curae; Vivamus pharetra enim leo, nec molestie nibh consectetur quis. Class aptent taciti sociosqu ad litora torquent per conubia nostra, per inceptos himenaeos. Nunc quis maximus elit, vitae pulvinar urna. Integer at mi elit. Phasellus vitae rutrum sem. Vivamus et mauris ac nisl congue congue eu eget elit. Nullam at quam velit. Pellentesque dictum, diam nec tempor aliquet, tortor justo fermentum sapien, at condimentum turpis elit vel sapien. Aenean rutrum tellus sodales tortor viverra eleifend.

Donec facilisis, diam efficitur maximus ultrices, enim lectus rutrum elit, eget malesuada mi justo dapibus enim. Maecenas finibus euismod nulla quis dignissim. Sed dictum ante rutrum turpis euismod laoreet. Sed placerat tellus leo. In ut lobortis lorem. Nullam vitae lectus egestas urna tincidunt aliquet. Ut sagittis vel enim eget malesuada. Cras in congue tortor. Interdum et malesuada fames ac ante ipsum primis in faucibus. Nunc tempus consequat neque, et eleifend nulla aliquam eu.",Author 120,5,nghin-le-mot-em,NXB 120,2011,133
https://cdn1.fahasa.com/media/catalog/product/i/m/image_176495.jpg,Ruồi Trâu (Tái Bản 2018),102000,12,9780085480117,"Lorem ipsum dolor sit amet, consectetur adipiscing elit. Nam congue vel tellus non luctus. Vestibulum vitae nunc lorem. Sed lacinia lectus vel augue imperdiet ultricies. Donec id venenatis ex, vitae pretium ligula. Sed nulla eros, dignissim at feugiat non, posuere sit amet urna. Ut eu porttitor tellus. Cras eu massa nulla. Morbi porta fermentum elit eu iaculis. Pellentesque hendrerit venenatis purus at feugiat. Pellentesque vitae feugiat purus. Donec mattis rhoncus lacinia. Sed quam diam, molestie id laoreet eu, lacinia ac turpis. Cras tincidunt lobortis elit quis aliquam. Proin et massa libero.

Aliquam id pharetra arcu. Vivamus vitae mattis ligula. Sed efficitur urna vitae scelerisque tempor. Proin purus magna, vulputate eu ligula a, vehicula malesuada enim. Curabitur aliquet rutrum enim et tincidunt. Vestibulum ante ipsum primis in faucibus orci luctus et ultrices posuere cubilia curae; Vivamus pharetra enim leo, nec molestie nibh consectetur quis. Class aptent taciti sociosqu ad litora torquent per conubia nostra, per inceptos himenaeos. Nunc quis maximus elit, vitae pulvinar urna. Integer at mi elit. Phasellus vitae rutrum sem. Vivamus et mauris ac nisl congue congue eu eget elit. Nullam at quam velit. Pellentesque dictum, diam nec tempor aliquet, tortor justo fermentum sapien, at condimentum turpis elit vel sapien. Aenean rutrum tellus sodales tortor viverra eleifend.

Donec facilisis, diam efficitur maximus ultrices, enim lectus rutrum elit, eget malesuada mi justo dapibus enim. Maecenas finibus euismod nulla quis dignissim. Sed dictum ante rutrum turpis euismod laoreet. Sed placerat tellus leo. In ut lobortis lorem. Nullam vitae lectus egestas urna tincidunt aliquet. Ut sagittis vel enim eget malesuada. Cras in congue tortor. Interdum et malesuada fames ac ante ipsum primis in faucibus. Nunc tempus consequat neque, et eleifend nulla aliquam eu.",Author 121,12,ruoi-trau-tai-ban-2018,NXB 121,2023,88
https://cdn1.fahasa.com/media/catalog/product/b/_/b_a-coire.jpg,Cội Rễ,304000,12,9780085480118,"Lorem ipsum dolor sit amet, consectetur adipiscing elit. Nam congue vel tellus non luctus. Vestibulum vitae nunc lorem. Sed lacinia lectus vel augue imperdiet ultricies. Donec id venenatis ex, vitae pretium ligula. Sed nulla eros, dignissim at feugiat non, posuere sit amet urna. Ut eu porttitor tellus. Cras eu massa nulla. Morbi porta fermentum elit eu iaculis. Pellentesque hendrerit venenatis purus at feugiat. Pellentesque vitae feugiat purus. Donec mattis rhoncus lacinia. Sed quam diam, molestie id laoreet eu, lacinia ac turpis. Cras tincidunt lobortis elit quis aliquam. Proin et massa libero.

Aliquam id pharetra arcu. Vivamus vitae mattis ligula. Sed efficitur urna vitae scelerisque tempor. Proin purus magna, vulputate eu ligula a, vehicula malesuada enim. Curabitur aliquet rutrum enim et tincidunt. Vestibulum ante ipsum primis in faucibus orci luctus et ultrices posuere cubilia curae; Vivamus pharetra enim leo, nec molestie nibh consectetur quis. Class aptent taciti sociosqu ad litora torquent per conubia nostra, per inceptos himenaeos. Nunc quis maximus elit, vitae pulvinar urna. Integer at mi elit. Phasellus vitae rutrum sem. Vivamus et mauris ac nisl congue congue eu eget elit. Nullam at quam velit. Pellentesque dictum, diam nec tempor aliquet, tortor justo fermentum sapien, at condimentum turpis elit vel sapien. Aenean rutrum tellus sodales tortor viverra eleifend.

Donec facilisis, diam efficitur maximus ultrices, enim lectus rutrum elit, eget malesuada mi justo dapibus enim. Maecenas finibus euismod nulla quis dignissim. Sed dictum ante rutrum turpis euismod laoreet. Sed placerat tellus leo. In ut lobortis lorem. Nullam vitae lectus egestas urna tincidunt aliquet. Ut sagittis vel enim eget malesuada. Cras in congue tortor. Interdum et malesuada fames ac ante ipsum primis in faucibus. Nunc tempus consequat neque, et eleifend nulla aliquam eu.",Author 122,4,coi-re,NXB 122,2018,130
https://cdn1.fahasa.com/media/catalog/product/5/5/5573041b8a25b14374d15afc45c6eb2c.jpg,Hai Số Phận - Kane And Abel (Tái Bản 2025),204000,12,9780085480119,"Lorem ipsum dolor sit amet, consectetur adipiscing elit. Nam congue vel tellus non luctus. Vestibulum vitae nunc lorem. Sed lacinia lectus vel augue imperdiet ultricies. Donec id venenatis ex, vitae pretium ligula. Sed nulla eros, dignissim at feugiat non, posuere sit amet urna. Ut eu porttitor tellus. Cras eu massa nulla. Morbi porta fermentum elit eu iaculis. Pellentesque hendrerit venenatis purus at feugiat. Pellentesque vitae feugiat purus. Donec mattis rhoncus lacinia. Sed quam diam, molestie id laoreet eu, lacinia ac turpis. Cras tincidunt lobortis elit quis aliquam. Proin et massa libero.

Aliquam id pharetra arcu. Vivamus vitae mattis ligula. Sed efficitur urna vitae scelerisque tempor. Proin purus magna, vulputate eu ligula a, vehicula malesuada enim. Curabitur aliquet rutrum enim et tincidunt. Vestibulum ante ipsum primis in faucibus orci luctus et ultrices posuere cubilia curae; Vivamus pharetra enim leo, nec molestie nibh consectetur quis. Class aptent taciti sociosqu ad litora torquent per conubia nostra, per inceptos himenaeos. Nunc quis maximus elit, vitae pulvinar urna. Integer at mi elit. Phasellus vitae rutrum sem. Vivamus et mauris ac nisl congue congue eu eget elit. Nullam at quam velit. Pellentesque dictum, diam nec tempor aliquet, tortor justo fermentum sapien, at condimentum turpis elit vel sapien. Aenean rutrum tellus sodales tortor viverra eleifend.

Donec facilisis, diam efficitur maximus ultrices, enim lectus rutrum elit, eget malesuada mi justo dapibus enim. Maecenas finibus euismod nulla quis dignissim. Sed dictum ante rutrum turpis euismod laoreet. Sed placerat tellus leo. In ut lobortis lorem. Nullam vitae lectus egestas urna tincidunt aliquet. Ut sagittis vel enim eget malesuada. Cras in congue tortor. Interdum et malesuada fames ac ante ipsum primis in faucibus. Nunc tempus consequat neque, et eleifend nulla aliquam eu.",Author 123,4,hai-so-phan-kane-and-abel-tai-ban-2025,NXB 123,2005,150
https://cdn1.fahasa.com/media/catalog/product/8/9/8935235241831.jpg,Giết Con Chim Nhại (Tái Bản 2024),123000,12,9780085480120,"Lorem ipsum dolor sit amet, consectetur adipiscing elit. Nam congue vel tellus non luctus. Vestibulum vitae nunc lorem. Sed lacinia lectus vel augue imperdiet ultricies. Donec id venenatis ex, vitae pretium ligula. Sed nulla eros, dignissim at feugiat non, posuere sit amet urna. Ut eu porttitor tellus. Cras eu massa nulla. Morbi porta fermentum elit eu iaculis. Pellentesque hendrerit venenatis purus at feugiat. Pellentesque vitae feugiat purus. Donec mattis rhoncus lacinia. Sed quam diam, molestie id laoreet eu, lacinia ac turpis. Cras tincidunt lobortis elit quis aliquam. Proin et massa libero.

Aliquam id pharetra arcu. Vivamus vitae mattis ligula. Sed efficitur urna vitae scelerisque tempor. Proin purus magna, vulputate eu ligula a, vehicula malesuada enim. Curabitur aliquet rutrum enim et tincidunt. Vestibulum ante ipsum primis in faucibus orci luctus et ultrices posuere cubilia curae; Vivamus pharetra enim leo, nec molestie nibh consectetur quis. Class aptent taciti sociosqu ad litora torquent per conubia nostra, per inceptos himenaeos. Nunc quis maximus elit, vitae pulvinar urna. Integer at mi elit. Phasellus vitae rutrum sem. Vivamus et mauris ac nisl congue congue eu eget elit. Nullam at quam velit. Pellentesque dictum, diam nec tempor aliquet, tortor justo fermentum sapien, at condimentum turpis elit vel sapien. Aenean rutrum tellus sodales tortor viverra eleifend.

Donec facilisis, diam efficitur maximus ultrices, enim lectus rutrum elit, eget malesuada mi justo dapibus enim. Maecenas finibus euismod nulla quis dignissim. Sed dictum ante rutrum turpis euismod laoreet. Sed placerat tellus leo. In ut lobortis lorem. Nullam vitae lectus egestas urna tincidunt aliquet. Ut sagittis vel enim eget malesuada. Cras in congue tortor. Interdum et malesuada fames ac ante ipsum primis in faucibus. Nunc tempus consequat neque, et eleifend nulla aliquam eu.",Author 124,11,giet-con-chim-nhai-tai-ban-2024,NXB 124,2016,101
https://cdn1.fahasa.com/media/catalog/product/b/i/bia1_20.jpg,Chùm Nho Phẫn Nộ (Tái Bản 2024),159250,12,9780085480121,"Lorem ipsum dolor sit amet, consectetur adipiscing elit. Nam congue vel tellus non luctus. Vestibulum vitae nunc lorem. Sed lacinia lectus vel augue imperdiet ultricies. Donec id venenatis ex, vitae pretium ligula. Sed nulla eros, dignissim at feugiat non, posuere sit amet urna. Ut eu porttitor tellus. Cras eu massa nulla. Morbi porta fermentum elit eu iaculis. Pellentesque hendrerit venenatis purus at feugiat. Pellentesque vitae feugiat purus. Donec mattis rhoncus lacinia. Sed quam diam, molestie id laoreet eu, lacinia ac turpis. Cras tincidunt lobortis elit quis aliquam. Proin et massa libero.

Aliquam id pharetra arcu. Vivamus vitae mattis ligula. Sed efficitur urna vitae scelerisque tempor. Proin purus magna, vulputate eu ligula a, vehicula malesuada enim. Curabitur aliquet rutrum enim et tincidunt. Vestibulum ante ipsum primis in faucibus orci luctus et ultrices posuere cubilia curae; Vivamus pharetra enim leo, nec molestie nibh consectetur quis. Class aptent taciti sociosqu ad litora torquent per conubia nostra, per inceptos himenaeos. Nunc quis maximus elit, vitae pulvinar urna. Integer at mi elit. Phasellus vitae rutrum sem. Vivamus et mauris ac nisl congue congue eu eget elit. Nullam at quam velit. Pellentesque dictum, diam nec tempor aliquet, tortor justo fermentum sapien, at condimentum turpis elit vel sapien. Aenean rutrum tellus sodales tortor viverra eleifend.

Donec facilisis, diam efficitur maximus ultrices, enim lectus rutrum elit, eget malesuada mi justo dapibus enim. Maecenas finibus euismod nulla quis dignissim. Sed dictum ante rutrum turpis euismod laoreet. Sed placerat tellus leo. In ut lobortis lorem. Nullam vitae lectus egestas urna tincidunt aliquet. Ut sagittis vel enim eget malesuada. Cras in congue tortor. Interdum et malesuada fames ac ante ipsum primis in faucibus. Nunc tempus consequat neque, et eleifend nulla aliquam eu.",Author 125,6,chum-nho-phan-no-tai-ban-2024,NXB 125,2022,137
https://cdn1.fahasa.com/media/catalog/product/9/7/9786326065244.jpg,Bộ Sách Tây Du Ký (Bộ 3 Tập),432000,12,9780085480122,"Lorem ipsum dolor sit amet, consectetur adipiscing elit. Nam congue vel tellus non luctus. Vestibulum vitae nunc lorem. Sed lacinia lectus vel augue imperdiet ultricies. Donec id venenatis ex, vitae pretium ligula. Sed nulla eros, dignissim at feugiat non, posuere sit amet urna. Ut eu porttitor tellus. Cras eu massa nulla. Morbi porta fermentum elit eu iaculis. Pellentesque hendrerit venenatis purus at feugiat. Pellentesque vitae feugiat purus. Donec mattis rhoncus lacinia. Sed quam diam, molestie id laoreet eu, lacinia ac turpis. Cras tincidunt lobortis elit quis aliquam. Proin et massa libero.

Aliquam id pharetra arcu. Vivamus vitae mattis ligula. Sed efficitur urna vitae scelerisque tempor. Proin purus magna, vulputate eu ligula a, vehicula malesuada enim. Curabitur aliquet rutrum enim et tincidunt. Vestibulum ante ipsum primis in faucibus orci luctus et ultrices posuere cubilia curae; Vivamus pharetra enim leo, nec molestie nibh consectetur quis. Class aptent taciti sociosqu ad litora torquent per conubia nostra, per inceptos himenaeos. Nunc quis maximus elit, vitae pulvinar urna. Integer at mi elit. Phasellus vitae rutrum sem. Vivamus et mauris ac nisl congue congue eu eget elit. Nullam at quam velit. Pellentesque dictum, diam nec tempor aliquet, tortor justo fermentum sapien, at condimentum turpis elit vel sapien. Aenean rutrum tellus sodales tortor viverra eleifend.

Donec facilisis, diam efficitur maximus ultrices, enim lectus rutrum elit, eget malesuada mi justo dapibus enim. Maecenas finibus euismod nulla quis dignissim. Sed dictum ante rutrum turpis euismod laoreet. Sed placerat tellus leo. In ut lobortis lorem. Nullam vitae lectus egestas urna tincidunt aliquet. Ut sagittis vel enim eget malesuada. Cras in congue tortor. Interdum et malesuada fames ac ante ipsum primis in faucibus. Nunc tempus consequat neque, et eleifend nulla aliquam eu.",Author 126,5,bo-sach-tay-du-ky-bo-3-tap,NXB 126,2004,77
https://cdn1.fahasa.com/media/catalog/product/9/7/9786320101658.jpg,Người Lái Buôn Thành Venice - The Merchant Of Venice,191000,12,9780085480123,"Lorem ipsum dolor sit amet, consectetur adipiscing elit. Nam congue vel tellus non luctus. Vestibulum vitae nunc lorem. Sed lacinia lectus vel augue imperdiet ultricies. Donec id venenatis ex, vitae pretium ligula. Sed nulla eros, dignissim at feugiat non, posuere sit amet urna. Ut eu porttitor tellus. Cras eu massa nulla. Morbi porta fermentum elit eu iaculis. Pellentesque hendrerit venenatis purus at feugiat. Pellentesque vitae feugiat purus. Donec mattis rhoncus lacinia. Sed quam diam, molestie id laoreet eu, lacinia ac turpis. Cras tincidunt lobortis elit quis aliquam. Proin et massa libero.

Aliquam id pharetra arcu. Vivamus vitae mattis ligula. Sed efficitur urna vitae scelerisque tempor. Proin purus magna, vulputate eu ligula a, vehicula malesuada enim. Curabitur aliquet rutrum enim et tincidunt. Vestibulum ante ipsum primis in faucibus orci luctus et ultrices posuere cubilia curae; Vivamus pharetra enim leo, nec molestie nibh consectetur quis. Class aptent taciti sociosqu ad litora torquent per conubia nostra, per inceptos himenaeos. Nunc quis maximus elit, vitae pulvinar urna. Integer at mi elit. Phasellus vitae rutrum sem. Vivamus et mauris ac nisl congue congue eu eget elit. Nullam at quam velit. Pellentesque dictum, diam nec tempor aliquet, tortor justo fermentum sapien, at condimentum turpis elit vel sapien. Aenean rutrum tellus sodales tortor viverra eleifend.

Donec facilisis, diam efficitur maximus ultrices, enim lectus rutrum elit, eget malesuada mi justo dapibus enim. Maecenas finibus euismod nulla quis dignissim. Sed dictum ante rutrum turpis euismod laoreet. Sed placerat tellus leo. In ut lobortis lorem. Nullam vitae lectus egestas urna tincidunt aliquet. Ut sagittis vel enim eget malesuada. Cras in congue tortor. Interdum et malesuada fames ac ante ipsum primis in faucibus. Nunc tempus consequat neque, et eleifend nulla aliquam eu.",Author 127,17,nguoi-lai-buon-thanh-venice-the-merchant-of-venice,NXB 127,2008,56
https://cdn1.fahasa.com/media/catalog/product/3/3/333_4.jpg,Tam Quốc Diễn Nghĩa (Trọn Bộ 3 Tập),312000,12,9780085480124,"Lorem ipsum dolor sit amet, consectetur adipiscing elit. Nam congue vel tellus non luctus. Vestibulum vitae nunc lorem. Sed lacinia lectus vel augue imperdiet ultricies. Donec id venenatis ex, vitae pretium ligula. Sed nulla eros, dignissim at feugiat non, posuere sit amet urna. Ut eu porttitor tellus. Cras eu massa nulla. Morbi porta fermentum elit eu iaculis. Pellentesque hendrerit venenatis purus at feugiat. Pellentesque vitae feugiat purus. Donec mattis rhoncus lacinia. Sed quam diam, molestie id laoreet eu, lacinia ac turpis. Cras tincidunt lobortis elit quis aliquam. Proin et massa libero.

Aliquam id pharetra arcu. Vivamus vitae mattis ligula. Sed efficitur urna vitae scelerisque tempor. Proin purus magna, vulputate eu ligula a, vehicula malesuada enim. Curabitur aliquet rutrum enim et tincidunt. Vestibulum ante ipsum primis in faucibus orci luctus et ultrices posuere cubilia curae; Vivamus pharetra enim leo, nec molestie nibh consectetur quis. Class aptent taciti sociosqu ad litora torquent per conubia nostra, per inceptos himenaeos. Nunc quis maximus elit, vitae pulvinar urna. Integer at mi elit. Phasellus vitae rutrum sem. Vivamus et mauris ac nisl congue congue eu eget elit. Nullam at quam velit. Pellentesque dictum, diam nec tempor aliquet, tortor justo fermentum sapien, at condimentum turpis elit vel sapien. Aenean rutrum tellus sodales tortor viverra eleifend.

Donec facilisis, diam efficitur maximus ultrices, enim lectus rutrum elit, eget malesuada mi justo dapibus enim. Maecenas finibus euismod nulla quis dignissim. Sed dictum ante rutrum turpis euismod laoreet. Sed placerat tellus leo. In ut lobortis lorem. Nullam vitae lectus egestas urna tincidunt aliquet. Ut sagittis vel enim eget malesuada. Cras in congue tortor. Interdum et malesuada fames ac ante ipsum primis in faucibus. Nunc tempus consequat neque, et eleifend nulla aliquam eu.",Author 128,7,tam-quoc-dien-nghia-tron-bo-3-tap,NXB 128,2012,95
https://cdn1.fahasa.com/media/catalog/product/8/9/8935230009894.jpg,Không Gia Đình - Bìa Cứng,126000,12,9780085480125,"Lorem ipsum dolor sit amet, consectetur adipiscing elit. Nam congue vel tellus non luctus. Vestibulum vitae nunc lorem. Sed lacinia lectus vel augue imperdiet ultricies. Donec id venenatis ex, vitae pretium ligula. Sed nulla eros, dignissim at feugiat non, posuere sit amet urna. Ut eu porttitor tellus. Cras eu massa nulla. Morbi porta fermentum elit eu iaculis. Pellentesque hendrerit venenatis purus at feugiat. Pellentesque vitae feugiat purus. Donec mattis rhoncus lacinia. Sed quam diam, molestie id laoreet eu, lacinia ac turpis. Cras tincidunt lobortis elit quis aliquam. Proin et massa libero.

Aliquam id pharetra arcu. Vivamus vitae mattis ligula. Sed efficitur urna vitae scelerisque tempor. Proin purus magna, vulputate eu ligula a, vehicula malesuada enim. Curabitur aliquet rutrum enim et tincidunt. Vestibulum ante ipsum primis in faucibus orci luctus et ultrices posuere cubilia curae; Vivamus pharetra enim leo, nec molestie nibh consectetur quis. Class aptent taciti sociosqu ad litora torquent per conubia nostra, per inceptos himenaeos. Nunc quis maximus elit, vitae pulvinar urna. Integer at mi elit. Phasellus vitae rutrum sem. Vivamus et mauris ac nisl congue congue eu eget elit. Nullam at quam velit. Pellentesque dictum, diam nec tempor aliquet, tortor justo fermentum sapien, at condimentum turpis elit vel sapien. Aenean rutrum tellus sodales tortor viverra eleifend.

Donec facilisis, diam efficitur maximus ultrices, enim lectus rutrum elit, eget malesuada mi justo dapibus enim. Maecenas finibus euismod nulla quis dignissim. Sed dictum ante rutrum turpis euismod laoreet. Sed placerat tellus leo. In ut lobortis lorem. Nullam vitae lectus egestas urna tincidunt aliquet. Ut sagittis vel enim eget malesuada. Cras in congue tortor. Interdum et malesuada fames ac ante ipsum primis in faucibus. Nunc tempus consequat neque, et eleifend nulla aliquam eu.",Author 129,19,khong-gia-inh-bia-cung,NXB 129,2012,116
https://cdn1.fahasa.com/media/catalog/product/d/v/dvsea297.jpg,Anna Karenina - Tập 1 (Tái Bản 2023),157000,12,9780085480126,"Lorem ipsum dolor sit amet, consectetur adipiscing elit. Nam congue vel tellus non luctus. Vestibulum vitae nunc lorem. Sed lacinia lectus vel augue imperdiet ultricies. Donec id venenatis ex, vitae pretium ligula. Sed nulla eros, dignissim at feugiat non, posuere sit amet urna. Ut eu porttitor tellus. Cras eu massa nulla. Morbi porta fermentum elit eu iaculis. Pellentesque hendrerit venenatis purus at feugiat. Pellentesque vitae feugiat purus. Donec mattis rhoncus lacinia. Sed quam diam, molestie id laoreet eu, lacinia ac turpis. Cras tincidunt lobortis elit quis aliquam. Proin et massa libero.

Aliquam id pharetra arcu. Vivamus vitae mattis ligula. Sed efficitur urna vitae scelerisque tempor. Proin purus magna, vulputate eu ligula a, vehicula malesuada enim. Curabitur aliquet rutrum enim et tincidunt. Vestibulum ante ipsum primis in faucibus orci luctus et ultrices posuere cubilia curae; Vivamus pharetra enim leo, nec molestie nibh consectetur quis. Class aptent taciti sociosqu ad litora torquent per conubia nostra, per inceptos himenaeos. Nunc quis maximus elit, vitae pulvinar urna. Integer at mi elit. Phasellus vitae rutrum sem. Vivamus et mauris ac nisl congue congue eu eget elit. Nullam at quam velit. Pellentesque dictum, diam nec tempor aliquet, tortor justo fermentum sapien, at condimentum turpis elit vel sapien. Aenean rutrum tellus sodales tortor viverra eleifend.

Donec facilisis, diam efficitur maximus ultrices, enim lectus rutrum elit, eget malesuada mi justo dapibus enim. Maecenas finibus euismod nulla quis dignissim. Sed dictum ante rutrum turpis euismod laoreet. Sed placerat tellus leo. In ut lobortis lorem. Nullam vitae lectus egestas urna tincidunt aliquet. Ut sagittis vel enim eget malesuada. Cras in congue tortor. Interdum et malesuada fames ac ante ipsum primis in faucibus. Nunc tempus consequat neque, et eleifend nulla aliquam eu.",Author 130,17,anna-karenina-tap-1-tai-ban-2023,NXB 130,2023,106
https://cdn1.fahasa.com/media/catalog/product/c/t/ctxc2_1_1.jpg,Cứu Tinh Xứ Cát - Dune Phần 2,120000,12,9780085480127,"Lorem ipsum dolor sit amet, consectetur adipiscing elit. Nam congue vel tellus non luctus. Vestibulum vitae nunc lorem. Sed lacinia lectus vel augue imperdiet ultricies. Donec id venenatis ex, vitae pretium ligula. Sed nulla eros, dignissim at feugiat non, posuere sit amet urna. Ut eu porttitor tellus. Cras eu massa nulla. Morbi porta fermentum elit eu iaculis. Pellentesque hendrerit venenatis purus at feugiat. Pellentesque vitae feugiat purus. Donec mattis rhoncus lacinia. Sed quam diam, molestie id laoreet eu, lacinia ac turpis. Cras tincidunt lobortis elit quis aliquam. Proin et massa libero.

Aliquam id pharetra arcu. Vivamus vitae mattis ligula. Sed efficitur urna vitae scelerisque tempor. Proin purus magna, vulputate eu ligula a, vehicula malesuada enim. Curabitur aliquet rutrum enim et tincidunt. Vestibulum ante ipsum primis in faucibus orci luctus et ultrices posuere cubilia curae; Vivamus pharetra enim leo, nec molestie nibh consectetur quis. Class aptent taciti sociosqu ad litora torquent per conubia nostra, per inceptos himenaeos. Nunc quis maximus elit, vitae pulvinar urna. Integer at mi elit. Phasellus vitae rutrum sem. Vivamus et mauris ac nisl congue congue eu eget elit. Nullam at quam velit. Pellentesque dictum, diam nec tempor aliquet, tortor justo fermentum sapien, at condimentum turpis elit vel sapien. Aenean rutrum tellus sodales tortor viverra eleifend.

Donec facilisis, diam efficitur maximus ultrices, enim lectus rutrum elit, eget malesuada mi justo dapibus enim. Maecenas finibus euismod nulla quis dignissim. Sed dictum ante rutrum turpis euismod laoreet. Sed placerat tellus leo. In ut lobortis lorem. Nullam vitae lectus egestas urna tincidunt aliquet. Ut sagittis vel enim eget malesuada. Cras in congue tortor. Interdum et malesuada fames ac ante ipsum primis in faucibus. Nunc tempus consequat neque, et eleifend nulla aliquam eu.",Author 131,14,cuu-tinh-xu-cat-dune-phan-2,NXB 131,2017,136
https://cdn1.fahasa.com/media/catalog/product/t/r/truy_n-c_-nh_t-b_n.jpg,Tủ Sách Đời Người: Truyện Cổ Nhật Bản,177500,12,9780085480128,"Lorem ipsum dolor sit amet, consectetur adipiscing elit. Nam congue vel tellus non luctus. Vestibulum vitae nunc lorem. Sed lacinia lectus vel augue imperdiet ultricies. Donec id venenatis ex, vitae pretium ligula. Sed nulla eros, dignissim at feugiat non, posuere sit amet urna. Ut eu porttitor tellus. Cras eu massa nulla. Morbi porta fermentum elit eu iaculis. Pellentesque hendrerit venenatis purus at feugiat. Pellentesque vitae feugiat purus. Donec mattis rhoncus lacinia. Sed quam diam, molestie id laoreet eu, lacinia ac turpis. Cras tincidunt lobortis elit quis aliquam. Proin et massa libero.

Aliquam id pharetra arcu. Vivamus vitae mattis ligula. Sed efficitur urna vitae scelerisque tempor. Proin purus magna, vulputate eu ligula a, vehicula malesuada enim. Curabitur aliquet rutrum enim et tincidunt. Vestibulum ante ipsum primis in faucibus orci luctus et ultrices posuere cubilia curae; Vivamus pharetra enim leo, nec molestie nibh consectetur quis. Class aptent taciti sociosqu ad litora torquent per conubia nostra, per inceptos himenaeos. Nunc quis maximus elit, vitae pulvinar urna. Integer at mi elit. Phasellus vitae rutrum sem. Vivamus et mauris ac nisl congue congue eu eget elit. Nullam at quam velit. Pellentesque dictum, diam nec tempor aliquet, tortor justo fermentum sapien, at condimentum turpis elit vel sapien. Aenean rutrum tellus sodales tortor viverra eleifend.

Donec facilisis, diam efficitur maximus ultrices, enim lectus rutrum elit, eget malesuada mi justo dapibus enim. Maecenas finibus euismod nulla quis dignissim. Sed dictum ante rutrum turpis euismod laoreet. Sed placerat tellus leo. In ut lobortis lorem. Nullam vitae lectus egestas urna tincidunt aliquet. Ut sagittis vel enim eget malesuada. Cras in congue tortor. Interdum et malesuada fames ac ante ipsum primis in faucibus. Nunc tempus consequat neque, et eleifend nulla aliquam eu.",Author 132,12,tu-sach-oi-nguoi-truyen-co-nhat-ban,NXB 132,2014,109
https://cdn1.fahasa.com/media/catalog/product/b/i/bia_tieng-goi-cua-hoang-da_page_1.jpg,Tiếng Gọi Của Hoang Dã,48750,12,9780085480129,"Lorem ipsum dolor sit amet, consectetur adipiscing elit. Nam congue vel tellus non luctus. Vestibulum vitae nunc lorem. Sed lacinia lectus vel augue imperdiet ultricies. Donec id venenatis ex, vitae pretium ligula. Sed nulla eros, dignissim at feugiat non, posuere sit amet urna. Ut eu porttitor tellus. Cras eu massa nulla. Morbi porta fermentum elit eu iaculis. Pellentesque hendrerit venenatis purus at feugiat. Pellentesque vitae feugiat purus. Donec mattis rhoncus lacinia. Sed quam diam, molestie id laoreet eu, lacinia ac turpis. Cras tincidunt lobortis elit quis aliquam. Proin et massa libero.

Aliquam id pharetra arcu. Vivamus vitae mattis ligula. Sed efficitur urna vitae scelerisque tempor. Proin purus magna, vulputate eu ligula a, vehicula malesuada enim. Curabitur aliquet rutrum enim et tincidunt. Vestibulum ante ipsum primis in faucibus orci luctus et ultrices posuere cubilia curae; Vivamus pharetra enim leo, nec molestie nibh consectetur quis. Class aptent taciti sociosqu ad litora torquent per conubia nostra, per inceptos himenaeos. Nunc quis maximus elit, vitae pulvinar urna. Integer at mi elit. Phasellus vitae rutrum sem. Vivamus et mauris ac nisl congue congue eu eget elit. Nullam at quam velit. Pellentesque dictum, diam nec tempor aliquet, tortor justo fermentum sapien, at condimentum turpis elit vel sapien. Aenean rutrum tellus sodales tortor viverra eleifend.

Donec facilisis, diam efficitur maximus ultrices, enim lectus rutrum elit, eget malesuada mi justo dapibus enim. Maecenas finibus euismod nulla quis dignissim. Sed dictum ante rutrum turpis euismod laoreet. Sed placerat tellus leo. In ut lobortis lorem. Nullam vitae lectus egestas urna tincidunt aliquet. Ut sagittis vel enim eget malesuada. Cras in congue tortor. Interdum et malesuada fames ac ante ipsum primis in faucibus. Nunc tempus consequat neque, et eleifend nulla aliquam eu.",Author 133,15,tieng-goi-cua-hoang-da,NXB 133,2011,120
https://cdn1.fahasa.com/media/catalog/product/8/9/8935235241404.jpg,Đồi Gió Hú (Tái Bản 2024),96000,12,9780085480130,"Lorem ipsum dolor sit amet, consectetur adipiscing elit. Nam congue vel tellus non luctus. Vestibulum vitae nunc lorem. Sed lacinia lectus vel augue imperdiet ultricies. Donec id venenatis ex, vitae pretium ligula. Sed nulla eros, dignissim at feugiat non, posuere sit amet urna. Ut eu porttitor tellus. Cras eu massa nulla. Morbi porta fermentum elit eu iaculis. Pellentesque hendrerit venenatis purus at feugiat. Pellentesque vitae feugiat purus. Donec mattis rhoncus lacinia. Sed quam diam, molestie id laoreet eu, lacinia ac turpis. Cras tincidunt lobortis elit quis aliquam. Proin et massa libero.

Aliquam id pharetra arcu. Vivamus vitae mattis ligula. Sed efficitur urna vitae scelerisque tempor. Proin purus magna, vulputate eu ligula a, vehicula malesuada enim. Curabitur aliquet rutrum enim et tincidunt. Vestibulum ante ipsum primis in faucibus orci luctus et ultrices posuere cubilia curae; Vivamus pharetra enim leo, nec molestie nibh consectetur quis. Class aptent taciti sociosqu ad litora torquent per conubia nostra, per inceptos himenaeos. Nunc quis maximus elit, vitae pulvinar urna. Integer at mi elit. Phasellus vitae rutrum sem. Vivamus et mauris ac nisl congue congue eu eget elit. Nullam at quam velit. Pellentesque dictum, diam nec tempor aliquet, tortor justo fermentum sapien, at condimentum turpis elit vel sapien. Aenean rutrum tellus sodales tortor viverra eleifend.

Donec facilisis, diam efficitur maximus ultrices, enim lectus rutrum elit, eget malesuada mi justo dapibus enim. Maecenas finibus euismod nulla quis dignissim. Sed dictum ante rutrum turpis euismod laoreet. Sed placerat tellus leo. In ut lobortis lorem. Nullam vitae lectus egestas urna tincidunt aliquet. Ut sagittis vel enim eget malesuada. Cras in congue tortor. Interdum et malesuada fames ac ante ipsum primis in faucibus. Nunc tempus consequat neque, et eleifend nulla aliquam eu.",Author 134,20,oi-gio-hu-tai-ban-2024,NXB 134,2017,84
https://cdn1.fahasa.com/media/catalog/product/n/x/nxbtre_full_13422023_094208.jpg,Suối Nguồn (Tái Bản 2023),323000,12,9780085480131,"Lorem ipsum dolor sit amet, consectetur adipiscing elit. Nam congue vel tellus non luctus. Vestibulum vitae nunc lorem. Sed lacinia lectus vel augue imperdiet ultricies. Donec id venenatis ex, vitae pretium ligula. Sed nulla eros, dignissim at feugiat non, posuere sit amet urna. Ut eu porttitor tellus. Cras eu massa nulla. Morbi porta fermentum elit eu iaculis. Pellentesque hendrerit venenatis purus at feugiat. Pellentesque vitae feugiat purus. Donec mattis rhoncus lacinia. Sed quam diam, molestie id laoreet eu, lacinia ac turpis. Cras tincidunt lobortis elit quis aliquam. Proin et massa libero.

Aliquam id pharetra arcu. Vivamus vitae mattis ligula. Sed efficitur urna vitae scelerisque tempor. Proin purus magna, vulputate eu ligula a, vehicula malesuada enim. Curabitur aliquet rutrum enim et tincidunt. Vestibulum ante ipsum primis in faucibus orci luctus et ultrices posuere cubilia curae; Vivamus pharetra enim leo, nec molestie nibh consectetur quis. Class aptent taciti sociosqu ad litora torquent per conubia nostra, per inceptos himenaeos. Nunc quis maximus elit, vitae pulvinar urna. Integer at mi elit. Phasellus vitae rutrum sem. Vivamus et mauris ac nisl congue congue eu eget elit. Nullam at quam velit. Pellentesque dictum, diam nec tempor aliquet, tortor justo fermentum sapien, at condimentum turpis elit vel sapien. Aenean rutrum tellus sodales tortor viverra eleifend.

Donec facilisis, diam efficitur maximus ultrices, enim lectus rutrum elit, eget malesuada mi justo dapibus enim. Maecenas finibus euismod nulla quis dignissim. Sed dictum ante rutrum turpis euismod laoreet. Sed placerat tellus leo. In ut lobortis lorem. Nullam vitae lectus egestas urna tincidunt aliquet. Ut sagittis vel enim eget malesuada. Cras in congue tortor. Interdum et malesuada fames ac ante ipsum primis in faucibus. Nunc tempus consequat neque, et eleifend nulla aliquam eu.",Author 135,5,suoi-nguon-tai-ban-2023,NXB 135,2017,70
https://cdn1.fahasa.com/media/catalog/product/u/n/untitled-1_2_37.jpg,Trong Gia Đình - Nobody's Girl - Song Ngữ Anh-Việt,83300,12,9780085480132,"Lorem ipsum dolor sit amet, consectetur adipiscing elit. Nam congue vel tellus non luctus. Vestibulum vitae nunc lorem. Sed lacinia lectus vel augue imperdiet ultricies. Donec id venenatis ex, vitae pretium ligula. Sed nulla eros, dignissim at feugiat non, posuere sit amet urna. Ut eu porttitor tellus. Cras eu massa nulla. Morbi porta fermentum elit eu iaculis. Pellentesque hendrerit venenatis purus at feugiat. Pellentesque vitae feugiat purus. Donec mattis rhoncus lacinia. Sed quam diam, molestie id laoreet eu, lacinia ac turpis. Cras tincidunt lobortis elit quis aliquam. Proin et massa libero.

Aliquam id pharetra arcu. Vivamus vitae mattis ligula. Sed efficitur urna vitae scelerisque tempor. Proin purus magna, vulputate eu ligula a, vehicula malesuada enim. Curabitur aliquet rutrum enim et tincidunt. Vestibulum ante ipsum primis in faucibus orci luctus et ultrices posuere cubilia curae; Vivamus pharetra enim leo, nec molestie nibh consectetur quis. Class aptent taciti sociosqu ad litora torquent per conubia nostra, per inceptos himenaeos. Nunc quis maximus elit, vitae pulvinar urna. Integer at mi elit. Phasellus vitae rutrum sem. Vivamus et mauris ac nisl congue congue eu eget elit. Nullam at quam velit. Pellentesque dictum, diam nec tempor aliquet, tortor justo fermentum sapien, at condimentum turpis elit vel sapien. Aenean rutrum tellus sodales tortor viverra eleifend.

Donec facilisis, diam efficitur maximus ultrices, enim lectus rutrum elit, eget malesuada mi justo dapibus enim. Maecenas finibus euismod nulla quis dignissim. Sed dictum ante rutrum turpis euismod laoreet. Sed placerat tellus leo. In ut lobortis lorem. Nullam vitae lectus egestas urna tincidunt aliquet. Ut sagittis vel enim eget malesuada. Cras in congue tortor. Interdum et malesuada fames ac ante ipsum primis in faucibus. Nunc tempus consequat neque, et eleifend nulla aliquam eu.",Author 136,17,trong-gia-inh-nobody-s-girl-song-ngu-anh-viet,NXB 136,2020,150
https://cdn1.fahasa.com/media/catalog/product/8/9/8935235243507.jpg,Chúa Tể Những Chiếc Nhẫn - Tập 1 - Đoàn Hộ Nhẫn (Tái Bản 2025),161500,12,9780085480133,"Lorem ipsum dolor sit amet, consectetur adipiscing elit. Nam congue vel tellus non luctus. Vestibulum vitae nunc lorem. Sed lacinia lectus vel augue imperdiet ultricies. Donec id venenatis ex, vitae pretium ligula. Sed nulla eros, dignissim at feugiat non, posuere sit amet urna. Ut eu porttitor tellus. Cras eu massa nulla. Morbi porta fermentum elit eu iaculis. Pellentesque hendrerit venenatis purus at feugiat. Pellentesque vitae feugiat purus. Donec mattis rhoncus lacinia. Sed quam diam, molestie id laoreet eu, lacinia ac turpis. Cras tincidunt lobortis elit quis aliquam. Proin et massa libero.

Aliquam id pharetra arcu. Vivamus vitae mattis ligula. Sed efficitur urna vitae scelerisque tempor. Proin purus magna, vulputate eu ligula a, vehicula malesuada enim. Curabitur aliquet rutrum enim et tincidunt. Vestibulum ante ipsum primis in faucibus orci luctus et ultrices posuere cubilia curae; Vivamus pharetra enim leo, nec molestie nibh consectetur quis. Class aptent taciti sociosqu ad litora torquent per conubia nostra, per inceptos himenaeos. Nunc quis maximus elit, vitae pulvinar urna. Integer at mi elit. Phasellus vitae rutrum sem. Vivamus et mauris ac nisl congue congue eu eget elit. Nullam at quam velit. Pellentesque dictum, diam nec tempor aliquet, tortor justo fermentum sapien, at condimentum turpis elit vel sapien. Aenean rutrum tellus sodales tortor viverra eleifend.

Donec facilisis, diam efficitur maximus ultrices, enim lectus rutrum elit, eget malesuada mi justo dapibus enim. Maecenas finibus euismod nulla quis dignissim. Sed dictum ante rutrum turpis euismod laoreet. Sed placerat tellus leo. In ut lobortis lorem. Nullam vitae lectus egestas urna tincidunt aliquet. Ut sagittis vel enim eget malesuada. Cras in congue tortor. Interdum et malesuada fames ac ante ipsum primis in faucibus. Nunc tempus consequat neque, et eleifend nulla aliquam eu.",Author 137,6,chua-te-nhung-chiec-nhan-tap-1-oan-ho-nhan-tai-ban-2025,NXB 137,2010,94
https://cdn1.fahasa.com/media/catalog/product/n/h/nhung-tam-long-cao-ca-b1.jpg,Những Tấm Lòng Cao Cả (Tái Bản 2024),92000,12,9780085480134,"Lorem ipsum dolor sit amet, consectetur adipiscing elit. Nam congue vel tellus non luctus. Vestibulum vitae nunc lorem. Sed lacinia lectus vel augue imperdiet ultricies. Donec id venenatis ex, vitae pretium ligula. Sed nulla eros, dignissim at feugiat non, posuere sit amet urna. Ut eu porttitor tellus. Cras eu massa nulla. Morbi porta fermentum elit eu iaculis. Pellentesque hendrerit venenatis purus at feugiat. Pellentesque vitae feugiat purus. Donec mattis rhoncus lacinia. Sed quam diam, molestie id laoreet eu, lacinia ac turpis. Cras tincidunt lobortis elit quis aliquam. Proin et massa libero.

Aliquam id pharetra arcu. Vivamus vitae mattis ligula. Sed efficitur urna vitae scelerisque tempor. Proin purus magna, vulputate eu ligula a, vehicula malesuada enim. Curabitur aliquet rutrum enim et tincidunt. Vestibulum ante ipsum primis in faucibus orci luctus et ultrices posuere cubilia curae; Vivamus pharetra enim leo, nec molestie nibh consectetur quis. Class aptent taciti sociosqu ad litora torquent per conubia nostra, per inceptos himenaeos. Nunc quis maximus elit, vitae pulvinar urna. Integer at mi elit. Phasellus vitae rutrum sem. Vivamus et mauris ac nisl congue congue eu eget elit. Nullam at quam velit. Pellentesque dictum, diam nec tempor aliquet, tortor justo fermentum sapien, at condimentum turpis elit vel sapien. Aenean rutrum tellus sodales tortor viverra eleifend.

Donec facilisis, diam efficitur maximus ultrices, enim lectus rutrum elit, eget malesuada mi justo dapibus enim. Maecenas finibus euismod nulla quis dignissim. Sed dictum ante rutrum turpis euismod laoreet. Sed placerat tellus leo. In ut lobortis lorem. Nullam vitae lectus egestas urna tincidunt aliquet. Ut sagittis vel enim eget malesuada. Cras in congue tortor. Interdum et malesuada fames ac ante ipsum primis in faucibus. Nunc tempus consequat neque, et eleifend nulla aliquam eu.",Author 138,13,nhung-tam-long-cao-ca-tai-ban-2024,NXB 138,2016,83
https://cdn1.fahasa.com/media/catalog/product/b/_/b_a-1---nh_ng-t_m-l_ng-cao-c_.jpg,Những Tấm Lòng Cao Cả,104000,12,9780085480135,"Lorem ipsum dolor sit amet, consectetur adipiscing elit. Nam congue vel tellus non luctus. Vestibulum vitae nunc lorem. Sed lacinia lectus vel augue imperdiet ultricies. Donec id venenatis ex, vitae pretium ligula. Sed nulla eros, dignissim at feugiat non, posuere sit amet urna. Ut eu porttitor tellus. Cras eu massa nulla. Morbi porta fermentum elit eu iaculis. Pellentesque hendrerit venenatis purus at feugiat. Pellentesque vitae feugiat purus. Donec mattis rhoncus lacinia. Sed quam diam, molestie id laoreet eu, lacinia ac turpis. Cras tincidunt lobortis elit quis aliquam. Proin et massa libero.

Aliquam id pharetra arcu. Vivamus vitae mattis ligula. Sed efficitur urna vitae scelerisque tempor. Proin purus magna, vulputate eu ligula a, vehicula malesuada enim. Curabitur aliquet rutrum enim et tincidunt. Vestibulum ante ipsum primis in faucibus orci luctus et ultrices posuere cubilia curae; Vivamus pharetra enim leo, nec molestie nibh consectetur quis. Class aptent taciti sociosqu ad litora torquent per conubia nostra, per inceptos himenaeos. Nunc quis maximus elit, vitae pulvinar urna. Integer at mi elit. Phasellus vitae rutrum sem. Vivamus et mauris ac nisl congue congue eu eget elit. Nullam at quam velit. Pellentesque dictum, diam nec tempor aliquet, tortor justo fermentum sapien, at condimentum turpis elit vel sapien. Aenean rutrum tellus sodales tortor viverra eleifend.

Donec facilisis, diam efficitur maximus ultrices, enim lectus rutrum elit, eget malesuada mi justo dapibus enim. Maecenas finibus euismod nulla quis dignissim. Sed dictum ante rutrum turpis euismod laoreet. Sed placerat tellus leo. In ut lobortis lorem. Nullam vitae lectus egestas urna tincidunt aliquet. Ut sagittis vel enim eget malesuada. Cras in congue tortor. Interdum et malesuada fames ac ante ipsum primis in faucibus. Nunc tempus consequat neque, et eleifend nulla aliquam eu.",Author 139,3,nhung-tam-long-cao-ca,NXB 139,2017,92
https://cdn1.fahasa.com/media/catalog/product/8/9/8935275100587.jpg,Trong Gia Đình (Tái Bản),86400,12,9780085480136,"Lorem ipsum dolor sit amet, consectetur adipiscing elit. Nam congue vel tellus non luctus. Vestibulum vitae nunc lorem. Sed lacinia lectus vel augue imperdiet ultricies. Donec id venenatis ex, vitae pretium ligula. Sed nulla eros, dignissim at feugiat non, posuere sit amet urna. Ut eu porttitor tellus. Cras eu massa nulla. Morbi porta fermentum elit eu iaculis. Pellentesque hendrerit venenatis purus at feugiat. Pellentesque vitae feugiat purus. Donec mattis rhoncus lacinia. Sed quam diam, molestie id laoreet eu, lacinia ac turpis. Cras tincidunt lobortis elit quis aliquam. Proin et massa libero.

Aliquam id pharetra arcu. Vivamus vitae mattis ligula. Sed efficitur urna vitae scelerisque tempor. Proin purus magna, vulputate eu ligula a, vehicula malesuada enim. Curabitur aliquet rutrum enim et tincidunt. Vestibulum ante ipsum primis in faucibus orci luctus et ultrices posuere cubilia curae; Vivamus pharetra enim leo, nec molestie nibh consectetur quis. Class aptent taciti sociosqu ad litora torquent per conubia nostra, per inceptos himenaeos. Nunc quis maximus elit, vitae pulvinar urna. Integer at mi elit. Phasellus vitae rutrum sem. Vivamus et mauris ac nisl congue congue eu eget elit. Nullam at quam velit. Pellentesque dictum, diam nec tempor aliquet, tortor justo fermentum sapien, at condimentum turpis elit vel sapien. Aenean rutrum tellus sodales tortor viverra eleifend.

Donec facilisis, diam efficitur maximus ultrices, enim lectus rutrum elit, eget malesuada mi justo dapibus enim. Maecenas finibus euismod nulla quis dignissim. Sed dictum ante rutrum turpis euismod laoreet. Sed placerat tellus leo. In ut lobortis lorem. Nullam vitae lectus egestas urna tincidunt aliquet. Ut sagittis vel enim eget malesuada. Cras in congue tortor. Interdum et malesuada fames ac ante ipsum primis in faucibus. Nunc tempus consequat neque, et eleifend nulla aliquam eu.",Author 140,5,trong-gia-inh-tai-ban,NXB 140,2013,136
https://cdn1.fahasa.com/media/catalog/product/h/h/hh_bia_haivandamduoibien_b1.jpg,Hai Vạn Dặm Dưới Đáy Biển (Tái Bản 2024),96000,12,9780085480137,"Lorem ipsum dolor sit amet, consectetur adipiscing elit. Nam congue vel tellus non luctus. Vestibulum vitae nunc lorem. Sed lacinia lectus vel augue imperdiet ultricies. Donec id venenatis ex, vitae pretium ligula. Sed nulla eros, dignissim at feugiat non, posuere sit amet urna. Ut eu porttitor tellus. Cras eu massa nulla. Morbi porta fermentum elit eu iaculis. Pellentesque hendrerit venenatis purus at feugiat. Pellentesque vitae feugiat purus. Donec mattis rhoncus lacinia. Sed quam diam, molestie id laoreet eu, lacinia ac turpis. Cras tincidunt lobortis elit quis aliquam. Proin et massa libero.

Aliquam id pharetra arcu. Vivamus vitae mattis ligula. Sed efficitur urna vitae scelerisque tempor. Proin purus magna, vulputate eu ligula a, vehicula malesuada enim. Curabitur aliquet rutrum enim et tincidunt. Vestibulum ante ipsum primis in faucibus orci luctus et ultrices posuere cubilia curae; Vivamus pharetra enim leo, nec molestie nibh consectetur quis. Class aptent taciti sociosqu ad litora torquent per conubia nostra, per inceptos himenaeos. Nunc quis maximus elit, vitae pulvinar urna. Integer at mi elit. Phasellus vitae rutrum sem. Vivamus et mauris ac nisl congue congue eu eget elit. Nullam at quam velit. Pellentesque dictum, diam nec tempor aliquet, tortor justo fermentum sapien, at condimentum turpis elit vel sapien. Aenean rutrum tellus sodales tortor viverra eleifend.

Donec facilisis, diam efficitur maximus ultrices, enim lectus rutrum elit, eget malesuada mi justo dapibus enim. Maecenas finibus euismod nulla quis dignissim. Sed dictum ante rutrum turpis euismod laoreet. Sed placerat tellus leo. In ut lobortis lorem. Nullam vitae lectus egestas urna tincidunt aliquet. Ut sagittis vel enim eget malesuada. Cras in congue tortor. Interdum et malesuada fames ac ante ipsum primis in faucibus. Nunc tempus consequat neque, et eleifend nulla aliquam eu.",Author 141,6,hai-van-dam-duoi-ay-bien-tai-ban-2024,NXB 141,2014,81
https://cdn1.fahasa.com/media/catalog/product/n/p/np8wgvdx.jpg,Anna Karenina,,12,9780085480138,"Lorem ipsum dolor sit amet, consectetur adipiscing elit. Nam congue vel tellus non luctus. Vestibulum vitae nunc lorem. Sed lacinia lectus vel augue imperdiet ultricies. Donec id venenatis ex, vitae pretium ligula. Sed nulla eros, dignissim at feugiat non, posuere sit amet urna. Ut eu porttitor tellus. Cras eu massa nulla. Morbi porta fermentum elit eu iaculis. Pellentesque hendrerit venenatis purus at feugiat. Pellentesque vitae feugiat purus. Donec mattis rhoncus lacinia. Sed quam diam, molestie id laoreet eu, lacinia ac turpis. Cras tincidunt lobortis elit quis aliquam. Proin et massa libero.

Aliquam id pharetra arcu. Vivamus vitae mattis ligula. Sed efficitur urna vitae scelerisque tempor. Proin purus magna, vulputate eu ligula a, vehicula malesuada enim. Curabitur aliquet rutrum enim et tincidunt. Vestibulum ante ipsum primis in faucibus orci luctus et ultrices posuere cubilia curae; Vivamus pharetra enim leo, nec molestie nibh consectetur quis. Class aptent taciti sociosqu ad litora torquent per conubia nostra, per inceptos himenaeos. Nunc quis maximus elit, vitae pulvinar urna. Integer at mi elit. Phasellus vitae rutrum sem. Vivamus et mauris ac nisl congue congue eu eget elit. Nullam at quam velit. Pellentesque dictum, diam nec tempor aliquet, tortor justo fermentum sapien, at condimentum turpis elit vel sapien. Aenean rutrum tellus sodales tortor viverra eleifend.

Donec facilisis, diam efficitur maximus ultrices, enim lectus rutrum elit, eget malesuada mi justo dapibus enim. Maecenas finibus euismod nulla quis dignissim. Sed dictum ante rutrum turpis euismod laoreet. Sed placerat tellus leo. In ut lobortis lorem. Nullam vitae lectus egestas urna tincidunt aliquet. Ut sagittis vel enim eget malesuada. Cras in congue tortor. Interdum et malesuada fames ac ante ipsum primis in faucibus. Nunc tempus consequat neque, et eleifend nulla aliquam eu.",Author 142,10,anna-karenina,NXB 142,2013,125
https://cdn1.fahasa.com/media/catalog/product/c/o/cover-nhung-tam-long-cao-ca_-thoi-tho-au-1.jpg,Những Tấm Lòng Cao Cả - Heart: An Italian Schoolboy’s Journal - Song Ngữ Việt-Anh,76300,12,9780085480139,"Lorem ipsum dolor sit amet, consectetur adipiscing elit. Nam congue vel tellus non luctus. Vestibulum vitae nunc lorem. Sed lacinia lectus vel augue imperdiet ultricies. Donec id venenatis ex, vitae pretium ligula. Sed nulla eros, dignissim at feugiat non, posuere sit amet urna. Ut eu porttitor tellus. Cras eu massa nulla. Morbi porta fermentum elit eu iaculis. Pellentesque hendrerit venenatis purus at feugiat. Pellentesque vitae feugiat purus. Donec mattis rhoncus lacinia. Sed quam diam, molestie id laoreet eu, lacinia ac turpis. Cras tincidunt lobortis elit quis aliquam. Proin et massa libero.

Aliquam id pharetra arcu. Vivamus vitae mattis ligula. Sed efficitur urna vitae scelerisque tempor. Proin purus magna, vulputate eu ligula a, vehicula malesuada enim. Curabitur aliquet rutrum enim et tincidunt. Vestibulum ante ipsum primis in faucibus orci luctus et ultrices posuere cubilia curae; Vivamus pharetra enim leo, nec molestie nibh consectetur quis. Class aptent taciti sociosqu ad litora torquent per conubia nostra, per inceptos himenaeos. Nunc quis maximus elit, vitae pulvinar urna. Integer at mi elit. Phasellus vitae rutrum sem. Vivamus et mauris ac nisl congue congue eu eget elit. Nullam at quam velit. Pellentesque dictum, diam nec tempor aliquet, tortor justo fermentum sapien, at condimentum turpis elit vel sapien. Aenean rutrum tellus sodales tortor viverra eleifend.

Donec facilisis, diam efficitur maximus ultrices, enim lectus rutrum elit, eget malesuada mi justo dapibus enim. Maecenas finibus euismod nulla quis dignissim. Sed dictum ante rutrum turpis euismod laoreet. Sed placerat tellus leo. In ut lobortis lorem. Nullam vitae lectus egestas urna tincidunt aliquet. Ut sagittis vel enim eget malesuada. Cras in congue tortor. Interdum et malesuada fames ac ante ipsum primis in faucibus. Nunc tempus consequat neque, et eleifend nulla aliquam eu.",Author 143,16,nhung-tam-long-cao-ca-heart-an-italian-schoolboys-journal-song-ngu-viet-anh,NXB 143,2025,93
https://cdn1.fahasa.com/media/catalog/product/9/7/9786044248172.jpg,Truyện Kể Về Robin Hood,58500,12,9780085480140,"Lorem ipsum dolor sit amet, consectetur adipiscing elit. Nam congue vel tellus non luctus. Vestibulum vitae nunc lorem. Sed lacinia lectus vel augue imperdiet ultricies. Donec id venenatis ex, vitae pretium ligula. Sed nulla eros, dignissim at feugiat non, posuere sit amet urna. Ut eu porttitor tellus. Cras eu massa nulla. Morbi porta fermentum elit eu iaculis. Pellentesque hendrerit venenatis purus at feugiat. Pellentesque vitae feugiat purus. Donec mattis rhoncus lacinia. Sed quam diam, molestie id laoreet eu, lacinia ac turpis. Cras tincidunt lobortis elit quis aliquam. Proin et massa libero.

Aliquam id pharetra arcu. Vivamus vitae mattis ligula. Sed efficitur urna vitae scelerisque tempor. Proin purus magna, vulputate eu ligula a, vehicula malesuada enim. Curabitur aliquet rutrum enim et tincidunt. Vestibulum ante ipsum primis in faucibus orci luctus et ultrices posuere cubilia curae; Vivamus pharetra enim leo, nec molestie nibh consectetur quis. Class aptent taciti sociosqu ad litora torquent per conubia nostra, per inceptos himenaeos. Nunc quis maximus elit, vitae pulvinar urna. Integer at mi elit. Phasellus vitae rutrum sem. Vivamus et mauris ac nisl congue congue eu eget elit. Nullam at quam velit. Pellentesque dictum, diam nec tempor aliquet, tortor justo fermentum sapien, at condimentum turpis elit vel sapien. Aenean rutrum tellus sodales tortor viverra eleifend.

Donec facilisis, diam efficitur maximus ultrices, enim lectus rutrum elit, eget malesuada mi justo dapibus enim. Maecenas finibus euismod nulla quis dignissim. Sed dictum ante rutrum turpis euismod laoreet. Sed placerat tellus leo. In ut lobortis lorem. Nullam vitae lectus egestas urna tincidunt aliquet. Ut sagittis vel enim eget malesuada. Cras in congue tortor. Interdum et malesuada fames ac ante ipsum primis in faucibus. Nunc tempus consequat neque, et eleifend nulla aliquam eu.",Author 144,6,truyen-ke-ve-robin-hood,NXB 144,2012,54
https://cdn1.fahasa.com/media/catalog/product/b/_/b_a-1-th_n-r_ng_2.jpg,Thần Rừng,183000,13,9780085480141,"Lorem ipsum dolor sit amet, consectetur adipiscing elit. Nam congue vel tellus non luctus. Vestibulum vitae nunc lorem. Sed lacinia lectus vel augue imperdiet ultricies. Donec id venenatis ex, vitae pretium ligula. Sed nulla eros, dignissim at feugiat non, posuere sit amet urna. Ut eu porttitor tellus. Cras eu massa nulla. Morbi porta fermentum elit eu iaculis. Pellentesque hendrerit venenatis purus at feugiat. Pellentesque vitae feugiat purus. Donec mattis rhoncus lacinia. Sed quam diam, molestie id laoreet eu, lacinia ac turpis. Cras tincidunt lobortis elit quis aliquam. Proin et massa libero.

Aliquam id pharetra arcu. Vivamus vitae mattis ligula. Sed efficitur urna vitae scelerisque tempor. Proin purus magna, vulputate eu ligula a, vehicula malesuada enim. Curabitur aliquet rutrum enim et tincidunt. Vestibulum ante ipsum primis in faucibus orci luctus et ultrices posuere cubilia curae; Vivamus pharetra enim leo, nec molestie nibh consectetur quis. Class aptent taciti sociosqu ad litora torquent per conubia nostra, per inceptos himenaeos. Nunc quis maximus elit, vitae pulvinar urna. Integer at mi elit. Phasellus vitae rutrum sem. Vivamus et mauris ac nisl congue congue eu eget elit. Nullam at quam velit. Pellentesque dictum, diam nec tempor aliquet, tortor justo fermentum sapien, at condimentum turpis elit vel sapien. Aenean rutrum tellus sodales tortor viverra eleifend.

Donec facilisis, diam efficitur maximus ultrices, enim lectus rutrum elit, eget malesuada mi justo dapibus enim. Maecenas finibus euismod nulla quis dignissim. Sed dictum ante rutrum turpis euismod laoreet. Sed placerat tellus leo. In ut lobortis lorem. Nullam vitae lectus egestas urna tincidunt aliquet. Ut sagittis vel enim eget malesuada. Cras in congue tortor. Interdum et malesuada fames ac ante ipsum primis in faucibus. Nunc tempus consequat neque, et eleifend nulla aliquam eu.",Author 145,18,than-rung,NXB 145,2024,145
https://cdn1.fahasa.com/media/catalog/product/8/9/8934974179672.jpg,Harry Potter Và Hòn Đá Phù Thuỷ - Tập 1 (Tái Bản),127500,13,9780085480142,"Lorem ipsum dolor sit amet, consectetur adipiscing elit. Nam congue vel tellus non luctus. Vestibulum vitae nunc lorem. Sed lacinia lectus vel augue imperdiet ultricies. Donec id venenatis ex, vitae pretium ligula. Sed nulla eros, dignissim at feugiat non, posuere sit amet urna. Ut eu porttitor tellus. Cras eu massa nulla. Morbi porta fermentum elit eu iaculis. Pellentesque hendrerit venenatis purus at feugiat. Pellentesque vitae feugiat purus. Donec mattis rhoncus lacinia. Sed quam diam, molestie id laoreet eu, lacinia ac turpis. Cras tincidunt lobortis elit quis aliquam. Proin et massa libero.

Aliquam id pharetra arcu. Vivamus vitae mattis ligula. Sed efficitur urna vitae scelerisque tempor. Proin purus magna, vulputate eu ligula a, vehicula malesuada enim. Curabitur aliquet rutrum enim et tincidunt. Vestibulum ante ipsum primis in faucibus orci luctus et ultrices posuere cubilia curae; Vivamus pharetra enim leo, nec molestie nibh consectetur quis. Class aptent taciti sociosqu ad litora torquent per conubia nostra, per inceptos himenaeos. Nunc quis maximus elit, vitae pulvinar urna. Integer at mi elit. Phasellus vitae rutrum sem. Vivamus et mauris ac nisl congue congue eu eget elit. Nullam at quam velit. Pellentesque dictum, diam nec tempor aliquet, tortor justo fermentum sapien, at condimentum turpis elit vel sapien. Aenean rutrum tellus sodales tortor viverra eleifend.

Donec facilisis, diam efficitur maximus ultrices, enim lectus rutrum elit, eget malesuada mi justo dapibus enim. Maecenas finibus euismod nulla quis dignissim. Sed dictum ante rutrum turpis euismod laoreet. Sed placerat tellus leo. In ut lobortis lorem. Nullam vitae lectus egestas urna tincidunt aliquet. Ut sagittis vel enim eget malesuada. Cras in congue tortor. Interdum et malesuada fames ac ante ipsum primis in faucibus. Nunc tempus consequat neque, et eleifend nulla aliquam eu.",Author 146,16,harry-potter-va-hon-a-phu-thuy-tap-1-tai-ban,NXB 146,2010,94
https://cdn1.fahasa.com/media/catalog/product/b/i/bia-1-tang-su.jpg,Lớp Có Tang Sự Không Cần Điểm Danh,212000,13,9780085480143,"Lorem ipsum dolor sit amet, consectetur adipiscing elit. Nam congue vel tellus non luctus. Vestibulum vitae nunc lorem. Sed lacinia lectus vel augue imperdiet ultricies. Donec id venenatis ex, vitae pretium ligula. Sed nulla eros, dignissim at feugiat non, posuere sit amet urna. Ut eu porttitor tellus. Cras eu massa nulla. Morbi porta fermentum elit eu iaculis. Pellentesque hendrerit venenatis purus at feugiat. Pellentesque vitae feugiat purus. Donec mattis rhoncus lacinia. Sed quam diam, molestie id laoreet eu, lacinia ac turpis. Cras tincidunt lobortis elit quis aliquam. Proin et massa libero.

Aliquam id pharetra arcu. Vivamus vitae mattis ligula. Sed efficitur urna vitae scelerisque tempor. Proin purus magna, vulputate eu ligula a, vehicula malesuada enim. Curabitur aliquet rutrum enim et tincidunt. Vestibulum ante ipsum primis in faucibus orci luctus et ultrices posuere cubilia curae; Vivamus pharetra enim leo, nec molestie nibh consectetur quis. Class aptent taciti sociosqu ad litora torquent per conubia nostra, per inceptos himenaeos. Nunc quis maximus elit, vitae pulvinar urna. Integer at mi elit. Phasellus vitae rutrum sem. Vivamus et mauris ac nisl congue congue eu eget elit. Nullam at quam velit. Pellentesque dictum, diam nec tempor aliquet, tortor justo fermentum sapien, at condimentum turpis elit vel sapien. Aenean rutrum tellus sodales tortor viverra eleifend.

Donec facilisis, diam efficitur maximus ultrices, enim lectus rutrum elit, eget malesuada mi justo dapibus enim. Maecenas finibus euismod nulla quis dignissim. Sed dictum ante rutrum turpis euismod laoreet. Sed placerat tellus leo. In ut lobortis lorem. Nullam vitae lectus egestas urna tincidunt aliquet. Ut sagittis vel enim eget malesuada. Cras in congue tortor. Interdum et malesuada fames ac ante ipsum primis in faucibus. Nunc tempus consequat neque, et eleifend nulla aliquam eu.",Author 147,13,lop-co-tang-su-khong-can-iem-danh,NXB 147,2018,62
https://cdn1.fahasa.com/media/catalog/product/8/9/8934974182290.jpg,Harry Potter Và Phòng Chứa Bí Mật - Tập 2 (Tái Bản 2022),144500,13,9780085480144,"Lorem ipsum dolor sit amet, consectetur adipiscing elit. Nam congue vel tellus non luctus. Vestibulum vitae nunc lorem. Sed lacinia lectus vel augue imperdiet ultricies. Donec id venenatis ex, vitae pretium ligula. Sed nulla eros, dignissim at feugiat non, posuere sit amet urna. Ut eu porttitor tellus. Cras eu massa nulla. Morbi porta fermentum elit eu iaculis. Pellentesque hendrerit venenatis purus at feugiat. Pellentesque vitae feugiat purus. Donec mattis rhoncus lacinia. Sed quam diam, molestie id laoreet eu, lacinia ac turpis. Cras tincidunt lobortis elit quis aliquam. Proin et massa libero.

Aliquam id pharetra arcu. Vivamus vitae mattis ligula. Sed efficitur urna vitae scelerisque tempor. Proin purus magna, vulputate eu ligula a, vehicula malesuada enim. Curabitur aliquet rutrum enim et tincidunt. Vestibulum ante ipsum primis in faucibus orci luctus et ultrices posuere cubilia curae; Vivamus pharetra enim leo, nec molestie nibh consectetur quis. Class aptent taciti sociosqu ad litora torquent per conubia nostra, per inceptos himenaeos. Nunc quis maximus elit, vitae pulvinar urna. Integer at mi elit. Phasellus vitae rutrum sem. Vivamus et mauris ac nisl congue congue eu eget elit. Nullam at quam velit. Pellentesque dictum, diam nec tempor aliquet, tortor justo fermentum sapien, at condimentum turpis elit vel sapien. Aenean rutrum tellus sodales tortor viverra eleifend.

Donec facilisis, diam efficitur maximus ultrices, enim lectus rutrum elit, eget malesuada mi justo dapibus enim. Maecenas finibus euismod nulla quis dignissim. Sed dictum ante rutrum turpis euismod laoreet. Sed placerat tellus leo. In ut lobortis lorem. Nullam vitae lectus egestas urna tincidunt aliquet. Ut sagittis vel enim eget malesuada. Cras in congue tortor. Interdum et malesuada fames ac ante ipsum primis in faucibus. Nunc tempus consequat neque, et eleifend nulla aliquam eu.",Author 148,6,harry-potter-va-phong-chua-bi-mat-tap-2-tai-ban-2022,NXB 148,2009,113
https://cdn1.fahasa.com/media/catalog/product/2/4/24d0a082-972d-44c5-bcc3-5b41f575cbd5.jpg,Sĩ Số Lớp Vắng 0,76500,13,9780085480145,"Lorem ipsum dolor sit amet, consectetur adipiscing elit. Nam congue vel tellus non luctus. Vestibulum vitae nunc lorem. Sed lacinia lectus vel augue imperdiet ultricies. Donec id venenatis ex, vitae pretium ligula. Sed nulla eros, dignissim at feugiat non, posuere sit amet urna. Ut eu porttitor tellus. Cras eu massa nulla. Morbi porta fermentum elit eu iaculis. Pellentesque hendrerit venenatis purus at feugiat. Pellentesque vitae feugiat purus. Donec mattis rhoncus lacinia. Sed quam diam, molestie id laoreet eu, lacinia ac turpis. Cras tincidunt lobortis elit quis aliquam. Proin et massa libero.

Aliquam id pharetra arcu. Vivamus vitae mattis ligula. Sed efficitur urna vitae scelerisque tempor. Proin purus magna, vulputate eu ligula a, vehicula malesuada enim. Curabitur aliquet rutrum enim et tincidunt. Vestibulum ante ipsum primis in faucibus orci luctus et ultrices posuere cubilia curae; Vivamus pharetra enim leo, nec molestie nibh consectetur quis. Class aptent taciti sociosqu ad litora torquent per conubia nostra, per inceptos himenaeos. Nunc quis maximus elit, vitae pulvinar urna. Integer at mi elit. Phasellus vitae rutrum sem. Vivamus et mauris ac nisl congue congue eu eget elit. Nullam at quam velit. Pellentesque dictum, diam nec tempor aliquet, tortor justo fermentum sapien, at condimentum turpis elit vel sapien. Aenean rutrum tellus sodales tortor viverra eleifend.

Donec facilisis, diam efficitur maximus ultrices, enim lectus rutrum elit, eget malesuada mi justo dapibus enim. Maecenas finibus euismod nulla quis dignissim. Sed dictum ante rutrum turpis euismod laoreet. Sed placerat tellus leo. In ut lobortis lorem. Nullam vitae lectus egestas urna tincidunt aliquet. Ut sagittis vel enim eget malesuada. Cras in congue tortor. Interdum et malesuada fames ac ante ipsum primis in faucibus. Nunc tempus consequat neque, et eleifend nulla aliquam eu.",Author 149,8,si-so-lop-vang-0,NXB 149,2020,54
https://cdn1.fahasa.com/media/catalog/product/8/9/8934974185116.jpg,Boxset Harry Potter Hộp (Trọn Bộ 7 Cuốn),1.4935,13,9780085480146,"Lorem ipsum dolor sit amet, consectetur adipiscing elit. Nam congue vel tellus non luctus. Vestibulum vitae nunc lorem. Sed lacinia lectus vel augue imperdiet ultricies. Donec id venenatis ex, vitae pretium ligula. Sed nulla eros, dignissim at feugiat non, posuere sit amet urna. Ut eu porttitor tellus. Cras eu massa nulla. Morbi porta fermentum elit eu iaculis. Pellentesque hendrerit venenatis purus at feugiat. Pellentesque vitae feugiat purus. Donec mattis rhoncus lacinia. Sed quam diam, molestie id laoreet eu, lacinia ac turpis. Cras tincidunt lobortis elit quis aliquam. Proin et massa libero.

Aliquam id pharetra arcu. Vivamus vitae mattis ligula. Sed efficitur urna vitae scelerisque tempor. Proin purus magna, vulputate eu ligula a, vehicula malesuada enim. Curabitur aliquet rutrum enim et tincidunt. Vestibulum ante ipsum primis in faucibus orci luctus et ultrices posuere cubilia curae; Vivamus pharetra enim leo, nec molestie nibh consectetur quis. Class aptent taciti sociosqu ad litora torquent per conubia nostra, per inceptos himenaeos. Nunc quis maximus elit, vitae pulvinar urna. Integer at mi elit. Phasellus vitae rutrum sem. Vivamus et mauris ac nisl congue congue eu eget elit. Nullam at quam velit. Pellentesque dictum, diam nec tempor aliquet, tortor justo fermentum sapien, at condimentum turpis elit vel sapien. Aenean rutrum tellus sodales tortor viverra eleifend.

Donec facilisis, diam efficitur maximus ultrices, enim lectus rutrum elit, eget malesuada mi justo dapibus enim. Maecenas finibus euismod nulla quis dignissim. Sed dictum ante rutrum turpis euismod laoreet. Sed placerat tellus leo. In ut lobortis lorem. Nullam vitae lectus egestas urna tincidunt aliquet. Ut sagittis vel enim eget malesuada. Cras in congue tortor. Interdum et malesuada fames ac ante ipsum primis in faucibus. Nunc tempus consequat neque, et eleifend nulla aliquam eu.",Author 150,18,boxset-harry-potter-hop-tron-bo-7-cuon,NXB 150,2007,77
https://cdn1.fahasa.com/media/catalog/product/8/9/8934974184027.jpg,Harry Potter Và Hội Phượng Hoàng - Tập 5 (Tái Bản 2023),327000,13,9780085480147,"Lorem ipsum dolor sit amet, consectetur adipiscing elit. Nam congue vel tellus non luctus. Vestibulum vitae nunc lorem. Sed lacinia lectus vel augue imperdiet ultricies. Donec id venenatis ex, vitae pretium ligula. Sed nulla eros, dignissim at feugiat non, posuere sit amet urna. Ut eu porttitor tellus. Cras eu massa nulla. Morbi porta fermentum elit eu iaculis. Pellentesque hendrerit venenatis purus at feugiat. Pellentesque vitae feugiat purus. Donec mattis rhoncus lacinia. Sed quam diam, molestie id laoreet eu, lacinia ac turpis. Cras tincidunt lobortis elit quis aliquam. Proin et massa libero.

Aliquam id pharetra arcu. Vivamus vitae mattis ligula. Sed efficitur urna vitae scelerisque tempor. Proin purus magna, vulputate eu ligula a, vehicula malesuada enim. Curabitur aliquet rutrum enim et tincidunt. Vestibulum ante ipsum primis in faucibus orci luctus et ultrices posuere cubilia curae; Vivamus pharetra enim leo, nec molestie nibh consectetur quis. Class aptent taciti sociosqu ad litora torquent per conubia nostra, per inceptos himenaeos. Nunc quis maximus elit, vitae pulvinar urna. Integer at mi elit. Phasellus vitae rutrum sem. Vivamus et mauris ac nisl congue congue eu eget elit. Nullam at quam velit. Pellentesque dictum, diam nec tempor aliquet, tortor justo fermentum sapien, at condimentum turpis elit vel sapien. Aenean rutrum tellus sodales tortor viverra eleifend.

Donec facilisis, diam efficitur maximus ultrices, enim lectus rutrum elit, eget malesuada mi justo dapibus enim. Maecenas finibus euismod nulla quis dignissim. Sed dictum ante rutrum turpis euismod laoreet. Sed placerat tellus leo. In ut lobortis lorem. Nullam vitae lectus egestas urna tincidunt aliquet. Ut sagittis vel enim eget malesuada. Cras in congue tortor. Interdum et malesuada fames ac ante ipsum primis in faucibus. Nunc tempus consequat neque, et eleifend nulla aliquam eu.",Author 151,15,harry-potter-va-hoi-phuong-hoang-tap-5-tai-ban-2023,NXB 151,2005,50
https://cdn1.fahasa.com/media/catalog/product/2/_/2_19_28_1.jpg,Trò Chơi Giải Mã Ác Mộng,134000,13,9780085480148,"Lorem ipsum dolor sit amet, consectetur adipiscing elit. Nam congue vel tellus non luctus. Vestibulum vitae nunc lorem. Sed lacinia lectus vel augue imperdiet ultricies. Donec id venenatis ex, vitae pretium ligula. Sed nulla eros, dignissim at feugiat non, posuere sit amet urna. Ut eu porttitor tellus. Cras eu massa nulla. Morbi porta fermentum elit eu iaculis. Pellentesque hendrerit venenatis purus at feugiat. Pellentesque vitae feugiat purus. Donec mattis rhoncus lacinia. Sed quam diam, molestie id laoreet eu, lacinia ac turpis. Cras tincidunt lobortis elit quis aliquam. Proin et massa libero.

Aliquam id pharetra arcu. Vivamus vitae mattis ligula. Sed efficitur urna vitae scelerisque tempor. Proin purus magna, vulputate eu ligula a, vehicula malesuada enim. Curabitur aliquet rutrum enim et tincidunt. Vestibulum ante ipsum primis in faucibus orci luctus et ultrices posuere cubilia curae; Vivamus pharetra enim leo, nec molestie nibh consectetur quis. Class aptent taciti sociosqu ad litora torquent per conubia nostra, per inceptos himenaeos. Nunc quis maximus elit, vitae pulvinar urna. Integer at mi elit. Phasellus vitae rutrum sem. Vivamus et mauris ac nisl congue congue eu eget elit. Nullam at quam velit. Pellentesque dictum, diam nec tempor aliquet, tortor justo fermentum sapien, at condimentum turpis elit vel sapien. Aenean rutrum tellus sodales tortor viverra eleifend.

Donec facilisis, diam efficitur maximus ultrices, enim lectus rutrum elit, eget malesuada mi justo dapibus enim. Maecenas finibus euismod nulla quis dignissim. Sed dictum ante rutrum turpis euismod laoreet. Sed placerat tellus leo. In ut lobortis lorem. Nullam vitae lectus egestas urna tincidunt aliquet. Ut sagittis vel enim eget malesuada. Cras in congue tortor. Interdum et malesuada fames ac ante ipsum primis in faucibus. Nunc tempus consequat neque, et eleifend nulla aliquam eu.",Author 152,6,tro-choi-giai-ma-ac-mong,NXB 152,2024,77
https://cdn1.fahasa.com/media/catalog/product/8/9/8935244874488.jpg,Circe,170000,13,9780085480149,"Lorem ipsum dolor sit amet, consectetur adipiscing elit. Nam congue vel tellus non luctus. Vestibulum vitae nunc lorem. Sed lacinia lectus vel augue imperdiet ultricies. Donec id venenatis ex, vitae pretium ligula. Sed nulla eros, dignissim at feugiat non, posuere sit amet urna. Ut eu porttitor tellus. Cras eu massa nulla. Morbi porta fermentum elit eu iaculis. Pellentesque hendrerit venenatis purus at feugiat. Pellentesque vitae feugiat purus. Donec mattis rhoncus lacinia. Sed quam diam, molestie id laoreet eu, lacinia ac turpis. Cras tincidunt lobortis elit quis aliquam. Proin et massa libero.

Aliquam id pharetra arcu. Vivamus vitae mattis ligula. Sed efficitur urna vitae scelerisque tempor. Proin purus magna, vulputate eu ligula a, vehicula malesuada enim. Curabitur aliquet rutrum enim et tincidunt. Vestibulum ante ipsum primis in faucibus orci luctus et ultrices posuere cubilia curae; Vivamus pharetra enim leo, nec molestie nibh consectetur quis. Class aptent taciti sociosqu ad litora torquent per conubia nostra, per inceptos himenaeos. Nunc quis maximus elit, vitae pulvinar urna. Integer at mi elit. Phasellus vitae rutrum sem. Vivamus et mauris ac nisl congue congue eu eget elit. Nullam at quam velit. Pellentesque dictum, diam nec tempor aliquet, tortor justo fermentum sapien, at condimentum turpis elit vel sapien. Aenean rutrum tellus sodales tortor viverra eleifend.

Donec facilisis, diam efficitur maximus ultrices, enim lectus rutrum elit, eget malesuada mi justo dapibus enim. Maecenas finibus euismod nulla quis dignissim. Sed dictum ante rutrum turpis euismod laoreet. Sed placerat tellus leo. In ut lobortis lorem. Nullam vitae lectus egestas urna tincidunt aliquet. Ut sagittis vel enim eget malesuada. Cras in congue tortor. Interdum et malesuada fames ac ante ipsum primis in faucibus. Nunc tempus consequat neque, et eleifend nulla aliquam eu.",Author 153,14,circe,NXB 153,2007,98
https://cdn1.fahasa.com/media/catalog/product/9/7/9786043930573.jpg,Thiên Thần Và Ác Quỷ - Bìa Cứng (Tái Bản 2023),155350,13,9780085480150,"Lorem ipsum dolor sit amet, consectetur adipiscing elit. Nam congue vel tellus non luctus. Vestibulum vitae nunc lorem. Sed lacinia lectus vel augue imperdiet ultricies. Donec id venenatis ex, vitae pretium ligula. Sed nulla eros, dignissim at feugiat non, posuere sit amet urna. Ut eu porttitor tellus. Cras eu massa nulla. Morbi porta fermentum elit eu iaculis. Pellentesque hendrerit venenatis purus at feugiat. Pellentesque vitae feugiat purus. Donec mattis rhoncus lacinia. Sed quam diam, molestie id laoreet eu, lacinia ac turpis. Cras tincidunt lobortis elit quis aliquam. Proin et massa libero.

Aliquam id pharetra arcu. Vivamus vitae mattis ligula. Sed efficitur urna vitae scelerisque tempor. Proin purus magna, vulputate eu ligula a, vehicula malesuada enim. Curabitur aliquet rutrum enim et tincidunt. Vestibulum ante ipsum primis in faucibus orci luctus et ultrices posuere cubilia curae; Vivamus pharetra enim leo, nec molestie nibh consectetur quis. Class aptent taciti sociosqu ad litora torquent per conubia nostra, per inceptos himenaeos. Nunc quis maximus elit, vitae pulvinar urna. Integer at mi elit. Phasellus vitae rutrum sem. Vivamus et mauris ac nisl congue congue eu eget elit. Nullam at quam velit. Pellentesque dictum, diam nec tempor aliquet, tortor justo fermentum sapien, at condimentum turpis elit vel sapien. Aenean rutrum tellus sodales tortor viverra eleifend.

Donec facilisis, diam efficitur maximus ultrices, enim lectus rutrum elit, eget malesuada mi justo dapibus enim. Maecenas finibus euismod nulla quis dignissim. Sed dictum ante rutrum turpis euismod laoreet. Sed placerat tellus leo. In ut lobortis lorem. Nullam vitae lectus egestas urna tincidunt aliquet. Ut sagittis vel enim eget malesuada. Cras in congue tortor. Interdum et malesuada fames ac ante ipsum primis in faucibus. Nunc tempus consequat neque, et eleifend nulla aliquam eu.",Author 154,8,thien-than-va-ac-quy-bia-cung-tai-ban-2023,NXB 154,2002,89
https://cdn1.fahasa.com/media/catalog/product/8/9/8935212358279.jpg,Tết Ở Làng Địa Ngục,121680,13,9780085480151,"Lorem ipsum dolor sit amet, consectetur adipiscing elit. Nam congue vel tellus non luctus. Vestibulum vitae nunc lorem. Sed lacinia lectus vel augue imperdiet ultricies. Donec id venenatis ex, vitae pretium ligula. Sed nulla eros, dignissim at feugiat non, posuere sit amet urna. Ut eu porttitor tellus. Cras eu massa nulla. Morbi porta fermentum elit eu iaculis. Pellentesque hendrerit venenatis purus at feugiat. Pellentesque vitae feugiat purus. Donec mattis rhoncus lacinia. Sed quam diam, molestie id laoreet eu, lacinia ac turpis. Cras tincidunt lobortis elit quis aliquam. Proin et massa libero.

Aliquam id pharetra arcu. Vivamus vitae mattis ligula. Sed efficitur urna vitae scelerisque tempor. Proin purus magna, vulputate eu ligula a, vehicula malesuada enim. Curabitur aliquet rutrum enim et tincidunt. Vestibulum ante ipsum primis in faucibus orci luctus et ultrices posuere cubilia curae; Vivamus pharetra enim leo, nec molestie nibh consectetur quis. Class aptent taciti sociosqu ad litora torquent per conubia nostra, per inceptos himenaeos. Nunc quis maximus elit, vitae pulvinar urna. Integer at mi elit. Phasellus vitae rutrum sem. Vivamus et mauris ac nisl congue congue eu eget elit. Nullam at quam velit. Pellentesque dictum, diam nec tempor aliquet, tortor justo fermentum sapien, at condimentum turpis elit vel sapien. Aenean rutrum tellus sodales tortor viverra eleifend.

Donec facilisis, diam efficitur maximus ultrices, enim lectus rutrum elit, eget malesuada mi justo dapibus enim. Maecenas finibus euismod nulla quis dignissim. Sed dictum ante rutrum turpis euismod laoreet. Sed placerat tellus leo. In ut lobortis lorem. Nullam vitae lectus egestas urna tincidunt aliquet. Ut sagittis vel enim eget malesuada. Cras in congue tortor. Interdum et malesuada fames ac ante ipsum primis in faucibus. Nunc tempus consequat neque, et eleifend nulla aliquam eu.",Author 155,13,tet-o-lang-ia-nguc,NXB 155,2014,63
https://cdn1.fahasa.com/media/catalog/product/b/i/bia-1_kvhcc_tap-3_tb2023.jpg,Kính Vạn Hoa Chết Chóc - Tập 3 (Tái Bản 2023),143500,13,9780085480152,"Lorem ipsum dolor sit amet, consectetur adipiscing elit. Nam congue vel tellus non luctus. Vestibulum vitae nunc lorem. Sed lacinia lectus vel augue imperdiet ultricies. Donec id venenatis ex, vitae pretium ligula. Sed nulla eros, dignissim at feugiat non, posuere sit amet urna. Ut eu porttitor tellus. Cras eu massa nulla. Morbi porta fermentum elit eu iaculis. Pellentesque hendrerit venenatis purus at feugiat. Pellentesque vitae feugiat purus. Donec mattis rhoncus lacinia. Sed quam diam, molestie id laoreet eu, lacinia ac turpis. Cras tincidunt lobortis elit quis aliquam. Proin et massa libero.

Aliquam id pharetra arcu. Vivamus vitae mattis ligula. Sed efficitur urna vitae scelerisque tempor. Proin purus magna, vulputate eu ligula a, vehicula malesuada enim. Curabitur aliquet rutrum enim et tincidunt. Vestibulum ante ipsum primis in faucibus orci luctus et ultrices posuere cubilia curae; Vivamus pharetra enim leo, nec molestie nibh consectetur quis. Class aptent taciti sociosqu ad litora torquent per conubia nostra, per inceptos himenaeos. Nunc quis maximus elit, vitae pulvinar urna. Integer at mi elit. Phasellus vitae rutrum sem. Vivamus et mauris ac nisl congue congue eu eget elit. Nullam at quam velit. Pellentesque dictum, diam nec tempor aliquet, tortor justo fermentum sapien, at condimentum turpis elit vel sapien. Aenean rutrum tellus sodales tortor viverra eleifend.

Donec facilisis, diam efficitur maximus ultrices, enim lectus rutrum elit, eget malesuada mi justo dapibus enim. Maecenas finibus euismod nulla quis dignissim. Sed dictum ante rutrum turpis euismod laoreet. Sed placerat tellus leo. In ut lobortis lorem. Nullam vitae lectus egestas urna tincidunt aliquet. Ut sagittis vel enim eget malesuada. Cras in congue tortor. Interdum et malesuada fames ac ante ipsum primis in faucibus. Nunc tempus consequat neque, et eleifend nulla aliquam eu.",Author 156,6,kinh-van-hoa-chet-choc-tap-3-tai-ban-2023,NXB 156,2010,82
https://cdn1.fahasa.com/media/catalog/product/b/i/bia1_chuyen-kinh-di-hang-dem.jpg,Chuyện Kinh Dị Hằng Đêm,151000,13,9780085480153,"Lorem ipsum dolor sit amet, consectetur adipiscing elit. Nam congue vel tellus non luctus. Vestibulum vitae nunc lorem. Sed lacinia lectus vel augue imperdiet ultricies. Donec id venenatis ex, vitae pretium ligula. Sed nulla eros, dignissim at feugiat non, posuere sit amet urna. Ut eu porttitor tellus. Cras eu massa nulla. Morbi porta fermentum elit eu iaculis. Pellentesque hendrerit venenatis purus at feugiat. Pellentesque vitae feugiat purus. Donec mattis rhoncus lacinia. Sed quam diam, molestie id laoreet eu, lacinia ac turpis. Cras tincidunt lobortis elit quis aliquam. Proin et massa libero.

Aliquam id pharetra arcu. Vivamus vitae mattis ligula. Sed efficitur urna vitae scelerisque tempor. Proin purus magna, vulputate eu ligula a, vehicula malesuada enim. Curabitur aliquet rutrum enim et tincidunt. Vestibulum ante ipsum primis in faucibus orci luctus et ultrices posuere cubilia curae; Vivamus pharetra enim leo, nec molestie nibh consectetur quis. Class aptent taciti sociosqu ad litora torquent per conubia nostra, per inceptos himenaeos. Nunc quis maximus elit, vitae pulvinar urna. Integer at mi elit. Phasellus vitae rutrum sem. Vivamus et mauris ac nisl congue congue eu eget elit. Nullam at quam velit. Pellentesque dictum, diam nec tempor aliquet, tortor justo fermentum sapien, at condimentum turpis elit vel sapien. Aenean rutrum tellus sodales tortor viverra eleifend.

Donec facilisis, diam efficitur maximus ultrices, enim lectus rutrum elit, eget malesuada mi justo dapibus enim. Maecenas finibus euismod nulla quis dignissim. Sed dictum ante rutrum turpis euismod laoreet. Sed placerat tellus leo. In ut lobortis lorem. Nullam vitae lectus egestas urna tincidunt aliquet. Ut sagittis vel enim eget malesuada. Cras in congue tortor. Interdum et malesuada fames ac ante ipsum primis in faucibus. Nunc tempus consequat neque, et eleifend nulla aliquam eu.",Author 157,12,chuyen-kinh-di-hang-em,NXB 157,2021,70
https://cdn1.fahasa.com/media/catalog/product/b/i/bia-1_kvhcc_tap-4_tb2023.jpg,Kính Vạn Hoa Chết Chóc - Tập 4 (Tái Bản 2023),143500,13,9780085480154,"Lorem ipsum dolor sit amet, consectetur adipiscing elit. Nam congue vel tellus non luctus. Vestibulum vitae nunc lorem. Sed lacinia lectus vel augue imperdiet ultricies. Donec id venenatis ex, vitae pretium ligula. Sed nulla eros, dignissim at feugiat non, posuere sit amet urna. Ut eu porttitor tellus. Cras eu massa nulla. Morbi porta fermentum elit eu iaculis. Pellentesque hendrerit venenatis purus at feugiat. Pellentesque vitae feugiat purus. Donec mattis rhoncus lacinia. Sed quam diam, molestie id laoreet eu, lacinia ac turpis. Cras tincidunt lobortis elit quis aliquam. Proin et massa libero.

Aliquam id pharetra arcu. Vivamus vitae mattis ligula. Sed efficitur urna vitae scelerisque tempor. Proin purus magna, vulputate eu ligula a, vehicula malesuada enim. Curabitur aliquet rutrum enim et tincidunt. Vestibulum ante ipsum primis in faucibus orci luctus et ultrices posuere cubilia curae; Vivamus pharetra enim leo, nec molestie nibh consectetur quis. Class aptent taciti sociosqu ad litora torquent per conubia nostra, per inceptos himenaeos. Nunc quis maximus elit, vitae pulvinar urna. Integer at mi elit. Phasellus vitae rutrum sem. Vivamus et mauris ac nisl congue congue eu eget elit. Nullam at quam velit. Pellentesque dictum, diam nec tempor aliquet, tortor justo fermentum sapien, at condimentum turpis elit vel sapien. Aenean rutrum tellus sodales tortor viverra eleifend.

Donec facilisis, diam efficitur maximus ultrices, enim lectus rutrum elit, eget malesuada mi justo dapibus enim. Maecenas finibus euismod nulla quis dignissim. Sed dictum ante rutrum turpis euismod laoreet. Sed placerat tellus leo. In ut lobortis lorem. Nullam vitae lectus egestas urna tincidunt aliquet. Ut sagittis vel enim eget malesuada. Cras in congue tortor. Interdum et malesuada fames ac ante ipsum primis in faucibus. Nunc tempus consequat neque, et eleifend nulla aliquam eu.",Author 158,14,kinh-van-hoa-chet-choc-tap-4-tai-ban-2023,NXB 158,2001,119
https://cdn1.fahasa.com/media/catalog/product/8/9/8934974179658_1.jpg,Harry Potter Và Tên Tù Nhân Ngục Azkaban - Tập 3 (Tái Bản),174000,13,9780085480155,"Lorem ipsum dolor sit amet, consectetur adipiscing elit. Nam congue vel tellus non luctus. Vestibulum vitae nunc lorem. Sed lacinia lectus vel augue imperdiet ultricies. Donec id venenatis ex, vitae pretium ligula. Sed nulla eros, dignissim at feugiat non, posuere sit amet urna. Ut eu porttitor tellus. Cras eu massa nulla. Morbi porta fermentum elit eu iaculis. Pellentesque hendrerit venenatis purus at feugiat. Pellentesque vitae feugiat purus. Donec mattis rhoncus lacinia. Sed quam diam, molestie id laoreet eu, lacinia ac turpis. Cras tincidunt lobortis elit quis aliquam. Proin et massa libero.

Aliquam id pharetra arcu. Vivamus vitae mattis ligula. Sed efficitur urna vitae scelerisque tempor. Proin purus magna, vulputate eu ligula a, vehicula malesuada enim. Curabitur aliquet rutrum enim et tincidunt. Vestibulum ante ipsum primis in faucibus orci luctus et ultrices posuere cubilia curae; Vivamus pharetra enim leo, nec molestie nibh consectetur quis. Class aptent taciti sociosqu ad litora torquent per conubia nostra, per inceptos himenaeos. Nunc quis maximus elit, vitae pulvinar urna. Integer at mi elit. Phasellus vitae rutrum sem. Vivamus et mauris ac nisl congue congue eu eget elit. Nullam at quam velit. Pellentesque dictum, diam nec tempor aliquet, tortor justo fermentum sapien, at condimentum turpis elit vel sapien. Aenean rutrum tellus sodales tortor viverra eleifend.

Donec facilisis, diam efficitur maximus ultrices, enim lectus rutrum elit, eget malesuada mi justo dapibus enim. Maecenas finibus euismod nulla quis dignissim. Sed dictum ante rutrum turpis euismod laoreet. Sed placerat tellus leo. In ut lobortis lorem. Nullam vitae lectus egestas urna tincidunt aliquet. Ut sagittis vel enim eget malesuada. Cras in congue tortor. Interdum et malesuada fames ac ante ipsum primis in faucibus. Nunc tempus consequat neque, et eleifend nulla aliquam eu.",Author 159,17,harry-potter-va-ten-tu-nhan-nguc-azkaban-tap-3-tai-ban,NXB 159,2005,128
https://cdn1.fahasa.com/media/catalog/product/8/9/8936213491057.jpg,17 Âm 1,135000,13,9780085480156,"Lorem ipsum dolor sit amet, consectetur adipiscing elit. Nam congue vel tellus non luctus. Vestibulum vitae nunc lorem. Sed lacinia lectus vel augue imperdiet ultricies. Donec id venenatis ex, vitae pretium ligula. Sed nulla eros, dignissim at feugiat non, posuere sit amet urna. Ut eu porttitor tellus. Cras eu massa nulla. Morbi porta fermentum elit eu iaculis. Pellentesque hendrerit venenatis purus at feugiat. Pellentesque vitae feugiat purus. Donec mattis rhoncus lacinia. Sed quam diam, molestie id laoreet eu, lacinia ac turpis. Cras tincidunt lobortis elit quis aliquam. Proin et massa libero.

Aliquam id pharetra arcu. Vivamus vitae mattis ligula. Sed efficitur urna vitae scelerisque tempor. Proin purus magna, vulputate eu ligula a, vehicula malesuada enim. Curabitur aliquet rutrum enim et tincidunt. Vestibulum ante ipsum primis in faucibus orci luctus et ultrices posuere cubilia curae; Vivamus pharetra enim leo, nec molestie nibh consectetur quis. Class aptent taciti sociosqu ad litora torquent per conubia nostra, per inceptos himenaeos. Nunc quis maximus elit, vitae pulvinar urna. Integer at mi elit. Phasellus vitae rutrum sem. Vivamus et mauris ac nisl congue congue eu eget elit. Nullam at quam velit. Pellentesque dictum, diam nec tempor aliquet, tortor justo fermentum sapien, at condimentum turpis elit vel sapien. Aenean rutrum tellus sodales tortor viverra eleifend.

Donec facilisis, diam efficitur maximus ultrices, enim lectus rutrum elit, eget malesuada mi justo dapibus enim. Maecenas finibus euismod nulla quis dignissim. Sed dictum ante rutrum turpis euismod laoreet. Sed placerat tellus leo. In ut lobortis lorem. Nullam vitae lectus egestas urna tincidunt aliquet. Ut sagittis vel enim eget malesuada. Cras in congue tortor. Interdum et malesuada fames ac ante ipsum primis in faucibus. Nunc tempus consequat neque, et eleifend nulla aliquam eu.",Author 160,13,17-am-1,NXB 160,2012,65
https://cdn1.fahasa.com/media/catalog/product/8/9/8934974180555.jpg,Harry Potter Và Chiếc Cốc Lửa (Tái Bản 2022),263500,13,9780085480157,"Lorem ipsum dolor sit amet, consectetur adipiscing elit. Nam congue vel tellus non luctus. Vestibulum vitae nunc lorem. Sed lacinia lectus vel augue imperdiet ultricies. Donec id venenatis ex, vitae pretium ligula. Sed nulla eros, dignissim at feugiat non, posuere sit amet urna. Ut eu porttitor tellus. Cras eu massa nulla. Morbi porta fermentum elit eu iaculis. Pellentesque hendrerit venenatis purus at feugiat. Pellentesque vitae feugiat purus. Donec mattis rhoncus lacinia. Sed quam diam, molestie id laoreet eu, lacinia ac turpis. Cras tincidunt lobortis elit quis aliquam. Proin et massa libero.

Aliquam id pharetra arcu. Vivamus vitae mattis ligula. Sed efficitur urna vitae scelerisque tempor. Proin purus magna, vulputate eu ligula a, vehicula malesuada enim. Curabitur aliquet rutrum enim et tincidunt. Vestibulum ante ipsum primis in faucibus orci luctus et ultrices posuere cubilia curae; Vivamus pharetra enim leo, nec molestie nibh consectetur quis. Class aptent taciti sociosqu ad litora torquent per conubia nostra, per inceptos himenaeos. Nunc quis maximus elit, vitae pulvinar urna. Integer at mi elit. Phasellus vitae rutrum sem. Vivamus et mauris ac nisl congue congue eu eget elit. Nullam at quam velit. Pellentesque dictum, diam nec tempor aliquet, tortor justo fermentum sapien, at condimentum turpis elit vel sapien. Aenean rutrum tellus sodales tortor viverra eleifend.

Donec facilisis, diam efficitur maximus ultrices, enim lectus rutrum elit, eget malesuada mi justo dapibus enim. Maecenas finibus euismod nulla quis dignissim. Sed dictum ante rutrum turpis euismod laoreet. Sed placerat tellus leo. In ut lobortis lorem. Nullam vitae lectus egestas urna tincidunt aliquet. Ut sagittis vel enim eget malesuada. Cras in congue tortor. Interdum et malesuada fames ac ante ipsum primis in faucibus. Nunc tempus consequat neque, et eleifend nulla aliquam eu.",Author 161,14,harry-potter-va-chiec-coc-lua-tai-ban-2022,NXB 161,2008,65
https://cdn1.fahasa.com/media/catalog/product/8/9/8936213491224.jpg,Tổng Đài Kể Chuyện Lúc 0h,134000,13,9780085480158,"Lorem ipsum dolor sit amet, consectetur adipiscing elit. Nam congue vel tellus non luctus. Vestibulum vitae nunc lorem. Sed lacinia lectus vel augue imperdiet ultricies. Donec id venenatis ex, vitae pretium ligula. Sed nulla eros, dignissim at feugiat non, posuere sit amet urna. Ut eu porttitor tellus. Cras eu massa nulla. Morbi porta fermentum elit eu iaculis. Pellentesque hendrerit venenatis purus at feugiat. Pellentesque vitae feugiat purus. Donec mattis rhoncus lacinia. Sed quam diam, molestie id laoreet eu, lacinia ac turpis. Cras tincidunt lobortis elit quis aliquam. Proin et massa libero.

Aliquam id pharetra arcu. Vivamus vitae mattis ligula. Sed efficitur urna vitae scelerisque tempor. Proin purus magna, vulputate eu ligula a, vehicula malesuada enim. Curabitur aliquet rutrum enim et tincidunt. Vestibulum ante ipsum primis in faucibus orci luctus et ultrices posuere cubilia curae; Vivamus pharetra enim leo, nec molestie nibh consectetur quis. Class aptent taciti sociosqu ad litora torquent per conubia nostra, per inceptos himenaeos. Nunc quis maximus elit, vitae pulvinar urna. Integer at mi elit. Phasellus vitae rutrum sem. Vivamus et mauris ac nisl congue congue eu eget elit. Nullam at quam velit. Pellentesque dictum, diam nec tempor aliquet, tortor justo fermentum sapien, at condimentum turpis elit vel sapien. Aenean rutrum tellus sodales tortor viverra eleifend.

Donec facilisis, diam efficitur maximus ultrices, enim lectus rutrum elit, eget malesuada mi justo dapibus enim. Maecenas finibus euismod nulla quis dignissim. Sed dictum ante rutrum turpis euismod laoreet. Sed placerat tellus leo. In ut lobortis lorem. Nullam vitae lectus egestas urna tincidunt aliquet. Ut sagittis vel enim eget malesuada. Cras in congue tortor. Interdum et malesuada fames ac ante ipsum primis in faucibus. Nunc tempus consequat neque, et eleifend nulla aliquam eu.",Author 162,11,tong-ai-ke-chuyen-luc-0h,NXB 162,2019,87
https://cdn1.fahasa.com/media/catalog/product/8/9/8935235235342.jpg,Bách Hóa Giấc Mơ Của Ngài Dollargut,110500,13,9780085480159,"Lorem ipsum dolor sit amet, consectetur adipiscing elit. Nam congue vel tellus non luctus. Vestibulum vitae nunc lorem. Sed lacinia lectus vel augue imperdiet ultricies. Donec id venenatis ex, vitae pretium ligula. Sed nulla eros, dignissim at feugiat non, posuere sit amet urna. Ut eu porttitor tellus. Cras eu massa nulla. Morbi porta fermentum elit eu iaculis. Pellentesque hendrerit venenatis purus at feugiat. Pellentesque vitae feugiat purus. Donec mattis rhoncus lacinia. Sed quam diam, molestie id laoreet eu, lacinia ac turpis. Cras tincidunt lobortis elit quis aliquam. Proin et massa libero.

Aliquam id pharetra arcu. Vivamus vitae mattis ligula. Sed efficitur urna vitae scelerisque tempor. Proin purus magna, vulputate eu ligula a, vehicula malesuada enim. Curabitur aliquet rutrum enim et tincidunt. Vestibulum ante ipsum primis in faucibus orci luctus et ultrices posuere cubilia curae; Vivamus pharetra enim leo, nec molestie nibh consectetur quis. Class aptent taciti sociosqu ad litora torquent per conubia nostra, per inceptos himenaeos. Nunc quis maximus elit, vitae pulvinar urna. Integer at mi elit. Phasellus vitae rutrum sem. Vivamus et mauris ac nisl congue congue eu eget elit. Nullam at quam velit. Pellentesque dictum, diam nec tempor aliquet, tortor justo fermentum sapien, at condimentum turpis elit vel sapien. Aenean rutrum tellus sodales tortor viverra eleifend.

Donec facilisis, diam efficitur maximus ultrices, enim lectus rutrum elit, eget malesuada mi justo dapibus enim. Maecenas finibus euismod nulla quis dignissim. Sed dictum ante rutrum turpis euismod laoreet. Sed placerat tellus leo. In ut lobortis lorem. Nullam vitae lectus egestas urna tincidunt aliquet. Ut sagittis vel enim eget malesuada. Cras in congue tortor. Interdum et malesuada fames ac ante ipsum primis in faucibus. Nunc tempus consequat neque, et eleifend nulla aliquam eu.",Author 163,10,bach-hoa-giac-mo-cua-ngai-dollargut,NXB 163,2009,136
https://cdn1.fahasa.com/media/catalog/product/z/6/z6553474747040_950a94cd62237be871809c6d6dd48a2e.jpg,Tết Ở Làng Địa Ngục - Tập 2 - U Hồn Tượng Đất - Tặng Kèm Bookmark + Postcard,151000,13,9780085480160,"Lorem ipsum dolor sit amet, consectetur adipiscing elit. Nam congue vel tellus non luctus. Vestibulum vitae nunc lorem. Sed lacinia lectus vel augue imperdiet ultricies. Donec id venenatis ex, vitae pretium ligula. Sed nulla eros, dignissim at feugiat non, posuere sit amet urna. Ut eu porttitor tellus. Cras eu massa nulla. Morbi porta fermentum elit eu iaculis. Pellentesque hendrerit venenatis purus at feugiat. Pellentesque vitae feugiat purus. Donec mattis rhoncus lacinia. Sed quam diam, molestie id laoreet eu, lacinia ac turpis. Cras tincidunt lobortis elit quis aliquam. Proin et massa libero.

Aliquam id pharetra arcu. Vivamus vitae mattis ligula. Sed efficitur urna vitae scelerisque tempor. Proin purus magna, vulputate eu ligula a, vehicula malesuada enim. Curabitur aliquet rutrum enim et tincidunt. Vestibulum ante ipsum primis in faucibus orci luctus et ultrices posuere cubilia curae; Vivamus pharetra enim leo, nec molestie nibh consectetur quis. Class aptent taciti sociosqu ad litora torquent per conubia nostra, per inceptos himenaeos. Nunc quis maximus elit, vitae pulvinar urna. Integer at mi elit. Phasellus vitae rutrum sem. Vivamus et mauris ac nisl congue congue eu eget elit. Nullam at quam velit. Pellentesque dictum, diam nec tempor aliquet, tortor justo fermentum sapien, at condimentum turpis elit vel sapien. Aenean rutrum tellus sodales tortor viverra eleifend.

Donec facilisis, diam efficitur maximus ultrices, enim lectus rutrum elit, eget malesuada mi justo dapibus enim. Maecenas finibus euismod nulla quis dignissim. Sed dictum ante rutrum turpis euismod laoreet. Sed placerat tellus leo. In ut lobortis lorem. Nullam vitae lectus egestas urna tincidunt aliquet. Ut sagittis vel enim eget malesuada. Cras in congue tortor. Interdum et malesuada fames ac ante ipsum primis in faucibus. Nunc tempus consequat neque, et eleifend nulla aliquam eu.",Author 164,17,tet-o-lang-ia-nguc-tap-2-u-hon-tuong-at-tang-kem-bookmark-postcard,NXB 164,2008,99
https://cdn1.fahasa.com/media/catalog/product/9/7/9786326022629.jpg,Lớp Học Cuối Cùng - Khi Máy Móc Ngừng Dạy Và Con Người Bắt Đầu Học,142500,13,9780085480161,"Lorem ipsum dolor sit amet, consectetur adipiscing elit. Nam congue vel tellus non luctus. Vestibulum vitae nunc lorem. Sed lacinia lectus vel augue imperdiet ultricies. Donec id venenatis ex, vitae pretium ligula. Sed nulla eros, dignissim at feugiat non, posuere sit amet urna. Ut eu porttitor tellus. Cras eu massa nulla. Morbi porta fermentum elit eu iaculis. Pellentesque hendrerit venenatis purus at feugiat. Pellentesque vitae feugiat purus. Donec mattis rhoncus lacinia. Sed quam diam, molestie id laoreet eu, lacinia ac turpis. Cras tincidunt lobortis elit quis aliquam. Proin et massa libero.

Aliquam id pharetra arcu. Vivamus vitae mattis ligula. Sed efficitur urna vitae scelerisque tempor. Proin purus magna, vulputate eu ligula a, vehicula malesuada enim. Curabitur aliquet rutrum enim et tincidunt. Vestibulum ante ipsum primis in faucibus orci luctus et ultrices posuere cubilia curae; Vivamus pharetra enim leo, nec molestie nibh consectetur quis. Class aptent taciti sociosqu ad litora torquent per conubia nostra, per inceptos himenaeos. Nunc quis maximus elit, vitae pulvinar urna. Integer at mi elit. Phasellus vitae rutrum sem. Vivamus et mauris ac nisl congue congue eu eget elit. Nullam at quam velit. Pellentesque dictum, diam nec tempor aliquet, tortor justo fermentum sapien, at condimentum turpis elit vel sapien. Aenean rutrum tellus sodales tortor viverra eleifend.

Donec facilisis, diam efficitur maximus ultrices, enim lectus rutrum elit, eget malesuada mi justo dapibus enim. Maecenas finibus euismod nulla quis dignissim. Sed dictum ante rutrum turpis euismod laoreet. Sed placerat tellus leo. In ut lobortis lorem. Nullam vitae lectus egestas urna tincidunt aliquet. Ut sagittis vel enim eget malesuada. Cras in congue tortor. Interdum et malesuada fames ac ante ipsum primis in faucibus. Nunc tempus consequat neque, et eleifend nulla aliquam eu.",Author 165,15,lop-hoc-cuoi-cung-khi-may-moc-ngung-day-va-con-nguoi-bat-au-hoc,NXB 165,2004,92
https://cdn1.fahasa.com/media/catalog/product/b/i/bia1-giengdoc.jpg,Giếng Độc,84000,13,9780085480162,"Lorem ipsum dolor sit amet, consectetur adipiscing elit. Nam congue vel tellus non luctus. Vestibulum vitae nunc lorem. Sed lacinia lectus vel augue imperdiet ultricies. Donec id venenatis ex, vitae pretium ligula. Sed nulla eros, dignissim at feugiat non, posuere sit amet urna. Ut eu porttitor tellus. Cras eu massa nulla. Morbi porta fermentum elit eu iaculis. Pellentesque hendrerit venenatis purus at feugiat. Pellentesque vitae feugiat purus. Donec mattis rhoncus lacinia. Sed quam diam, molestie id laoreet eu, lacinia ac turpis. Cras tincidunt lobortis elit quis aliquam. Proin et massa libero.

Aliquam id pharetra arcu. Vivamus vitae mattis ligula. Sed efficitur urna vitae scelerisque tempor. Proin purus magna, vulputate eu ligula a, vehicula malesuada enim. Curabitur aliquet rutrum enim et tincidunt. Vestibulum ante ipsum primis in faucibus orci luctus et ultrices posuere cubilia curae; Vivamus pharetra enim leo, nec molestie nibh consectetur quis. Class aptent taciti sociosqu ad litora torquent per conubia nostra, per inceptos himenaeos. Nunc quis maximus elit, vitae pulvinar urna. Integer at mi elit. Phasellus vitae rutrum sem. Vivamus et mauris ac nisl congue congue eu eget elit. Nullam at quam velit. Pellentesque dictum, diam nec tempor aliquet, tortor justo fermentum sapien, at condimentum turpis elit vel sapien. Aenean rutrum tellus sodales tortor viverra eleifend.

Donec facilisis, diam efficitur maximus ultrices, enim lectus rutrum elit, eget malesuada mi justo dapibus enim. Maecenas finibus euismod nulla quis dignissim. Sed dictum ante rutrum turpis euismod laoreet. Sed placerat tellus leo. In ut lobortis lorem. Nullam vitae lectus egestas urna tincidunt aliquet. Ut sagittis vel enim eget malesuada. Cras in congue tortor. Interdum et malesuada fames ac ante ipsum primis in faucibus. Nunc tempus consequat neque, et eleifend nulla aliquam eu.",Author 166,14,gieng-oc,NXB 166,2002,106
https://cdn1.fahasa.com/media/catalog/product/8/9/8935235234086.jpg,Bảy Thanh Hung Giản,,13,9780085480163,"Lorem ipsum dolor sit amet, consectetur adipiscing elit. Nam congue vel tellus non luctus. Vestibulum vitae nunc lorem. Sed lacinia lectus vel augue imperdiet ultricies. Donec id venenatis ex, vitae pretium ligula. Sed nulla eros, dignissim at feugiat non, posuere sit amet urna. Ut eu porttitor tellus. Cras eu massa nulla. Morbi porta fermentum elit eu iaculis. Pellentesque hendrerit venenatis purus at feugiat. Pellentesque vitae feugiat purus. Donec mattis rhoncus lacinia. Sed quam diam, molestie id laoreet eu, lacinia ac turpis. Cras tincidunt lobortis elit quis aliquam. Proin et massa libero.

Aliquam id pharetra arcu. Vivamus vitae mattis ligula. Sed efficitur urna vitae scelerisque tempor. Proin purus magna, vulputate eu ligula a, vehicula malesuada enim. Curabitur aliquet rutrum enim et tincidunt. Vestibulum ante ipsum primis in faucibus orci luctus et ultrices posuere cubilia curae; Vivamus pharetra enim leo, nec molestie nibh consectetur quis. Class aptent taciti sociosqu ad litora torquent per conubia nostra, per inceptos himenaeos. Nunc quis maximus elit, vitae pulvinar urna. Integer at mi elit. Phasellus vitae rutrum sem. Vivamus et mauris ac nisl congue congue eu eget elit. Nullam at quam velit. Pellentesque dictum, diam nec tempor aliquet, tortor justo fermentum sapien, at condimentum turpis elit vel sapien. Aenean rutrum tellus sodales tortor viverra eleifend.

Donec facilisis, diam efficitur maximus ultrices, enim lectus rutrum elit, eget malesuada mi justo dapibus enim. Maecenas finibus euismod nulla quis dignissim. Sed dictum ante rutrum turpis euismod laoreet. Sed placerat tellus leo. In ut lobortis lorem. Nullam vitae lectus egestas urna tincidunt aliquet. Ut sagittis vel enim eget malesuada. Cras in congue tortor. Interdum et malesuada fames ac ante ipsum primis in faucibus. Nunc tempus consequat neque, et eleifend nulla aliquam eu.",Author 167,8,bay-thanh-hung-gian,NXB 167,2004,92
https://cdn1.fahasa.com/media/catalog/product/8/9/8934974203018.jpg,Boxset Harry Potter Trọn bộ 7 Tập - Khổ Nhỏ (Bộ 30 Cuốn),1.5725,13,9780085480164,"Lorem ipsum dolor sit amet, consectetur adipiscing elit. Nam congue vel tellus non luctus. Vestibulum vitae nunc lorem. Sed lacinia lectus vel augue imperdiet ultricies. Donec id venenatis ex, vitae pretium ligula. Sed nulla eros, dignissim at feugiat non, posuere sit amet urna. Ut eu porttitor tellus. Cras eu massa nulla. Morbi porta fermentum elit eu iaculis. Pellentesque hendrerit venenatis purus at feugiat. Pellentesque vitae feugiat purus. Donec mattis rhoncus lacinia. Sed quam diam, molestie id laoreet eu, lacinia ac turpis. Cras tincidunt lobortis elit quis aliquam. Proin et massa libero.

Aliquam id pharetra arcu. Vivamus vitae mattis ligula. Sed efficitur urna vitae scelerisque tempor. Proin purus magna, vulputate eu ligula a, vehicula malesuada enim. Curabitur aliquet rutrum enim et tincidunt. Vestibulum ante ipsum primis in faucibus orci luctus et ultrices posuere cubilia curae; Vivamus pharetra enim leo, nec molestie nibh consectetur quis. Class aptent taciti sociosqu ad litora torquent per conubia nostra, per inceptos himenaeos. Nunc quis maximus elit, vitae pulvinar urna. Integer at mi elit. Phasellus vitae rutrum sem. Vivamus et mauris ac nisl congue congue eu eget elit. Nullam at quam velit. Pellentesque dictum, diam nec tempor aliquet, tortor justo fermentum sapien, at condimentum turpis elit vel sapien. Aenean rutrum tellus sodales tortor viverra eleifend.

Donec facilisis, diam efficitur maximus ultrices, enim lectus rutrum elit, eget malesuada mi justo dapibus enim. Maecenas finibus euismod nulla quis dignissim. Sed dictum ante rutrum turpis euismod laoreet. Sed placerat tellus leo. In ut lobortis lorem. Nullam vitae lectus egestas urna tincidunt aliquet. Ut sagittis vel enim eget malesuada. Cras in congue tortor. Interdum et malesuada fames ac ante ipsum primis in faucibus. Nunc tempus consequat neque, et eleifend nulla aliquam eu.",Author 168,9,boxset-harry-potter-tron-bo-7-tap-kho-nho-bo-30-cuon,NXB 168,2012,95
https://cdn1.fahasa.com/media/catalog/product/z/3/z3435499789423_53ccbba48e7d5c7a4aa51534ee1760f8.jpg,Harry Potter Và Đứa Trẻ Bị Nguyền Rủa: Phần Một Và Hai (Tái Bản),144500,13,9780085480165,"Lorem ipsum dolor sit amet, consectetur adipiscing elit. Nam congue vel tellus non luctus. Vestibulum vitae nunc lorem. Sed lacinia lectus vel augue imperdiet ultricies. Donec id venenatis ex, vitae pretium ligula. Sed nulla eros, dignissim at feugiat non, posuere sit amet urna. Ut eu porttitor tellus. Cras eu massa nulla. Morbi porta fermentum elit eu iaculis. Pellentesque hendrerit venenatis purus at feugiat. Pellentesque vitae feugiat purus. Donec mattis rhoncus lacinia. Sed quam diam, molestie id laoreet eu, lacinia ac turpis. Cras tincidunt lobortis elit quis aliquam. Proin et massa libero.

Aliquam id pharetra arcu. Vivamus vitae mattis ligula. Sed efficitur urna vitae scelerisque tempor. Proin purus magna, vulputate eu ligula a, vehicula malesuada enim. Curabitur aliquet rutrum enim et tincidunt. Vestibulum ante ipsum primis in faucibus orci luctus et ultrices posuere cubilia curae; Vivamus pharetra enim leo, nec molestie nibh consectetur quis. Class aptent taciti sociosqu ad litora torquent per conubia nostra, per inceptos himenaeos. Nunc quis maximus elit, vitae pulvinar urna. Integer at mi elit. Phasellus vitae rutrum sem. Vivamus et mauris ac nisl congue congue eu eget elit. Nullam at quam velit. Pellentesque dictum, diam nec tempor aliquet, tortor justo fermentum sapien, at condimentum turpis elit vel sapien. Aenean rutrum tellus sodales tortor viverra eleifend.

Donec facilisis, diam efficitur maximus ultrices, enim lectus rutrum elit, eget malesuada mi justo dapibus enim. Maecenas finibus euismod nulla quis dignissim. Sed dictum ante rutrum turpis euismod laoreet. Sed placerat tellus leo. In ut lobortis lorem. Nullam vitae lectus egestas urna tincidunt aliquet. Ut sagittis vel enim eget malesuada. Cras in congue tortor. Interdum et malesuada fames ac ante ipsum primis in faucibus. Nunc tempus consequat neque, et eleifend nulla aliquam eu.",Author 169,15,harry-potter-va-ua-tre-bi-nguyen-rua-phan-mot-va-hai-tai-ban,NXB 169,2005,67
https://cdn1.fahasa.com/media/catalog/product/8/9/8935235236912.jpg,Vùng Đất Quỷ Tha Ma Bắt,142500,13,9780085480166,"Lorem ipsum dolor sit amet, consectetur adipiscing elit. Nam congue vel tellus non luctus. Vestibulum vitae nunc lorem. Sed lacinia lectus vel augue imperdiet ultricies. Donec id venenatis ex, vitae pretium ligula. Sed nulla eros, dignissim at feugiat non, posuere sit amet urna. Ut eu porttitor tellus. Cras eu massa nulla. Morbi porta fermentum elit eu iaculis. Pellentesque hendrerit venenatis purus at feugiat. Pellentesque vitae feugiat purus. Donec mattis rhoncus lacinia. Sed quam diam, molestie id laoreet eu, lacinia ac turpis. Cras tincidunt lobortis elit quis aliquam. Proin et massa libero.

Aliquam id pharetra arcu. Vivamus vitae mattis ligula. Sed efficitur urna vitae scelerisque tempor. Proin purus magna, vulputate eu ligula a, vehicula malesuada enim. Curabitur aliquet rutrum enim et tincidunt. Vestibulum ante ipsum primis in faucibus orci luctus et ultrices posuere cubilia curae; Vivamus pharetra enim leo, nec molestie nibh consectetur quis. Class aptent taciti sociosqu ad litora torquent per conubia nostra, per inceptos himenaeos. Nunc quis maximus elit, vitae pulvinar urna. Integer at mi elit. Phasellus vitae rutrum sem. Vivamus et mauris ac nisl congue congue eu eget elit. Nullam at quam velit. Pellentesque dictum, diam nec tempor aliquet, tortor justo fermentum sapien, at condimentum turpis elit vel sapien. Aenean rutrum tellus sodales tortor viverra eleifend.

Donec facilisis, diam efficitur maximus ultrices, enim lectus rutrum elit, eget malesuada mi justo dapibus enim. Maecenas finibus euismod nulla quis dignissim. Sed dictum ante rutrum turpis euismod laoreet. Sed placerat tellus leo. In ut lobortis lorem. Nullam vitae lectus egestas urna tincidunt aliquet. Ut sagittis vel enim eget malesuada. Cras in congue tortor. Interdum et malesuada fames ac ante ipsum primis in faucibus. Nunc tempus consequat neque, et eleifend nulla aliquam eu.",Author 170,17,vung-at-quy-tha-ma-bat,NXB 170,2017,72
https://cdn1.fahasa.com/media/catalog/product/8/9/8936107812180_1_1.jpg,Ngôi Làng Cổ Mộ (Tái Bản),159000,13,9780085480167,"Lorem ipsum dolor sit amet, consectetur adipiscing elit. Nam congue vel tellus non luctus. Vestibulum vitae nunc lorem. Sed lacinia lectus vel augue imperdiet ultricies. Donec id venenatis ex, vitae pretium ligula. Sed nulla eros, dignissim at feugiat non, posuere sit amet urna. Ut eu porttitor tellus. Cras eu massa nulla. Morbi porta fermentum elit eu iaculis. Pellentesque hendrerit venenatis purus at feugiat. Pellentesque vitae feugiat purus. Donec mattis rhoncus lacinia. Sed quam diam, molestie id laoreet eu, lacinia ac turpis. Cras tincidunt lobortis elit quis aliquam. Proin et massa libero.

Aliquam id pharetra arcu. Vivamus vitae mattis ligula. Sed efficitur urna vitae scelerisque tempor. Proin purus magna, vulputate eu ligula a, vehicula malesuada enim. Curabitur aliquet rutrum enim et tincidunt. Vestibulum ante ipsum primis in faucibus orci luctus et ultrices posuere cubilia curae; Vivamus pharetra enim leo, nec molestie nibh consectetur quis. Class aptent taciti sociosqu ad litora torquent per conubia nostra, per inceptos himenaeos. Nunc quis maximus elit, vitae pulvinar urna. Integer at mi elit. Phasellus vitae rutrum sem. Vivamus et mauris ac nisl congue congue eu eget elit. Nullam at quam velit. Pellentesque dictum, diam nec tempor aliquet, tortor justo fermentum sapien, at condimentum turpis elit vel sapien. Aenean rutrum tellus sodales tortor viverra eleifend.

Donec facilisis, diam efficitur maximus ultrices, enim lectus rutrum elit, eget malesuada mi justo dapibus enim. Maecenas finibus euismod nulla quis dignissim. Sed dictum ante rutrum turpis euismod laoreet. Sed placerat tellus leo. In ut lobortis lorem. Nullam vitae lectus egestas urna tincidunt aliquet. Ut sagittis vel enim eget malesuada. Cras in congue tortor. Interdum et malesuada fames ac ante ipsum primis in faucibus. Nunc tempus consequat neque, et eleifend nulla aliquam eu.",Author 171,9,ngoi-lang-co-mo-tai-ban,NXB 171,2008,84
https://cdn1.fahasa.com/media/catalog/product/b/_/b_a-tr_c_46.jpg,Những Án Mạng Ở Phố Nhà Xác Rue - Tuyển Tập Truyện Ngắn Kinh Dị Edgar Allan Poe,59000,13,9780085480168,"Lorem ipsum dolor sit amet, consectetur adipiscing elit. Nam congue vel tellus non luctus. Vestibulum vitae nunc lorem. Sed lacinia lectus vel augue imperdiet ultricies. Donec id venenatis ex, vitae pretium ligula. Sed nulla eros, dignissim at feugiat non, posuere sit amet urna. Ut eu porttitor tellus. Cras eu massa nulla. Morbi porta fermentum elit eu iaculis. Pellentesque hendrerit venenatis purus at feugiat. Pellentesque vitae feugiat purus. Donec mattis rhoncus lacinia. Sed quam diam, molestie id laoreet eu, lacinia ac turpis. Cras tincidunt lobortis elit quis aliquam. Proin et massa libero.

Aliquam id pharetra arcu. Vivamus vitae mattis ligula. Sed efficitur urna vitae scelerisque tempor. Proin purus magna, vulputate eu ligula a, vehicula malesuada enim. Curabitur aliquet rutrum enim et tincidunt. Vestibulum ante ipsum primis in faucibus orci luctus et ultrices posuere cubilia curae; Vivamus pharetra enim leo, nec molestie nibh consectetur quis. Class aptent taciti sociosqu ad litora torquent per conubia nostra, per inceptos himenaeos. Nunc quis maximus elit, vitae pulvinar urna. Integer at mi elit. Phasellus vitae rutrum sem. Vivamus et mauris ac nisl congue congue eu eget elit. Nullam at quam velit. Pellentesque dictum, diam nec tempor aliquet, tortor justo fermentum sapien, at condimentum turpis elit vel sapien. Aenean rutrum tellus sodales tortor viverra eleifend.

Donec facilisis, diam efficitur maximus ultrices, enim lectus rutrum elit, eget malesuada mi justo dapibus enim. Maecenas finibus euismod nulla quis dignissim. Sed dictum ante rutrum turpis euismod laoreet. Sed placerat tellus leo. In ut lobortis lorem. Nullam vitae lectus egestas urna tincidunt aliquet. Ut sagittis vel enim eget malesuada. Cras in congue tortor. Interdum et malesuada fames ac ante ipsum primis in faucibus. Nunc tempus consequat neque, et eleifend nulla aliquam eu.",Author 172,10,nhung-an-mang-o-pho-nha-xac-rue-tuyen-tap-truyen-ngan-kinh-di-edgar-allan-poe,NXB 172,2013,107
https://cdn1.fahasa.com/media/catalog/product/8/9/8934974179641.jpg,Harry Potter Và Bảo Bối Tử Thần - Tập 7 (Tái Bản),242000,13,9780085480169,"Lorem ipsum dolor sit amet, consectetur adipiscing elit. Nam congue vel tellus non luctus. Vestibulum vitae nunc lorem. Sed lacinia lectus vel augue imperdiet ultricies. Donec id venenatis ex, vitae pretium ligula. Sed nulla eros, dignissim at feugiat non, posuere sit amet urna. Ut eu porttitor tellus. Cras eu massa nulla. Morbi porta fermentum elit eu iaculis. Pellentesque hendrerit venenatis purus at feugiat. Pellentesque vitae feugiat purus. Donec mattis rhoncus lacinia. Sed quam diam, molestie id laoreet eu, lacinia ac turpis. Cras tincidunt lobortis elit quis aliquam. Proin et massa libero.

Aliquam id pharetra arcu. Vivamus vitae mattis ligula. Sed efficitur urna vitae scelerisque tempor. Proin purus magna, vulputate eu ligula a, vehicula malesuada enim. Curabitur aliquet rutrum enim et tincidunt. Vestibulum ante ipsum primis in faucibus orci luctus et ultrices posuere cubilia curae; Vivamus pharetra enim leo, nec molestie nibh consectetur quis. Class aptent taciti sociosqu ad litora torquent per conubia nostra, per inceptos himenaeos. Nunc quis maximus elit, vitae pulvinar urna. Integer at mi elit. Phasellus vitae rutrum sem. Vivamus et mauris ac nisl congue congue eu eget elit. Nullam at quam velit. Pellentesque dictum, diam nec tempor aliquet, tortor justo fermentum sapien, at condimentum turpis elit vel sapien. Aenean rutrum tellus sodales tortor viverra eleifend.

Donec facilisis, diam efficitur maximus ultrices, enim lectus rutrum elit, eget malesuada mi justo dapibus enim. Maecenas finibus euismod nulla quis dignissim. Sed dictum ante rutrum turpis euismod laoreet. Sed placerat tellus leo. In ut lobortis lorem. Nullam vitae lectus egestas urna tincidunt aliquet. Ut sagittis vel enim eget malesuada. Cras in congue tortor. Interdum et malesuada fames ac ante ipsum primis in faucibus. Nunc tempus consequat neque, et eleifend nulla aliquam eu.",Author 173,14,harry-potter-va-bao-boi-tu-than-tap-7-tai-ban,NXB 173,2018,132
https://cdn1.fahasa.com/media/catalog/product/t/a/tam-the-01.jpg,Tam Thể - Tập 1 (Tái Bản 2025),142200,13,9780085480170,"Lorem ipsum dolor sit amet, consectetur adipiscing elit. Nam congue vel tellus non luctus. Vestibulum vitae nunc lorem. Sed lacinia lectus vel augue imperdiet ultricies. Donec id venenatis ex, vitae pretium ligula. Sed nulla eros, dignissim at feugiat non, posuere sit amet urna. Ut eu porttitor tellus. Cras eu massa nulla. Morbi porta fermentum elit eu iaculis. Pellentesque hendrerit venenatis purus at feugiat. Pellentesque vitae feugiat purus. Donec mattis rhoncus lacinia. Sed quam diam, molestie id laoreet eu, lacinia ac turpis. Cras tincidunt lobortis elit quis aliquam. Proin et massa libero.

Aliquam id pharetra arcu. Vivamus vitae mattis ligula. Sed efficitur urna vitae scelerisque tempor. Proin purus magna, vulputate eu ligula a, vehicula malesuada enim. Curabitur aliquet rutrum enim et tincidunt. Vestibulum ante ipsum primis in faucibus orci luctus et ultrices posuere cubilia curae; Vivamus pharetra enim leo, nec molestie nibh consectetur quis. Class aptent taciti sociosqu ad litora torquent per conubia nostra, per inceptos himenaeos. Nunc quis maximus elit, vitae pulvinar urna. Integer at mi elit. Phasellus vitae rutrum sem. Vivamus et mauris ac nisl congue congue eu eget elit. Nullam at quam velit. Pellentesque dictum, diam nec tempor aliquet, tortor justo fermentum sapien, at condimentum turpis elit vel sapien. Aenean rutrum tellus sodales tortor viverra eleifend.

Donec facilisis, diam efficitur maximus ultrices, enim lectus rutrum elit, eget malesuada mi justo dapibus enim. Maecenas finibus euismod nulla quis dignissim. Sed dictum ante rutrum turpis euismod laoreet. Sed placerat tellus leo. In ut lobortis lorem. Nullam vitae lectus egestas urna tincidunt aliquet. Ut sagittis vel enim eget malesuada. Cras in congue tortor. Interdum et malesuada fames ac ante ipsum primis in faucibus. Nunc tempus consequat neque, et eleifend nulla aliquam eu.",Author 174,6,tam-the-tap-1-tai-ban-2025,NXB 174,2009,77
https://cdn1.fahasa.com/media/catalog/product/b/i/bia1_1_30.jpg,100 Truyền Thuyết Đô Thị Kinh Dị Đài Loan - Tập 2,111500,13,9780085480171,"Lorem ipsum dolor sit amet, consectetur adipiscing elit. Nam congue vel tellus non luctus. Vestibulum vitae nunc lorem. Sed lacinia lectus vel augue imperdiet ultricies. Donec id venenatis ex, vitae pretium ligula. Sed nulla eros, dignissim at feugiat non, posuere sit amet urna. Ut eu porttitor tellus. Cras eu massa nulla. Morbi porta fermentum elit eu iaculis. Pellentesque hendrerit venenatis purus at feugiat. Pellentesque vitae feugiat purus. Donec mattis rhoncus lacinia. Sed quam diam, molestie id laoreet eu, lacinia ac turpis. Cras tincidunt lobortis elit quis aliquam. Proin et massa libero.

Aliquam id pharetra arcu. Vivamus vitae mattis ligula. Sed efficitur urna vitae scelerisque tempor. Proin purus magna, vulputate eu ligula a, vehicula malesuada enim. Curabitur aliquet rutrum enim et tincidunt. Vestibulum ante ipsum primis in faucibus orci luctus et ultrices posuere cubilia curae; Vivamus pharetra enim leo, nec molestie nibh consectetur quis. Class aptent taciti sociosqu ad litora torquent per conubia nostra, per inceptos himenaeos. Nunc quis maximus elit, vitae pulvinar urna. Integer at mi elit. Phasellus vitae rutrum sem. Vivamus et mauris ac nisl congue congue eu eget elit. Nullam at quam velit. Pellentesque dictum, diam nec tempor aliquet, tortor justo fermentum sapien, at condimentum turpis elit vel sapien. Aenean rutrum tellus sodales tortor viverra eleifend.

Donec facilisis, diam efficitur maximus ultrices, enim lectus rutrum elit, eget malesuada mi justo dapibus enim. Maecenas finibus euismod nulla quis dignissim. Sed dictum ante rutrum turpis euismod laoreet. Sed placerat tellus leo. In ut lobortis lorem. Nullam vitae lectus egestas urna tincidunt aliquet. Ut sagittis vel enim eget malesuada. Cras in congue tortor. Interdum et malesuada fames ac ante ipsum primis in faucibus. Nunc tempus consequat neque, et eleifend nulla aliquam eu.",Author 175,3,100-truyen-thuyet-o-thi-kinh-di-ai-loan-tap-2,NXB 175,2015,63
https://cdn1.fahasa.com/media/catalog/product/8/9/8934974179665.jpg,Harry Potter Và Hoàng Tử Lai - Tập 06 (Tái Bản 2022),208000,13,9780085480172,"Lorem ipsum dolor sit amet, consectetur adipiscing elit. Nam congue vel tellus non luctus. Vestibulum vitae nunc lorem. Sed lacinia lectus vel augue imperdiet ultricies. Donec id venenatis ex, vitae pretium ligula. Sed nulla eros, dignissim at feugiat non, posuere sit amet urna. Ut eu porttitor tellus. Cras eu massa nulla. Morbi porta fermentum elit eu iaculis. Pellentesque hendrerit venenatis purus at feugiat. Pellentesque vitae feugiat purus. Donec mattis rhoncus lacinia. Sed quam diam, molestie id laoreet eu, lacinia ac turpis. Cras tincidunt lobortis elit quis aliquam. Proin et massa libero.

Aliquam id pharetra arcu. Vivamus vitae mattis ligula. Sed efficitur urna vitae scelerisque tempor. Proin purus magna, vulputate eu ligula a, vehicula malesuada enim. Curabitur aliquet rutrum enim et tincidunt. Vestibulum ante ipsum primis in faucibus orci luctus et ultrices posuere cubilia curae; Vivamus pharetra enim leo, nec molestie nibh consectetur quis. Class aptent taciti sociosqu ad litora torquent per conubia nostra, per inceptos himenaeos. Nunc quis maximus elit, vitae pulvinar urna. Integer at mi elit. Phasellus vitae rutrum sem. Vivamus et mauris ac nisl congue congue eu eget elit. Nullam at quam velit. Pellentesque dictum, diam nec tempor aliquet, tortor justo fermentum sapien, at condimentum turpis elit vel sapien. Aenean rutrum tellus sodales tortor viverra eleifend.

Donec facilisis, diam efficitur maximus ultrices, enim lectus rutrum elit, eget malesuada mi justo dapibus enim. Maecenas finibus euismod nulla quis dignissim. Sed dictum ante rutrum turpis euismod laoreet. Sed placerat tellus leo. In ut lobortis lorem. Nullam vitae lectus egestas urna tincidunt aliquet. Ut sagittis vel enim eget malesuada. Cras in congue tortor. Interdum et malesuada fames ac ante ipsum primis in faucibus. Nunc tempus consequat neque, et eleifend nulla aliquam eu.",Author 176,18,harry-potter-va-hoang-tu-lai-tap-06-tai-ban-2022,NXB 176,2012,89
https://cdn1.fahasa.com/media/catalog/product/b/i/bia1coiam.jpg,Cuộc Gọi Từ Cõi Âm,101000,13,9780085480173,"Lorem ipsum dolor sit amet, consectetur adipiscing elit. Nam congue vel tellus non luctus. Vestibulum vitae nunc lorem. Sed lacinia lectus vel augue imperdiet ultricies. Donec id venenatis ex, vitae pretium ligula. Sed nulla eros, dignissim at feugiat non, posuere sit amet urna. Ut eu porttitor tellus. Cras eu massa nulla. Morbi porta fermentum elit eu iaculis. Pellentesque hendrerit venenatis purus at feugiat. Pellentesque vitae feugiat purus. Donec mattis rhoncus lacinia. Sed quam diam, molestie id laoreet eu, lacinia ac turpis. Cras tincidunt lobortis elit quis aliquam. Proin et massa libero.

Aliquam id pharetra arcu. Vivamus vitae mattis ligula. Sed efficitur urna vitae scelerisque tempor. Proin purus magna, vulputate eu ligula a, vehicula malesuada enim. Curabitur aliquet rutrum enim et tincidunt. Vestibulum ante ipsum primis in faucibus orci luctus et ultrices posuere cubilia curae; Vivamus pharetra enim leo, nec molestie nibh consectetur quis. Class aptent taciti sociosqu ad litora torquent per conubia nostra, per inceptos himenaeos. Nunc quis maximus elit, vitae pulvinar urna. Integer at mi elit. Phasellus vitae rutrum sem. Vivamus et mauris ac nisl congue congue eu eget elit. Nullam at quam velit. Pellentesque dictum, diam nec tempor aliquet, tortor justo fermentum sapien, at condimentum turpis elit vel sapien. Aenean rutrum tellus sodales tortor viverra eleifend.

Donec facilisis, diam efficitur maximus ultrices, enim lectus rutrum elit, eget malesuada mi justo dapibus enim. Maecenas finibus euismod nulla quis dignissim. Sed dictum ante rutrum turpis euismod laoreet. Sed placerat tellus leo. In ut lobortis lorem. Nullam vitae lectus egestas urna tincidunt aliquet. Ut sagittis vel enim eget malesuada. Cras in congue tortor. Interdum et malesuada fames ac ante ipsum primis in faucibus. Nunc tempus consequat neque, et eleifend nulla aliquam eu.",Author 177,9,cuoc-goi-tu-coi-am,NXB 177,2018,82
https://cdn1.fahasa.com/media/catalog/product/b/i/bia-1_kvhcc_tap-4_tb2023.jpg,Kính Vạn Hoa Chết Chóc,101000,13,9780085480174,"Lorem ipsum dolor sit amet, consectetur adipiscing elit. Nam congue vel tellus non luctus. Vestibulum vitae nunc lorem. Sed lacinia lectus vel augue imperdiet ultricies. Donec id venenatis ex, vitae pretium ligula. Sed nulla eros, dignissim at feugiat non, posuere sit amet urna. Ut eu porttitor tellus. Cras eu massa nulla. Morbi porta fermentum elit eu iaculis. Pellentesque hendrerit venenatis purus at feugiat. Pellentesque vitae feugiat purus. Donec mattis rhoncus lacinia. Sed quam diam, molestie id laoreet eu, lacinia ac turpis. Cras tincidunt lobortis elit quis aliquam. Proin et massa libero.

Aliquam id pharetra arcu. Vivamus vitae mattis ligula. Sed efficitur urna vitae scelerisque tempor. Proin purus magna, vulputate eu ligula a, vehicula malesuada enim. Curabitur aliquet rutrum enim et tincidunt. Vestibulum ante ipsum primis in faucibus orci luctus et ultrices posuere cubilia curae; Vivamus pharetra enim leo, nec molestie nibh consectetur quis. Class aptent taciti sociosqu ad litora torquent per conubia nostra, per inceptos himenaeos. Nunc quis maximus elit, vitae pulvinar urna. Integer at mi elit. Phasellus vitae rutrum sem. Vivamus et mauris ac nisl congue congue eu eget elit. Nullam at quam velit. Pellentesque dictum, diam nec tempor aliquet, tortor justo fermentum sapien, at condimentum turpis elit vel sapien. Aenean rutrum tellus sodales tortor viverra eleifend.

Donec facilisis, diam efficitur maximus ultrices, enim lectus rutrum elit, eget malesuada mi justo dapibus enim. Maecenas finibus euismod nulla quis dignissim. Sed dictum ante rutrum turpis euismod laoreet. Sed placerat tellus leo. In ut lobortis lorem. Nullam vitae lectus egestas urna tincidunt aliquet. Ut sagittis vel enim eget malesuada. Cras in congue tortor. Interdum et malesuada fames ac ante ipsum primis in faucibus. Nunc tempus consequat neque, et eleifend nulla aliquam eu.",Author 178,18,kinh-van-hoa-chet-choc,NXB 178,2006,84
https://cdn1.fahasa.com/media/catalog/product/8/9/8935235235397.jpg,Bảy Thanh Hung Giản 4 - Phượng Hoàng Niết Bàn - Quan Tứ Thần Lâu,195500,13,9780085480175,"Lorem ipsum dolor sit amet, consectetur adipiscing elit. Nam congue vel tellus non luctus. Vestibulum vitae nunc lorem. Sed lacinia lectus vel augue imperdiet ultricies. Donec id venenatis ex, vitae pretium ligula. Sed nulla eros, dignissim at feugiat non, posuere sit amet urna. Ut eu porttitor tellus. Cras eu massa nulla. Morbi porta fermentum elit eu iaculis. Pellentesque hendrerit venenatis purus at feugiat. Pellentesque vitae feugiat purus. Donec mattis rhoncus lacinia. Sed quam diam, molestie id laoreet eu, lacinia ac turpis. Cras tincidunt lobortis elit quis aliquam. Proin et massa libero.

Aliquam id pharetra arcu. Vivamus vitae mattis ligula. Sed efficitur urna vitae scelerisque tempor. Proin purus magna, vulputate eu ligula a, vehicula malesuada enim. Curabitur aliquet rutrum enim et tincidunt. Vestibulum ante ipsum primis in faucibus orci luctus et ultrices posuere cubilia curae; Vivamus pharetra enim leo, nec molestie nibh consectetur quis. Class aptent taciti sociosqu ad litora torquent per conubia nostra, per inceptos himenaeos. Nunc quis maximus elit, vitae pulvinar urna. Integer at mi elit. Phasellus vitae rutrum sem. Vivamus et mauris ac nisl congue congue eu eget elit. Nullam at quam velit. Pellentesque dictum, diam nec tempor aliquet, tortor justo fermentum sapien, at condimentum turpis elit vel sapien. Aenean rutrum tellus sodales tortor viverra eleifend.

Donec facilisis, diam efficitur maximus ultrices, enim lectus rutrum elit, eget malesuada mi justo dapibus enim. Maecenas finibus euismod nulla quis dignissim. Sed dictum ante rutrum turpis euismod laoreet. Sed placerat tellus leo. In ut lobortis lorem. Nullam vitae lectus egestas urna tincidunt aliquet. Ut sagittis vel enim eget malesuada. Cras in congue tortor. Interdum et malesuada fames ac ante ipsum primis in faucibus. Nunc tempus consequat neque, et eleifend nulla aliquam eu.",Author 179,10,bay-thanh-hung-gian-4-phuong-hoang-niet-ban-quan-tu-than-lau,NXB 179,2009,134
https://cdn1.fahasa.com/media/catalog/product/8/9/8935212350488.jpg,Xứ Nevermoor Diệu Kỳ - Morrigan Và Lời Triệu Hồi Của Wundersmith,108500,13,9780085480176,"Lorem ipsum dolor sit amet, consectetur adipiscing elit. Nam congue vel tellus non luctus. Vestibulum vitae nunc lorem. Sed lacinia lectus vel augue imperdiet ultricies. Donec id venenatis ex, vitae pretium ligula. Sed nulla eros, dignissim at feugiat non, posuere sit amet urna. Ut eu porttitor tellus. Cras eu massa nulla. Morbi porta fermentum elit eu iaculis. Pellentesque hendrerit venenatis purus at feugiat. Pellentesque vitae feugiat purus. Donec mattis rhoncus lacinia. Sed quam diam, molestie id laoreet eu, lacinia ac turpis. Cras tincidunt lobortis elit quis aliquam. Proin et massa libero.

Aliquam id pharetra arcu. Vivamus vitae mattis ligula. Sed efficitur urna vitae scelerisque tempor. Proin purus magna, vulputate eu ligula a, vehicula malesuada enim. Curabitur aliquet rutrum enim et tincidunt. Vestibulum ante ipsum primis in faucibus orci luctus et ultrices posuere cubilia curae; Vivamus pharetra enim leo, nec molestie nibh consectetur quis. Class aptent taciti sociosqu ad litora torquent per conubia nostra, per inceptos himenaeos. Nunc quis maximus elit, vitae pulvinar urna. Integer at mi elit. Phasellus vitae rutrum sem. Vivamus et mauris ac nisl congue congue eu eget elit. Nullam at quam velit. Pellentesque dictum, diam nec tempor aliquet, tortor justo fermentum sapien, at condimentum turpis elit vel sapien. Aenean rutrum tellus sodales tortor viverra eleifend.

Donec facilisis, diam efficitur maximus ultrices, enim lectus rutrum elit, eget malesuada mi justo dapibus enim. Maecenas finibus euismod nulla quis dignissim. Sed dictum ante rutrum turpis euismod laoreet. Sed placerat tellus leo. In ut lobortis lorem. Nullam vitae lectus egestas urna tincidunt aliquet. Ut sagittis vel enim eget malesuada. Cras in congue tortor. Interdum et malesuada fames ac ante ipsum primis in faucibus. Nunc tempus consequat neque, et eleifend nulla aliquam eu.",Author 180,4,xu-nevermoor-dieu-ky-morrigan-va-loi-trieu-hoi-cua-wundersmith,NXB 180,2013,139
https://cdn1.fahasa.com/media/catalog/product/b/i/bia1_lang-toi-lam-quy-nhieu-ma-_nguoi-tre-viet_.jpg,Làng Tôi Lắm Quỷ Nhiều Ma,96500,13,9780085480177,"Lorem ipsum dolor sit amet, consectetur adipiscing elit. Nam congue vel tellus non luctus. Vestibulum vitae nunc lorem. Sed lacinia lectus vel augue imperdiet ultricies. Donec id venenatis ex, vitae pretium ligula. Sed nulla eros, dignissim at feugiat non, posuere sit amet urna. Ut eu porttitor tellus. Cras eu massa nulla. Morbi porta fermentum elit eu iaculis. Pellentesque hendrerit venenatis purus at feugiat. Pellentesque vitae feugiat purus. Donec mattis rhoncus lacinia. Sed quam diam, molestie id laoreet eu, lacinia ac turpis. Cras tincidunt lobortis elit quis aliquam. Proin et massa libero.

Aliquam id pharetra arcu. Vivamus vitae mattis ligula. Sed efficitur urna vitae scelerisque tempor. Proin purus magna, vulputate eu ligula a, vehicula malesuada enim. Curabitur aliquet rutrum enim et tincidunt. Vestibulum ante ipsum primis in faucibus orci luctus et ultrices posuere cubilia curae; Vivamus pharetra enim leo, nec molestie nibh consectetur quis. Class aptent taciti sociosqu ad litora torquent per conubia nostra, per inceptos himenaeos. Nunc quis maximus elit, vitae pulvinar urna. Integer at mi elit. Phasellus vitae rutrum sem. Vivamus et mauris ac nisl congue congue eu eget elit. Nullam at quam velit. Pellentesque dictum, diam nec tempor aliquet, tortor justo fermentum sapien, at condimentum turpis elit vel sapien. Aenean rutrum tellus sodales tortor viverra eleifend.

Donec facilisis, diam efficitur maximus ultrices, enim lectus rutrum elit, eget malesuada mi justo dapibus enim. Maecenas finibus euismod nulla quis dignissim. Sed dictum ante rutrum turpis euismod laoreet. Sed placerat tellus leo. In ut lobortis lorem. Nullam vitae lectus egestas urna tincidunt aliquet. Ut sagittis vel enim eget malesuada. Cras in congue tortor. Interdum et malesuada fames ac ante ipsum primis in faucibus. Nunc tempus consequat neque, et eleifend nulla aliquam eu.",Author 181,9,lang-toi-lam-quy-nhieu-ma,NXB 181,2016,86
https://cdn1.fahasa.com/media/catalog/product/b/i/bia-1_oan-hon-nguoi-ca.jpg,Oan Hồn Người Cá,135000,13,9780085480178,"Lorem ipsum dolor sit amet, consectetur adipiscing elit. Nam congue vel tellus non luctus. Vestibulum vitae nunc lorem. Sed lacinia lectus vel augue imperdiet ultricies. Donec id venenatis ex, vitae pretium ligula. Sed nulla eros, dignissim at feugiat non, posuere sit amet urna. Ut eu porttitor tellus. Cras eu massa nulla. Morbi porta fermentum elit eu iaculis. Pellentesque hendrerit venenatis purus at feugiat. Pellentesque vitae feugiat purus. Donec mattis rhoncus lacinia. Sed quam diam, molestie id laoreet eu, lacinia ac turpis. Cras tincidunt lobortis elit quis aliquam. Proin et massa libero.

Aliquam id pharetra arcu. Vivamus vitae mattis ligula. Sed efficitur urna vitae scelerisque tempor. Proin purus magna, vulputate eu ligula a, vehicula malesuada enim. Curabitur aliquet rutrum enim et tincidunt. Vestibulum ante ipsum primis in faucibus orci luctus et ultrices posuere cubilia curae; Vivamus pharetra enim leo, nec molestie nibh consectetur quis. Class aptent taciti sociosqu ad litora torquent per conubia nostra, per inceptos himenaeos. Nunc quis maximus elit, vitae pulvinar urna. Integer at mi elit. Phasellus vitae rutrum sem. Vivamus et mauris ac nisl congue congue eu eget elit. Nullam at quam velit. Pellentesque dictum, diam nec tempor aliquet, tortor justo fermentum sapien, at condimentum turpis elit vel sapien. Aenean rutrum tellus sodales tortor viverra eleifend.

Donec facilisis, diam efficitur maximus ultrices, enim lectus rutrum elit, eget malesuada mi justo dapibus enim. Maecenas finibus euismod nulla quis dignissim. Sed dictum ante rutrum turpis euismod laoreet. Sed placerat tellus leo. In ut lobortis lorem. Nullam vitae lectus egestas urna tincidunt aliquet. Ut sagittis vel enim eget malesuada. Cras in congue tortor. Interdum et malesuada fames ac ante ipsum primis in faucibus. Nunc tempus consequat neque, et eleifend nulla aliquam eu.",Author 182,5,oan-hon-nguoi-ca,NXB 182,2019,110
https://cdn1.fahasa.com/media/catalog/product/n/g/ng_i-d_n-d_p-hi_n-tr_ng-_n-m_ngb_a-1.jpg,Người Dọn Dẹp Hiện Trường Án Mạng,70500,13,9780085480179,"Lorem ipsum dolor sit amet, consectetur adipiscing elit. Nam congue vel tellus non luctus. Vestibulum vitae nunc lorem. Sed lacinia lectus vel augue imperdiet ultricies. Donec id venenatis ex, vitae pretium ligula. Sed nulla eros, dignissim at feugiat non, posuere sit amet urna. Ut eu porttitor tellus. Cras eu massa nulla. Morbi porta fermentum elit eu iaculis. Pellentesque hendrerit venenatis purus at feugiat. Pellentesque vitae feugiat purus. Donec mattis rhoncus lacinia. Sed quam diam, molestie id laoreet eu, lacinia ac turpis. Cras tincidunt lobortis elit quis aliquam. Proin et massa libero.

Aliquam id pharetra arcu. Vivamus vitae mattis ligula. Sed efficitur urna vitae scelerisque tempor. Proin purus magna, vulputate eu ligula a, vehicula malesuada enim. Curabitur aliquet rutrum enim et tincidunt. Vestibulum ante ipsum primis in faucibus orci luctus et ultrices posuere cubilia curae; Vivamus pharetra enim leo, nec molestie nibh consectetur quis. Class aptent taciti sociosqu ad litora torquent per conubia nostra, per inceptos himenaeos. Nunc quis maximus elit, vitae pulvinar urna. Integer at mi elit. Phasellus vitae rutrum sem. Vivamus et mauris ac nisl congue congue eu eget elit. Nullam at quam velit. Pellentesque dictum, diam nec tempor aliquet, tortor justo fermentum sapien, at condimentum turpis elit vel sapien. Aenean rutrum tellus sodales tortor viverra eleifend.

Donec facilisis, diam efficitur maximus ultrices, enim lectus rutrum elit, eget malesuada mi justo dapibus enim. Maecenas finibus euismod nulla quis dignissim. Sed dictum ante rutrum turpis euismod laoreet. Sed placerat tellus leo. In ut lobortis lorem. Nullam vitae lectus egestas urna tincidunt aliquet. Ut sagittis vel enim eget malesuada. Cras in congue tortor. Interdum et malesuada fames ac ante ipsum primis in faucibus. Nunc tempus consequat neque, et eleifend nulla aliquam eu.",Author 183,4,nguoi-don-dep-hien-truong-an-mang,NXB 183,2001,130
https://cdn1.fahasa.com/media/catalog/product/8/9/8934974182290_thanh_ly.jpg,Harry Potter Và,70500,13,9780085480180,"Lorem ipsum dolor sit amet, consectetur adipiscing elit. Nam congue vel tellus non luctus. Vestibulum vitae nunc lorem. Sed lacinia lectus vel augue imperdiet ultricies. Donec id venenatis ex, vitae pretium ligula. Sed nulla eros, dignissim at feugiat non, posuere sit amet urna. Ut eu porttitor tellus. Cras eu massa nulla. Morbi porta fermentum elit eu iaculis. Pellentesque hendrerit venenatis purus at feugiat. Pellentesque vitae feugiat purus. Donec mattis rhoncus lacinia. Sed quam diam, molestie id laoreet eu, lacinia ac turpis. Cras tincidunt lobortis elit quis aliquam. Proin et massa libero.

Aliquam id pharetra arcu. Vivamus vitae mattis ligula. Sed efficitur urna vitae scelerisque tempor. Proin purus magna, vulputate eu ligula a, vehicula malesuada enim. Curabitur aliquet rutrum enim et tincidunt. Vestibulum ante ipsum primis in faucibus orci luctus et ultrices posuere cubilia curae; Vivamus pharetra enim leo, nec molestie nibh consectetur quis. Class aptent taciti sociosqu ad litora torquent per conubia nostra, per inceptos himenaeos. Nunc quis maximus elit, vitae pulvinar urna. Integer at mi elit. Phasellus vitae rutrum sem. Vivamus et mauris ac nisl congue congue eu eget elit. Nullam at quam velit. Pellentesque dictum, diam nec tempor aliquet, tortor justo fermentum sapien, at condimentum turpis elit vel sapien. Aenean rutrum tellus sodales tortor viverra eleifend.

Donec facilisis, diam efficitur maximus ultrices, enim lectus rutrum elit, eget malesuada mi justo dapibus enim. Maecenas finibus euismod nulla quis dignissim. Sed dictum ante rutrum turpis euismod laoreet. Sed placerat tellus leo. In ut lobortis lorem. Nullam vitae lectus egestas urna tincidunt aliquet. Ut sagittis vel enim eget malesuada. Cras in congue tortor. Interdum et malesuada fames ac ante ipsum primis in faucibus. Nunc tempus consequat neque, et eleifend nulla aliquam eu.",Author 184,9,harry-potter-va,NXB 184,2005,69
https://cdn1.fahasa.com/media/catalog/product/b/i/bia-quy-tiet.jpg,Quỷ Tiết,175000,13,9780085480181,"Lorem ipsum dolor sit amet, consectetur adipiscing elit. Nam congue vel tellus non luctus. Vestibulum vitae nunc lorem. Sed lacinia lectus vel augue imperdiet ultricies. Donec id venenatis ex, vitae pretium ligula. Sed nulla eros, dignissim at feugiat non, posuere sit amet urna. Ut eu porttitor tellus. Cras eu massa nulla. Morbi porta fermentum elit eu iaculis. Pellentesque hendrerit venenatis purus at feugiat. Pellentesque vitae feugiat purus. Donec mattis rhoncus lacinia. Sed quam diam, molestie id laoreet eu, lacinia ac turpis. Cras tincidunt lobortis elit quis aliquam. Proin et massa libero.

Aliquam id pharetra arcu. Vivamus vitae mattis ligula. Sed efficitur urna vitae scelerisque tempor. Proin purus magna, vulputate eu ligula a, vehicula malesuada enim. Curabitur aliquet rutrum enim et tincidunt. Vestibulum ante ipsum primis in faucibus orci luctus et ultrices posuere cubilia curae; Vivamus pharetra enim leo, nec molestie nibh consectetur quis. Class aptent taciti sociosqu ad litora torquent per conubia nostra, per inceptos himenaeos. Nunc quis maximus elit, vitae pulvinar urna. Integer at mi elit. Phasellus vitae rutrum sem. Vivamus et mauris ac nisl congue congue eu eget elit. Nullam at quam velit. Pellentesque dictum, diam nec tempor aliquet, tortor justo fermentum sapien, at condimentum turpis elit vel sapien. Aenean rutrum tellus sodales tortor viverra eleifend.

Donec facilisis, diam efficitur maximus ultrices, enim lectus rutrum elit, eget malesuada mi justo dapibus enim. Maecenas finibus euismod nulla quis dignissim. Sed dictum ante rutrum turpis euismod laoreet. Sed placerat tellus leo. In ut lobortis lorem. Nullam vitae lectus egestas urna tincidunt aliquet. Ut sagittis vel enim eget malesuada. Cras in congue tortor. Interdum et malesuada fames ac ante ipsum primis in faucibus. Nunc tempus consequat neque, et eleifend nulla aliquam eu.",Author 185,10,quy-tiet,NXB 185,2013,102
https://cdn1.fahasa.com/media/catalog/product/c/b/cbb---thay-phap-2-copycgh.jpg,Về Quê Làm Thầy Pháp - Tập 2 - Tặng Kèm Bookmark,109500,13,9780085480182,"Lorem ipsum dolor sit amet, consectetur adipiscing elit. Nam congue vel tellus non luctus. Vestibulum vitae nunc lorem. Sed lacinia lectus vel augue imperdiet ultricies. Donec id venenatis ex, vitae pretium ligula. Sed nulla eros, dignissim at feugiat non, posuere sit amet urna. Ut eu porttitor tellus. Cras eu massa nulla. Morbi porta fermentum elit eu iaculis. Pellentesque hendrerit venenatis purus at feugiat. Pellentesque vitae feugiat purus. Donec mattis rhoncus lacinia. Sed quam diam, molestie id laoreet eu, lacinia ac turpis. Cras tincidunt lobortis elit quis aliquam. Proin et massa libero.

Aliquam id pharetra arcu. Vivamus vitae mattis ligula. Sed efficitur urna vitae scelerisque tempor. Proin purus magna, vulputate eu ligula a, vehicula malesuada enim. Curabitur aliquet rutrum enim et tincidunt. Vestibulum ante ipsum primis in faucibus orci luctus et ultrices posuere cubilia curae; Vivamus pharetra enim leo, nec molestie nibh consectetur quis. Class aptent taciti sociosqu ad litora torquent per conubia nostra, per inceptos himenaeos. Nunc quis maximus elit, vitae pulvinar urna. Integer at mi elit. Phasellus vitae rutrum sem. Vivamus et mauris ac nisl congue congue eu eget elit. Nullam at quam velit. Pellentesque dictum, diam nec tempor aliquet, tortor justo fermentum sapien, at condimentum turpis elit vel sapien. Aenean rutrum tellus sodales tortor viverra eleifend.

Donec facilisis, diam efficitur maximus ultrices, enim lectus rutrum elit, eget malesuada mi justo dapibus enim. Maecenas finibus euismod nulla quis dignissim. Sed dictum ante rutrum turpis euismod laoreet. Sed placerat tellus leo. In ut lobortis lorem. Nullam vitae lectus egestas urna tincidunt aliquet. Ut sagittis vel enim eget malesuada. Cras in congue tortor. Interdum et malesuada fames ac ante ipsum primis in faucibus. Nunc tempus consequat neque, et eleifend nulla aliquam eu.",Author 186,13,ve-que-lam-thay-phap-tap-2-tang-kem-bookmark,NXB 186,2001,52
https://cdn1.fahasa.com/media/catalog/product/8/9/8935235238725.jpg,Nếp Gấp Thời Gian,76500,13,9780085480183,"Lorem ipsum dolor sit amet, consectetur adipiscing elit. Nam congue vel tellus non luctus. Vestibulum vitae nunc lorem. Sed lacinia lectus vel augue imperdiet ultricies. Donec id venenatis ex, vitae pretium ligula. Sed nulla eros, dignissim at feugiat non, posuere sit amet urna. Ut eu porttitor tellus. Cras eu massa nulla. Morbi porta fermentum elit eu iaculis. Pellentesque hendrerit venenatis purus at feugiat. Pellentesque vitae feugiat purus. Donec mattis rhoncus lacinia. Sed quam diam, molestie id laoreet eu, lacinia ac turpis. Cras tincidunt lobortis elit quis aliquam. Proin et massa libero.

Aliquam id pharetra arcu. Vivamus vitae mattis ligula. Sed efficitur urna vitae scelerisque tempor. Proin purus magna, vulputate eu ligula a, vehicula malesuada enim. Curabitur aliquet rutrum enim et tincidunt. Vestibulum ante ipsum primis in faucibus orci luctus et ultrices posuere cubilia curae; Vivamus pharetra enim leo, nec molestie nibh consectetur quis. Class aptent taciti sociosqu ad litora torquent per conubia nostra, per inceptos himenaeos. Nunc quis maximus elit, vitae pulvinar urna. Integer at mi elit. Phasellus vitae rutrum sem. Vivamus et mauris ac nisl congue congue eu eget elit. Nullam at quam velit. Pellentesque dictum, diam nec tempor aliquet, tortor justo fermentum sapien, at condimentum turpis elit vel sapien. Aenean rutrum tellus sodales tortor viverra eleifend.

Donec facilisis, diam efficitur maximus ultrices, enim lectus rutrum elit, eget malesuada mi justo dapibus enim. Maecenas finibus euismod nulla quis dignissim. Sed dictum ante rutrum turpis euismod laoreet. Sed placerat tellus leo. In ut lobortis lorem. Nullam vitae lectus egestas urna tincidunt aliquet. Ut sagittis vel enim eget malesuada. Cras in congue tortor. Interdum et malesuada fames ac ante ipsum primis in faucibus. Nunc tempus consequat neque, et eleifend nulla aliquam eu.",Author 187,10,nep-gap-thoi-gian,NXB 187,2001,91
https://cdn1.fahasa.com/media/catalog/product/b/i/bia-1_kvhcc_tap-1_tb2023.jpg,Kính Vạn Hoa Chết Chóc - Tập 1 (Tái Bản 2023),143500,13,9780085480184,"Lorem ipsum dolor sit amet, consectetur adipiscing elit. Nam congue vel tellus non luctus. Vestibulum vitae nunc lorem. Sed lacinia lectus vel augue imperdiet ultricies. Donec id venenatis ex, vitae pretium ligula. Sed nulla eros, dignissim at feugiat non, posuere sit amet urna. Ut eu porttitor tellus. Cras eu massa nulla. Morbi porta fermentum elit eu iaculis. Pellentesque hendrerit venenatis purus at feugiat. Pellentesque vitae feugiat purus. Donec mattis rhoncus lacinia. Sed quam diam, molestie id laoreet eu, lacinia ac turpis. Cras tincidunt lobortis elit quis aliquam. Proin et massa libero.

Aliquam id pharetra arcu. Vivamus vitae mattis ligula. Sed efficitur urna vitae scelerisque tempor. Proin purus magna, vulputate eu ligula a, vehicula malesuada enim. Curabitur aliquet rutrum enim et tincidunt. Vestibulum ante ipsum primis in faucibus orci luctus et ultrices posuere cubilia curae; Vivamus pharetra enim leo, nec molestie nibh consectetur quis. Class aptent taciti sociosqu ad litora torquent per conubia nostra, per inceptos himenaeos. Nunc quis maximus elit, vitae pulvinar urna. Integer at mi elit. Phasellus vitae rutrum sem. Vivamus et mauris ac nisl congue congue eu eget elit. Nullam at quam velit. Pellentesque dictum, diam nec tempor aliquet, tortor justo fermentum sapien, at condimentum turpis elit vel sapien. Aenean rutrum tellus sodales tortor viverra eleifend.

Donec facilisis, diam efficitur maximus ultrices, enim lectus rutrum elit, eget malesuada mi justo dapibus enim. Maecenas finibus euismod nulla quis dignissim. Sed dictum ante rutrum turpis euismod laoreet. Sed placerat tellus leo. In ut lobortis lorem. Nullam vitae lectus egestas urna tincidunt aliquet. Ut sagittis vel enim eget malesuada. Cras in congue tortor. Interdum et malesuada fames ac ante ipsum primis in faucibus. Nunc tempus consequat neque, et eleifend nulla aliquam eu.",Author 188,6,kinh-van-hoa-chet-choc-tap-1-tai-ban-2023,NXB 188,2000,73
https://cdn1.fahasa.com/media/catalog/product/8/9/8934974203223.jpg,Bộ Sách Harry Potter Tập 2 - Khổ Nhỏ (Bộ 3 Cuốn),136000,13,9780085480185,"Lorem ipsum dolor sit amet, consectetur adipiscing elit. Nam congue vel tellus non luctus. Vestibulum vitae nunc lorem. Sed lacinia lectus vel augue imperdiet ultricies. Donec id venenatis ex, vitae pretium ligula. Sed nulla eros, dignissim at feugiat non, posuere sit amet urna. Ut eu porttitor tellus. Cras eu massa nulla. Morbi porta fermentum elit eu iaculis. Pellentesque hendrerit venenatis purus at feugiat. Pellentesque vitae feugiat purus. Donec mattis rhoncus lacinia. Sed quam diam, molestie id laoreet eu, lacinia ac turpis. Cras tincidunt lobortis elit quis aliquam. Proin et massa libero.

Aliquam id pharetra arcu. Vivamus vitae mattis ligula. Sed efficitur urna vitae scelerisque tempor. Proin purus magna, vulputate eu ligula a, vehicula malesuada enim. Curabitur aliquet rutrum enim et tincidunt. Vestibulum ante ipsum primis in faucibus orci luctus et ultrices posuere cubilia curae; Vivamus pharetra enim leo, nec molestie nibh consectetur quis. Class aptent taciti sociosqu ad litora torquent per conubia nostra, per inceptos himenaeos. Nunc quis maximus elit, vitae pulvinar urna. Integer at mi elit. Phasellus vitae rutrum sem. Vivamus et mauris ac nisl congue congue eu eget elit. Nullam at quam velit. Pellentesque dictum, diam nec tempor aliquet, tortor justo fermentum sapien, at condimentum turpis elit vel sapien. Aenean rutrum tellus sodales tortor viverra eleifend.

Donec facilisis, diam efficitur maximus ultrices, enim lectus rutrum elit, eget malesuada mi justo dapibus enim. Maecenas finibus euismod nulla quis dignissim. Sed dictum ante rutrum turpis euismod laoreet. Sed placerat tellus leo. In ut lobortis lorem. Nullam vitae lectus egestas urna tincidunt aliquet. Ut sagittis vel enim eget malesuada. Cras in congue tortor. Interdum et malesuada fames ac ante ipsum primis in faucibus. Nunc tempus consequat neque, et eleifend nulla aliquam eu.",Author 189,10,bo-sach-harry-potter-tap-2-kho-nho-bo-3-cuon,NXB 189,2021,83
https://cdn1.fahasa.com/media/catalog/product/b/i/bia-1_kvhcc_tap-2_tb2023.jpg,Kính Vạn Hoa Chết Chóc - Tập 2 (Tái Bản 2023),143500,13,9780085480186,"Lorem ipsum dolor sit amet, consectetur adipiscing elit. Nam congue vel tellus non luctus. Vestibulum vitae nunc lorem. Sed lacinia lectus vel augue imperdiet ultricies. Donec id venenatis ex, vitae pretium ligula. Sed nulla eros, dignissim at feugiat non, posuere sit amet urna. Ut eu porttitor tellus. Cras eu massa nulla. Morbi porta fermentum elit eu iaculis. Pellentesque hendrerit venenatis purus at feugiat. Pellentesque vitae feugiat purus. Donec mattis rhoncus lacinia. Sed quam diam, molestie id laoreet eu, lacinia ac turpis. Cras tincidunt lobortis elit quis aliquam. Proin et massa libero.

Aliquam id pharetra arcu. Vivamus vitae mattis ligula. Sed efficitur urna vitae scelerisque tempor. Proin purus magna, vulputate eu ligula a, vehicula malesuada enim. Curabitur aliquet rutrum enim et tincidunt. Vestibulum ante ipsum primis in faucibus orci luctus et ultrices posuere cubilia curae; Vivamus pharetra enim leo, nec molestie nibh consectetur quis. Class aptent taciti sociosqu ad litora torquent per conubia nostra, per inceptos himenaeos. Nunc quis maximus elit, vitae pulvinar urna. Integer at mi elit. Phasellus vitae rutrum sem. Vivamus et mauris ac nisl congue congue eu eget elit. Nullam at quam velit. Pellentesque dictum, diam nec tempor aliquet, tortor justo fermentum sapien, at condimentum turpis elit vel sapien. Aenean rutrum tellus sodales tortor viverra eleifend.

Donec facilisis, diam efficitur maximus ultrices, enim lectus rutrum elit, eget malesuada mi justo dapibus enim. Maecenas finibus euismod nulla quis dignissim. Sed dictum ante rutrum turpis euismod laoreet. Sed placerat tellus leo. In ut lobortis lorem. Nullam vitae lectus egestas urna tincidunt aliquet. Ut sagittis vel enim eget malesuada. Cras in congue tortor. Interdum et malesuada fames ac ante ipsum primis in faucibus. Nunc tempus consequat neque, et eleifend nulla aliquam eu.",Author 190,12,kinh-van-hoa-chet-choc-tap-2-tai-ban-2023,NXB 190,2010,113
https://cdn1.fahasa.com/media/catalog/product/8/9/8934974203230.jpg,Bộ Sách Harry Potter Tập 3 - Khổ Nhỏ (Bộ 3 Cuốn),173000,13,9780085480187,"Lorem ipsum dolor sit amet, consectetur adipiscing elit. Nam congue vel tellus non luctus. Vestibulum vitae nunc lorem. Sed lacinia lectus vel augue imperdiet ultricies. Donec id venenatis ex, vitae pretium ligula. Sed nulla eros, dignissim at feugiat non, posuere sit amet urna. Ut eu porttitor tellus. Cras eu massa nulla. Morbi porta fermentum elit eu iaculis. Pellentesque hendrerit venenatis purus at feugiat. Pellentesque vitae feugiat purus. Donec mattis rhoncus lacinia. Sed quam diam, molestie id laoreet eu, lacinia ac turpis. Cras tincidunt lobortis elit quis aliquam. Proin et massa libero.

Aliquam id pharetra arcu. Vivamus vitae mattis ligula. Sed efficitur urna vitae scelerisque tempor. Proin purus magna, vulputate eu ligula a, vehicula malesuada enim. Curabitur aliquet rutrum enim et tincidunt. Vestibulum ante ipsum primis in faucibus orci luctus et ultrices posuere cubilia curae; Vivamus pharetra enim leo, nec molestie nibh consectetur quis. Class aptent taciti sociosqu ad litora torquent per conubia nostra, per inceptos himenaeos. Nunc quis maximus elit, vitae pulvinar urna. Integer at mi elit. Phasellus vitae rutrum sem. Vivamus et mauris ac nisl congue congue eu eget elit. Nullam at quam velit. Pellentesque dictum, diam nec tempor aliquet, tortor justo fermentum sapien, at condimentum turpis elit vel sapien. Aenean rutrum tellus sodales tortor viverra eleifend.

Donec facilisis, diam efficitur maximus ultrices, enim lectus rutrum elit, eget malesuada mi justo dapibus enim. Maecenas finibus euismod nulla quis dignissim. Sed dictum ante rutrum turpis euismod laoreet. Sed placerat tellus leo. In ut lobortis lorem. Nullam vitae lectus egestas urna tincidunt aliquet. Ut sagittis vel enim eget malesuada. Cras in congue tortor. Interdum et malesuada fames ac ante ipsum primis in faucibus. Nunc tempus consequat neque, et eleifend nulla aliquam eu.",Author 191,4,bo-sach-harry-potter-tap-3-kho-nho-bo-3-cuon,NXB 191,2021,144
https://cdn1.fahasa.com/media/catalog/product/8/9/8934974213796.jpg,Cảo Thơm - Việt Điện U Linh Tập - Bìa Cứng,263500,13,9780085480188,"Lorem ipsum dolor sit amet, consectetur adipiscing elit. Nam congue vel tellus non luctus. Vestibulum vitae nunc lorem. Sed lacinia lectus vel augue imperdiet ultricies. Donec id venenatis ex, vitae pretium ligula. Sed nulla eros, dignissim at feugiat non, posuere sit amet urna. Ut eu porttitor tellus. Cras eu massa nulla. Morbi porta fermentum elit eu iaculis. Pellentesque hendrerit venenatis purus at feugiat. Pellentesque vitae feugiat purus. Donec mattis rhoncus lacinia. Sed quam diam, molestie id laoreet eu, lacinia ac turpis. Cras tincidunt lobortis elit quis aliquam. Proin et massa libero.

Aliquam id pharetra arcu. Vivamus vitae mattis ligula. Sed efficitur urna vitae scelerisque tempor. Proin purus magna, vulputate eu ligula a, vehicula malesuada enim. Curabitur aliquet rutrum enim et tincidunt. Vestibulum ante ipsum primis in faucibus orci luctus et ultrices posuere cubilia curae; Vivamus pharetra enim leo, nec molestie nibh consectetur quis. Class aptent taciti sociosqu ad litora torquent per conubia nostra, per inceptos himenaeos. Nunc quis maximus elit, vitae pulvinar urna. Integer at mi elit. Phasellus vitae rutrum sem. Vivamus et mauris ac nisl congue congue eu eget elit. Nullam at quam velit. Pellentesque dictum, diam nec tempor aliquet, tortor justo fermentum sapien, at condimentum turpis elit vel sapien. Aenean rutrum tellus sodales tortor viverra eleifend.

Donec facilisis, diam efficitur maximus ultrices, enim lectus rutrum elit, eget malesuada mi justo dapibus enim. Maecenas finibus euismod nulla quis dignissim. Sed dictum ante rutrum turpis euismod laoreet. Sed placerat tellus leo. In ut lobortis lorem. Nullam vitae lectus egestas urna tincidunt aliquet. Ut sagittis vel enim eget malesuada. Cras in congue tortor. Interdum et malesuada fames ac ante ipsum primis in faucibus. Nunc tempus consequat neque, et eleifend nulla aliquam eu.",Author 192,6,cao-thom-viet-ien-u-linh-tap-bia-cung,NXB 192,2006,91
https://cdn1.fahasa.com/media/catalog/product/8/9/8935235247055.jpg,Kim Vân Kiều - Bản Đặc Biệt - Bìa Cứng,599000,14,9780085480189,"Lorem ipsum dolor sit amet, consectetur adipiscing elit. Nam congue vel tellus non luctus. Vestibulum vitae nunc lorem. Sed lacinia lectus vel augue imperdiet ultricies. Donec id venenatis ex, vitae pretium ligula. Sed nulla eros, dignissim at feugiat non, posuere sit amet urna. Ut eu porttitor tellus. Cras eu massa nulla. Morbi porta fermentum elit eu iaculis. Pellentesque hendrerit venenatis purus at feugiat. Pellentesque vitae feugiat purus. Donec mattis rhoncus lacinia. Sed quam diam, molestie id laoreet eu, lacinia ac turpis. Cras tincidunt lobortis elit quis aliquam. Proin et massa libero.

Aliquam id pharetra arcu. Vivamus vitae mattis ligula. Sed efficitur urna vitae scelerisque tempor. Proin purus magna, vulputate eu ligula a, vehicula malesuada enim. Curabitur aliquet rutrum enim et tincidunt. Vestibulum ante ipsum primis in faucibus orci luctus et ultrices posuere cubilia curae; Vivamus pharetra enim leo, nec molestie nibh consectetur quis. Class aptent taciti sociosqu ad litora torquent per conubia nostra, per inceptos himenaeos. Nunc quis maximus elit, vitae pulvinar urna. Integer at mi elit. Phasellus vitae rutrum sem. Vivamus et mauris ac nisl congue congue eu eget elit. Nullam at quam velit. Pellentesque dictum, diam nec tempor aliquet, tortor justo fermentum sapien, at condimentum turpis elit vel sapien. Aenean rutrum tellus sodales tortor viverra eleifend.

Donec facilisis, diam efficitur maximus ultrices, enim lectus rutrum elit, eget malesuada mi justo dapibus enim. Maecenas finibus euismod nulla quis dignissim. Sed dictum ante rutrum turpis euismod laoreet. Sed placerat tellus leo. In ut lobortis lorem. Nullam vitae lectus egestas urna tincidunt aliquet. Ut sagittis vel enim eget malesuada. Cras in congue tortor. Interdum et malesuada fames ac ante ipsum primis in faucibus. Nunc tempus consequat neque, et eleifend nulla aliquam eu.",Author 193,20,kim-van-kieu-ban-ac-biet-bia-cung,NXB 193,2003,123
https://cdn1.fahasa.com/media/catalog/product/b/i/bia1_thuong_1.jpg,Thương,63500,14,9780085480190,"Lorem ipsum dolor sit amet, consectetur adipiscing elit. Nam congue vel tellus non luctus. Vestibulum vitae nunc lorem. Sed lacinia lectus vel augue imperdiet ultricies. Donec id venenatis ex, vitae pretium ligula. Sed nulla eros, dignissim at feugiat non, posuere sit amet urna. Ut eu porttitor tellus. Cras eu massa nulla. Morbi porta fermentum elit eu iaculis. Pellentesque hendrerit venenatis purus at feugiat. Pellentesque vitae feugiat purus. Donec mattis rhoncus lacinia. Sed quam diam, molestie id laoreet eu, lacinia ac turpis. Cras tincidunt lobortis elit quis aliquam. Proin et massa libero.

Aliquam id pharetra arcu. Vivamus vitae mattis ligula. Sed efficitur urna vitae scelerisque tempor. Proin purus magna, vulputate eu ligula a, vehicula malesuada enim. Curabitur aliquet rutrum enim et tincidunt. Vestibulum ante ipsum primis in faucibus orci luctus et ultrices posuere cubilia curae; Vivamus pharetra enim leo, nec molestie nibh consectetur quis. Class aptent taciti sociosqu ad litora torquent per conubia nostra, per inceptos himenaeos. Nunc quis maximus elit, vitae pulvinar urna. Integer at mi elit. Phasellus vitae rutrum sem. Vivamus et mauris ac nisl congue congue eu eget elit. Nullam at quam velit. Pellentesque dictum, diam nec tempor aliquet, tortor justo fermentum sapien, at condimentum turpis elit vel sapien. Aenean rutrum tellus sodales tortor viverra eleifend.

Donec facilisis, diam efficitur maximus ultrices, enim lectus rutrum elit, eget malesuada mi justo dapibus enim. Maecenas finibus euismod nulla quis dignissim. Sed dictum ante rutrum turpis euismod laoreet. Sed placerat tellus leo. In ut lobortis lorem. Nullam vitae lectus egestas urna tincidunt aliquet. Ut sagittis vel enim eget malesuada. Cras in congue tortor. Interdum et malesuada fames ac ante ipsum primis in faucibus. Nunc tempus consequat neque, et eleifend nulla aliquam eu.",Author 194,12,thuong,NXB 194,2005,108
https://cdn1.fahasa.com/media/catalog/product/t/r/truyen-kieu-hoi-ban---bia-1.jpg,Truyện Kiều Hội Bản - Bìa Cứng,254000,14,9780085480191,"Lorem ipsum dolor sit amet, consectetur adipiscing elit. Nam congue vel tellus non luctus. Vestibulum vitae nunc lorem. Sed lacinia lectus vel augue imperdiet ultricies. Donec id venenatis ex, vitae pretium ligula. Sed nulla eros, dignissim at feugiat non, posuere sit amet urna. Ut eu porttitor tellus. Cras eu massa nulla. Morbi porta fermentum elit eu iaculis. Pellentesque hendrerit venenatis purus at feugiat. Pellentesque vitae feugiat purus. Donec mattis rhoncus lacinia. Sed quam diam, molestie id laoreet eu, lacinia ac turpis. Cras tincidunt lobortis elit quis aliquam. Proin et massa libero.

Aliquam id pharetra arcu. Vivamus vitae mattis ligula. Sed efficitur urna vitae scelerisque tempor. Proin purus magna, vulputate eu ligula a, vehicula malesuada enim. Curabitur aliquet rutrum enim et tincidunt. Vestibulum ante ipsum primis in faucibus orci luctus et ultrices posuere cubilia curae; Vivamus pharetra enim leo, nec molestie nibh consectetur quis. Class aptent taciti sociosqu ad litora torquent per conubia nostra, per inceptos himenaeos. Nunc quis maximus elit, vitae pulvinar urna. Integer at mi elit. Phasellus vitae rutrum sem. Vivamus et mauris ac nisl congue congue eu eget elit. Nullam at quam velit. Pellentesque dictum, diam nec tempor aliquet, tortor justo fermentum sapien, at condimentum turpis elit vel sapien. Aenean rutrum tellus sodales tortor viverra eleifend.

Donec facilisis, diam efficitur maximus ultrices, enim lectus rutrum elit, eget malesuada mi justo dapibus enim. Maecenas finibus euismod nulla quis dignissim. Sed dictum ante rutrum turpis euismod laoreet. Sed placerat tellus leo. In ut lobortis lorem. Nullam vitae lectus egestas urna tincidunt aliquet. Ut sagittis vel enim eget malesuada. Cras in congue tortor. Interdum et malesuada fames ac ante ipsum primis in faucibus. Nunc tempus consequat neque, et eleifend nulla aliquam eu.",Author 195,17,truyen-kieu-hoi-ban-bia-cung,NXB 195,2013,122
https://cdn1.fahasa.com/media/catalog/product/8/9/8936067606294.jpg,Nhật Ký Trong Tù (Tái Bản),56000,14,9780085480192,"Lorem ipsum dolor sit amet, consectetur adipiscing elit. Nam congue vel tellus non luctus. Vestibulum vitae nunc lorem. Sed lacinia lectus vel augue imperdiet ultricies. Donec id venenatis ex, vitae pretium ligula. Sed nulla eros, dignissim at feugiat non, posuere sit amet urna. Ut eu porttitor tellus. Cras eu massa nulla. Morbi porta fermentum elit eu iaculis. Pellentesque hendrerit venenatis purus at feugiat. Pellentesque vitae feugiat purus. Donec mattis rhoncus lacinia. Sed quam diam, molestie id laoreet eu, lacinia ac turpis. Cras tincidunt lobortis elit quis aliquam. Proin et massa libero.

Aliquam id pharetra arcu. Vivamus vitae mattis ligula. Sed efficitur urna vitae scelerisque tempor. Proin purus magna, vulputate eu ligula a, vehicula malesuada enim. Curabitur aliquet rutrum enim et tincidunt. Vestibulum ante ipsum primis in faucibus orci luctus et ultrices posuere cubilia curae; Vivamus pharetra enim leo, nec molestie nibh consectetur quis. Class aptent taciti sociosqu ad litora torquent per conubia nostra, per inceptos himenaeos. Nunc quis maximus elit, vitae pulvinar urna. Integer at mi elit. Phasellus vitae rutrum sem. Vivamus et mauris ac nisl congue congue eu eget elit. Nullam at quam velit. Pellentesque dictum, diam nec tempor aliquet, tortor justo fermentum sapien, at condimentum turpis elit vel sapien. Aenean rutrum tellus sodales tortor viverra eleifend.

Donec facilisis, diam efficitur maximus ultrices, enim lectus rutrum elit, eget malesuada mi justo dapibus enim. Maecenas finibus euismod nulla quis dignissim. Sed dictum ante rutrum turpis euismod laoreet. Sed placerat tellus leo. In ut lobortis lorem. Nullam vitae lectus egestas urna tincidunt aliquet. Ut sagittis vel enim eget malesuada. Cras in congue tortor. Interdum et malesuada fames ac ante ipsum primis in faucibus. Nunc tempus consequat neque, et eleifend nulla aliquam eu.",Author 196,3,nhat-ky-trong-tu-tai-ban,NXB 196,2000,70
https://cdn1.fahasa.com/media/catalog/product/i/m/image_244718_1_5088.jpg,Nhật Ký Trong Tù (Tái Bản),38000,14,9780085480193,"Lorem ipsum dolor sit amet, consectetur adipiscing elit. Nam congue vel tellus non luctus. Vestibulum vitae nunc lorem. Sed lacinia lectus vel augue imperdiet ultricies. Donec id venenatis ex, vitae pretium ligula. Sed nulla eros, dignissim at feugiat non, posuere sit amet urna. Ut eu porttitor tellus. Cras eu massa nulla. Morbi porta fermentum elit eu iaculis. Pellentesque hendrerit venenatis purus at feugiat. Pellentesque vitae feugiat purus. Donec mattis rhoncus lacinia. Sed quam diam, molestie id laoreet eu, lacinia ac turpis. Cras tincidunt lobortis elit quis aliquam. Proin et massa libero.

Aliquam id pharetra arcu. Vivamus vitae mattis ligula. Sed efficitur urna vitae scelerisque tempor. Proin purus magna, vulputate eu ligula a, vehicula malesuada enim. Curabitur aliquet rutrum enim et tincidunt. Vestibulum ante ipsum primis in faucibus orci luctus et ultrices posuere cubilia curae; Vivamus pharetra enim leo, nec molestie nibh consectetur quis. Class aptent taciti sociosqu ad litora torquent per conubia nostra, per inceptos himenaeos. Nunc quis maximus elit, vitae pulvinar urna. Integer at mi elit. Phasellus vitae rutrum sem. Vivamus et mauris ac nisl congue congue eu eget elit. Nullam at quam velit. Pellentesque dictum, diam nec tempor aliquet, tortor justo fermentum sapien, at condimentum turpis elit vel sapien. Aenean rutrum tellus sodales tortor viverra eleifend.

Donec facilisis, diam efficitur maximus ultrices, enim lectus rutrum elit, eget malesuada mi justo dapibus enim. Maecenas finibus euismod nulla quis dignissim. Sed dictum ante rutrum turpis euismod laoreet. Sed placerat tellus leo. In ut lobortis lorem. Nullam vitae lectus egestas urna tincidunt aliquet. Ut sagittis vel enim eget malesuada. Cras in congue tortor. Interdum et malesuada fames ac ante ipsum primis in faucibus. Nunc tempus consequat neque, et eleifend nulla aliquam eu.",Author 197,16,nhat-ky-trong-tu-tai-ban,NXB 197,2009,87
https://cdn1.fahasa.com/media/catalog/product/c/o/combo-4-1-logo-1.jpg,Sách Tết Bính Ngọ 2026 - Hợp Tuyển Văn Thơ Nhạc Hoạ Chủ Đề  Mùa Xuân Và Ngày Tết - Ấn Bản Giới Hạn - Bìa Cứng - Tặng Kèm Hộp Sơn Mài + Tranh Sơn Mài,1.4,14,9780085480194,"Lorem ipsum dolor sit amet, consectetur adipiscing elit. Nam congue vel tellus non luctus. Vestibulum vitae nunc lorem. Sed lacinia lectus vel augue imperdiet ultricies. Donec id venenatis ex, vitae pretium ligula. Sed nulla eros, dignissim at feugiat non, posuere sit amet urna. Ut eu porttitor tellus. Cras eu massa nulla. Morbi porta fermentum elit eu iaculis. Pellentesque hendrerit venenatis purus at feugiat. Pellentesque vitae feugiat purus. Donec mattis rhoncus lacinia. Sed quam diam, molestie id laoreet eu, lacinia ac turpis. Cras tincidunt lobortis elit quis aliquam. Proin et massa libero.

Aliquam id pharetra arcu. Vivamus vitae mattis ligula. Sed efficitur urna vitae scelerisque tempor. Proin purus magna, vulputate eu ligula a, vehicula malesuada enim. Curabitur aliquet rutrum enim et tincidunt. Vestibulum ante ipsum primis in faucibus orci luctus et ultrices posuere cubilia curae; Vivamus pharetra enim leo, nec molestie nibh consectetur quis. Class aptent taciti sociosqu ad litora torquent per conubia nostra, per inceptos himenaeos. Nunc quis maximus elit, vitae pulvinar urna. Integer at mi elit. Phasellus vitae rutrum sem. Vivamus et mauris ac nisl congue congue eu eget elit. Nullam at quam velit. Pellentesque dictum, diam nec tempor aliquet, tortor justo fermentum sapien, at condimentum turpis elit vel sapien. Aenean rutrum tellus sodales tortor viverra eleifend.

Donec facilisis, diam efficitur maximus ultrices, enim lectus rutrum elit, eget malesuada mi justo dapibus enim. Maecenas finibus euismod nulla quis dignissim. Sed dictum ante rutrum turpis euismod laoreet. Sed placerat tellus leo. In ut lobortis lorem. Nullam vitae lectus egestas urna tincidunt aliquet. Ut sagittis vel enim eget malesuada. Cras in congue tortor. Interdum et malesuada fames ac ante ipsum primis in faucibus. Nunc tempus consequat neque, et eleifend nulla aliquam eu.",Author 198,20,sach-tet-binh-ngo-2026-hop-tuyen-van-tho-nhac-hoa-chu-e-mua-xuan-va-ngay-tet-an-ban-gioi-han-bia-cung-tang-kem-hop-son-mai-tranh-son-mai,NXB 198,2002,83
https://cdn1.fahasa.com/media/catalog/product/i/m/image_195509_1_4817.jpg,Văn Học Trong Nhà Trường - Thơ Hồ Xuân Hương,23500,14,9780085480195,"Lorem ipsum dolor sit amet, consectetur adipiscing elit. Nam congue vel tellus non luctus. Vestibulum vitae nunc lorem. Sed lacinia lectus vel augue imperdiet ultricies. Donec id venenatis ex, vitae pretium ligula. Sed nulla eros, dignissim at feugiat non, posuere sit amet urna. Ut eu porttitor tellus. Cras eu massa nulla. Morbi porta fermentum elit eu iaculis. Pellentesque hendrerit venenatis purus at feugiat. Pellentesque vitae feugiat purus. Donec mattis rhoncus lacinia. Sed quam diam, molestie id laoreet eu, lacinia ac turpis. Cras tincidunt lobortis elit quis aliquam. Proin et massa libero.

Aliquam id pharetra arcu. Vivamus vitae mattis ligula. Sed efficitur urna vitae scelerisque tempor. Proin purus magna, vulputate eu ligula a, vehicula malesuada enim. Curabitur aliquet rutrum enim et tincidunt. Vestibulum ante ipsum primis in faucibus orci luctus et ultrices posuere cubilia curae; Vivamus pharetra enim leo, nec molestie nibh consectetur quis. Class aptent taciti sociosqu ad litora torquent per conubia nostra, per inceptos himenaeos. Nunc quis maximus elit, vitae pulvinar urna. Integer at mi elit. Phasellus vitae rutrum sem. Vivamus et mauris ac nisl congue congue eu eget elit. Nullam at quam velit. Pellentesque dictum, diam nec tempor aliquet, tortor justo fermentum sapien, at condimentum turpis elit vel sapien. Aenean rutrum tellus sodales tortor viverra eleifend.

Donec facilisis, diam efficitur maximus ultrices, enim lectus rutrum elit, eget malesuada mi justo dapibus enim. Maecenas finibus euismod nulla quis dignissim. Sed dictum ante rutrum turpis euismod laoreet. Sed placerat tellus leo. In ut lobortis lorem. Nullam vitae lectus egestas urna tincidunt aliquet. Ut sagittis vel enim eget malesuada. Cras in congue tortor. Interdum et malesuada fames ac ante ipsum primis in faucibus. Nunc tempus consequat neque, et eleifend nulla aliquam eu.",Author 199,7,van-hoc-trong-nha-truong-tho-ho-xuan-huong,NXB 199,2002,62
https://cdn1.fahasa.com/media/catalog/product/8/9/8935236431767.jpg,"Tục Ngữ, Ca Dao, Dân Ca Việt Nam - Bìa Cứng (Tái Bản 2023)",112000,14,9780085480196,"Lorem ipsum dolor sit amet, consectetur adipiscing elit. Nam congue vel tellus non luctus. Vestibulum vitae nunc lorem. Sed lacinia lectus vel augue imperdiet ultricies. Donec id venenatis ex, vitae pretium ligula. Sed nulla eros, dignissim at feugiat non, posuere sit amet urna. Ut eu porttitor tellus. Cras eu massa nulla. Morbi porta fermentum elit eu iaculis. Pellentesque hendrerit venenatis purus at feugiat. Pellentesque vitae feugiat purus. Donec mattis rhoncus lacinia. Sed quam diam, molestie id laoreet eu, lacinia ac turpis. Cras tincidunt lobortis elit quis aliquam. Proin et massa libero.

Aliquam id pharetra arcu. Vivamus vitae mattis ligula. Sed efficitur urna vitae scelerisque tempor. Proin purus magna, vulputate eu ligula a, vehicula malesuada enim. Curabitur aliquet rutrum enim et tincidunt. Vestibulum ante ipsum primis in faucibus orci luctus et ultrices posuere cubilia curae; Vivamus pharetra enim leo, nec molestie nibh consectetur quis. Class aptent taciti sociosqu ad litora torquent per conubia nostra, per inceptos himenaeos. Nunc quis maximus elit, vitae pulvinar urna. Integer at mi elit. Phasellus vitae rutrum sem. Vivamus et mauris ac nisl congue congue eu eget elit. Nullam at quam velit. Pellentesque dictum, diam nec tempor aliquet, tortor justo fermentum sapien, at condimentum turpis elit vel sapien. Aenean rutrum tellus sodales tortor viverra eleifend.

Donec facilisis, diam efficitur maximus ultrices, enim lectus rutrum elit, eget malesuada mi justo dapibus enim. Maecenas finibus euismod nulla quis dignissim. Sed dictum ante rutrum turpis euismod laoreet. Sed placerat tellus leo. In ut lobortis lorem. Nullam vitae lectus egestas urna tincidunt aliquet. Ut sagittis vel enim eget malesuada. Cras in congue tortor. Interdum et malesuada fames ac ante ipsum primis in faucibus. Nunc tempus consequat neque, et eleifend nulla aliquam eu.",Author 200,7,tuc-ngu-ca-dao-dan-ca-viet-nam-bia-cung-tai-ban-2023,NXB 200,2001,126
https://cdn1.fahasa.com/media/catalog/product/i/m/image_229223.jpg,Truyện Kiều,28000,14,9780085480197,"Lorem ipsum dolor sit amet, consectetur adipiscing elit. Nam congue vel tellus non luctus. Vestibulum vitae nunc lorem. Sed lacinia lectus vel augue imperdiet ultricies. Donec id venenatis ex, vitae pretium ligula. Sed nulla eros, dignissim at feugiat non, posuere sit amet urna. Ut eu porttitor tellus. Cras eu massa nulla. Morbi porta fermentum elit eu iaculis. Pellentesque hendrerit venenatis purus at feugiat. Pellentesque vitae feugiat purus. Donec mattis rhoncus lacinia. Sed quam diam, molestie id laoreet eu, lacinia ac turpis. Cras tincidunt lobortis elit quis aliquam. Proin et massa libero.

Aliquam id pharetra arcu. Vivamus vitae mattis ligula. Sed efficitur urna vitae scelerisque tempor. Proin purus magna, vulputate eu ligula a, vehicula malesuada enim. Curabitur aliquet rutrum enim et tincidunt. Vestibulum ante ipsum primis in faucibus orci luctus et ultrices posuere cubilia curae; Vivamus pharetra enim leo, nec molestie nibh consectetur quis. Class aptent taciti sociosqu ad litora torquent per conubia nostra, per inceptos himenaeos. Nunc quis maximus elit, vitae pulvinar urna. Integer at mi elit. Phasellus vitae rutrum sem. Vivamus et mauris ac nisl congue congue eu eget elit. Nullam at quam velit. Pellentesque dictum, diam nec tempor aliquet, tortor justo fermentum sapien, at condimentum turpis elit vel sapien. Aenean rutrum tellus sodales tortor viverra eleifend.

Donec facilisis, diam efficitur maximus ultrices, enim lectus rutrum elit, eget malesuada mi justo dapibus enim. Maecenas finibus euismod nulla quis dignissim. Sed dictum ante rutrum turpis euismod laoreet. Sed placerat tellus leo. In ut lobortis lorem. Nullam vitae lectus egestas urna tincidunt aliquet. Ut sagittis vel enim eget malesuada. Cras in congue tortor. Interdum et malesuada fames ac ante ipsum primis in faucibus. Nunc tempus consequat neque, et eleifend nulla aliquam eu.",Author 201,6,truyen-kieu,NXB 201,2000,58
https://cdn1.fahasa.com/media/catalog/product/t/r/truyen-kieu_sach-tranh_bia_1.jpg,Truyện Kiều - Bìa Cứng,211500,14,9780085480198,"Lorem ipsum dolor sit amet, consectetur adipiscing elit. Nam congue vel tellus non luctus. Vestibulum vitae nunc lorem. Sed lacinia lectus vel augue imperdiet ultricies. Donec id venenatis ex, vitae pretium ligula. Sed nulla eros, dignissim at feugiat non, posuere sit amet urna. Ut eu porttitor tellus. Cras eu massa nulla. Morbi porta fermentum elit eu iaculis. Pellentesque hendrerit venenatis purus at feugiat. Pellentesque vitae feugiat purus. Donec mattis rhoncus lacinia. Sed quam diam, molestie id laoreet eu, lacinia ac turpis. Cras tincidunt lobortis elit quis aliquam. Proin et massa libero.

Aliquam id pharetra arcu. Vivamus vitae mattis ligula. Sed efficitur urna vitae scelerisque tempor. Proin purus magna, vulputate eu ligula a, vehicula malesuada enim. Curabitur aliquet rutrum enim et tincidunt. Vestibulum ante ipsum primis in faucibus orci luctus et ultrices posuere cubilia curae; Vivamus pharetra enim leo, nec molestie nibh consectetur quis. Class aptent taciti sociosqu ad litora torquent per conubia nostra, per inceptos himenaeos. Nunc quis maximus elit, vitae pulvinar urna. Integer at mi elit. Phasellus vitae rutrum sem. Vivamus et mauris ac nisl congue congue eu eget elit. Nullam at quam velit. Pellentesque dictum, diam nec tempor aliquet, tortor justo fermentum sapien, at condimentum turpis elit vel sapien. Aenean rutrum tellus sodales tortor viverra eleifend.

Donec facilisis, diam efficitur maximus ultrices, enim lectus rutrum elit, eget malesuada mi justo dapibus enim. Maecenas finibus euismod nulla quis dignissim. Sed dictum ante rutrum turpis euismod laoreet. Sed placerat tellus leo. In ut lobortis lorem. Nullam vitae lectus egestas urna tincidunt aliquet. Ut sagittis vel enim eget malesuada. Cras in congue tortor. Interdum et malesuada fames ac ante ipsum primis in faucibus. Nunc tempus consequat neque, et eleifend nulla aliquam eu.",Author 202,5,truyen-kieu-bia-cung,NXB 202,2013,132
https://cdn1.fahasa.com/media/catalog/product/8/9/8936067604634.jpg,Truyện Kiều (Tái Bản 2022),47600,14,9780085480199,"Lorem ipsum dolor sit amet, consectetur adipiscing elit. Nam congue vel tellus non luctus. Vestibulum vitae nunc lorem. Sed lacinia lectus vel augue imperdiet ultricies. Donec id venenatis ex, vitae pretium ligula. Sed nulla eros, dignissim at feugiat non, posuere sit amet urna. Ut eu porttitor tellus. Cras eu massa nulla. Morbi porta fermentum elit eu iaculis. Pellentesque hendrerit venenatis purus at feugiat. Pellentesque vitae feugiat purus. Donec mattis rhoncus lacinia. Sed quam diam, molestie id laoreet eu, lacinia ac turpis. Cras tincidunt lobortis elit quis aliquam. Proin et massa libero.

Aliquam id pharetra arcu. Vivamus vitae mattis ligula. Sed efficitur urna vitae scelerisque tempor. Proin purus magna, vulputate eu ligula a, vehicula malesuada enim. Curabitur aliquet rutrum enim et tincidunt. Vestibulum ante ipsum primis in faucibus orci luctus et ultrices posuere cubilia curae; Vivamus pharetra enim leo, nec molestie nibh consectetur quis. Class aptent taciti sociosqu ad litora torquent per conubia nostra, per inceptos himenaeos. Nunc quis maximus elit, vitae pulvinar urna. Integer at mi elit. Phasellus vitae rutrum sem. Vivamus et mauris ac nisl congue congue eu eget elit. Nullam at quam velit. Pellentesque dictum, diam nec tempor aliquet, tortor justo fermentum sapien, at condimentum turpis elit vel sapien. Aenean rutrum tellus sodales tortor viverra eleifend.

Donec facilisis, diam efficitur maximus ultrices, enim lectus rutrum elit, eget malesuada mi justo dapibus enim. Maecenas finibus euismod nulla quis dignissim. Sed dictum ante rutrum turpis euismod laoreet. Sed placerat tellus leo. In ut lobortis lorem. Nullam vitae lectus egestas urna tincidunt aliquet. Ut sagittis vel enim eget malesuada. Cras in congue tortor. Interdum et malesuada fames ac ante ipsum primis in faucibus. Nunc tempus consequat neque, et eleifend nulla aliquam eu.",Author 203,7,truyen-kieu-tai-ban-2022,NXB 203,2009,55
https://cdn1.fahasa.com/media/catalog/product/b/i/bia1-nh_-sao.jpg,Như Sao Trời Ôm Lấy Đại Dương,73000,14,9780085480200,"Lorem ipsum dolor sit amet, consectetur adipiscing elit. Nam congue vel tellus non luctus. Vestibulum vitae nunc lorem. Sed lacinia lectus vel augue imperdiet ultricies. Donec id venenatis ex, vitae pretium ligula. Sed nulla eros, dignissim at feugiat non, posuere sit amet urna. Ut eu porttitor tellus. Cras eu massa nulla. Morbi porta fermentum elit eu iaculis. Pellentesque hendrerit venenatis purus at feugiat. Pellentesque vitae feugiat purus. Donec mattis rhoncus lacinia. Sed quam diam, molestie id laoreet eu, lacinia ac turpis. Cras tincidunt lobortis elit quis aliquam. Proin et massa libero.

Aliquam id pharetra arcu. Vivamus vitae mattis ligula. Sed efficitur urna vitae scelerisque tempor. Proin purus magna, vulputate eu ligula a, vehicula malesuada enim. Curabitur aliquet rutrum enim et tincidunt. Vestibulum ante ipsum primis in faucibus orci luctus et ultrices posuere cubilia curae; Vivamus pharetra enim leo, nec molestie nibh consectetur quis. Class aptent taciti sociosqu ad litora torquent per conubia nostra, per inceptos himenaeos. Nunc quis maximus elit, vitae pulvinar urna. Integer at mi elit. Phasellus vitae rutrum sem. Vivamus et mauris ac nisl congue congue eu eget elit. Nullam at quam velit. Pellentesque dictum, diam nec tempor aliquet, tortor justo fermentum sapien, at condimentum turpis elit vel sapien. Aenean rutrum tellus sodales tortor viverra eleifend.

Donec facilisis, diam efficitur maximus ultrices, enim lectus rutrum elit, eget malesuada mi justo dapibus enim. Maecenas finibus euismod nulla quis dignissim. Sed dictum ante rutrum turpis euismod laoreet. Sed placerat tellus leo. In ut lobortis lorem. Nullam vitae lectus egestas urna tincidunt aliquet. Ut sagittis vel enim eget malesuada. Cras in congue tortor. Interdum et malesuada fames ac ante ipsum primis in faucibus. Nunc tempus consequat neque, et eleifend nulla aliquam eu.",Author 204,3,nhu-sao-troi-om-lay-ai-duong,NXB 204,2012,118
https://cdn1.fahasa.com/media/catalog/product/2/6/260825.jpg,Than Ấm Bừng Lên - Tặng Kèm Bookmark,89000,14,9780085480201,"Lorem ipsum dolor sit amet, consectetur adipiscing elit. Nam congue vel tellus non luctus. Vestibulum vitae nunc lorem. Sed lacinia lectus vel augue imperdiet ultricies. Donec id venenatis ex, vitae pretium ligula. Sed nulla eros, dignissim at feugiat non, posuere sit amet urna. Ut eu porttitor tellus. Cras eu massa nulla. Morbi porta fermentum elit eu iaculis. Pellentesque hendrerit venenatis purus at feugiat. Pellentesque vitae feugiat purus. Donec mattis rhoncus lacinia. Sed quam diam, molestie id laoreet eu, lacinia ac turpis. Cras tincidunt lobortis elit quis aliquam. Proin et massa libero.

Aliquam id pharetra arcu. Vivamus vitae mattis ligula. Sed efficitur urna vitae scelerisque tempor. Proin purus magna, vulputate eu ligula a, vehicula malesuada enim. Curabitur aliquet rutrum enim et tincidunt. Vestibulum ante ipsum primis in faucibus orci luctus et ultrices posuere cubilia curae; Vivamus pharetra enim leo, nec molestie nibh consectetur quis. Class aptent taciti sociosqu ad litora torquent per conubia nostra, per inceptos himenaeos. Nunc quis maximus elit, vitae pulvinar urna. Integer at mi elit. Phasellus vitae rutrum sem. Vivamus et mauris ac nisl congue congue eu eget elit. Nullam at quam velit. Pellentesque dictum, diam nec tempor aliquet, tortor justo fermentum sapien, at condimentum turpis elit vel sapien. Aenean rutrum tellus sodales tortor viverra eleifend.

Donec facilisis, diam efficitur maximus ultrices, enim lectus rutrum elit, eget malesuada mi justo dapibus enim. Maecenas finibus euismod nulla quis dignissim. Sed dictum ante rutrum turpis euismod laoreet. Sed placerat tellus leo. In ut lobortis lorem. Nullam vitae lectus egestas urna tincidunt aliquet. Ut sagittis vel enim eget malesuada. Cras in congue tortor. Interdum et malesuada fames ac ante ipsum primis in faucibus. Nunc tempus consequat neque, et eleifend nulla aliquam eu.",Author 205,18,than-am-bung-len-tang-kem-bookmark,NXB 205,2006,94
https://cdn1.fahasa.com/media/catalog/product/8/9/8935236424912.jpg,Truyện Kiều Chú Giải (Tái Bản) - Bìa Cứng,140000,14,9780085480202,"Lorem ipsum dolor sit amet, consectetur adipiscing elit. Nam congue vel tellus non luctus. Vestibulum vitae nunc lorem. Sed lacinia lectus vel augue imperdiet ultricies. Donec id venenatis ex, vitae pretium ligula. Sed nulla eros, dignissim at feugiat non, posuere sit amet urna. Ut eu porttitor tellus. Cras eu massa nulla. Morbi porta fermentum elit eu iaculis. Pellentesque hendrerit venenatis purus at feugiat. Pellentesque vitae feugiat purus. Donec mattis rhoncus lacinia. Sed quam diam, molestie id laoreet eu, lacinia ac turpis. Cras tincidunt lobortis elit quis aliquam. Proin et massa libero.

Aliquam id pharetra arcu. Vivamus vitae mattis ligula. Sed efficitur urna vitae scelerisque tempor. Proin purus magna, vulputate eu ligula a, vehicula malesuada enim. Curabitur aliquet rutrum enim et tincidunt. Vestibulum ante ipsum primis in faucibus orci luctus et ultrices posuere cubilia curae; Vivamus pharetra enim leo, nec molestie nibh consectetur quis. Class aptent taciti sociosqu ad litora torquent per conubia nostra, per inceptos himenaeos. Nunc quis maximus elit, vitae pulvinar urna. Integer at mi elit. Phasellus vitae rutrum sem. Vivamus et mauris ac nisl congue congue eu eget elit. Nullam at quam velit. Pellentesque dictum, diam nec tempor aliquet, tortor justo fermentum sapien, at condimentum turpis elit vel sapien. Aenean rutrum tellus sodales tortor viverra eleifend.

Donec facilisis, diam efficitur maximus ultrices, enim lectus rutrum elit, eget malesuada mi justo dapibus enim. Maecenas finibus euismod nulla quis dignissim. Sed dictum ante rutrum turpis euismod laoreet. Sed placerat tellus leo. In ut lobortis lorem. Nullam vitae lectus egestas urna tincidunt aliquet. Ut sagittis vel enim eget malesuada. Cras in congue tortor. Interdum et malesuada fames ac ante ipsum primis in faucibus. Nunc tempus consequat neque, et eleifend nulla aliquam eu.",Author 206,16,truyen-kieu-chu-giai-tai-ban-bia-cung,NXB 206,2015,58
https://cdn1.fahasa.com/media/catalog/product/b/i/bia_di-vong-the-gioi-van-quanh-mot-nguoi-.jpg,Đi Vòng Thế Giới Vẫn Quanh Một Người,81500,14,9780085480203,"Lorem ipsum dolor sit amet, consectetur adipiscing elit. Nam congue vel tellus non luctus. Vestibulum vitae nunc lorem. Sed lacinia lectus vel augue imperdiet ultricies. Donec id venenatis ex, vitae pretium ligula. Sed nulla eros, dignissim at feugiat non, posuere sit amet urna. Ut eu porttitor tellus. Cras eu massa nulla. Morbi porta fermentum elit eu iaculis. Pellentesque hendrerit venenatis purus at feugiat. Pellentesque vitae feugiat purus. Donec mattis rhoncus lacinia. Sed quam diam, molestie id laoreet eu, lacinia ac turpis. Cras tincidunt lobortis elit quis aliquam. Proin et massa libero.

Aliquam id pharetra arcu. Vivamus vitae mattis ligula. Sed efficitur urna vitae scelerisque tempor. Proin purus magna, vulputate eu ligula a, vehicula malesuada enim. Curabitur aliquet rutrum enim et tincidunt. Vestibulum ante ipsum primis in faucibus orci luctus et ultrices posuere cubilia curae; Vivamus pharetra enim leo, nec molestie nibh consectetur quis. Class aptent taciti sociosqu ad litora torquent per conubia nostra, per inceptos himenaeos. Nunc quis maximus elit, vitae pulvinar urna. Integer at mi elit. Phasellus vitae rutrum sem. Vivamus et mauris ac nisl congue congue eu eget elit. Nullam at quam velit. Pellentesque dictum, diam nec tempor aliquet, tortor justo fermentum sapien, at condimentum turpis elit vel sapien. Aenean rutrum tellus sodales tortor viverra eleifend.

Donec facilisis, diam efficitur maximus ultrices, enim lectus rutrum elit, eget malesuada mi justo dapibus enim. Maecenas finibus euismod nulla quis dignissim. Sed dictum ante rutrum turpis euismod laoreet. Sed placerat tellus leo. In ut lobortis lorem. Nullam vitae lectus egestas urna tincidunt aliquet. Ut sagittis vel enim eget malesuada. Cras in congue tortor. Interdum et malesuada fames ac ante ipsum primis in faucibus. Nunc tempus consequat neque, et eleifend nulla aliquam eu.",Author 207,8,i-vong-the-gioi-van-quanh-mot-nguoi,NXB 207,2013,114
https://cdn1.fahasa.com/media/catalog/product/8/9/8935343701210.jpg,Thơ Nôm Hồ Xuân Hương,25500,14,9780085480204,"Lorem ipsum dolor sit amet, consectetur adipiscing elit. Nam congue vel tellus non luctus. Vestibulum vitae nunc lorem. Sed lacinia lectus vel augue imperdiet ultricies. Donec id venenatis ex, vitae pretium ligula. Sed nulla eros, dignissim at feugiat non, posuere sit amet urna. Ut eu porttitor tellus. Cras eu massa nulla. Morbi porta fermentum elit eu iaculis. Pellentesque hendrerit venenatis purus at feugiat. Pellentesque vitae feugiat purus. Donec mattis rhoncus lacinia. Sed quam diam, molestie id laoreet eu, lacinia ac turpis. Cras tincidunt lobortis elit quis aliquam. Proin et massa libero.

Aliquam id pharetra arcu. Vivamus vitae mattis ligula. Sed efficitur urna vitae scelerisque tempor. Proin purus magna, vulputate eu ligula a, vehicula malesuada enim. Curabitur aliquet rutrum enim et tincidunt. Vestibulum ante ipsum primis in faucibus orci luctus et ultrices posuere cubilia curae; Vivamus pharetra enim leo, nec molestie nibh consectetur quis. Class aptent taciti sociosqu ad litora torquent per conubia nostra, per inceptos himenaeos. Nunc quis maximus elit, vitae pulvinar urna. Integer at mi elit. Phasellus vitae rutrum sem. Vivamus et mauris ac nisl congue congue eu eget elit. Nullam at quam velit. Pellentesque dictum, diam nec tempor aliquet, tortor justo fermentum sapien, at condimentum turpis elit vel sapien. Aenean rutrum tellus sodales tortor viverra eleifend.

Donec facilisis, diam efficitur maximus ultrices, enim lectus rutrum elit, eget malesuada mi justo dapibus enim. Maecenas finibus euismod nulla quis dignissim. Sed dictum ante rutrum turpis euismod laoreet. Sed placerat tellus leo. In ut lobortis lorem. Nullam vitae lectus egestas urna tincidunt aliquet. Ut sagittis vel enim eget malesuada. Cras in congue tortor. Interdum et malesuada fames ac ante ipsum primis in faucibus. Nunc tempus consequat neque, et eleifend nulla aliquam eu.",Author 208,13,tho-nom-ho-xuan-huong,NXB 208,2020,111
https://cdn1.fahasa.com/media/catalog/product/t/h/tho-xuan-quynh---b1.jpg,Thơ Xuân Quỳnh (Tái Bản 2024),33500,14,9780085480205,"Lorem ipsum dolor sit amet, consectetur adipiscing elit. Nam congue vel tellus non luctus. Vestibulum vitae nunc lorem. Sed lacinia lectus vel augue imperdiet ultricies. Donec id venenatis ex, vitae pretium ligula. Sed nulla eros, dignissim at feugiat non, posuere sit amet urna. Ut eu porttitor tellus. Cras eu massa nulla. Morbi porta fermentum elit eu iaculis. Pellentesque hendrerit venenatis purus at feugiat. Pellentesque vitae feugiat purus. Donec mattis rhoncus lacinia. Sed quam diam, molestie id laoreet eu, lacinia ac turpis. Cras tincidunt lobortis elit quis aliquam. Proin et massa libero.

Aliquam id pharetra arcu. Vivamus vitae mattis ligula. Sed efficitur urna vitae scelerisque tempor. Proin purus magna, vulputate eu ligula a, vehicula malesuada enim. Curabitur aliquet rutrum enim et tincidunt. Vestibulum ante ipsum primis in faucibus orci luctus et ultrices posuere cubilia curae; Vivamus pharetra enim leo, nec molestie nibh consectetur quis. Class aptent taciti sociosqu ad litora torquent per conubia nostra, per inceptos himenaeos. Nunc quis maximus elit, vitae pulvinar urna. Integer at mi elit. Phasellus vitae rutrum sem. Vivamus et mauris ac nisl congue congue eu eget elit. Nullam at quam velit. Pellentesque dictum, diam nec tempor aliquet, tortor justo fermentum sapien, at condimentum turpis elit vel sapien. Aenean rutrum tellus sodales tortor viverra eleifend.

Donec facilisis, diam efficitur maximus ultrices, enim lectus rutrum elit, eget malesuada mi justo dapibus enim. Maecenas finibus euismod nulla quis dignissim. Sed dictum ante rutrum turpis euismod laoreet. Sed placerat tellus leo. In ut lobortis lorem. Nullam vitae lectus egestas urna tincidunt aliquet. Ut sagittis vel enim eget malesuada. Cras in congue tortor. Interdum et malesuada fames ac ante ipsum primis in faucibus. Nunc tempus consequat neque, et eleifend nulla aliquam eu.",Author 209,16,tho-xuan-quynh-tai-ban-2024,NXB 209,2014,149
https://cdn1.fahasa.com/media/catalog/product/9/7/9786043449860_1.jpg,Ca Dao Tục Ngữ Dành Cho Học Sinh (Tái Bản 2023),79000,14,9780085480206,"Lorem ipsum dolor sit amet, consectetur adipiscing elit. Nam congue vel tellus non luctus. Vestibulum vitae nunc lorem. Sed lacinia lectus vel augue imperdiet ultricies. Donec id venenatis ex, vitae pretium ligula. Sed nulla eros, dignissim at feugiat non, posuere sit amet urna. Ut eu porttitor tellus. Cras eu massa nulla. Morbi porta fermentum elit eu iaculis. Pellentesque hendrerit venenatis purus at feugiat. Pellentesque vitae feugiat purus. Donec mattis rhoncus lacinia. Sed quam diam, molestie id laoreet eu, lacinia ac turpis. Cras tincidunt lobortis elit quis aliquam. Proin et massa libero.

Aliquam id pharetra arcu. Vivamus vitae mattis ligula. Sed efficitur urna vitae scelerisque tempor. Proin purus magna, vulputate eu ligula a, vehicula malesuada enim. Curabitur aliquet rutrum enim et tincidunt. Vestibulum ante ipsum primis in faucibus orci luctus et ultrices posuere cubilia curae; Vivamus pharetra enim leo, nec molestie nibh consectetur quis. Class aptent taciti sociosqu ad litora torquent per conubia nostra, per inceptos himenaeos. Nunc quis maximus elit, vitae pulvinar urna. Integer at mi elit. Phasellus vitae rutrum sem. Vivamus et mauris ac nisl congue congue eu eget elit. Nullam at quam velit. Pellentesque dictum, diam nec tempor aliquet, tortor justo fermentum sapien, at condimentum turpis elit vel sapien. Aenean rutrum tellus sodales tortor viverra eleifend.

Donec facilisis, diam efficitur maximus ultrices, enim lectus rutrum elit, eget malesuada mi justo dapibus enim. Maecenas finibus euismod nulla quis dignissim. Sed dictum ante rutrum turpis euismod laoreet. Sed placerat tellus leo. In ut lobortis lorem. Nullam vitae lectus egestas urna tincidunt aliquet. Ut sagittis vel enim eget malesuada. Cras in congue tortor. Interdum et malesuada fames ac ante ipsum primis in faucibus. Nunc tempus consequat neque, et eleifend nulla aliquam eu.",Author 210,12,ca-dao-tuc-ngu-danh-cho-hoc-sinh-tai-ban-2023,NXB 210,2025,102
https://cdn1.fahasa.com/media/catalog/product/9/7/9786048971700.jpg,Thành Ngữ Tục Ngữ Việt Nam Chọn Lọc,45500,14,9780085480207,"Lorem ipsum dolor sit amet, consectetur adipiscing elit. Nam congue vel tellus non luctus. Vestibulum vitae nunc lorem. Sed lacinia lectus vel augue imperdiet ultricies. Donec id venenatis ex, vitae pretium ligula. Sed nulla eros, dignissim at feugiat non, posuere sit amet urna. Ut eu porttitor tellus. Cras eu massa nulla. Morbi porta fermentum elit eu iaculis. Pellentesque hendrerit venenatis purus at feugiat. Pellentesque vitae feugiat purus. Donec mattis rhoncus lacinia. Sed quam diam, molestie id laoreet eu, lacinia ac turpis. Cras tincidunt lobortis elit quis aliquam. Proin et massa libero.

Aliquam id pharetra arcu. Vivamus vitae mattis ligula. Sed efficitur urna vitae scelerisque tempor. Proin purus magna, vulputate eu ligula a, vehicula malesuada enim. Curabitur aliquet rutrum enim et tincidunt. Vestibulum ante ipsum primis in faucibus orci luctus et ultrices posuere cubilia curae; Vivamus pharetra enim leo, nec molestie nibh consectetur quis. Class aptent taciti sociosqu ad litora torquent per conubia nostra, per inceptos himenaeos. Nunc quis maximus elit, vitae pulvinar urna. Integer at mi elit. Phasellus vitae rutrum sem. Vivamus et mauris ac nisl congue congue eu eget elit. Nullam at quam velit. Pellentesque dictum, diam nec tempor aliquet, tortor justo fermentum sapien, at condimentum turpis elit vel sapien. Aenean rutrum tellus sodales tortor viverra eleifend.

Donec facilisis, diam efficitur maximus ultrices, enim lectus rutrum elit, eget malesuada mi justo dapibus enim. Maecenas finibus euismod nulla quis dignissim. Sed dictum ante rutrum turpis euismod laoreet. Sed placerat tellus leo. In ut lobortis lorem. Nullam vitae lectus egestas urna tincidunt aliquet. Ut sagittis vel enim eget malesuada. Cras in congue tortor. Interdum et malesuada fames ac ante ipsum primis in faucibus. Nunc tempus consequat neque, et eleifend nulla aliquam eu.",Author 211,20,thanh-ngu-tuc-ngu-viet-nam-chon-loc,NXB 211,2019,114
https://cdn1.fahasa.com/media/catalog/product/8/9/8935343700930.jpg,Tác Phẩm Văn Học Trong Nhà Trường - Thơ Hàn Mặc Tử,38000,14,9780085480208,"Lorem ipsum dolor sit amet, consectetur adipiscing elit. Nam congue vel tellus non luctus. Vestibulum vitae nunc lorem. Sed lacinia lectus vel augue imperdiet ultricies. Donec id venenatis ex, vitae pretium ligula. Sed nulla eros, dignissim at feugiat non, posuere sit amet urna. Ut eu porttitor tellus. Cras eu massa nulla. Morbi porta fermentum elit eu iaculis. Pellentesque hendrerit venenatis purus at feugiat. Pellentesque vitae feugiat purus. Donec mattis rhoncus lacinia. Sed quam diam, molestie id laoreet eu, lacinia ac turpis. Cras tincidunt lobortis elit quis aliquam. Proin et massa libero.

Aliquam id pharetra arcu. Vivamus vitae mattis ligula. Sed efficitur urna vitae scelerisque tempor. Proin purus magna, vulputate eu ligula a, vehicula malesuada enim. Curabitur aliquet rutrum enim et tincidunt. Vestibulum ante ipsum primis in faucibus orci luctus et ultrices posuere cubilia curae; Vivamus pharetra enim leo, nec molestie nibh consectetur quis. Class aptent taciti sociosqu ad litora torquent per conubia nostra, per inceptos himenaeos. Nunc quis maximus elit, vitae pulvinar urna. Integer at mi elit. Phasellus vitae rutrum sem. Vivamus et mauris ac nisl congue congue eu eget elit. Nullam at quam velit. Pellentesque dictum, diam nec tempor aliquet, tortor justo fermentum sapien, at condimentum turpis elit vel sapien. Aenean rutrum tellus sodales tortor viverra eleifend.

Donec facilisis, diam efficitur maximus ultrices, enim lectus rutrum elit, eget malesuada mi justo dapibus enim. Maecenas finibus euismod nulla quis dignissim. Sed dictum ante rutrum turpis euismod laoreet. Sed placerat tellus leo. In ut lobortis lorem. Nullam vitae lectus egestas urna tincidunt aliquet. Ut sagittis vel enim eget malesuada. Cras in congue tortor. Interdum et malesuada fames ac ante ipsum primis in faucibus. Nunc tempus consequat neque, et eleifend nulla aliquam eu.",Author 212,12,tac-pham-van-hoc-trong-nha-truong-tho-han-mac-tu,NXB 212,2003,89
https://cdn1.fahasa.com/media/catalog/product/8/9/8935235238473.jpg,Tục Ngữ Phong Dao - Bìa Cứng,168000,14,9780085480209,"Lorem ipsum dolor sit amet, consectetur adipiscing elit. Nam congue vel tellus non luctus. Vestibulum vitae nunc lorem. Sed lacinia lectus vel augue imperdiet ultricies. Donec id venenatis ex, vitae pretium ligula. Sed nulla eros, dignissim at feugiat non, posuere sit amet urna. Ut eu porttitor tellus. Cras eu massa nulla. Morbi porta fermentum elit eu iaculis. Pellentesque hendrerit venenatis purus at feugiat. Pellentesque vitae feugiat purus. Donec mattis rhoncus lacinia. Sed quam diam, molestie id laoreet eu, lacinia ac turpis. Cras tincidunt lobortis elit quis aliquam. Proin et massa libero.

Aliquam id pharetra arcu. Vivamus vitae mattis ligula. Sed efficitur urna vitae scelerisque tempor. Proin purus magna, vulputate eu ligula a, vehicula malesuada enim. Curabitur aliquet rutrum enim et tincidunt. Vestibulum ante ipsum primis in faucibus orci luctus et ultrices posuere cubilia curae; Vivamus pharetra enim leo, nec molestie nibh consectetur quis. Class aptent taciti sociosqu ad litora torquent per conubia nostra, per inceptos himenaeos. Nunc quis maximus elit, vitae pulvinar urna. Integer at mi elit. Phasellus vitae rutrum sem. Vivamus et mauris ac nisl congue congue eu eget elit. Nullam at quam velit. Pellentesque dictum, diam nec tempor aliquet, tortor justo fermentum sapien, at condimentum turpis elit vel sapien. Aenean rutrum tellus sodales tortor viverra eleifend.

Donec facilisis, diam efficitur maximus ultrices, enim lectus rutrum elit, eget malesuada mi justo dapibus enim. Maecenas finibus euismod nulla quis dignissim. Sed dictum ante rutrum turpis euismod laoreet. Sed placerat tellus leo. In ut lobortis lorem. Nullam vitae lectus egestas urna tincidunt aliquet. Ut sagittis vel enim eget malesuada. Cras in congue tortor. Interdum et malesuada fames ac ante ipsum primis in faucibus. Nunc tempus consequat neque, et eleifend nulla aliquam eu.",Author 213,17,tuc-ngu-phong-dao-bia-cung,NXB 213,2008,100
https://cdn1.fahasa.com/media/catalog/product/8/9/8935236433631.jpg,Tục Ngữ Lược Giải (Tái Bản 2024),88000,14,9780085480210,"Lorem ipsum dolor sit amet, consectetur adipiscing elit. Nam congue vel tellus non luctus. Vestibulum vitae nunc lorem. Sed lacinia lectus vel augue imperdiet ultricies. Donec id venenatis ex, vitae pretium ligula. Sed nulla eros, dignissim at feugiat non, posuere sit amet urna. Ut eu porttitor tellus. Cras eu massa nulla. Morbi porta fermentum elit eu iaculis. Pellentesque hendrerit venenatis purus at feugiat. Pellentesque vitae feugiat purus. Donec mattis rhoncus lacinia. Sed quam diam, molestie id laoreet eu, lacinia ac turpis. Cras tincidunt lobortis elit quis aliquam. Proin et massa libero.

Aliquam id pharetra arcu. Vivamus vitae mattis ligula. Sed efficitur urna vitae scelerisque tempor. Proin purus magna, vulputate eu ligula a, vehicula malesuada enim. Curabitur aliquet rutrum enim et tincidunt. Vestibulum ante ipsum primis in faucibus orci luctus et ultrices posuere cubilia curae; Vivamus pharetra enim leo, nec molestie nibh consectetur quis. Class aptent taciti sociosqu ad litora torquent per conubia nostra, per inceptos himenaeos. Nunc quis maximus elit, vitae pulvinar urna. Integer at mi elit. Phasellus vitae rutrum sem. Vivamus et mauris ac nisl congue congue eu eget elit. Nullam at quam velit. Pellentesque dictum, diam nec tempor aliquet, tortor justo fermentum sapien, at condimentum turpis elit vel sapien. Aenean rutrum tellus sodales tortor viverra eleifend.

Donec facilisis, diam efficitur maximus ultrices, enim lectus rutrum elit, eget malesuada mi justo dapibus enim. Maecenas finibus euismod nulla quis dignissim. Sed dictum ante rutrum turpis euismod laoreet. Sed placerat tellus leo. In ut lobortis lorem. Nullam vitae lectus egestas urna tincidunt aliquet. Ut sagittis vel enim eget malesuada. Cras in congue tortor. Interdum et malesuada fames ac ante ipsum primis in faucibus. Nunc tempus consequat neque, et eleifend nulla aliquam eu.",Author 214,18,tuc-ngu-luoc-giai-tai-ban-2024,NXB 214,2018,121
https://cdn1.fahasa.com/media/catalog/product/9/7/9786326067200.jpg,Tuyển Tập William Blake - Khúc Ca Thơ Ngây Và Từng Trải,162500,14,9780085480211,"Lorem ipsum dolor sit amet, consectetur adipiscing elit. Nam congue vel tellus non luctus. Vestibulum vitae nunc lorem. Sed lacinia lectus vel augue imperdiet ultricies. Donec id venenatis ex, vitae pretium ligula. Sed nulla eros, dignissim at feugiat non, posuere sit amet urna. Ut eu porttitor tellus. Cras eu massa nulla. Morbi porta fermentum elit eu iaculis. Pellentesque hendrerit venenatis purus at feugiat. Pellentesque vitae feugiat purus. Donec mattis rhoncus lacinia. Sed quam diam, molestie id laoreet eu, lacinia ac turpis. Cras tincidunt lobortis elit quis aliquam. Proin et massa libero.

Aliquam id pharetra arcu. Vivamus vitae mattis ligula. Sed efficitur urna vitae scelerisque tempor. Proin purus magna, vulputate eu ligula a, vehicula malesuada enim. Curabitur aliquet rutrum enim et tincidunt. Vestibulum ante ipsum primis in faucibus orci luctus et ultrices posuere cubilia curae; Vivamus pharetra enim leo, nec molestie nibh consectetur quis. Class aptent taciti sociosqu ad litora torquent per conubia nostra, per inceptos himenaeos. Nunc quis maximus elit, vitae pulvinar urna. Integer at mi elit. Phasellus vitae rutrum sem. Vivamus et mauris ac nisl congue congue eu eget elit. Nullam at quam velit. Pellentesque dictum, diam nec tempor aliquet, tortor justo fermentum sapien, at condimentum turpis elit vel sapien. Aenean rutrum tellus sodales tortor viverra eleifend.

Donec facilisis, diam efficitur maximus ultrices, enim lectus rutrum elit, eget malesuada mi justo dapibus enim. Maecenas finibus euismod nulla quis dignissim. Sed dictum ante rutrum turpis euismod laoreet. Sed placerat tellus leo. In ut lobortis lorem. Nullam vitae lectus egestas urna tincidunt aliquet. Ut sagittis vel enim eget malesuada. Cras in congue tortor. Interdum et malesuada fames ac ante ipsum primis in faucibus. Nunc tempus consequat neque, et eleifend nulla aliquam eu.",Author 215,3,tuyen-tap-william-blake-khuc-ca-tho-ngay-va-tung-trai,NXB 215,2008,139
https://cdn1.fahasa.com/media/catalog/product/9/7/9786044836836.jpg,Tiếng Việt Cắc Cớ Cũng Cứng Cựa,136000,14,9780085480212,"Lorem ipsum dolor sit amet, consectetur adipiscing elit. Nam congue vel tellus non luctus. Vestibulum vitae nunc lorem. Sed lacinia lectus vel augue imperdiet ultricies. Donec id venenatis ex, vitae pretium ligula. Sed nulla eros, dignissim at feugiat non, posuere sit amet urna. Ut eu porttitor tellus. Cras eu massa nulla. Morbi porta fermentum elit eu iaculis. Pellentesque hendrerit venenatis purus at feugiat. Pellentesque vitae feugiat purus. Donec mattis rhoncus lacinia. Sed quam diam, molestie id laoreet eu, lacinia ac turpis. Cras tincidunt lobortis elit quis aliquam. Proin et massa libero.

Aliquam id pharetra arcu. Vivamus vitae mattis ligula. Sed efficitur urna vitae scelerisque tempor. Proin purus magna, vulputate eu ligula a, vehicula malesuada enim. Curabitur aliquet rutrum enim et tincidunt. Vestibulum ante ipsum primis in faucibus orci luctus et ultrices posuere cubilia curae; Vivamus pharetra enim leo, nec molestie nibh consectetur quis. Class aptent taciti sociosqu ad litora torquent per conubia nostra, per inceptos himenaeos. Nunc quis maximus elit, vitae pulvinar urna. Integer at mi elit. Phasellus vitae rutrum sem. Vivamus et mauris ac nisl congue congue eu eget elit. Nullam at quam velit. Pellentesque dictum, diam nec tempor aliquet, tortor justo fermentum sapien, at condimentum turpis elit vel sapien. Aenean rutrum tellus sodales tortor viverra eleifend.

Donec facilisis, diam efficitur maximus ultrices, enim lectus rutrum elit, eget malesuada mi justo dapibus enim. Maecenas finibus euismod nulla quis dignissim. Sed dictum ante rutrum turpis euismod laoreet. Sed placerat tellus leo. In ut lobortis lorem. Nullam vitae lectus egestas urna tincidunt aliquet. Ut sagittis vel enim eget malesuada. Cras in congue tortor. Interdum et malesuada fames ac ante ipsum primis in faucibus. Nunc tempus consequat neque, et eleifend nulla aliquam eu.",Author 216,16,tieng-viet-cac-co-cung-cung-cua,NXB 216,2018,71
https://cdn1.fahasa.com/media/catalog/product/8/9/8935088555710_1.jpg,Góc Sân Và Khoảng Trời (Thơ),47000,14,9780085480213,"Lorem ipsum dolor sit amet, consectetur adipiscing elit. Nam congue vel tellus non luctus. Vestibulum vitae nunc lorem. Sed lacinia lectus vel augue imperdiet ultricies. Donec id venenatis ex, vitae pretium ligula. Sed nulla eros, dignissim at feugiat non, posuere sit amet urna. Ut eu porttitor tellus. Cras eu massa nulla. Morbi porta fermentum elit eu iaculis. Pellentesque hendrerit venenatis purus at feugiat. Pellentesque vitae feugiat purus. Donec mattis rhoncus lacinia. Sed quam diam, molestie id laoreet eu, lacinia ac turpis. Cras tincidunt lobortis elit quis aliquam. Proin et massa libero.

Aliquam id pharetra arcu. Vivamus vitae mattis ligula. Sed efficitur urna vitae scelerisque tempor. Proin purus magna, vulputate eu ligula a, vehicula malesuada enim. Curabitur aliquet rutrum enim et tincidunt. Vestibulum ante ipsum primis in faucibus orci luctus et ultrices posuere cubilia curae; Vivamus pharetra enim leo, nec molestie nibh consectetur quis. Class aptent taciti sociosqu ad litora torquent per conubia nostra, per inceptos himenaeos. Nunc quis maximus elit, vitae pulvinar urna. Integer at mi elit. Phasellus vitae rutrum sem. Vivamus et mauris ac nisl congue congue eu eget elit. Nullam at quam velit. Pellentesque dictum, diam nec tempor aliquet, tortor justo fermentum sapien, at condimentum turpis elit vel sapien. Aenean rutrum tellus sodales tortor viverra eleifend.

Donec facilisis, diam efficitur maximus ultrices, enim lectus rutrum elit, eget malesuada mi justo dapibus enim. Maecenas finibus euismod nulla quis dignissim. Sed dictum ante rutrum turpis euismod laoreet. Sed placerat tellus leo. In ut lobortis lorem. Nullam vitae lectus egestas urna tincidunt aliquet. Ut sagittis vel enim eget malesuada. Cras in congue tortor. Interdum et malesuada fames ac ante ipsum primis in faucibus. Nunc tempus consequat neque, et eleifend nulla aliquam eu.",Author 217,9,goc-san-va-khoang-troi-tho,NXB 217,2002,93
https://cdn1.fahasa.com/media/catalog/product/t/r/tr_i_n_y_qu_p_bu_n_-_i_n_y_qu_p_l_i_bu_n.jpg,Trời Này Quá Đẹp Để Buồn - Đời Này Quá Đẹp Lại Buồn,60500,14,9780085480214,"Lorem ipsum dolor sit amet, consectetur adipiscing elit. Nam congue vel tellus non luctus. Vestibulum vitae nunc lorem. Sed lacinia lectus vel augue imperdiet ultricies. Donec id venenatis ex, vitae pretium ligula. Sed nulla eros, dignissim at feugiat non, posuere sit amet urna. Ut eu porttitor tellus. Cras eu massa nulla. Morbi porta fermentum elit eu iaculis. Pellentesque hendrerit venenatis purus at feugiat. Pellentesque vitae feugiat purus. Donec mattis rhoncus lacinia. Sed quam diam, molestie id laoreet eu, lacinia ac turpis. Cras tincidunt lobortis elit quis aliquam. Proin et massa libero.

Aliquam id pharetra arcu. Vivamus vitae mattis ligula. Sed efficitur urna vitae scelerisque tempor. Proin purus magna, vulputate eu ligula a, vehicula malesuada enim. Curabitur aliquet rutrum enim et tincidunt. Vestibulum ante ipsum primis in faucibus orci luctus et ultrices posuere cubilia curae; Vivamus pharetra enim leo, nec molestie nibh consectetur quis. Class aptent taciti sociosqu ad litora torquent per conubia nostra, per inceptos himenaeos. Nunc quis maximus elit, vitae pulvinar urna. Integer at mi elit. Phasellus vitae rutrum sem. Vivamus et mauris ac nisl congue congue eu eget elit. Nullam at quam velit. Pellentesque dictum, diam nec tempor aliquet, tortor justo fermentum sapien, at condimentum turpis elit vel sapien. Aenean rutrum tellus sodales tortor viverra eleifend.

Donec facilisis, diam efficitur maximus ultrices, enim lectus rutrum elit, eget malesuada mi justo dapibus enim. Maecenas finibus euismod nulla quis dignissim. Sed dictum ante rutrum turpis euismod laoreet. Sed placerat tellus leo. In ut lobortis lorem. Nullam vitae lectus egestas urna tincidunt aliquet. Ut sagittis vel enim eget malesuada. Cras in congue tortor. Interdum et malesuada fames ac ante ipsum primis in faucibus. Nunc tempus consequat neque, et eleifend nulla aliquam eu.",Author 218,11,troi-nay-qua-ep-e-buon-oi-nay-qua-ep-lai-buon,NXB 218,2014,128
https://cdn1.fahasa.com/media/catalog/product/t/u/tu-sach-van-hoc-trong-nha-truong_tho-tran-te-xuong.jpg,Tủ Sách Văn Học Trong Nhà Trường - Thơ Trần Tế Xương,38000,14,9780085480215,"Lorem ipsum dolor sit amet, consectetur adipiscing elit. Nam congue vel tellus non luctus. Vestibulum vitae nunc lorem. Sed lacinia lectus vel augue imperdiet ultricies. Donec id venenatis ex, vitae pretium ligula. Sed nulla eros, dignissim at feugiat non, posuere sit amet urna. Ut eu porttitor tellus. Cras eu massa nulla. Morbi porta fermentum elit eu iaculis. Pellentesque hendrerit venenatis purus at feugiat. Pellentesque vitae feugiat purus. Donec mattis rhoncus lacinia. Sed quam diam, molestie id laoreet eu, lacinia ac turpis. Cras tincidunt lobortis elit quis aliquam. Proin et massa libero.

Aliquam id pharetra arcu. Vivamus vitae mattis ligula. Sed efficitur urna vitae scelerisque tempor. Proin purus magna, vulputate eu ligula a, vehicula malesuada enim. Curabitur aliquet rutrum enim et tincidunt. Vestibulum ante ipsum primis in faucibus orci luctus et ultrices posuere cubilia curae; Vivamus pharetra enim leo, nec molestie nibh consectetur quis. Class aptent taciti sociosqu ad litora torquent per conubia nostra, per inceptos himenaeos. Nunc quis maximus elit, vitae pulvinar urna. Integer at mi elit. Phasellus vitae rutrum sem. Vivamus et mauris ac nisl congue congue eu eget elit. Nullam at quam velit. Pellentesque dictum, diam nec tempor aliquet, tortor justo fermentum sapien, at condimentum turpis elit vel sapien. Aenean rutrum tellus sodales tortor viverra eleifend.

Donec facilisis, diam efficitur maximus ultrices, enim lectus rutrum elit, eget malesuada mi justo dapibus enim. Maecenas finibus euismod nulla quis dignissim. Sed dictum ante rutrum turpis euismod laoreet. Sed placerat tellus leo. In ut lobortis lorem. Nullam vitae lectus egestas urna tincidunt aliquet. Ut sagittis vel enim eget malesuada. Cras in congue tortor. Interdum et malesuada fames ac ante ipsum primis in faucibus. Nunc tempus consequat neque, et eleifend nulla aliquam eu.",Author 219,12,tu-sach-van-hoc-trong-nha-truong-tho-tran-te-xuong,NXB 219,2018,104
https://cdn1.fahasa.com/media/catalog/product/8/9/8935095632374.jpg,Tục Ngữ Ca Dao Việt Nam (Tái Bản 2022),46000,14,9780085480216,"Lorem ipsum dolor sit amet, consectetur adipiscing elit. Nam congue vel tellus non luctus. Vestibulum vitae nunc lorem. Sed lacinia lectus vel augue imperdiet ultricies. Donec id venenatis ex, vitae pretium ligula. Sed nulla eros, dignissim at feugiat non, posuere sit amet urna. Ut eu porttitor tellus. Cras eu massa nulla. Morbi porta fermentum elit eu iaculis. Pellentesque hendrerit venenatis purus at feugiat. Pellentesque vitae feugiat purus. Donec mattis rhoncus lacinia. Sed quam diam, molestie id laoreet eu, lacinia ac turpis. Cras tincidunt lobortis elit quis aliquam. Proin et massa libero.

Aliquam id pharetra arcu. Vivamus vitae mattis ligula. Sed efficitur urna vitae scelerisque tempor. Proin purus magna, vulputate eu ligula a, vehicula malesuada enim. Curabitur aliquet rutrum enim et tincidunt. Vestibulum ante ipsum primis in faucibus orci luctus et ultrices posuere cubilia curae; Vivamus pharetra enim leo, nec molestie nibh consectetur quis. Class aptent taciti sociosqu ad litora torquent per conubia nostra, per inceptos himenaeos. Nunc quis maximus elit, vitae pulvinar urna. Integer at mi elit. Phasellus vitae rutrum sem. Vivamus et mauris ac nisl congue congue eu eget elit. Nullam at quam velit. Pellentesque dictum, diam nec tempor aliquet, tortor justo fermentum sapien, at condimentum turpis elit vel sapien. Aenean rutrum tellus sodales tortor viverra eleifend.

Donec facilisis, diam efficitur maximus ultrices, enim lectus rutrum elit, eget malesuada mi justo dapibus enim. Maecenas finibus euismod nulla quis dignissim. Sed dictum ante rutrum turpis euismod laoreet. Sed placerat tellus leo. In ut lobortis lorem. Nullam vitae lectus egestas urna tincidunt aliquet. Ut sagittis vel enim eget malesuada. Cras in congue tortor. Interdum et malesuada fames ac ante ipsum primis in faucibus. Nunc tempus consequat neque, et eleifend nulla aliquam eu.",Author 220,16,tuc-ngu-ca-dao-viet-nam-tai-ban-2022,NXB 220,2025,86
https://cdn1.fahasa.com/media/catalog/product/8/9/8935230000204.jpg,Thành Ngữ Tục Ngữ Việt Nam Dành Cho Học Sinh,32000,14,9780085480217,"Lorem ipsum dolor sit amet, consectetur adipiscing elit. Nam congue vel tellus non luctus. Vestibulum vitae nunc lorem. Sed lacinia lectus vel augue imperdiet ultricies. Donec id venenatis ex, vitae pretium ligula. Sed nulla eros, dignissim at feugiat non, posuere sit amet urna. Ut eu porttitor tellus. Cras eu massa nulla. Morbi porta fermentum elit eu iaculis. Pellentesque hendrerit venenatis purus at feugiat. Pellentesque vitae feugiat purus. Donec mattis rhoncus lacinia. Sed quam diam, molestie id laoreet eu, lacinia ac turpis. Cras tincidunt lobortis elit quis aliquam. Proin et massa libero.

Aliquam id pharetra arcu. Vivamus vitae mattis ligula. Sed efficitur urna vitae scelerisque tempor. Proin purus magna, vulputate eu ligula a, vehicula malesuada enim. Curabitur aliquet rutrum enim et tincidunt. Vestibulum ante ipsum primis in faucibus orci luctus et ultrices posuere cubilia curae; Vivamus pharetra enim leo, nec molestie nibh consectetur quis. Class aptent taciti sociosqu ad litora torquent per conubia nostra, per inceptos himenaeos. Nunc quis maximus elit, vitae pulvinar urna. Integer at mi elit. Phasellus vitae rutrum sem. Vivamus et mauris ac nisl congue congue eu eget elit. Nullam at quam velit. Pellentesque dictum, diam nec tempor aliquet, tortor justo fermentum sapien, at condimentum turpis elit vel sapien. Aenean rutrum tellus sodales tortor viverra eleifend.

Donec facilisis, diam efficitur maximus ultrices, enim lectus rutrum elit, eget malesuada mi justo dapibus enim. Maecenas finibus euismod nulla quis dignissim. Sed dictum ante rutrum turpis euismod laoreet. Sed placerat tellus leo. In ut lobortis lorem. Nullam vitae lectus egestas urna tincidunt aliquet. Ut sagittis vel enim eget malesuada. Cras in congue tortor. Interdum et malesuada fames ac ante ipsum primis in faucibus. Nunc tempus consequat neque, et eleifend nulla aliquam eu.",Author 221,13,thanh-ngu-tuc-ngu-viet-nam-danh-cho-hoc-sinh,NXB 221,2021,71
https://cdn1.fahasa.com/media/catalog/product/a/n/an-ban-theu-vai-gam_truyen-kieu-hoi-ban_nguyen-du-_3_.jpg,Truyện Kiều Hội Bản - Ấn Bản Họa Tiết Rồng Thêu Trên Vải Gấm,5.2,14,9780085480218,"Lorem ipsum dolor sit amet, consectetur adipiscing elit. Nam congue vel tellus non luctus. Vestibulum vitae nunc lorem. Sed lacinia lectus vel augue imperdiet ultricies. Donec id venenatis ex, vitae pretium ligula. Sed nulla eros, dignissim at feugiat non, posuere sit amet urna. Ut eu porttitor tellus. Cras eu massa nulla. Morbi porta fermentum elit eu iaculis. Pellentesque hendrerit venenatis purus at feugiat. Pellentesque vitae feugiat purus. Donec mattis rhoncus lacinia. Sed quam diam, molestie id laoreet eu, lacinia ac turpis. Cras tincidunt lobortis elit quis aliquam. Proin et massa libero.

Aliquam id pharetra arcu. Vivamus vitae mattis ligula. Sed efficitur urna vitae scelerisque tempor. Proin purus magna, vulputate eu ligula a, vehicula malesuada enim. Curabitur aliquet rutrum enim et tincidunt. Vestibulum ante ipsum primis in faucibus orci luctus et ultrices posuere cubilia curae; Vivamus pharetra enim leo, nec molestie nibh consectetur quis. Class aptent taciti sociosqu ad litora torquent per conubia nostra, per inceptos himenaeos. Nunc quis maximus elit, vitae pulvinar urna. Integer at mi elit. Phasellus vitae rutrum sem. Vivamus et mauris ac nisl congue congue eu eget elit. Nullam at quam velit. Pellentesque dictum, diam nec tempor aliquet, tortor justo fermentum sapien, at condimentum turpis elit vel sapien. Aenean rutrum tellus sodales tortor viverra eleifend.

Donec facilisis, diam efficitur maximus ultrices, enim lectus rutrum elit, eget malesuada mi justo dapibus enim. Maecenas finibus euismod nulla quis dignissim. Sed dictum ante rutrum turpis euismod laoreet. Sed placerat tellus leo. In ut lobortis lorem. Nullam vitae lectus egestas urna tincidunt aliquet. Ut sagittis vel enim eget malesuada. Cras in congue tortor. Interdum et malesuada fames ac ante ipsum primis in faucibus. Nunc tempus consequat neque, et eleifend nulla aliquam eu.",Author 222,11,truyen-kieu-hoi-ban-an-ban-hoa-tiet-rong-theu-tren-vai-gam,NXB 222,2015,128
https://cdn1.fahasa.com/media/catalog/product/8/9/8935236434539.jpg,Góc Sân Và Khoảng Trời,30000,14,9780085480219,"Lorem ipsum dolor sit amet, consectetur adipiscing elit. Nam congue vel tellus non luctus. Vestibulum vitae nunc lorem. Sed lacinia lectus vel augue imperdiet ultricies. Donec id venenatis ex, vitae pretium ligula. Sed nulla eros, dignissim at feugiat non, posuere sit amet urna. Ut eu porttitor tellus. Cras eu massa nulla. Morbi porta fermentum elit eu iaculis. Pellentesque hendrerit venenatis purus at feugiat. Pellentesque vitae feugiat purus. Donec mattis rhoncus lacinia. Sed quam diam, molestie id laoreet eu, lacinia ac turpis. Cras tincidunt lobortis elit quis aliquam. Proin et massa libero.

Aliquam id pharetra arcu. Vivamus vitae mattis ligula. Sed efficitur urna vitae scelerisque tempor. Proin purus magna, vulputate eu ligula a, vehicula malesuada enim. Curabitur aliquet rutrum enim et tincidunt. Vestibulum ante ipsum primis in faucibus orci luctus et ultrices posuere cubilia curae; Vivamus pharetra enim leo, nec molestie nibh consectetur quis. Class aptent taciti sociosqu ad litora torquent per conubia nostra, per inceptos himenaeos. Nunc quis maximus elit, vitae pulvinar urna. Integer at mi elit. Phasellus vitae rutrum sem. Vivamus et mauris ac nisl congue congue eu eget elit. Nullam at quam velit. Pellentesque dictum, diam nec tempor aliquet, tortor justo fermentum sapien, at condimentum turpis elit vel sapien. Aenean rutrum tellus sodales tortor viverra eleifend.

Donec facilisis, diam efficitur maximus ultrices, enim lectus rutrum elit, eget malesuada mi justo dapibus enim. Maecenas finibus euismod nulla quis dignissim. Sed dictum ante rutrum turpis euismod laoreet. Sed placerat tellus leo. In ut lobortis lorem. Nullam vitae lectus egestas urna tincidunt aliquet. Ut sagittis vel enim eget malesuada. Cras in congue tortor. Interdum et malesuada fames ac ante ipsum primis in faucibus. Nunc tempus consequat neque, et eleifend nulla aliquam eu.",Author 223,15,goc-san-va-khoang-troi,NXB 223,2013,131
https://cdn1.fahasa.com/media/catalog/product/h/h/hh_bia_tho-to-huu_bia-1.jpg,Thơ Tố Hữu (Tái Bản 2024),44000,14,9780085480220,"Lorem ipsum dolor sit amet, consectetur adipiscing elit. Nam congue vel tellus non luctus. Vestibulum vitae nunc lorem. Sed lacinia lectus vel augue imperdiet ultricies. Donec id venenatis ex, vitae pretium ligula. Sed nulla eros, dignissim at feugiat non, posuere sit amet urna. Ut eu porttitor tellus. Cras eu massa nulla. Morbi porta fermentum elit eu iaculis. Pellentesque hendrerit venenatis purus at feugiat. Pellentesque vitae feugiat purus. Donec mattis rhoncus lacinia. Sed quam diam, molestie id laoreet eu, lacinia ac turpis. Cras tincidunt lobortis elit quis aliquam. Proin et massa libero.

Aliquam id pharetra arcu. Vivamus vitae mattis ligula. Sed efficitur urna vitae scelerisque tempor. Proin purus magna, vulputate eu ligula a, vehicula malesuada enim. Curabitur aliquet rutrum enim et tincidunt. Vestibulum ante ipsum primis in faucibus orci luctus et ultrices posuere cubilia curae; Vivamus pharetra enim leo, nec molestie nibh consectetur quis. Class aptent taciti sociosqu ad litora torquent per conubia nostra, per inceptos himenaeos. Nunc quis maximus elit, vitae pulvinar urna. Integer at mi elit. Phasellus vitae rutrum sem. Vivamus et mauris ac nisl congue congue eu eget elit. Nullam at quam velit. Pellentesque dictum, diam nec tempor aliquet, tortor justo fermentum sapien, at condimentum turpis elit vel sapien. Aenean rutrum tellus sodales tortor viverra eleifend.

Donec facilisis, diam efficitur maximus ultrices, enim lectus rutrum elit, eget malesuada mi justo dapibus enim. Maecenas finibus euismod nulla quis dignissim. Sed dictum ante rutrum turpis euismod laoreet. Sed placerat tellus leo. In ut lobortis lorem. Nullam vitae lectus egestas urna tincidunt aliquet. Ut sagittis vel enim eget malesuada. Cras in congue tortor. Interdum et malesuada fames ac ante ipsum primis in faucibus. Nunc tempus consequat neque, et eleifend nulla aliquam eu.",Author 224,9,tho-to-huu-tai-ban-2024,NXB 224,2002,83
https://cdn1.fahasa.com/media/catalog/product/n/x/nxbtre_full_29222025_032203_1.jpg,"Em Lớn Lên Cùng Ca Dao, Tục Ngữ, Thành Ngữ - Hiếu Thảo",55000,14,9780085480221,"Lorem ipsum dolor sit amet, consectetur adipiscing elit. Nam congue vel tellus non luctus. Vestibulum vitae nunc lorem. Sed lacinia lectus vel augue imperdiet ultricies. Donec id venenatis ex, vitae pretium ligula. Sed nulla eros, dignissim at feugiat non, posuere sit amet urna. Ut eu porttitor tellus. Cras eu massa nulla. Morbi porta fermentum elit eu iaculis. Pellentesque hendrerit venenatis purus at feugiat. Pellentesque vitae feugiat purus. Donec mattis rhoncus lacinia. Sed quam diam, molestie id laoreet eu, lacinia ac turpis. Cras tincidunt lobortis elit quis aliquam. Proin et massa libero.

Aliquam id pharetra arcu. Vivamus vitae mattis ligula. Sed efficitur urna vitae scelerisque tempor. Proin purus magna, vulputate eu ligula a, vehicula malesuada enim. Curabitur aliquet rutrum enim et tincidunt. Vestibulum ante ipsum primis in faucibus orci luctus et ultrices posuere cubilia curae; Vivamus pharetra enim leo, nec molestie nibh consectetur quis. Class aptent taciti sociosqu ad litora torquent per conubia nostra, per inceptos himenaeos. Nunc quis maximus elit, vitae pulvinar urna. Integer at mi elit. Phasellus vitae rutrum sem. Vivamus et mauris ac nisl congue congue eu eget elit. Nullam at quam velit. Pellentesque dictum, diam nec tempor aliquet, tortor justo fermentum sapien, at condimentum turpis elit vel sapien. Aenean rutrum tellus sodales tortor viverra eleifend.

Donec facilisis, diam efficitur maximus ultrices, enim lectus rutrum elit, eget malesuada mi justo dapibus enim. Maecenas finibus euismod nulla quis dignissim. Sed dictum ante rutrum turpis euismod laoreet. Sed placerat tellus leo. In ut lobortis lorem. Nullam vitae lectus egestas urna tincidunt aliquet. Ut sagittis vel enim eget malesuada. Cras in congue tortor. Interdum et malesuada fames ac ante ipsum primis in faucibus. Nunc tempus consequat neque, et eleifend nulla aliquam eu.",Author 225,5,em-lon-len-cung-ca-dao-tuc-ngu-thanh-ngu-hieu-thao,NXB 225,2013,63
https://cdn1.fahasa.com/media/catalog/product/8/9/8935235247437.jpg,Kim Vân Kiều,195500,14,9780085480222,"Lorem ipsum dolor sit amet, consectetur adipiscing elit. Nam congue vel tellus non luctus. Vestibulum vitae nunc lorem. Sed lacinia lectus vel augue imperdiet ultricies. Donec id venenatis ex, vitae pretium ligula. Sed nulla eros, dignissim at feugiat non, posuere sit amet urna. Ut eu porttitor tellus. Cras eu massa nulla. Morbi porta fermentum elit eu iaculis. Pellentesque hendrerit venenatis purus at feugiat. Pellentesque vitae feugiat purus. Donec mattis rhoncus lacinia. Sed quam diam, molestie id laoreet eu, lacinia ac turpis. Cras tincidunt lobortis elit quis aliquam. Proin et massa libero.

Aliquam id pharetra arcu. Vivamus vitae mattis ligula. Sed efficitur urna vitae scelerisque tempor. Proin purus magna, vulputate eu ligula a, vehicula malesuada enim. Curabitur aliquet rutrum enim et tincidunt. Vestibulum ante ipsum primis in faucibus orci luctus et ultrices posuere cubilia curae; Vivamus pharetra enim leo, nec molestie nibh consectetur quis. Class aptent taciti sociosqu ad litora torquent per conubia nostra, per inceptos himenaeos. Nunc quis maximus elit, vitae pulvinar urna. Integer at mi elit. Phasellus vitae rutrum sem. Vivamus et mauris ac nisl congue congue eu eget elit. Nullam at quam velit. Pellentesque dictum, diam nec tempor aliquet, tortor justo fermentum sapien, at condimentum turpis elit vel sapien. Aenean rutrum tellus sodales tortor viverra eleifend.

Donec facilisis, diam efficitur maximus ultrices, enim lectus rutrum elit, eget malesuada mi justo dapibus enim. Maecenas finibus euismod nulla quis dignissim. Sed dictum ante rutrum turpis euismod laoreet. Sed placerat tellus leo. In ut lobortis lorem. Nullam vitae lectus egestas urna tincidunt aliquet. Ut sagittis vel enim eget malesuada. Cras in congue tortor. Interdum et malesuada fames ac ante ipsum primis in faucibus. Nunc tempus consequat neque, et eleifend nulla aliquam eu.",Author 226,9,kim-van-kieu,NXB 226,2007,147
https://cdn1.fahasa.com/media/catalog/product/8/9/8938536458236.jpg,Không Sao Mà Chúng Ta Rồi Sẽ Ổn,78000,14,9780085480223,"Lorem ipsum dolor sit amet, consectetur adipiscing elit. Nam congue vel tellus non luctus. Vestibulum vitae nunc lorem. Sed lacinia lectus vel augue imperdiet ultricies. Donec id venenatis ex, vitae pretium ligula. Sed nulla eros, dignissim at feugiat non, posuere sit amet urna. Ut eu porttitor tellus. Cras eu massa nulla. Morbi porta fermentum elit eu iaculis. Pellentesque hendrerit venenatis purus at feugiat. Pellentesque vitae feugiat purus. Donec mattis rhoncus lacinia. Sed quam diam, molestie id laoreet eu, lacinia ac turpis. Cras tincidunt lobortis elit quis aliquam. Proin et massa libero.

Aliquam id pharetra arcu. Vivamus vitae mattis ligula. Sed efficitur urna vitae scelerisque tempor. Proin purus magna, vulputate eu ligula a, vehicula malesuada enim. Curabitur aliquet rutrum enim et tincidunt. Vestibulum ante ipsum primis in faucibus orci luctus et ultrices posuere cubilia curae; Vivamus pharetra enim leo, nec molestie nibh consectetur quis. Class aptent taciti sociosqu ad litora torquent per conubia nostra, per inceptos himenaeos. Nunc quis maximus elit, vitae pulvinar urna. Integer at mi elit. Phasellus vitae rutrum sem. Vivamus et mauris ac nisl congue congue eu eget elit. Nullam at quam velit. Pellentesque dictum, diam nec tempor aliquet, tortor justo fermentum sapien, at condimentum turpis elit vel sapien. Aenean rutrum tellus sodales tortor viverra eleifend.

Donec facilisis, diam efficitur maximus ultrices, enim lectus rutrum elit, eget malesuada mi justo dapibus enim. Maecenas finibus euismod nulla quis dignissim. Sed dictum ante rutrum turpis euismod laoreet. Sed placerat tellus leo. In ut lobortis lorem. Nullam vitae lectus egestas urna tincidunt aliquet. Ut sagittis vel enim eget malesuada. Cras in congue tortor. Interdum et malesuada fames ac ante ipsum primis in faucibus. Nunc tempus consequat neque, et eleifend nulla aliquam eu.",Author 227,8,khong-sao-ma-chung-ta-roi-se-on,NXB 227,2024,143
https://cdn1.fahasa.com/media/catalog/product/z/7/z7380479750911_4035a2ba5a63cc430c2bda7527a47636_120d971cb62146cca4008fa583eb6854_1024x1024.jpg,Nghìn Nghi Lễ Tình,78000,14,9780085480224,"Lorem ipsum dolor sit amet, consectetur adipiscing elit. Nam congue vel tellus non luctus. Vestibulum vitae nunc lorem. Sed lacinia lectus vel augue imperdiet ultricies. Donec id venenatis ex, vitae pretium ligula. Sed nulla eros, dignissim at feugiat non, posuere sit amet urna. Ut eu porttitor tellus. Cras eu massa nulla. Morbi porta fermentum elit eu iaculis. Pellentesque hendrerit venenatis purus at feugiat. Pellentesque vitae feugiat purus. Donec mattis rhoncus lacinia. Sed quam diam, molestie id laoreet eu, lacinia ac turpis. Cras tincidunt lobortis elit quis aliquam. Proin et massa libero.

Aliquam id pharetra arcu. Vivamus vitae mattis ligula. Sed efficitur urna vitae scelerisque tempor. Proin purus magna, vulputate eu ligula a, vehicula malesuada enim. Curabitur aliquet rutrum enim et tincidunt. Vestibulum ante ipsum primis in faucibus orci luctus et ultrices posuere cubilia curae; Vivamus pharetra enim leo, nec molestie nibh consectetur quis. Class aptent taciti sociosqu ad litora torquent per conubia nostra, per inceptos himenaeos. Nunc quis maximus elit, vitae pulvinar urna. Integer at mi elit. Phasellus vitae rutrum sem. Vivamus et mauris ac nisl congue congue eu eget elit. Nullam at quam velit. Pellentesque dictum, diam nec tempor aliquet, tortor justo fermentum sapien, at condimentum turpis elit vel sapien. Aenean rutrum tellus sodales tortor viverra eleifend.

Donec facilisis, diam efficitur maximus ultrices, enim lectus rutrum elit, eget malesuada mi justo dapibus enim. Maecenas finibus euismod nulla quis dignissim. Sed dictum ante rutrum turpis euismod laoreet. Sed placerat tellus leo. In ut lobortis lorem. Nullam vitae lectus egestas urna tincidunt aliquet. Ut sagittis vel enim eget malesuada. Cras in congue tortor. Interdum et malesuada fames ac ante ipsum primis in faucibus. Nunc tempus consequat neque, et eleifend nulla aliquam eu.",Author 228,3,nghin-nghi-le-tinh,NXB 228,2017,101
https://cdn1.fahasa.com/media/catalog/product/9/7/9786044961187.jpg,Thơ Và Ý Đạo - Bìa Cứng,159000,14,9780085480225,"Lorem ipsum dolor sit amet, consectetur adipiscing elit. Nam congue vel tellus non luctus. Vestibulum vitae nunc lorem. Sed lacinia lectus vel augue imperdiet ultricies. Donec id venenatis ex, vitae pretium ligula. Sed nulla eros, dignissim at feugiat non, posuere sit amet urna. Ut eu porttitor tellus. Cras eu massa nulla. Morbi porta fermentum elit eu iaculis. Pellentesque hendrerit venenatis purus at feugiat. Pellentesque vitae feugiat purus. Donec mattis rhoncus lacinia. Sed quam diam, molestie id laoreet eu, lacinia ac turpis. Cras tincidunt lobortis elit quis aliquam. Proin et massa libero.

Aliquam id pharetra arcu. Vivamus vitae mattis ligula. Sed efficitur urna vitae scelerisque tempor. Proin purus magna, vulputate eu ligula a, vehicula malesuada enim. Curabitur aliquet rutrum enim et tincidunt. Vestibulum ante ipsum primis in faucibus orci luctus et ultrices posuere cubilia curae; Vivamus pharetra enim leo, nec molestie nibh consectetur quis. Class aptent taciti sociosqu ad litora torquent per conubia nostra, per inceptos himenaeos. Nunc quis maximus elit, vitae pulvinar urna. Integer at mi elit. Phasellus vitae rutrum sem. Vivamus et mauris ac nisl congue congue eu eget elit. Nullam at quam velit. Pellentesque dictum, diam nec tempor aliquet, tortor justo fermentum sapien, at condimentum turpis elit vel sapien. Aenean rutrum tellus sodales tortor viverra eleifend.

Donec facilisis, diam efficitur maximus ultrices, enim lectus rutrum elit, eget malesuada mi justo dapibus enim. Maecenas finibus euismod nulla quis dignissim. Sed dictum ante rutrum turpis euismod laoreet. Sed placerat tellus leo. In ut lobortis lorem. Nullam vitae lectus egestas urna tincidunt aliquet. Ut sagittis vel enim eget malesuada. Cras in congue tortor. Interdum et malesuada fames ac ante ipsum primis in faucibus. Nunc tempus consequat neque, et eleifend nulla aliquam eu.",Author 229,18,tho-va-y-ao-bia-cung,NXB 229,2025,136
https://cdn1.fahasa.com/media/catalog/product/9/7/9786044931913.jpg,Hành Trình Khát Vọng,80000,14,9780085480226,"Lorem ipsum dolor sit amet, consectetur adipiscing elit. Nam congue vel tellus non luctus. Vestibulum vitae nunc lorem. Sed lacinia lectus vel augue imperdiet ultricies. Donec id venenatis ex, vitae pretium ligula. Sed nulla eros, dignissim at feugiat non, posuere sit amet urna. Ut eu porttitor tellus. Cras eu massa nulla. Morbi porta fermentum elit eu iaculis. Pellentesque hendrerit venenatis purus at feugiat. Pellentesque vitae feugiat purus. Donec mattis rhoncus lacinia. Sed quam diam, molestie id laoreet eu, lacinia ac turpis. Cras tincidunt lobortis elit quis aliquam. Proin et massa libero.

Aliquam id pharetra arcu. Vivamus vitae mattis ligula. Sed efficitur urna vitae scelerisque tempor. Proin purus magna, vulputate eu ligula a, vehicula malesuada enim. Curabitur aliquet rutrum enim et tincidunt. Vestibulum ante ipsum primis in faucibus orci luctus et ultrices posuere cubilia curae; Vivamus pharetra enim leo, nec molestie nibh consectetur quis. Class aptent taciti sociosqu ad litora torquent per conubia nostra, per inceptos himenaeos. Nunc quis maximus elit, vitae pulvinar urna. Integer at mi elit. Phasellus vitae rutrum sem. Vivamus et mauris ac nisl congue congue eu eget elit. Nullam at quam velit. Pellentesque dictum, diam nec tempor aliquet, tortor justo fermentum sapien, at condimentum turpis elit vel sapien. Aenean rutrum tellus sodales tortor viverra eleifend.

Donec facilisis, diam efficitur maximus ultrices, enim lectus rutrum elit, eget malesuada mi justo dapibus enim. Maecenas finibus euismod nulla quis dignissim. Sed dictum ante rutrum turpis euismod laoreet. Sed placerat tellus leo. In ut lobortis lorem. Nullam vitae lectus egestas urna tincidunt aliquet. Ut sagittis vel enim eget malesuada. Cras in congue tortor. Interdum et malesuada fames ac ante ipsum primis in faucibus. Nunc tempus consequat neque, et eleifend nulla aliquam eu.",Author 230,3,hanh-trinh-khat-vong,NXB 230,2017,63
https://cdn1.fahasa.com/media/catalog/product/8/9/8935244888027.jpg,Thơ Hay Viết Cho Thiếu Nhi - Làm Anh,54000,14,9780085480227,"Lorem ipsum dolor sit amet, consectetur adipiscing elit. Nam congue vel tellus non luctus. Vestibulum vitae nunc lorem. Sed lacinia lectus vel augue imperdiet ultricies. Donec id venenatis ex, vitae pretium ligula. Sed nulla eros, dignissim at feugiat non, posuere sit amet urna. Ut eu porttitor tellus. Cras eu massa nulla. Morbi porta fermentum elit eu iaculis. Pellentesque hendrerit venenatis purus at feugiat. Pellentesque vitae feugiat purus. Donec mattis rhoncus lacinia. Sed quam diam, molestie id laoreet eu, lacinia ac turpis. Cras tincidunt lobortis elit quis aliquam. Proin et massa libero.

Aliquam id pharetra arcu. Vivamus vitae mattis ligula. Sed efficitur urna vitae scelerisque tempor. Proin purus magna, vulputate eu ligula a, vehicula malesuada enim. Curabitur aliquet rutrum enim et tincidunt. Vestibulum ante ipsum primis in faucibus orci luctus et ultrices posuere cubilia curae; Vivamus pharetra enim leo, nec molestie nibh consectetur quis. Class aptent taciti sociosqu ad litora torquent per conubia nostra, per inceptos himenaeos. Nunc quis maximus elit, vitae pulvinar urna. Integer at mi elit. Phasellus vitae rutrum sem. Vivamus et mauris ac nisl congue congue eu eget elit. Nullam at quam velit. Pellentesque dictum, diam nec tempor aliquet, tortor justo fermentum sapien, at condimentum turpis elit vel sapien. Aenean rutrum tellus sodales tortor viverra eleifend.

Donec facilisis, diam efficitur maximus ultrices, enim lectus rutrum elit, eget malesuada mi justo dapibus enim. Maecenas finibus euismod nulla quis dignissim. Sed dictum ante rutrum turpis euismod laoreet. Sed placerat tellus leo. In ut lobortis lorem. Nullam vitae lectus egestas urna tincidunt aliquet. Ut sagittis vel enim eget malesuada. Cras in congue tortor. Interdum et malesuada fames ac ante ipsum primis in faucibus. Nunc tempus consequat neque, et eleifend nulla aliquam eu.",Author 231,12,tho-hay-viet-cho-thieu-nhi-lam-anh,NXB 231,2016,101
https://cdn1.fahasa.com/media/catalog/product/i/m/image_195509_1_12616.jpg,Văn Học Trong Nhà Trường - Thơ Xuân Quỳnh,29500,14,9780085480228,"Lorem ipsum dolor sit amet, consectetur adipiscing elit. Nam congue vel tellus non luctus. Vestibulum vitae nunc lorem. Sed lacinia lectus vel augue imperdiet ultricies. Donec id venenatis ex, vitae pretium ligula. Sed nulla eros, dignissim at feugiat non, posuere sit amet urna. Ut eu porttitor tellus. Cras eu massa nulla. Morbi porta fermentum elit eu iaculis. Pellentesque hendrerit venenatis purus at feugiat. Pellentesque vitae feugiat purus. Donec mattis rhoncus lacinia. Sed quam diam, molestie id laoreet eu, lacinia ac turpis. Cras tincidunt lobortis elit quis aliquam. Proin et massa libero.

Aliquam id pharetra arcu. Vivamus vitae mattis ligula. Sed efficitur urna vitae scelerisque tempor. Proin purus magna, vulputate eu ligula a, vehicula malesuada enim. Curabitur aliquet rutrum enim et tincidunt. Vestibulum ante ipsum primis in faucibus orci luctus et ultrices posuere cubilia curae; Vivamus pharetra enim leo, nec molestie nibh consectetur quis. Class aptent taciti sociosqu ad litora torquent per conubia nostra, per inceptos himenaeos. Nunc quis maximus elit, vitae pulvinar urna. Integer at mi elit. Phasellus vitae rutrum sem. Vivamus et mauris ac nisl congue congue eu eget elit. Nullam at quam velit. Pellentesque dictum, diam nec tempor aliquet, tortor justo fermentum sapien, at condimentum turpis elit vel sapien. Aenean rutrum tellus sodales tortor viverra eleifend.

Donec facilisis, diam efficitur maximus ultrices, enim lectus rutrum elit, eget malesuada mi justo dapibus enim. Maecenas finibus euismod nulla quis dignissim. Sed dictum ante rutrum turpis euismod laoreet. Sed placerat tellus leo. In ut lobortis lorem. Nullam vitae lectus egestas urna tincidunt aliquet. Ut sagittis vel enim eget malesuada. Cras in congue tortor. Interdum et malesuada fames ac ante ipsum primis in faucibus. Nunc tempus consequat neque, et eleifend nulla aliquam eu.",Author 232,5,van-hoc-trong-nha-truong-tho-xuan-quynh,NXB 232,2018,90
https://cdn1.fahasa.com/media/catalog/product/8/9/8935343700909.jpg,Tác Phẩm Văn Học Trong Nhà Trường - Thơ Xuân Quỳnh,38000,14,9780085480229,"Lorem ipsum dolor sit amet, consectetur adipiscing elit. Nam congue vel tellus non luctus. Vestibulum vitae nunc lorem. Sed lacinia lectus vel augue imperdiet ultricies. Donec id venenatis ex, vitae pretium ligula. Sed nulla eros, dignissim at feugiat non, posuere sit amet urna. Ut eu porttitor tellus. Cras eu massa nulla. Morbi porta fermentum elit eu iaculis. Pellentesque hendrerit venenatis purus at feugiat. Pellentesque vitae feugiat purus. Donec mattis rhoncus lacinia. Sed quam diam, molestie id laoreet eu, lacinia ac turpis. Cras tincidunt lobortis elit quis aliquam. Proin et massa libero.

Aliquam id pharetra arcu. Vivamus vitae mattis ligula. Sed efficitur urna vitae scelerisque tempor. Proin purus magna, vulputate eu ligula a, vehicula malesuada enim. Curabitur aliquet rutrum enim et tincidunt. Vestibulum ante ipsum primis in faucibus orci luctus et ultrices posuere cubilia curae; Vivamus pharetra enim leo, nec molestie nibh consectetur quis. Class aptent taciti sociosqu ad litora torquent per conubia nostra, per inceptos himenaeos. Nunc quis maximus elit, vitae pulvinar urna. Integer at mi elit. Phasellus vitae rutrum sem. Vivamus et mauris ac nisl congue congue eu eget elit. Nullam at quam velit. Pellentesque dictum, diam nec tempor aliquet, tortor justo fermentum sapien, at condimentum turpis elit vel sapien. Aenean rutrum tellus sodales tortor viverra eleifend.

Donec facilisis, diam efficitur maximus ultrices, enim lectus rutrum elit, eget malesuada mi justo dapibus enim. Maecenas finibus euismod nulla quis dignissim. Sed dictum ante rutrum turpis euismod laoreet. Sed placerat tellus leo. In ut lobortis lorem. Nullam vitae lectus egestas urna tincidunt aliquet. Ut sagittis vel enim eget malesuada. Cras in congue tortor. Interdum et malesuada fames ac ante ipsum primis in faucibus. Nunc tempus consequat neque, et eleifend nulla aliquam eu.",Author 233,4,tac-pham-van-hoc-trong-nha-truong-tho-xuan-quynh,NXB 233,2021,128
https://cdn1.fahasa.com/media/catalog/product/8/9/8935343700916.jpg,Tác Phẩm Văn Học Trong Nhà Trường - Thơ Tố Hữu,48000,14,9780085480230,"Lorem ipsum dolor sit amet, consectetur adipiscing elit. Nam congue vel tellus non luctus. Vestibulum vitae nunc lorem. Sed lacinia lectus vel augue imperdiet ultricies. Donec id venenatis ex, vitae pretium ligula. Sed nulla eros, dignissim at feugiat non, posuere sit amet urna. Ut eu porttitor tellus. Cras eu massa nulla. Morbi porta fermentum elit eu iaculis. Pellentesque hendrerit venenatis purus at feugiat. Pellentesque vitae feugiat purus. Donec mattis rhoncus lacinia. Sed quam diam, molestie id laoreet eu, lacinia ac turpis. Cras tincidunt lobortis elit quis aliquam. Proin et massa libero.

Aliquam id pharetra arcu. Vivamus vitae mattis ligula. Sed efficitur urna vitae scelerisque tempor. Proin purus magna, vulputate eu ligula a, vehicula malesuada enim. Curabitur aliquet rutrum enim et tincidunt. Vestibulum ante ipsum primis in faucibus orci luctus et ultrices posuere cubilia curae; Vivamus pharetra enim leo, nec molestie nibh consectetur quis. Class aptent taciti sociosqu ad litora torquent per conubia nostra, per inceptos himenaeos. Nunc quis maximus elit, vitae pulvinar urna. Integer at mi elit. Phasellus vitae rutrum sem. Vivamus et mauris ac nisl congue congue eu eget elit. Nullam at quam velit. Pellentesque dictum, diam nec tempor aliquet, tortor justo fermentum sapien, at condimentum turpis elit vel sapien. Aenean rutrum tellus sodales tortor viverra eleifend.

Donec facilisis, diam efficitur maximus ultrices, enim lectus rutrum elit, eget malesuada mi justo dapibus enim. Maecenas finibus euismod nulla quis dignissim. Sed dictum ante rutrum turpis euismod laoreet. Sed placerat tellus leo. In ut lobortis lorem. Nullam vitae lectus egestas urna tincidunt aliquet. Ut sagittis vel enim eget malesuada. Cras in congue tortor. Interdum et malesuada fames ac ante ipsum primis in faucibus. Nunc tempus consequat neque, et eleifend nulla aliquam eu.",Author 234,10,tac-pham-van-hoc-trong-nha-truong-tho-to-huu,NXB 234,2007,113
https://cdn1.fahasa.com/media/catalog/product/8/9/8935325014079.jpg,Cảm Ơn Bạn Đã Không Từ Bỏ Chính Mình,75500,14,9780085480231,"Lorem ipsum dolor sit amet, consectetur adipiscing elit. Nam congue vel tellus non luctus. Vestibulum vitae nunc lorem. Sed lacinia lectus vel augue imperdiet ultricies. Donec id venenatis ex, vitae pretium ligula. Sed nulla eros, dignissim at feugiat non, posuere sit amet urna. Ut eu porttitor tellus. Cras eu massa nulla. Morbi porta fermentum elit eu iaculis. Pellentesque hendrerit venenatis purus at feugiat. Pellentesque vitae feugiat purus. Donec mattis rhoncus lacinia. Sed quam diam, molestie id laoreet eu, lacinia ac turpis. Cras tincidunt lobortis elit quis aliquam. Proin et massa libero.

Aliquam id pharetra arcu. Vivamus vitae mattis ligula. Sed efficitur urna vitae scelerisque tempor. Proin purus magna, vulputate eu ligula a, vehicula malesuada enim. Curabitur aliquet rutrum enim et tincidunt. Vestibulum ante ipsum primis in faucibus orci luctus et ultrices posuere cubilia curae; Vivamus pharetra enim leo, nec molestie nibh consectetur quis. Class aptent taciti sociosqu ad litora torquent per conubia nostra, per inceptos himenaeos. Nunc quis maximus elit, vitae pulvinar urna. Integer at mi elit. Phasellus vitae rutrum sem. Vivamus et mauris ac nisl congue congue eu eget elit. Nullam at quam velit. Pellentesque dictum, diam nec tempor aliquet, tortor justo fermentum sapien, at condimentum turpis elit vel sapien. Aenean rutrum tellus sodales tortor viverra eleifend.

Donec facilisis, diam efficitur maximus ultrices, enim lectus rutrum elit, eget malesuada mi justo dapibus enim. Maecenas finibus euismod nulla quis dignissim. Sed dictum ante rutrum turpis euismod laoreet. Sed placerat tellus leo. In ut lobortis lorem. Nullam vitae lectus egestas urna tincidunt aliquet. Ut sagittis vel enim eget malesuada. Cras in congue tortor. Interdum et malesuada fames ac ante ipsum primis in faucibus. Nunc tempus consequat neque, et eleifend nulla aliquam eu.",Author 235,16,cam-on-ban-a-khong-tu-bo-chinh-minh,NXB 235,2018,138
https://cdn1.fahasa.com/media/catalog/product/z/3/z3276937752871_7ba3140d6ffadaad7ebd259d7ebe6783.jpg,Trái Tim Còn Cháy Và Tay Còn Cầm,74500,14,9780085480232,"Lorem ipsum dolor sit amet, consectetur adipiscing elit. Nam congue vel tellus non luctus. Vestibulum vitae nunc lorem. Sed lacinia lectus vel augue imperdiet ultricies. Donec id venenatis ex, vitae pretium ligula. Sed nulla eros, dignissim at feugiat non, posuere sit amet urna. Ut eu porttitor tellus. Cras eu massa nulla. Morbi porta fermentum elit eu iaculis. Pellentesque hendrerit venenatis purus at feugiat. Pellentesque vitae feugiat purus. Donec mattis rhoncus lacinia. Sed quam diam, molestie id laoreet eu, lacinia ac turpis. Cras tincidunt lobortis elit quis aliquam. Proin et massa libero.

Aliquam id pharetra arcu. Vivamus vitae mattis ligula. Sed efficitur urna vitae scelerisque tempor. Proin purus magna, vulputate eu ligula a, vehicula malesuada enim. Curabitur aliquet rutrum enim et tincidunt. Vestibulum ante ipsum primis in faucibus orci luctus et ultrices posuere cubilia curae; Vivamus pharetra enim leo, nec molestie nibh consectetur quis. Class aptent taciti sociosqu ad litora torquent per conubia nostra, per inceptos himenaeos. Nunc quis maximus elit, vitae pulvinar urna. Integer at mi elit. Phasellus vitae rutrum sem. Vivamus et mauris ac nisl congue congue eu eget elit. Nullam at quam velit. Pellentesque dictum, diam nec tempor aliquet, tortor justo fermentum sapien, at condimentum turpis elit vel sapien. Aenean rutrum tellus sodales tortor viverra eleifend.

Donec facilisis, diam efficitur maximus ultrices, enim lectus rutrum elit, eget malesuada mi justo dapibus enim. Maecenas finibus euismod nulla quis dignissim. Sed dictum ante rutrum turpis euismod laoreet. Sed placerat tellus leo. In ut lobortis lorem. Nullam vitae lectus egestas urna tincidunt aliquet. Ut sagittis vel enim eget malesuada. Cras in congue tortor. Interdum et malesuada fames ac ante ipsum primis in faucibus. Nunc tempus consequat neque, et eleifend nulla aliquam eu.",Author 236,19,trai-tim-con-chay-va-tay-con-cam,NXB 236,2013,129
https://cdn1.fahasa.com/media/catalog/product/9/7/9786044971346.jpg,Mây Trắng Còn Bay,110000,14,9780085480233,"Lorem ipsum dolor sit amet, consectetur adipiscing elit. Nam congue vel tellus non luctus. Vestibulum vitae nunc lorem. Sed lacinia lectus vel augue imperdiet ultricies. Donec id venenatis ex, vitae pretium ligula. Sed nulla eros, dignissim at feugiat non, posuere sit amet urna. Ut eu porttitor tellus. Cras eu massa nulla. Morbi porta fermentum elit eu iaculis. Pellentesque hendrerit venenatis purus at feugiat. Pellentesque vitae feugiat purus. Donec mattis rhoncus lacinia. Sed quam diam, molestie id laoreet eu, lacinia ac turpis. Cras tincidunt lobortis elit quis aliquam. Proin et massa libero.

Aliquam id pharetra arcu. Vivamus vitae mattis ligula. Sed efficitur urna vitae scelerisque tempor. Proin purus magna, vulputate eu ligula a, vehicula malesuada enim. Curabitur aliquet rutrum enim et tincidunt. Vestibulum ante ipsum primis in faucibus orci luctus et ultrices posuere cubilia curae; Vivamus pharetra enim leo, nec molestie nibh consectetur quis. Class aptent taciti sociosqu ad litora torquent per conubia nostra, per inceptos himenaeos. Nunc quis maximus elit, vitae pulvinar urna. Integer at mi elit. Phasellus vitae rutrum sem. Vivamus et mauris ac nisl congue congue eu eget elit. Nullam at quam velit. Pellentesque dictum, diam nec tempor aliquet, tortor justo fermentum sapien, at condimentum turpis elit vel sapien. Aenean rutrum tellus sodales tortor viverra eleifend.

Donec facilisis, diam efficitur maximus ultrices, enim lectus rutrum elit, eget malesuada mi justo dapibus enim. Maecenas finibus euismod nulla quis dignissim. Sed dictum ante rutrum turpis euismod laoreet. Sed placerat tellus leo. In ut lobortis lorem. Nullam vitae lectus egestas urna tincidunt aliquet. Ut sagittis vel enim eget malesuada. Cras in congue tortor. Interdum et malesuada fames ac ante ipsum primis in faucibus. Nunc tempus consequat neque, et eleifend nulla aliquam eu.",Author 237,11,may-trang-con-bay,NXB 237,2006,146
https://cdn1.fahasa.com/media/catalog/product/8/9/8935244843620.jpg,Nhật Ký Trong Tù (Tái Bản 2020),55000,14,9780085480234,"Lorem ipsum dolor sit amet, consectetur adipiscing elit. Nam congue vel tellus non luctus. Vestibulum vitae nunc lorem. Sed lacinia lectus vel augue imperdiet ultricies. Donec id venenatis ex, vitae pretium ligula. Sed nulla eros, dignissim at feugiat non, posuere sit amet urna. Ut eu porttitor tellus. Cras eu massa nulla. Morbi porta fermentum elit eu iaculis. Pellentesque hendrerit venenatis purus at feugiat. Pellentesque vitae feugiat purus. Donec mattis rhoncus lacinia. Sed quam diam, molestie id laoreet eu, lacinia ac turpis. Cras tincidunt lobortis elit quis aliquam. Proin et massa libero.

Aliquam id pharetra arcu. Vivamus vitae mattis ligula. Sed efficitur urna vitae scelerisque tempor. Proin purus magna, vulputate eu ligula a, vehicula malesuada enim. Curabitur aliquet rutrum enim et tincidunt. Vestibulum ante ipsum primis in faucibus orci luctus et ultrices posuere cubilia curae; Vivamus pharetra enim leo, nec molestie nibh consectetur quis. Class aptent taciti sociosqu ad litora torquent per conubia nostra, per inceptos himenaeos. Nunc quis maximus elit, vitae pulvinar urna. Integer at mi elit. Phasellus vitae rutrum sem. Vivamus et mauris ac nisl congue congue eu eget elit. Nullam at quam velit. Pellentesque dictum, diam nec tempor aliquet, tortor justo fermentum sapien, at condimentum turpis elit vel sapien. Aenean rutrum tellus sodales tortor viverra eleifend.

Donec facilisis, diam efficitur maximus ultrices, enim lectus rutrum elit, eget malesuada mi justo dapibus enim. Maecenas finibus euismod nulla quis dignissim. Sed dictum ante rutrum turpis euismod laoreet. Sed placerat tellus leo. In ut lobortis lorem. Nullam vitae lectus egestas urna tincidunt aliquet. Ut sagittis vel enim eget malesuada. Cras in congue tortor. Interdum et malesuada fames ac ante ipsum primis in faucibus. Nunc tempus consequat neque, et eleifend nulla aliquam eu.",Author 238,19,nhat-ky-trong-tu-tai-ban-2020,NXB 238,2017,139
https://cdn1.fahasa.com/media/catalog/product/b/i/bia-sach-goc-san-va-khoang-troi_1.jpg,Góc Sân Và Khoảng Trời,61000,14,9780085480235,"Lorem ipsum dolor sit amet, consectetur adipiscing elit. Nam congue vel tellus non luctus. Vestibulum vitae nunc lorem. Sed lacinia lectus vel augue imperdiet ultricies. Donec id venenatis ex, vitae pretium ligula. Sed nulla eros, dignissim at feugiat non, posuere sit amet urna. Ut eu porttitor tellus. Cras eu massa nulla. Morbi porta fermentum elit eu iaculis. Pellentesque hendrerit venenatis purus at feugiat. Pellentesque vitae feugiat purus. Donec mattis rhoncus lacinia. Sed quam diam, molestie id laoreet eu, lacinia ac turpis. Cras tincidunt lobortis elit quis aliquam. Proin et massa libero.

Aliquam id pharetra arcu. Vivamus vitae mattis ligula. Sed efficitur urna vitae scelerisque tempor. Proin purus magna, vulputate eu ligula a, vehicula malesuada enim. Curabitur aliquet rutrum enim et tincidunt. Vestibulum ante ipsum primis in faucibus orci luctus et ultrices posuere cubilia curae; Vivamus pharetra enim leo, nec molestie nibh consectetur quis. Class aptent taciti sociosqu ad litora torquent per conubia nostra, per inceptos himenaeos. Nunc quis maximus elit, vitae pulvinar urna. Integer at mi elit. Phasellus vitae rutrum sem. Vivamus et mauris ac nisl congue congue eu eget elit. Nullam at quam velit. Pellentesque dictum, diam nec tempor aliquet, tortor justo fermentum sapien, at condimentum turpis elit vel sapien. Aenean rutrum tellus sodales tortor viverra eleifend.

Donec facilisis, diam efficitur maximus ultrices, enim lectus rutrum elit, eget malesuada mi justo dapibus enim. Maecenas finibus euismod nulla quis dignissim. Sed dictum ante rutrum turpis euismod laoreet. Sed placerat tellus leo. In ut lobortis lorem. Nullam vitae lectus egestas urna tincidunt aliquet. Ut sagittis vel enim eget malesuada. Cras in congue tortor. Interdum et malesuada fames ac ante ipsum primis in faucibus. Nunc tempus consequat neque, et eleifend nulla aliquam eu.",Author 239,15,goc-san-va-khoang-troi,NXB 239,2018,145
https://cdn1.fahasa.com/media/catalog/product/8/9/8935236425216.jpg,Truyện Kiều (Tái Bản),38000,14,9780085480236,"Lorem ipsum dolor sit amet, consectetur adipiscing elit. Nam congue vel tellus non luctus. Vestibulum vitae nunc lorem. Sed lacinia lectus vel augue imperdiet ultricies. Donec id venenatis ex, vitae pretium ligula. Sed nulla eros, dignissim at feugiat non, posuere sit amet urna. Ut eu porttitor tellus. Cras eu massa nulla. Morbi porta fermentum elit eu iaculis. Pellentesque hendrerit venenatis purus at feugiat. Pellentesque vitae feugiat purus. Donec mattis rhoncus lacinia. Sed quam diam, molestie id laoreet eu, lacinia ac turpis. Cras tincidunt lobortis elit quis aliquam. Proin et massa libero.

Aliquam id pharetra arcu. Vivamus vitae mattis ligula. Sed efficitur urna vitae scelerisque tempor. Proin purus magna, vulputate eu ligula a, vehicula malesuada enim. Curabitur aliquet rutrum enim et tincidunt. Vestibulum ante ipsum primis in faucibus orci luctus et ultrices posuere cubilia curae; Vivamus pharetra enim leo, nec molestie nibh consectetur quis. Class aptent taciti sociosqu ad litora torquent per conubia nostra, per inceptos himenaeos. Nunc quis maximus elit, vitae pulvinar urna. Integer at mi elit. Phasellus vitae rutrum sem. Vivamus et mauris ac nisl congue congue eu eget elit. Nullam at quam velit. Pellentesque dictum, diam nec tempor aliquet, tortor justo fermentum sapien, at condimentum turpis elit vel sapien. Aenean rutrum tellus sodales tortor viverra eleifend.

Donec facilisis, diam efficitur maximus ultrices, enim lectus rutrum elit, eget malesuada mi justo dapibus enim. Maecenas finibus euismod nulla quis dignissim. Sed dictum ante rutrum turpis euismod laoreet. Sed placerat tellus leo. In ut lobortis lorem. Nullam vitae lectus egestas urna tincidunt aliquet. Ut sagittis vel enim eget malesuada. Cras in congue tortor. Interdum et malesuada fames ac ante ipsum primis in faucibus. Nunc tempus consequat neque, et eleifend nulla aliquam eu.",Author 240,3,truyen-kieu-tai-ban,NXB 240,2016,104
https://cdn1.fahasa.com/media/catalog/product/8/9/8935212349208.jpg,Bến Xe (Tái Bản 2020),54720,15,9780085480237,"Lorem ipsum dolor sit amet, consectetur adipiscing elit. Nam congue vel tellus non luctus. Vestibulum vitae nunc lorem. Sed lacinia lectus vel augue imperdiet ultricies. Donec id venenatis ex, vitae pretium ligula. Sed nulla eros, dignissim at feugiat non, posuere sit amet urna. Ut eu porttitor tellus. Cras eu massa nulla. Morbi porta fermentum elit eu iaculis. Pellentesque hendrerit venenatis purus at feugiat. Pellentesque vitae feugiat purus. Donec mattis rhoncus lacinia. Sed quam diam, molestie id laoreet eu, lacinia ac turpis. Cras tincidunt lobortis elit quis aliquam. Proin et massa libero.

Aliquam id pharetra arcu. Vivamus vitae mattis ligula. Sed efficitur urna vitae scelerisque tempor. Proin purus magna, vulputate eu ligula a, vehicula malesuada enim. Curabitur aliquet rutrum enim et tincidunt. Vestibulum ante ipsum primis in faucibus orci luctus et ultrices posuere cubilia curae; Vivamus pharetra enim leo, nec molestie nibh consectetur quis. Class aptent taciti sociosqu ad litora torquent per conubia nostra, per inceptos himenaeos. Nunc quis maximus elit, vitae pulvinar urna. Integer at mi elit. Phasellus vitae rutrum sem. Vivamus et mauris ac nisl congue congue eu eget elit. Nullam at quam velit. Pellentesque dictum, diam nec tempor aliquet, tortor justo fermentum sapien, at condimentum turpis elit vel sapien. Aenean rutrum tellus sodales tortor viverra eleifend.

Donec facilisis, diam efficitur maximus ultrices, enim lectus rutrum elit, eget malesuada mi justo dapibus enim. Maecenas finibus euismod nulla quis dignissim. Sed dictum ante rutrum turpis euismod laoreet. Sed placerat tellus leo. In ut lobortis lorem. Nullam vitae lectus egestas urna tincidunt aliquet. Ut sagittis vel enim eget malesuada. Cras in congue tortor. Interdum et malesuada fames ac ante ipsum primis in faucibus. Nunc tempus consequat neque, et eleifend nulla aliquam eu.",Author 241,19,ben-xe-tai-ban-2020,NXB 241,2013,133
https://cdn1.fahasa.com/media/catalog/product/i/m/image_195509_1_14864.jpg,Thất Tịch Không Mưa (Tái Bản 2017),61920,15,9780085480238,"Lorem ipsum dolor sit amet, consectetur adipiscing elit. Nam congue vel tellus non luctus. Vestibulum vitae nunc lorem. Sed lacinia lectus vel augue imperdiet ultricies. Donec id venenatis ex, vitae pretium ligula. Sed nulla eros, dignissim at feugiat non, posuere sit amet urna. Ut eu porttitor tellus. Cras eu massa nulla. Morbi porta fermentum elit eu iaculis. Pellentesque hendrerit venenatis purus at feugiat. Pellentesque vitae feugiat purus. Donec mattis rhoncus lacinia. Sed quam diam, molestie id laoreet eu, lacinia ac turpis. Cras tincidunt lobortis elit quis aliquam. Proin et massa libero.

Aliquam id pharetra arcu. Vivamus vitae mattis ligula. Sed efficitur urna vitae scelerisque tempor. Proin purus magna, vulputate eu ligula a, vehicula malesuada enim. Curabitur aliquet rutrum enim et tincidunt. Vestibulum ante ipsum primis in faucibus orci luctus et ultrices posuere cubilia curae; Vivamus pharetra enim leo, nec molestie nibh consectetur quis. Class aptent taciti sociosqu ad litora torquent per conubia nostra, per inceptos himenaeos. Nunc quis maximus elit, vitae pulvinar urna. Integer at mi elit. Phasellus vitae rutrum sem. Vivamus et mauris ac nisl congue congue eu eget elit. Nullam at quam velit. Pellentesque dictum, diam nec tempor aliquet, tortor justo fermentum sapien, at condimentum turpis elit vel sapien. Aenean rutrum tellus sodales tortor viverra eleifend.

Donec facilisis, diam efficitur maximus ultrices, enim lectus rutrum elit, eget malesuada mi justo dapibus enim. Maecenas finibus euismod nulla quis dignissim. Sed dictum ante rutrum turpis euismod laoreet. Sed placerat tellus leo. In ut lobortis lorem. Nullam vitae lectus egestas urna tincidunt aliquet. Ut sagittis vel enim eget malesuada. Cras in congue tortor. Interdum et malesuada fames ac ante ipsum primis in faucibus. Nunc tempus consequat neque, et eleifend nulla aliquam eu.",Author 242,16,that-tich-khong-mua-tai-ban-2017,NXB 242,2018,70
https://cdn1.fahasa.com/media/catalog/product/i/m/image_195509_1_41937_1.jpg,Từng Có Người Yêu Tôi Như Sinh Mệnh (Tái Bản 2024),92880,15,9780085480239,"Lorem ipsum dolor sit amet, consectetur adipiscing elit. Nam congue vel tellus non luctus. Vestibulum vitae nunc lorem. Sed lacinia lectus vel augue imperdiet ultricies. Donec id venenatis ex, vitae pretium ligula. Sed nulla eros, dignissim at feugiat non, posuere sit amet urna. Ut eu porttitor tellus. Cras eu massa nulla. Morbi porta fermentum elit eu iaculis. Pellentesque hendrerit venenatis purus at feugiat. Pellentesque vitae feugiat purus. Donec mattis rhoncus lacinia. Sed quam diam, molestie id laoreet eu, lacinia ac turpis. Cras tincidunt lobortis elit quis aliquam. Proin et massa libero.

Aliquam id pharetra arcu. Vivamus vitae mattis ligula. Sed efficitur urna vitae scelerisque tempor. Proin purus magna, vulputate eu ligula a, vehicula malesuada enim. Curabitur aliquet rutrum enim et tincidunt. Vestibulum ante ipsum primis in faucibus orci luctus et ultrices posuere cubilia curae; Vivamus pharetra enim leo, nec molestie nibh consectetur quis. Class aptent taciti sociosqu ad litora torquent per conubia nostra, per inceptos himenaeos. Nunc quis maximus elit, vitae pulvinar urna. Integer at mi elit. Phasellus vitae rutrum sem. Vivamus et mauris ac nisl congue congue eu eget elit. Nullam at quam velit. Pellentesque dictum, diam nec tempor aliquet, tortor justo fermentum sapien, at condimentum turpis elit vel sapien. Aenean rutrum tellus sodales tortor viverra eleifend.

Donec facilisis, diam efficitur maximus ultrices, enim lectus rutrum elit, eget malesuada mi justo dapibus enim. Maecenas finibus euismod nulla quis dignissim. Sed dictum ante rutrum turpis euismod laoreet. Sed placerat tellus leo. In ut lobortis lorem. Nullam vitae lectus egestas urna tincidunt aliquet. Ut sagittis vel enim eget malesuada. Cras in congue tortor. Interdum et malesuada fames ac ante ipsum primis in faucibus. Nunc tempus consequat neque, et eleifend nulla aliquam eu.",Author 243,9,tung-co-nguoi-yeu-toi-nhu-sinh-menh-tai-ban-2024,NXB 243,2018,65
https://cdn1.fahasa.com/media/catalog/product/z/7/z7123197484533_a9722ac1a37d4ef2c596cc7695edcdde.jpg,Bộ Sách Khó Dỗ Dành - Tập 1 + Tập 2 (Bộ 2 Tập) (Tái Bản 2025) - Tặng Kèm Bookmark Bồi Cứng,273500,15,9780085480240,"Lorem ipsum dolor sit amet, consectetur adipiscing elit. Nam congue vel tellus non luctus. Vestibulum vitae nunc lorem. Sed lacinia lectus vel augue imperdiet ultricies. Donec id venenatis ex, vitae pretium ligula. Sed nulla eros, dignissim at feugiat non, posuere sit amet urna. Ut eu porttitor tellus. Cras eu massa nulla. Morbi porta fermentum elit eu iaculis. Pellentesque hendrerit venenatis purus at feugiat. Pellentesque vitae feugiat purus. Donec mattis rhoncus lacinia. Sed quam diam, molestie id laoreet eu, lacinia ac turpis. Cras tincidunt lobortis elit quis aliquam. Proin et massa libero.

Aliquam id pharetra arcu. Vivamus vitae mattis ligula. Sed efficitur urna vitae scelerisque tempor. Proin purus magna, vulputate eu ligula a, vehicula malesuada enim. Curabitur aliquet rutrum enim et tincidunt. Vestibulum ante ipsum primis in faucibus orci luctus et ultrices posuere cubilia curae; Vivamus pharetra enim leo, nec molestie nibh consectetur quis. Class aptent taciti sociosqu ad litora torquent per conubia nostra, per inceptos himenaeos. Nunc quis maximus elit, vitae pulvinar urna. Integer at mi elit. Phasellus vitae rutrum sem. Vivamus et mauris ac nisl congue congue eu eget elit. Nullam at quam velit. Pellentesque dictum, diam nec tempor aliquet, tortor justo fermentum sapien, at condimentum turpis elit vel sapien. Aenean rutrum tellus sodales tortor viverra eleifend.

Donec facilisis, diam efficitur maximus ultrices, enim lectus rutrum elit, eget malesuada mi justo dapibus enim. Maecenas finibus euismod nulla quis dignissim. Sed dictum ante rutrum turpis euismod laoreet. Sed placerat tellus leo. In ut lobortis lorem. Nullam vitae lectus egestas urna tincidunt aliquet. Ut sagittis vel enim eget malesuada. Cras in congue tortor. Interdum et malesuada fames ac ante ipsum primis in faucibus. Nunc tempus consequat neque, et eleifend nulla aliquam eu.",Author 244,6,bo-sach-kho-do-danh-tap-1-tap-2-bo-2-tap-tai-ban-2025-tang-kem-bookmark-boi-cung,NXB 244,2017,55
https://cdn1.fahasa.com/media/catalog/product/n/2/n2_12.jpg,Kẹo Dâu Tây Và Tiểu Tiên Nữ Của Anh - Tập 2 - Bản Đặc Biệt - Tặng Kèm Bookmark Cán Màng Lụa Ánh Ngọc Trai + Set 2 Lá Thư + Standee + Pin Cài Gỗ,184500,15,9780085480241,"Lorem ipsum dolor sit amet, consectetur adipiscing elit. Nam congue vel tellus non luctus. Vestibulum vitae nunc lorem. Sed lacinia lectus vel augue imperdiet ultricies. Donec id venenatis ex, vitae pretium ligula. Sed nulla eros, dignissim at feugiat non, posuere sit amet urna. Ut eu porttitor tellus. Cras eu massa nulla. Morbi porta fermentum elit eu iaculis. Pellentesque hendrerit venenatis purus at feugiat. Pellentesque vitae feugiat purus. Donec mattis rhoncus lacinia. Sed quam diam, molestie id laoreet eu, lacinia ac turpis. Cras tincidunt lobortis elit quis aliquam. Proin et massa libero.

Aliquam id pharetra arcu. Vivamus vitae mattis ligula. Sed efficitur urna vitae scelerisque tempor. Proin purus magna, vulputate eu ligula a, vehicula malesuada enim. Curabitur aliquet rutrum enim et tincidunt. Vestibulum ante ipsum primis in faucibus orci luctus et ultrices posuere cubilia curae; Vivamus pharetra enim leo, nec molestie nibh consectetur quis. Class aptent taciti sociosqu ad litora torquent per conubia nostra, per inceptos himenaeos. Nunc quis maximus elit, vitae pulvinar urna. Integer at mi elit. Phasellus vitae rutrum sem. Vivamus et mauris ac nisl congue congue eu eget elit. Nullam at quam velit. Pellentesque dictum, diam nec tempor aliquet, tortor justo fermentum sapien, at condimentum turpis elit vel sapien. Aenean rutrum tellus sodales tortor viverra eleifend.

Donec facilisis, diam efficitur maximus ultrices, enim lectus rutrum elit, eget malesuada mi justo dapibus enim. Maecenas finibus euismod nulla quis dignissim. Sed dictum ante rutrum turpis euismod laoreet. Sed placerat tellus leo. In ut lobortis lorem. Nullam vitae lectus egestas urna tincidunt aliquet. Ut sagittis vel enim eget malesuada. Cras in congue tortor. Interdum et malesuada fames ac ante ipsum primis in faucibus. Nunc tempus consequat neque, et eleifend nulla aliquam eu.",Author 245,4,keo-dau-tay-va-tieu-tien-nu-cua-anh-tap-2-ban-ac-biet-tang-kem-bookmark-can-mang-lua-anh-ngoc-trai-set-2-la-thu-standee-pin-cai-go,NXB 245,2009,59
https://cdn1.fahasa.com/media/catalog/product/2/d/2d_tro-ve-thang-nam-bo-toi-la-ho_1.jpg,Trở Về Năm Tháng Bố Tôi Là Hot Boy - Tập 1,206000,15,9780085480242,"Lorem ipsum dolor sit amet, consectetur adipiscing elit. Nam congue vel tellus non luctus. Vestibulum vitae nunc lorem. Sed lacinia lectus vel augue imperdiet ultricies. Donec id venenatis ex, vitae pretium ligula. Sed nulla eros, dignissim at feugiat non, posuere sit amet urna. Ut eu porttitor tellus. Cras eu massa nulla. Morbi porta fermentum elit eu iaculis. Pellentesque hendrerit venenatis purus at feugiat. Pellentesque vitae feugiat purus. Donec mattis rhoncus lacinia. Sed quam diam, molestie id laoreet eu, lacinia ac turpis. Cras tincidunt lobortis elit quis aliquam. Proin et massa libero.

Aliquam id pharetra arcu. Vivamus vitae mattis ligula. Sed efficitur urna vitae scelerisque tempor. Proin purus magna, vulputate eu ligula a, vehicula malesuada enim. Curabitur aliquet rutrum enim et tincidunt. Vestibulum ante ipsum primis in faucibus orci luctus et ultrices posuere cubilia curae; Vivamus pharetra enim leo, nec molestie nibh consectetur quis. Class aptent taciti sociosqu ad litora torquent per conubia nostra, per inceptos himenaeos. Nunc quis maximus elit, vitae pulvinar urna. Integer at mi elit. Phasellus vitae rutrum sem. Vivamus et mauris ac nisl congue congue eu eget elit. Nullam at quam velit. Pellentesque dictum, diam nec tempor aliquet, tortor justo fermentum sapien, at condimentum turpis elit vel sapien. Aenean rutrum tellus sodales tortor viverra eleifend.

Donec facilisis, diam efficitur maximus ultrices, enim lectus rutrum elit, eget malesuada mi justo dapibus enim. Maecenas finibus euismod nulla quis dignissim. Sed dictum ante rutrum turpis euismod laoreet. Sed placerat tellus leo. In ut lobortis lorem. Nullam vitae lectus egestas urna tincidunt aliquet. Ut sagittis vel enim eget malesuada. Cras in congue tortor. Interdum et malesuada fames ac ante ipsum primis in faucibus. Nunc tempus consequat neque, et eleifend nulla aliquam eu.",Author 246,13,tro-ve-nam-thang-bo-toi-la-hot-boy-tap-1,NXB 246,2021,88
https://cdn1.fahasa.com/media/catalog/product/i/m/image_195509_1_14865.jpg,Sự Dịu Dàng Khó Cưỡng (Tái Bản 2019),63000,15,9780085480243,"Lorem ipsum dolor sit amet, consectetur adipiscing elit. Nam congue vel tellus non luctus. Vestibulum vitae nunc lorem. Sed lacinia lectus vel augue imperdiet ultricies. Donec id venenatis ex, vitae pretium ligula. Sed nulla eros, dignissim at feugiat non, posuere sit amet urna. Ut eu porttitor tellus. Cras eu massa nulla. Morbi porta fermentum elit eu iaculis. Pellentesque hendrerit venenatis purus at feugiat. Pellentesque vitae feugiat purus. Donec mattis rhoncus lacinia. Sed quam diam, molestie id laoreet eu, lacinia ac turpis. Cras tincidunt lobortis elit quis aliquam. Proin et massa libero.

Aliquam id pharetra arcu. Vivamus vitae mattis ligula. Sed efficitur urna vitae scelerisque tempor. Proin purus magna, vulputate eu ligula a, vehicula malesuada enim. Curabitur aliquet rutrum enim et tincidunt. Vestibulum ante ipsum primis in faucibus orci luctus et ultrices posuere cubilia curae; Vivamus pharetra enim leo, nec molestie nibh consectetur quis. Class aptent taciti sociosqu ad litora torquent per conubia nostra, per inceptos himenaeos. Nunc quis maximus elit, vitae pulvinar urna. Integer at mi elit. Phasellus vitae rutrum sem. Vivamus et mauris ac nisl congue congue eu eget elit. Nullam at quam velit. Pellentesque dictum, diam nec tempor aliquet, tortor justo fermentum sapien, at condimentum turpis elit vel sapien. Aenean rutrum tellus sodales tortor viverra eleifend.

Donec facilisis, diam efficitur maximus ultrices, enim lectus rutrum elit, eget malesuada mi justo dapibus enim. Maecenas finibus euismod nulla quis dignissim. Sed dictum ante rutrum turpis euismod laoreet. Sed placerat tellus leo. In ut lobortis lorem. Nullam vitae lectus egestas urna tincidunt aliquet. Ut sagittis vel enim eget malesuada. Cras in congue tortor. Interdum et malesuada fames ac ante ipsum primis in faucibus. Nunc tempus consequat neque, et eleifend nulla aliquam eu.",Author 247,13,su-diu-dang-kho-cuong-tai-ban-2019,NXB 247,2012,141
https://cdn1.fahasa.com/media/catalog/product/i/m/image_195509_1_24750.jpg,Hãy Nhắm Mắt Khi Anh Đến 2 (Tái Bản 2019),92880,15,9780085480244,"Lorem ipsum dolor sit amet, consectetur adipiscing elit. Nam congue vel tellus non luctus. Vestibulum vitae nunc lorem. Sed lacinia lectus vel augue imperdiet ultricies. Donec id venenatis ex, vitae pretium ligula. Sed nulla eros, dignissim at feugiat non, posuere sit amet urna. Ut eu porttitor tellus. Cras eu massa nulla. Morbi porta fermentum elit eu iaculis. Pellentesque hendrerit venenatis purus at feugiat. Pellentesque vitae feugiat purus. Donec mattis rhoncus lacinia. Sed quam diam, molestie id laoreet eu, lacinia ac turpis. Cras tincidunt lobortis elit quis aliquam. Proin et massa libero.

Aliquam id pharetra arcu. Vivamus vitae mattis ligula. Sed efficitur urna vitae scelerisque tempor. Proin purus magna, vulputate eu ligula a, vehicula malesuada enim. Curabitur aliquet rutrum enim et tincidunt. Vestibulum ante ipsum primis in faucibus orci luctus et ultrices posuere cubilia curae; Vivamus pharetra enim leo, nec molestie nibh consectetur quis. Class aptent taciti sociosqu ad litora torquent per conubia nostra, per inceptos himenaeos. Nunc quis maximus elit, vitae pulvinar urna. Integer at mi elit. Phasellus vitae rutrum sem. Vivamus et mauris ac nisl congue congue eu eget elit. Nullam at quam velit. Pellentesque dictum, diam nec tempor aliquet, tortor justo fermentum sapien, at condimentum turpis elit vel sapien. Aenean rutrum tellus sodales tortor viverra eleifend.

Donec facilisis, diam efficitur maximus ultrices, enim lectus rutrum elit, eget malesuada mi justo dapibus enim. Maecenas finibus euismod nulla quis dignissim. Sed dictum ante rutrum turpis euismod laoreet. Sed placerat tellus leo. In ut lobortis lorem. Nullam vitae lectus egestas urna tincidunt aliquet. Ut sagittis vel enim eget malesuada. Cras in congue tortor. Interdum et malesuada fames ac ante ipsum primis in faucibus. Nunc tempus consequat neque, et eleifend nulla aliquam eu.",Author 248,9,hay-nham-mat-khi-anh-en-2-tai-ban-2019,NXB 248,2006,60
https://cdn1.fahasa.com/media/catalog/product/i/m/image_195509_1_28289.jpg,Hãy Nhắm Mắt Khi Anh Đến - Tập 1 (Tái Bản 2019),92880,15,9780085480245,"Lorem ipsum dolor sit amet, consectetur adipiscing elit. Nam congue vel tellus non luctus. Vestibulum vitae nunc lorem. Sed lacinia lectus vel augue imperdiet ultricies. Donec id venenatis ex, vitae pretium ligula. Sed nulla eros, dignissim at feugiat non, posuere sit amet urna. Ut eu porttitor tellus. Cras eu massa nulla. Morbi porta fermentum elit eu iaculis. Pellentesque hendrerit venenatis purus at feugiat. Pellentesque vitae feugiat purus. Donec mattis rhoncus lacinia. Sed quam diam, molestie id laoreet eu, lacinia ac turpis. Cras tincidunt lobortis elit quis aliquam. Proin et massa libero.

Aliquam id pharetra arcu. Vivamus vitae mattis ligula. Sed efficitur urna vitae scelerisque tempor. Proin purus magna, vulputate eu ligula a, vehicula malesuada enim. Curabitur aliquet rutrum enim et tincidunt. Vestibulum ante ipsum primis in faucibus orci luctus et ultrices posuere cubilia curae; Vivamus pharetra enim leo, nec molestie nibh consectetur quis. Class aptent taciti sociosqu ad litora torquent per conubia nostra, per inceptos himenaeos. Nunc quis maximus elit, vitae pulvinar urna. Integer at mi elit. Phasellus vitae rutrum sem. Vivamus et mauris ac nisl congue congue eu eget elit. Nullam at quam velit. Pellentesque dictum, diam nec tempor aliquet, tortor justo fermentum sapien, at condimentum turpis elit vel sapien. Aenean rutrum tellus sodales tortor viverra eleifend.

Donec facilisis, diam efficitur maximus ultrices, enim lectus rutrum elit, eget malesuada mi justo dapibus enim. Maecenas finibus euismod nulla quis dignissim. Sed dictum ante rutrum turpis euismod laoreet. Sed placerat tellus leo. In ut lobortis lorem. Nullam vitae lectus egestas urna tincidunt aliquet. Ut sagittis vel enim eget malesuada. Cras in congue tortor. Interdum et malesuada fames ac ante ipsum primis in faucibus. Nunc tempus consequat neque, et eleifend nulla aliquam eu.",Author 249,10,hay-nham-mat-khi-anh-en-tap-1-tai-ban-2019,NXB 249,2012,83
https://cdn1.fahasa.com/media/catalog/product/7/f/7fcbb597511044589db1ae6ab834d58a.jpg,Bộ Sách Đuổi Theo Mùa Hạ - Tập 1 + Tập 2 (Bộ 2 Tập) (Tái Bản 2025),279000,15,9780085480246,"Lorem ipsum dolor sit amet, consectetur adipiscing elit. Nam congue vel tellus non luctus. Vestibulum vitae nunc lorem. Sed lacinia lectus vel augue imperdiet ultricies. Donec id venenatis ex, vitae pretium ligula. Sed nulla eros, dignissim at feugiat non, posuere sit amet urna. Ut eu porttitor tellus. Cras eu massa nulla. Morbi porta fermentum elit eu iaculis. Pellentesque hendrerit venenatis purus at feugiat. Pellentesque vitae feugiat purus. Donec mattis rhoncus lacinia. Sed quam diam, molestie id laoreet eu, lacinia ac turpis. Cras tincidunt lobortis elit quis aliquam. Proin et massa libero.

Aliquam id pharetra arcu. Vivamus vitae mattis ligula. Sed efficitur urna vitae scelerisque tempor. Proin purus magna, vulputate eu ligula a, vehicula malesuada enim. Curabitur aliquet rutrum enim et tincidunt. Vestibulum ante ipsum primis in faucibus orci luctus et ultrices posuere cubilia curae; Vivamus pharetra enim leo, nec molestie nibh consectetur quis. Class aptent taciti sociosqu ad litora torquent per conubia nostra, per inceptos himenaeos. Nunc quis maximus elit, vitae pulvinar urna. Integer at mi elit. Phasellus vitae rutrum sem. Vivamus et mauris ac nisl congue congue eu eget elit. Nullam at quam velit. Pellentesque dictum, diam nec tempor aliquet, tortor justo fermentum sapien, at condimentum turpis elit vel sapien. Aenean rutrum tellus sodales tortor viverra eleifend.

Donec facilisis, diam efficitur maximus ultrices, enim lectus rutrum elit, eget malesuada mi justo dapibus enim. Maecenas finibus euismod nulla quis dignissim. Sed dictum ante rutrum turpis euismod laoreet. Sed placerat tellus leo. In ut lobortis lorem. Nullam vitae lectus egestas urna tincidunt aliquet. Ut sagittis vel enim eget malesuada. Cras in congue tortor. Interdum et malesuada fames ac ante ipsum primis in faucibus. Nunc tempus consequat neque, et eleifend nulla aliquam eu.",Author 250,11,bo-sach-uoi-theo-mua-ha-tap-1-tap-2-bo-2-tap-tai-ban-2025,NXB 250,2011,85
https://cdn1.fahasa.com/media/catalog/product/z/7/z7403328580068_745bbe1f49f47426f41b7d33b0f73b57.jpg,Siêu Cấp Cưng Chiều - Tập 7 - Tặng Kèm Bookmark In 2 Mặt,159000,15,9780085480247,"Lorem ipsum dolor sit amet, consectetur adipiscing elit. Nam congue vel tellus non luctus. Vestibulum vitae nunc lorem. Sed lacinia lectus vel augue imperdiet ultricies. Donec id venenatis ex, vitae pretium ligula. Sed nulla eros, dignissim at feugiat non, posuere sit amet urna. Ut eu porttitor tellus. Cras eu massa nulla. Morbi porta fermentum elit eu iaculis. Pellentesque hendrerit venenatis purus at feugiat. Pellentesque vitae feugiat purus. Donec mattis rhoncus lacinia. Sed quam diam, molestie id laoreet eu, lacinia ac turpis. Cras tincidunt lobortis elit quis aliquam. Proin et massa libero.

Aliquam id pharetra arcu. Vivamus vitae mattis ligula. Sed efficitur urna vitae scelerisque tempor. Proin purus magna, vulputate eu ligula a, vehicula malesuada enim. Curabitur aliquet rutrum enim et tincidunt. Vestibulum ante ipsum primis in faucibus orci luctus et ultrices posuere cubilia curae; Vivamus pharetra enim leo, nec molestie nibh consectetur quis. Class aptent taciti sociosqu ad litora torquent per conubia nostra, per inceptos himenaeos. Nunc quis maximus elit, vitae pulvinar urna. Integer at mi elit. Phasellus vitae rutrum sem. Vivamus et mauris ac nisl congue congue eu eget elit. Nullam at quam velit. Pellentesque dictum, diam nec tempor aliquet, tortor justo fermentum sapien, at condimentum turpis elit vel sapien. Aenean rutrum tellus sodales tortor viverra eleifend.

Donec facilisis, diam efficitur maximus ultrices, enim lectus rutrum elit, eget malesuada mi justo dapibus enim. Maecenas finibus euismod nulla quis dignissim. Sed dictum ante rutrum turpis euismod laoreet. Sed placerat tellus leo. In ut lobortis lorem. Nullam vitae lectus egestas urna tincidunt aliquet. Ut sagittis vel enim eget malesuada. Cras in congue tortor. Interdum et malesuada fames ac ante ipsum primis in faucibus. Nunc tempus consequat neque, et eleifend nulla aliquam eu.",Author 251,6,sieu-cap-cung-chieu-tap-7-tang-kem-bookmark-in-2-mat,NXB 251,2013,59
https://cdn1.fahasa.com/media/catalog/product/z/7/z7403328579960_b6b751595aca657742cc7f2c1365c940.jpg,Siêu Cấp Cưng Chiều - Tập 8 - Tặng Kèm Bookmark In 2 Mặt,159000,15,9780085480248,"Lorem ipsum dolor sit amet, consectetur adipiscing elit. Nam congue vel tellus non luctus. Vestibulum vitae nunc lorem. Sed lacinia lectus vel augue imperdiet ultricies. Donec id venenatis ex, vitae pretium ligula. Sed nulla eros, dignissim at feugiat non, posuere sit amet urna. Ut eu porttitor tellus. Cras eu massa nulla. Morbi porta fermentum elit eu iaculis. Pellentesque hendrerit venenatis purus at feugiat. Pellentesque vitae feugiat purus. Donec mattis rhoncus lacinia. Sed quam diam, molestie id laoreet eu, lacinia ac turpis. Cras tincidunt lobortis elit quis aliquam. Proin et massa libero.

Aliquam id pharetra arcu. Vivamus vitae mattis ligula. Sed efficitur urna vitae scelerisque tempor. Proin purus magna, vulputate eu ligula a, vehicula malesuada enim. Curabitur aliquet rutrum enim et tincidunt. Vestibulum ante ipsum primis in faucibus orci luctus et ultrices posuere cubilia curae; Vivamus pharetra enim leo, nec molestie nibh consectetur quis. Class aptent taciti sociosqu ad litora torquent per conubia nostra, per inceptos himenaeos. Nunc quis maximus elit, vitae pulvinar urna. Integer at mi elit. Phasellus vitae rutrum sem. Vivamus et mauris ac nisl congue congue eu eget elit. Nullam at quam velit. Pellentesque dictum, diam nec tempor aliquet, tortor justo fermentum sapien, at condimentum turpis elit vel sapien. Aenean rutrum tellus sodales tortor viverra eleifend.

Donec facilisis, diam efficitur maximus ultrices, enim lectus rutrum elit, eget malesuada mi justo dapibus enim. Maecenas finibus euismod nulla quis dignissim. Sed dictum ante rutrum turpis euismod laoreet. Sed placerat tellus leo. In ut lobortis lorem. Nullam vitae lectus egestas urna tincidunt aliquet. Ut sagittis vel enim eget malesuada. Cras in congue tortor. Interdum et malesuada fames ac ante ipsum primis in faucibus. Nunc tempus consequat neque, et eleifend nulla aliquam eu.",Author 252,13,sieu-cap-cung-chieu-tap-8-tang-kem-bookmark-in-2-mat,NXB 252,2010,70
https://cdn1.fahasa.com/media/catalog/product/k/_/k_o-d_u-t_y1.jpg,Kẹo Dâu Tây Và Tiểu Tiên Nữ Của Anh - Tập 1 - Tặng Kèm Bookmark,147000,15,9780085480249,"Lorem ipsum dolor sit amet, consectetur adipiscing elit. Nam congue vel tellus non luctus. Vestibulum vitae nunc lorem. Sed lacinia lectus vel augue imperdiet ultricies. Donec id venenatis ex, vitae pretium ligula. Sed nulla eros, dignissim at feugiat non, posuere sit amet urna. Ut eu porttitor tellus. Cras eu massa nulla. Morbi porta fermentum elit eu iaculis. Pellentesque hendrerit venenatis purus at feugiat. Pellentesque vitae feugiat purus. Donec mattis rhoncus lacinia. Sed quam diam, molestie id laoreet eu, lacinia ac turpis. Cras tincidunt lobortis elit quis aliquam. Proin et massa libero.

Aliquam id pharetra arcu. Vivamus vitae mattis ligula. Sed efficitur urna vitae scelerisque tempor. Proin purus magna, vulputate eu ligula a, vehicula malesuada enim. Curabitur aliquet rutrum enim et tincidunt. Vestibulum ante ipsum primis in faucibus orci luctus et ultrices posuere cubilia curae; Vivamus pharetra enim leo, nec molestie nibh consectetur quis. Class aptent taciti sociosqu ad litora torquent per conubia nostra, per inceptos himenaeos. Nunc quis maximus elit, vitae pulvinar urna. Integer at mi elit. Phasellus vitae rutrum sem. Vivamus et mauris ac nisl congue congue eu eget elit. Nullam at quam velit. Pellentesque dictum, diam nec tempor aliquet, tortor justo fermentum sapien, at condimentum turpis elit vel sapien. Aenean rutrum tellus sodales tortor viverra eleifend.

Donec facilisis, diam efficitur maximus ultrices, enim lectus rutrum elit, eget malesuada mi justo dapibus enim. Maecenas finibus euismod nulla quis dignissim. Sed dictum ante rutrum turpis euismod laoreet. Sed placerat tellus leo. In ut lobortis lorem. Nullam vitae lectus egestas urna tincidunt aliquet. Ut sagittis vel enim eget malesuada. Cras in congue tortor. Interdum et malesuada fames ac ante ipsum primis in faucibus. Nunc tempus consequat neque, et eleifend nulla aliquam eu.",Author 253,3,keo-dau-tay-va-tieu-tien-nu-cua-anh-tap-1-tang-kem-bookmark,NXB 253,2009,72
https://cdn1.fahasa.com/media/catalog/product/b/i/bia-mem_husky-9.jpg,Husky Và Sư Tôn Mèo Trắng Của Hắn - Tập 9,160500,15,9780085480250,"Lorem ipsum dolor sit amet, consectetur adipiscing elit. Nam congue vel tellus non luctus. Vestibulum vitae nunc lorem. Sed lacinia lectus vel augue imperdiet ultricies. Donec id venenatis ex, vitae pretium ligula. Sed nulla eros, dignissim at feugiat non, posuere sit amet urna. Ut eu porttitor tellus. Cras eu massa nulla. Morbi porta fermentum elit eu iaculis. Pellentesque hendrerit venenatis purus at feugiat. Pellentesque vitae feugiat purus. Donec mattis rhoncus lacinia. Sed quam diam, molestie id laoreet eu, lacinia ac turpis. Cras tincidunt lobortis elit quis aliquam. Proin et massa libero.

Aliquam id pharetra arcu. Vivamus vitae mattis ligula. Sed efficitur urna vitae scelerisque tempor. Proin purus magna, vulputate eu ligula a, vehicula malesuada enim. Curabitur aliquet rutrum enim et tincidunt. Vestibulum ante ipsum primis in faucibus orci luctus et ultrices posuere cubilia curae; Vivamus pharetra enim leo, nec molestie nibh consectetur quis. Class aptent taciti sociosqu ad litora torquent per conubia nostra, per inceptos himenaeos. Nunc quis maximus elit, vitae pulvinar urna. Integer at mi elit. Phasellus vitae rutrum sem. Vivamus et mauris ac nisl congue congue eu eget elit. Nullam at quam velit. Pellentesque dictum, diam nec tempor aliquet, tortor justo fermentum sapien, at condimentum turpis elit vel sapien. Aenean rutrum tellus sodales tortor viverra eleifend.

Donec facilisis, diam efficitur maximus ultrices, enim lectus rutrum elit, eget malesuada mi justo dapibus enim. Maecenas finibus euismod nulla quis dignissim. Sed dictum ante rutrum turpis euismod laoreet. Sed placerat tellus leo. In ut lobortis lorem. Nullam vitae lectus egestas urna tincidunt aliquet. Ut sagittis vel enim eget malesuada. Cras in congue tortor. Interdum et malesuada fames ac ante ipsum primis in faucibus. Nunc tempus consequat neque, et eleifend nulla aliquam eu.",Author 254,15,husky-va-su-ton-meo-trang-cua-han-tap-9,NXB 254,2006,50
https://cdn1.fahasa.com/media/catalog/product/i/m/image_195509_1_28289_thanh_ly.jpg,Hãy Nhắm Mắt Khi Anh Đến,160500,15,9780085480251,"Lorem ipsum dolor sit amet, consectetur adipiscing elit. Nam congue vel tellus non luctus. Vestibulum vitae nunc lorem. Sed lacinia lectus vel augue imperdiet ultricies. Donec id venenatis ex, vitae pretium ligula. Sed nulla eros, dignissim at feugiat non, posuere sit amet urna. Ut eu porttitor tellus. Cras eu massa nulla. Morbi porta fermentum elit eu iaculis. Pellentesque hendrerit venenatis purus at feugiat. Pellentesque vitae feugiat purus. Donec mattis rhoncus lacinia. Sed quam diam, molestie id laoreet eu, lacinia ac turpis. Cras tincidunt lobortis elit quis aliquam. Proin et massa libero.

Aliquam id pharetra arcu. Vivamus vitae mattis ligula. Sed efficitur urna vitae scelerisque tempor. Proin purus magna, vulputate eu ligula a, vehicula malesuada enim. Curabitur aliquet rutrum enim et tincidunt. Vestibulum ante ipsum primis in faucibus orci luctus et ultrices posuere cubilia curae; Vivamus pharetra enim leo, nec molestie nibh consectetur quis. Class aptent taciti sociosqu ad litora torquent per conubia nostra, per inceptos himenaeos. Nunc quis maximus elit, vitae pulvinar urna. Integer at mi elit. Phasellus vitae rutrum sem. Vivamus et mauris ac nisl congue congue eu eget elit. Nullam at quam velit. Pellentesque dictum, diam nec tempor aliquet, tortor justo fermentum sapien, at condimentum turpis elit vel sapien. Aenean rutrum tellus sodales tortor viverra eleifend.

Donec facilisis, diam efficitur maximus ultrices, enim lectus rutrum elit, eget malesuada mi justo dapibus enim. Maecenas finibus euismod nulla quis dignissim. Sed dictum ante rutrum turpis euismod laoreet. Sed placerat tellus leo. In ut lobortis lorem. Nullam vitae lectus egestas urna tincidunt aliquet. Ut sagittis vel enim eget malesuada. Cras in congue tortor. Interdum et malesuada fames ac ante ipsum primis in faucibus. Nunc tempus consequat neque, et eleifend nulla aliquam eu.",Author 255,12,hay-nham-mat-khi-anh-en,NXB 255,2018,150
https://cdn1.fahasa.com/media/catalog/product/b/i/bia-1_ngoanh-lai-da-mot-doi_3.jpg,Ngoảnh Lại Đã Một Đời - Bìa Cứng,118000,15,9780085480252,"Lorem ipsum dolor sit amet, consectetur adipiscing elit. Nam congue vel tellus non luctus. Vestibulum vitae nunc lorem. Sed lacinia lectus vel augue imperdiet ultricies. Donec id venenatis ex, vitae pretium ligula. Sed nulla eros, dignissim at feugiat non, posuere sit amet urna. Ut eu porttitor tellus. Cras eu massa nulla. Morbi porta fermentum elit eu iaculis. Pellentesque hendrerit venenatis purus at feugiat. Pellentesque vitae feugiat purus. Donec mattis rhoncus lacinia. Sed quam diam, molestie id laoreet eu, lacinia ac turpis. Cras tincidunt lobortis elit quis aliquam. Proin et massa libero.

Aliquam id pharetra arcu. Vivamus vitae mattis ligula. Sed efficitur urna vitae scelerisque tempor. Proin purus magna, vulputate eu ligula a, vehicula malesuada enim. Curabitur aliquet rutrum enim et tincidunt. Vestibulum ante ipsum primis in faucibus orci luctus et ultrices posuere cubilia curae; Vivamus pharetra enim leo, nec molestie nibh consectetur quis. Class aptent taciti sociosqu ad litora torquent per conubia nostra, per inceptos himenaeos. Nunc quis maximus elit, vitae pulvinar urna. Integer at mi elit. Phasellus vitae rutrum sem. Vivamus et mauris ac nisl congue congue eu eget elit. Nullam at quam velit. Pellentesque dictum, diam nec tempor aliquet, tortor justo fermentum sapien, at condimentum turpis elit vel sapien. Aenean rutrum tellus sodales tortor viverra eleifend.

Donec facilisis, diam efficitur maximus ultrices, enim lectus rutrum elit, eget malesuada mi justo dapibus enim. Maecenas finibus euismod nulla quis dignissim. Sed dictum ante rutrum turpis euismod laoreet. Sed placerat tellus leo. In ut lobortis lorem. Nullam vitae lectus egestas urna tincidunt aliquet. Ut sagittis vel enim eget malesuada. Cras in congue tortor. Interdum et malesuada fames ac ante ipsum primis in faucibus. Nunc tempus consequat neque, et eleifend nulla aliquam eu.",Author 256,17,ngoanh-lai-a-mot-oi-bia-cung,NXB 256,2007,91
https://cdn1.fahasa.com/media/catalog/product/z/7/z7268437717911_1601b1bde894224e186e91dc81efbe21.jpg,Triều Dâng Cát Lặng - Tặng Kèm 2 Bookmark Bế Hình Chibi + 1 Postcard Polaroid Cán Nhũ,180000,15,9780085480253,"Lorem ipsum dolor sit amet, consectetur adipiscing elit. Nam congue vel tellus non luctus. Vestibulum vitae nunc lorem. Sed lacinia lectus vel augue imperdiet ultricies. Donec id venenatis ex, vitae pretium ligula. Sed nulla eros, dignissim at feugiat non, posuere sit amet urna. Ut eu porttitor tellus. Cras eu massa nulla. Morbi porta fermentum elit eu iaculis. Pellentesque hendrerit venenatis purus at feugiat. Pellentesque vitae feugiat purus. Donec mattis rhoncus lacinia. Sed quam diam, molestie id laoreet eu, lacinia ac turpis. Cras tincidunt lobortis elit quis aliquam. Proin et massa libero.

Aliquam id pharetra arcu. Vivamus vitae mattis ligula. Sed efficitur urna vitae scelerisque tempor. Proin purus magna, vulputate eu ligula a, vehicula malesuada enim. Curabitur aliquet rutrum enim et tincidunt. Vestibulum ante ipsum primis in faucibus orci luctus et ultrices posuere cubilia curae; Vivamus pharetra enim leo, nec molestie nibh consectetur quis. Class aptent taciti sociosqu ad litora torquent per conubia nostra, per inceptos himenaeos. Nunc quis maximus elit, vitae pulvinar urna. Integer at mi elit. Phasellus vitae rutrum sem. Vivamus et mauris ac nisl congue congue eu eget elit. Nullam at quam velit. Pellentesque dictum, diam nec tempor aliquet, tortor justo fermentum sapien, at condimentum turpis elit vel sapien. Aenean rutrum tellus sodales tortor viverra eleifend.

Donec facilisis, diam efficitur maximus ultrices, enim lectus rutrum elit, eget malesuada mi justo dapibus enim. Maecenas finibus euismod nulla quis dignissim. Sed dictum ante rutrum turpis euismod laoreet. Sed placerat tellus leo. In ut lobortis lorem. Nullam vitae lectus egestas urna tincidunt aliquet. Ut sagittis vel enim eget malesuada. Cras in congue tortor. Interdum et malesuada fames ac ante ipsum primis in faucibus. Nunc tempus consequat neque, et eleifend nulla aliquam eu.",Author 257,18,trieu-dang-cat-lang-tang-kem-2-bookmark-be-hinh-chibi-1-postcard-polaroid-can-nhu,NXB 257,2004,105
https://cdn1.fahasa.com/media/catalog/product/n/g/ngan_nam_cho_doi_5a499550e6b74f79bc3a79e9790b46ec_master_1.jpg,Ngàn Năm Chờ Đợi (Tái Bản 2023),36000,15,9780085480254,"Lorem ipsum dolor sit amet, consectetur adipiscing elit. Nam congue vel tellus non luctus. Vestibulum vitae nunc lorem. Sed lacinia lectus vel augue imperdiet ultricies. Donec id venenatis ex, vitae pretium ligula. Sed nulla eros, dignissim at feugiat non, posuere sit amet urna. Ut eu porttitor tellus. Cras eu massa nulla. Morbi porta fermentum elit eu iaculis. Pellentesque hendrerit venenatis purus at feugiat. Pellentesque vitae feugiat purus. Donec mattis rhoncus lacinia. Sed quam diam, molestie id laoreet eu, lacinia ac turpis. Cras tincidunt lobortis elit quis aliquam. Proin et massa libero.

Aliquam id pharetra arcu. Vivamus vitae mattis ligula. Sed efficitur urna vitae scelerisque tempor. Proin purus magna, vulputate eu ligula a, vehicula malesuada enim. Curabitur aliquet rutrum enim et tincidunt. Vestibulum ante ipsum primis in faucibus orci luctus et ultrices posuere cubilia curae; Vivamus pharetra enim leo, nec molestie nibh consectetur quis. Class aptent taciti sociosqu ad litora torquent per conubia nostra, per inceptos himenaeos. Nunc quis maximus elit, vitae pulvinar urna. Integer at mi elit. Phasellus vitae rutrum sem. Vivamus et mauris ac nisl congue congue eu eget elit. Nullam at quam velit. Pellentesque dictum, diam nec tempor aliquet, tortor justo fermentum sapien, at condimentum turpis elit vel sapien. Aenean rutrum tellus sodales tortor viverra eleifend.

Donec facilisis, diam efficitur maximus ultrices, enim lectus rutrum elit, eget malesuada mi justo dapibus enim. Maecenas finibus euismod nulla quis dignissim. Sed dictum ante rutrum turpis euismod laoreet. Sed placerat tellus leo. In ut lobortis lorem. Nullam vitae lectus egestas urna tincidunt aliquet. Ut sagittis vel enim eget malesuada. Cras in congue tortor. Interdum et malesuada fames ac ante ipsum primis in faucibus. Nunc tempus consequat neque, et eleifend nulla aliquam eu.",Author 258,7,ngan-nam-cho-oi-tai-ban-2023,NXB 258,2017,113
https://cdn1.fahasa.com/media/catalog/product/b/i/bia-mem_husky-8-_1_.jpg,Husky Và Sư Tôn Mèo Trắng Của Hắn - Tập 8,151000,15,9780085480255,"Lorem ipsum dolor sit amet, consectetur adipiscing elit. Nam congue vel tellus non luctus. Vestibulum vitae nunc lorem. Sed lacinia lectus vel augue imperdiet ultricies. Donec id venenatis ex, vitae pretium ligula. Sed nulla eros, dignissim at feugiat non, posuere sit amet urna. Ut eu porttitor tellus. Cras eu massa nulla. Morbi porta fermentum elit eu iaculis. Pellentesque hendrerit venenatis purus at feugiat. Pellentesque vitae feugiat purus. Donec mattis rhoncus lacinia. Sed quam diam, molestie id laoreet eu, lacinia ac turpis. Cras tincidunt lobortis elit quis aliquam. Proin et massa libero.

Aliquam id pharetra arcu. Vivamus vitae mattis ligula. Sed efficitur urna vitae scelerisque tempor. Proin purus magna, vulputate eu ligula a, vehicula malesuada enim. Curabitur aliquet rutrum enim et tincidunt. Vestibulum ante ipsum primis in faucibus orci luctus et ultrices posuere cubilia curae; Vivamus pharetra enim leo, nec molestie nibh consectetur quis. Class aptent taciti sociosqu ad litora torquent per conubia nostra, per inceptos himenaeos. Nunc quis maximus elit, vitae pulvinar urna. Integer at mi elit. Phasellus vitae rutrum sem. Vivamus et mauris ac nisl congue congue eu eget elit. Nullam at quam velit. Pellentesque dictum, diam nec tempor aliquet, tortor justo fermentum sapien, at condimentum turpis elit vel sapien. Aenean rutrum tellus sodales tortor viverra eleifend.

Donec facilisis, diam efficitur maximus ultrices, enim lectus rutrum elit, eget malesuada mi justo dapibus enim. Maecenas finibus euismod nulla quis dignissim. Sed dictum ante rutrum turpis euismod laoreet. Sed placerat tellus leo. In ut lobortis lorem. Nullam vitae lectus egestas urna tincidunt aliquet. Ut sagittis vel enim eget malesuada. Cras in congue tortor. Interdum et malesuada fames ac ante ipsum primis in faucibus. Nunc tempus consequat neque, et eleifend nulla aliquam eu.",Author 259,14,husky-va-su-ton-meo-trang-cua-han-tap-8,NXB 259,2008,93
https://cdn1.fahasa.com/media/catalog/product/b/i/bia-mem_husky-8-_1__thanh_ly.jpg,Husky Và Sư Tôn Mèo Trắng Của Hắn,151000,15,9780085480256,"Lorem ipsum dolor sit amet, consectetur adipiscing elit. Nam congue vel tellus non luctus. Vestibulum vitae nunc lorem. Sed lacinia lectus vel augue imperdiet ultricies. Donec id venenatis ex, vitae pretium ligula. Sed nulla eros, dignissim at feugiat non, posuere sit amet urna. Ut eu porttitor tellus. Cras eu massa nulla. Morbi porta fermentum elit eu iaculis. Pellentesque hendrerit venenatis purus at feugiat. Pellentesque vitae feugiat purus. Donec mattis rhoncus lacinia. Sed quam diam, molestie id laoreet eu, lacinia ac turpis. Cras tincidunt lobortis elit quis aliquam. Proin et massa libero.

Aliquam id pharetra arcu. Vivamus vitae mattis ligula. Sed efficitur urna vitae scelerisque tempor. Proin purus magna, vulputate eu ligula a, vehicula malesuada enim. Curabitur aliquet rutrum enim et tincidunt. Vestibulum ante ipsum primis in faucibus orci luctus et ultrices posuere cubilia curae; Vivamus pharetra enim leo, nec molestie nibh consectetur quis. Class aptent taciti sociosqu ad litora torquent per conubia nostra, per inceptos himenaeos. Nunc quis maximus elit, vitae pulvinar urna. Integer at mi elit. Phasellus vitae rutrum sem. Vivamus et mauris ac nisl congue congue eu eget elit. Nullam at quam velit. Pellentesque dictum, diam nec tempor aliquet, tortor justo fermentum sapien, at condimentum turpis elit vel sapien. Aenean rutrum tellus sodales tortor viverra eleifend.

Donec facilisis, diam efficitur maximus ultrices, enim lectus rutrum elit, eget malesuada mi justo dapibus enim. Maecenas finibus euismod nulla quis dignissim. Sed dictum ante rutrum turpis euismod laoreet. Sed placerat tellus leo. In ut lobortis lorem. Nullam vitae lectus egestas urna tincidunt aliquet. Ut sagittis vel enim eget malesuada. Cras in congue tortor. Interdum et malesuada fames ac ante ipsum primis in faucibus. Nunc tempus consequat neque, et eleifend nulla aliquam eu.",Author 260,3,husky-va-su-ton-meo-trang-cua-han,NXB 260,2003,131
https://cdn1.fahasa.com/media/catalog/product/b/i/bia-mem_husky-7-_1_-1.jpg,Husky Và Sư Tôn Mèo Trắng Của Hắn - Tập 7 - Tặng Kèm Bookmark,160500,15,9780085480257,"Lorem ipsum dolor sit amet, consectetur adipiscing elit. Nam congue vel tellus non luctus. Vestibulum vitae nunc lorem. Sed lacinia lectus vel augue imperdiet ultricies. Donec id venenatis ex, vitae pretium ligula. Sed nulla eros, dignissim at feugiat non, posuere sit amet urna. Ut eu porttitor tellus. Cras eu massa nulla. Morbi porta fermentum elit eu iaculis. Pellentesque hendrerit venenatis purus at feugiat. Pellentesque vitae feugiat purus. Donec mattis rhoncus lacinia. Sed quam diam, molestie id laoreet eu, lacinia ac turpis. Cras tincidunt lobortis elit quis aliquam. Proin et massa libero.

Aliquam id pharetra arcu. Vivamus vitae mattis ligula. Sed efficitur urna vitae scelerisque tempor. Proin purus magna, vulputate eu ligula a, vehicula malesuada enim. Curabitur aliquet rutrum enim et tincidunt. Vestibulum ante ipsum primis in faucibus orci luctus et ultrices posuere cubilia curae; Vivamus pharetra enim leo, nec molestie nibh consectetur quis. Class aptent taciti sociosqu ad litora torquent per conubia nostra, per inceptos himenaeos. Nunc quis maximus elit, vitae pulvinar urna. Integer at mi elit. Phasellus vitae rutrum sem. Vivamus et mauris ac nisl congue congue eu eget elit. Nullam at quam velit. Pellentesque dictum, diam nec tempor aliquet, tortor justo fermentum sapien, at condimentum turpis elit vel sapien. Aenean rutrum tellus sodales tortor viverra eleifend.

Donec facilisis, diam efficitur maximus ultrices, enim lectus rutrum elit, eget malesuada mi justo dapibus enim. Maecenas finibus euismod nulla quis dignissim. Sed dictum ante rutrum turpis euismod laoreet. Sed placerat tellus leo. In ut lobortis lorem. Nullam vitae lectus egestas urna tincidunt aliquet. Ut sagittis vel enim eget malesuada. Cras in congue tortor. Interdum et malesuada fames ac ante ipsum primis in faucibus. Nunc tempus consequat neque, et eleifend nulla aliquam eu.",Author 261,18,husky-va-su-ton-meo-trang-cua-han-tap-7-tang-kem-bookmark,NXB 261,2001,72
https://cdn1.fahasa.com/media/catalog/product/8/9/8935212358699.jpg,"Em Vốn Thích Cô Độc, Cho Đến Khi Có Anh",86000,15,9780085480258,"Lorem ipsum dolor sit amet, consectetur adipiscing elit. Nam congue vel tellus non luctus. Vestibulum vitae nunc lorem. Sed lacinia lectus vel augue imperdiet ultricies. Donec id venenatis ex, vitae pretium ligula. Sed nulla eros, dignissim at feugiat non, posuere sit amet urna. Ut eu porttitor tellus. Cras eu massa nulla. Morbi porta fermentum elit eu iaculis. Pellentesque hendrerit venenatis purus at feugiat. Pellentesque vitae feugiat purus. Donec mattis rhoncus lacinia. Sed quam diam, molestie id laoreet eu, lacinia ac turpis. Cras tincidunt lobortis elit quis aliquam. Proin et massa libero.

Aliquam id pharetra arcu. Vivamus vitae mattis ligula. Sed efficitur urna vitae scelerisque tempor. Proin purus magna, vulputate eu ligula a, vehicula malesuada enim. Curabitur aliquet rutrum enim et tincidunt. Vestibulum ante ipsum primis in faucibus orci luctus et ultrices posuere cubilia curae; Vivamus pharetra enim leo, nec molestie nibh consectetur quis. Class aptent taciti sociosqu ad litora torquent per conubia nostra, per inceptos himenaeos. Nunc quis maximus elit, vitae pulvinar urna. Integer at mi elit. Phasellus vitae rutrum sem. Vivamus et mauris ac nisl congue congue eu eget elit. Nullam at quam velit. Pellentesque dictum, diam nec tempor aliquet, tortor justo fermentum sapien, at condimentum turpis elit vel sapien. Aenean rutrum tellus sodales tortor viverra eleifend.

Donec facilisis, diam efficitur maximus ultrices, enim lectus rutrum elit, eget malesuada mi justo dapibus enim. Maecenas finibus euismod nulla quis dignissim. Sed dictum ante rutrum turpis euismod laoreet. Sed placerat tellus leo. In ut lobortis lorem. Nullam vitae lectus egestas urna tincidunt aliquet. Ut sagittis vel enim eget malesuada. Cras in congue tortor. Interdum et malesuada fames ac ante ipsum primis in faucibus. Nunc tempus consequat neque, et eleifend nulla aliquam eu.",Author 262,3,em-von-thich-co-oc-cho-en-khi-co-anh,NXB 262,2003,114
https://cdn1.fahasa.com/media/catalog/product/8/9/8935212358231.jpg,Mãi Mãi Là Bao Xa (Tái Bản),97200,15,9780085480259,"Lorem ipsum dolor sit amet, consectetur adipiscing elit. Nam congue vel tellus non luctus. Vestibulum vitae nunc lorem. Sed lacinia lectus vel augue imperdiet ultricies. Donec id venenatis ex, vitae pretium ligula. Sed nulla eros, dignissim at feugiat non, posuere sit amet urna. Ut eu porttitor tellus. Cras eu massa nulla. Morbi porta fermentum elit eu iaculis. Pellentesque hendrerit venenatis purus at feugiat. Pellentesque vitae feugiat purus. Donec mattis rhoncus lacinia. Sed quam diam, molestie id laoreet eu, lacinia ac turpis. Cras tincidunt lobortis elit quis aliquam. Proin et massa libero.

Aliquam id pharetra arcu. Vivamus vitae mattis ligula. Sed efficitur urna vitae scelerisque tempor. Proin purus magna, vulputate eu ligula a, vehicula malesuada enim. Curabitur aliquet rutrum enim et tincidunt. Vestibulum ante ipsum primis in faucibus orci luctus et ultrices posuere cubilia curae; Vivamus pharetra enim leo, nec molestie nibh consectetur quis. Class aptent taciti sociosqu ad litora torquent per conubia nostra, per inceptos himenaeos. Nunc quis maximus elit, vitae pulvinar urna. Integer at mi elit. Phasellus vitae rutrum sem. Vivamus et mauris ac nisl congue congue eu eget elit. Nullam at quam velit. Pellentesque dictum, diam nec tempor aliquet, tortor justo fermentum sapien, at condimentum turpis elit vel sapien. Aenean rutrum tellus sodales tortor viverra eleifend.

Donec facilisis, diam efficitur maximus ultrices, enim lectus rutrum elit, eget malesuada mi justo dapibus enim. Maecenas finibus euismod nulla quis dignissim. Sed dictum ante rutrum turpis euismod laoreet. Sed placerat tellus leo. In ut lobortis lorem. Nullam vitae lectus egestas urna tincidunt aliquet. Ut sagittis vel enim eget malesuada. Cras in congue tortor. Interdum et malesuada fames ac ante ipsum primis in faucibus. Nunc tempus consequat neque, et eleifend nulla aliquam eu.",Author 263,11,mai-mai-la-bao-xa-tai-ban,NXB 263,2024,127
https://cdn1.fahasa.com/media/catalog/product/8/9/8935212365772.jpg,"Sau Khi Tôi Chết, Anh Ấy Không Cưới Thêm Ai Nữa",87000,15,9780085480260,"Lorem ipsum dolor sit amet, consectetur adipiscing elit. Nam congue vel tellus non luctus. Vestibulum vitae nunc lorem. Sed lacinia lectus vel augue imperdiet ultricies. Donec id venenatis ex, vitae pretium ligula. Sed nulla eros, dignissim at feugiat non, posuere sit amet urna. Ut eu porttitor tellus. Cras eu massa nulla. Morbi porta fermentum elit eu iaculis. Pellentesque hendrerit venenatis purus at feugiat. Pellentesque vitae feugiat purus. Donec mattis rhoncus lacinia. Sed quam diam, molestie id laoreet eu, lacinia ac turpis. Cras tincidunt lobortis elit quis aliquam. Proin et massa libero.

Aliquam id pharetra arcu. Vivamus vitae mattis ligula. Sed efficitur urna vitae scelerisque tempor. Proin purus magna, vulputate eu ligula a, vehicula malesuada enim. Curabitur aliquet rutrum enim et tincidunt. Vestibulum ante ipsum primis in faucibus orci luctus et ultrices posuere cubilia curae; Vivamus pharetra enim leo, nec molestie nibh consectetur quis. Class aptent taciti sociosqu ad litora torquent per conubia nostra, per inceptos himenaeos. Nunc quis maximus elit, vitae pulvinar urna. Integer at mi elit. Phasellus vitae rutrum sem. Vivamus et mauris ac nisl congue congue eu eget elit. Nullam at quam velit. Pellentesque dictum, diam nec tempor aliquet, tortor justo fermentum sapien, at condimentum turpis elit vel sapien. Aenean rutrum tellus sodales tortor viverra eleifend.

Donec facilisis, diam efficitur maximus ultrices, enim lectus rutrum elit, eget malesuada mi justo dapibus enim. Maecenas finibus euismod nulla quis dignissim. Sed dictum ante rutrum turpis euismod laoreet. Sed placerat tellus leo. In ut lobortis lorem. Nullam vitae lectus egestas urna tincidunt aliquet. Ut sagittis vel enim eget malesuada. Cras in congue tortor. Interdum et malesuada fames ac ante ipsum primis in faucibus. Nunc tempus consequat neque, et eleifend nulla aliquam eu.",Author 264,19,sau-khi-toi-chet-anh-ay-khong-cuoi-them-ai-nua,NXB 264,2005,73
https://cdn1.fahasa.com/media/catalog/product/1/2/1200x1200-th_ng.jpg,Năm Thứ Năm Sau Khi Rời Cung - Tặng Kèm Bookmark,183000,15,9780085480261,"Lorem ipsum dolor sit amet, consectetur adipiscing elit. Nam congue vel tellus non luctus. Vestibulum vitae nunc lorem. Sed lacinia lectus vel augue imperdiet ultricies. Donec id venenatis ex, vitae pretium ligula. Sed nulla eros, dignissim at feugiat non, posuere sit amet urna. Ut eu porttitor tellus. Cras eu massa nulla. Morbi porta fermentum elit eu iaculis. Pellentesque hendrerit venenatis purus at feugiat. Pellentesque vitae feugiat purus. Donec mattis rhoncus lacinia. Sed quam diam, molestie id laoreet eu, lacinia ac turpis. Cras tincidunt lobortis elit quis aliquam. Proin et massa libero.

Aliquam id pharetra arcu. Vivamus vitae mattis ligula. Sed efficitur urna vitae scelerisque tempor. Proin purus magna, vulputate eu ligula a, vehicula malesuada enim. Curabitur aliquet rutrum enim et tincidunt. Vestibulum ante ipsum primis in faucibus orci luctus et ultrices posuere cubilia curae; Vivamus pharetra enim leo, nec molestie nibh consectetur quis. Class aptent taciti sociosqu ad litora torquent per conubia nostra, per inceptos himenaeos. Nunc quis maximus elit, vitae pulvinar urna. Integer at mi elit. Phasellus vitae rutrum sem. Vivamus et mauris ac nisl congue congue eu eget elit. Nullam at quam velit. Pellentesque dictum, diam nec tempor aliquet, tortor justo fermentum sapien, at condimentum turpis elit vel sapien. Aenean rutrum tellus sodales tortor viverra eleifend.

Donec facilisis, diam efficitur maximus ultrices, enim lectus rutrum elit, eget malesuada mi justo dapibus enim. Maecenas finibus euismod nulla quis dignissim. Sed dictum ante rutrum turpis euismod laoreet. Sed placerat tellus leo. In ut lobortis lorem. Nullam vitae lectus egestas urna tincidunt aliquet. Ut sagittis vel enim eget malesuada. Cras in congue tortor. Interdum et malesuada fames ac ante ipsum primis in faucibus. Nunc tempus consequat neque, et eleifend nulla aliquam eu.",Author 265,19,nam-thu-nam-sau-khi-roi-cung-tang-kem-bookmark,NXB 265,2025,88
https://cdn1.fahasa.com/media/catalog/product/b/_/b_a-tr_c-xin-l_i-em-ch_-l_-con-_i-file-in-2.jpg,Xin Lỗi Em Chỉ Là Con Đĩ (Tái Bản 2024),68600,15,9780085480262,"Lorem ipsum dolor sit amet, consectetur adipiscing elit. Nam congue vel tellus non luctus. Vestibulum vitae nunc lorem. Sed lacinia lectus vel augue imperdiet ultricies. Donec id venenatis ex, vitae pretium ligula. Sed nulla eros, dignissim at feugiat non, posuere sit amet urna. Ut eu porttitor tellus. Cras eu massa nulla. Morbi porta fermentum elit eu iaculis. Pellentesque hendrerit venenatis purus at feugiat. Pellentesque vitae feugiat purus. Donec mattis rhoncus lacinia. Sed quam diam, molestie id laoreet eu, lacinia ac turpis. Cras tincidunt lobortis elit quis aliquam. Proin et massa libero.

Aliquam id pharetra arcu. Vivamus vitae mattis ligula. Sed efficitur urna vitae scelerisque tempor. Proin purus magna, vulputate eu ligula a, vehicula malesuada enim. Curabitur aliquet rutrum enim et tincidunt. Vestibulum ante ipsum primis in faucibus orci luctus et ultrices posuere cubilia curae; Vivamus pharetra enim leo, nec molestie nibh consectetur quis. Class aptent taciti sociosqu ad litora torquent per conubia nostra, per inceptos himenaeos. Nunc quis maximus elit, vitae pulvinar urna. Integer at mi elit. Phasellus vitae rutrum sem. Vivamus et mauris ac nisl congue congue eu eget elit. Nullam at quam velit. Pellentesque dictum, diam nec tempor aliquet, tortor justo fermentum sapien, at condimentum turpis elit vel sapien. Aenean rutrum tellus sodales tortor viverra eleifend.

Donec facilisis, diam efficitur maximus ultrices, enim lectus rutrum elit, eget malesuada mi justo dapibus enim. Maecenas finibus euismod nulla quis dignissim. Sed dictum ante rutrum turpis euismod laoreet. Sed placerat tellus leo. In ut lobortis lorem. Nullam vitae lectus egestas urna tincidunt aliquet. Ut sagittis vel enim eget malesuada. Cras in congue tortor. Interdum et malesuada fames ac ante ipsum primis in faucibus. Nunc tempus consequat neque, et eleifend nulla aliquam eu.",Author 266,7,xin-loi-em-chi-la-con-i-tai-ban-2024,NXB 266,2007,89
https://cdn1.fahasa.com/media/catalog/product/8/9/8935212362009.jpg,Đêm Nay Có Rượu - Tập 1,151000,15,9780085480263,"Lorem ipsum dolor sit amet, consectetur adipiscing elit. Nam congue vel tellus non luctus. Vestibulum vitae nunc lorem. Sed lacinia lectus vel augue imperdiet ultricies. Donec id venenatis ex, vitae pretium ligula. Sed nulla eros, dignissim at feugiat non, posuere sit amet urna. Ut eu porttitor tellus. Cras eu massa nulla. Morbi porta fermentum elit eu iaculis. Pellentesque hendrerit venenatis purus at feugiat. Pellentesque vitae feugiat purus. Donec mattis rhoncus lacinia. Sed quam diam, molestie id laoreet eu, lacinia ac turpis. Cras tincidunt lobortis elit quis aliquam. Proin et massa libero.

Aliquam id pharetra arcu. Vivamus vitae mattis ligula. Sed efficitur urna vitae scelerisque tempor. Proin purus magna, vulputate eu ligula a, vehicula malesuada enim. Curabitur aliquet rutrum enim et tincidunt. Vestibulum ante ipsum primis in faucibus orci luctus et ultrices posuere cubilia curae; Vivamus pharetra enim leo, nec molestie nibh consectetur quis. Class aptent taciti sociosqu ad litora torquent per conubia nostra, per inceptos himenaeos. Nunc quis maximus elit, vitae pulvinar urna. Integer at mi elit. Phasellus vitae rutrum sem. Vivamus et mauris ac nisl congue congue eu eget elit. Nullam at quam velit. Pellentesque dictum, diam nec tempor aliquet, tortor justo fermentum sapien, at condimentum turpis elit vel sapien. Aenean rutrum tellus sodales tortor viverra eleifend.

Donec facilisis, diam efficitur maximus ultrices, enim lectus rutrum elit, eget malesuada mi justo dapibus enim. Maecenas finibus euismod nulla quis dignissim. Sed dictum ante rutrum turpis euismod laoreet. Sed placerat tellus leo. In ut lobortis lorem. Nullam vitae lectus egestas urna tincidunt aliquet. Ut sagittis vel enim eget malesuada. Cras in congue tortor. Interdum et malesuada fames ac ante ipsum primis in faucibus. Nunc tempus consequat neque, et eleifend nulla aliquam eu.",Author 267,3,em-nay-co-ruou-tap-1,NXB 267,2003,51
https://cdn1.fahasa.com/media/catalog/product/8/9/8936107814115.jpg,Linh Chi Ngủ Yên,183000,15,9780085480264,"Lorem ipsum dolor sit amet, consectetur adipiscing elit. Nam congue vel tellus non luctus. Vestibulum vitae nunc lorem. Sed lacinia lectus vel augue imperdiet ultricies. Donec id venenatis ex, vitae pretium ligula. Sed nulla eros, dignissim at feugiat non, posuere sit amet urna. Ut eu porttitor tellus. Cras eu massa nulla. Morbi porta fermentum elit eu iaculis. Pellentesque hendrerit venenatis purus at feugiat. Pellentesque vitae feugiat purus. Donec mattis rhoncus lacinia. Sed quam diam, molestie id laoreet eu, lacinia ac turpis. Cras tincidunt lobortis elit quis aliquam. Proin et massa libero.

Aliquam id pharetra arcu. Vivamus vitae mattis ligula. Sed efficitur urna vitae scelerisque tempor. Proin purus magna, vulputate eu ligula a, vehicula malesuada enim. Curabitur aliquet rutrum enim et tincidunt. Vestibulum ante ipsum primis in faucibus orci luctus et ultrices posuere cubilia curae; Vivamus pharetra enim leo, nec molestie nibh consectetur quis. Class aptent taciti sociosqu ad litora torquent per conubia nostra, per inceptos himenaeos. Nunc quis maximus elit, vitae pulvinar urna. Integer at mi elit. Phasellus vitae rutrum sem. Vivamus et mauris ac nisl congue congue eu eget elit. Nullam at quam velit. Pellentesque dictum, diam nec tempor aliquet, tortor justo fermentum sapien, at condimentum turpis elit vel sapien. Aenean rutrum tellus sodales tortor viverra eleifend.

Donec facilisis, diam efficitur maximus ultrices, enim lectus rutrum elit, eget malesuada mi justo dapibus enim. Maecenas finibus euismod nulla quis dignissim. Sed dictum ante rutrum turpis euismod laoreet. Sed placerat tellus leo. In ut lobortis lorem. Nullam vitae lectus egestas urna tincidunt aliquet. Ut sagittis vel enim eget malesuada. Cras in congue tortor. Interdum et malesuada fames ac ante ipsum primis in faucibus. Nunc tempus consequat neque, et eleifend nulla aliquam eu.",Author 268,6,linh-chi-ngu-yen,NXB 268,2020,91
https://cdn1.fahasa.com/media/catalog/product/8/9/8935212362016.jpg,Đêm Nay Có Rượu - Tập 2,143000,15,9780085480265,"Lorem ipsum dolor sit amet, consectetur adipiscing elit. Nam congue vel tellus non luctus. Vestibulum vitae nunc lorem. Sed lacinia lectus vel augue imperdiet ultricies. Donec id venenatis ex, vitae pretium ligula. Sed nulla eros, dignissim at feugiat non, posuere sit amet urna. Ut eu porttitor tellus. Cras eu massa nulla. Morbi porta fermentum elit eu iaculis. Pellentesque hendrerit venenatis purus at feugiat. Pellentesque vitae feugiat purus. Donec mattis rhoncus lacinia. Sed quam diam, molestie id laoreet eu, lacinia ac turpis. Cras tincidunt lobortis elit quis aliquam. Proin et massa libero.

Aliquam id pharetra arcu. Vivamus vitae mattis ligula. Sed efficitur urna vitae scelerisque tempor. Proin purus magna, vulputate eu ligula a, vehicula malesuada enim. Curabitur aliquet rutrum enim et tincidunt. Vestibulum ante ipsum primis in faucibus orci luctus et ultrices posuere cubilia curae; Vivamus pharetra enim leo, nec molestie nibh consectetur quis. Class aptent taciti sociosqu ad litora torquent per conubia nostra, per inceptos himenaeos. Nunc quis maximus elit, vitae pulvinar urna. Integer at mi elit. Phasellus vitae rutrum sem. Vivamus et mauris ac nisl congue congue eu eget elit. Nullam at quam velit. Pellentesque dictum, diam nec tempor aliquet, tortor justo fermentum sapien, at condimentum turpis elit vel sapien. Aenean rutrum tellus sodales tortor viverra eleifend.

Donec facilisis, diam efficitur maximus ultrices, enim lectus rutrum elit, eget malesuada mi justo dapibus enim. Maecenas finibus euismod nulla quis dignissim. Sed dictum ante rutrum turpis euismod laoreet. Sed placerat tellus leo. In ut lobortis lorem. Nullam vitae lectus egestas urna tincidunt aliquet. Ut sagittis vel enim eget malesuada. Cras in congue tortor. Interdum et malesuada fames ac ante ipsum primis in faucibus. Nunc tempus consequat neque, et eleifend nulla aliquam eu.",Author 269,11,em-nay-co-ruou-tap-2,NXB 269,2005,111
https://cdn1.fahasa.com/media/catalog/product/z/5/z5629080147594_28622b1dbf39a631460b83f28553c89f.jpg,Cưng Chiều Anh Thêm Chút Nữa - Tặng Kèm Bookmark Bồi Cứng,138500,15,9780085480266,"Lorem ipsum dolor sit amet, consectetur adipiscing elit. Nam congue vel tellus non luctus. Vestibulum vitae nunc lorem. Sed lacinia lectus vel augue imperdiet ultricies. Donec id venenatis ex, vitae pretium ligula. Sed nulla eros, dignissim at feugiat non, posuere sit amet urna. Ut eu porttitor tellus. Cras eu massa nulla. Morbi porta fermentum elit eu iaculis. Pellentesque hendrerit venenatis purus at feugiat. Pellentesque vitae feugiat purus. Donec mattis rhoncus lacinia. Sed quam diam, molestie id laoreet eu, lacinia ac turpis. Cras tincidunt lobortis elit quis aliquam. Proin et massa libero.

Aliquam id pharetra arcu. Vivamus vitae mattis ligula. Sed efficitur urna vitae scelerisque tempor. Proin purus magna, vulputate eu ligula a, vehicula malesuada enim. Curabitur aliquet rutrum enim et tincidunt. Vestibulum ante ipsum primis in faucibus orci luctus et ultrices posuere cubilia curae; Vivamus pharetra enim leo, nec molestie nibh consectetur quis. Class aptent taciti sociosqu ad litora torquent per conubia nostra, per inceptos himenaeos. Nunc quis maximus elit, vitae pulvinar urna. Integer at mi elit. Phasellus vitae rutrum sem. Vivamus et mauris ac nisl congue congue eu eget elit. Nullam at quam velit. Pellentesque dictum, diam nec tempor aliquet, tortor justo fermentum sapien, at condimentum turpis elit vel sapien. Aenean rutrum tellus sodales tortor viverra eleifend.

Donec facilisis, diam efficitur maximus ultrices, enim lectus rutrum elit, eget malesuada mi justo dapibus enim. Maecenas finibus euismod nulla quis dignissim. Sed dictum ante rutrum turpis euismod laoreet. Sed placerat tellus leo. In ut lobortis lorem. Nullam vitae lectus egestas urna tincidunt aliquet. Ut sagittis vel enim eget malesuada. Cras in congue tortor. Interdum et malesuada fames ac ante ipsum primis in faucibus. Nunc tempus consequat neque, et eleifend nulla aliquam eu.",Author 270,14,cung-chieu-anh-them-chut-nua-tang-kem-bookmark-boi-cung,NXB 270,2000,139
https://cdn1.fahasa.com/media/catalog/product/z/6/z6667803014073_b09f06964c4371f4fd5d5a532a319742.jpg,Điều Tuyệt Vời Nhất Của Thanh Xuân - Tập 1 - Tặng Kèm Bookmark Bế Khuôn Tròn,148500,15,9780085480267,"Lorem ipsum dolor sit amet, consectetur adipiscing elit. Nam congue vel tellus non luctus. Vestibulum vitae nunc lorem. Sed lacinia lectus vel augue imperdiet ultricies. Donec id venenatis ex, vitae pretium ligula. Sed nulla eros, dignissim at feugiat non, posuere sit amet urna. Ut eu porttitor tellus. Cras eu massa nulla. Morbi porta fermentum elit eu iaculis. Pellentesque hendrerit venenatis purus at feugiat. Pellentesque vitae feugiat purus. Donec mattis rhoncus lacinia. Sed quam diam, molestie id laoreet eu, lacinia ac turpis. Cras tincidunt lobortis elit quis aliquam. Proin et massa libero.

Aliquam id pharetra arcu. Vivamus vitae mattis ligula. Sed efficitur urna vitae scelerisque tempor. Proin purus magna, vulputate eu ligula a, vehicula malesuada enim. Curabitur aliquet rutrum enim et tincidunt. Vestibulum ante ipsum primis in faucibus orci luctus et ultrices posuere cubilia curae; Vivamus pharetra enim leo, nec molestie nibh consectetur quis. Class aptent taciti sociosqu ad litora torquent per conubia nostra, per inceptos himenaeos. Nunc quis maximus elit, vitae pulvinar urna. Integer at mi elit. Phasellus vitae rutrum sem. Vivamus et mauris ac nisl congue congue eu eget elit. Nullam at quam velit. Pellentesque dictum, diam nec tempor aliquet, tortor justo fermentum sapien, at condimentum turpis elit vel sapien. Aenean rutrum tellus sodales tortor viverra eleifend.

Donec facilisis, diam efficitur maximus ultrices, enim lectus rutrum elit, eget malesuada mi justo dapibus enim. Maecenas finibus euismod nulla quis dignissim. Sed dictum ante rutrum turpis euismod laoreet. Sed placerat tellus leo. In ut lobortis lorem. Nullam vitae lectus egestas urna tincidunt aliquet. Ut sagittis vel enim eget malesuada. Cras in congue tortor. Interdum et malesuada fames ac ante ipsum primis in faucibus. Nunc tempus consequat neque, et eleifend nulla aliquam eu.",Author 271,4,ieu-tuyet-voi-nhat-cua-thanh-xuan-tap-1-tang-kem-bookmark-be-khuon-tron,NXB 271,2023,129
https://cdn1.fahasa.com/media/catalog/product/i/m/image_236770.jpg,Gió Tây Bao Nhiêu Hận Thổi Chẳng Giãn Mày Chau,142000,15,9780085480268,"Lorem ipsum dolor sit amet, consectetur adipiscing elit. Nam congue vel tellus non luctus. Vestibulum vitae nunc lorem. Sed lacinia lectus vel augue imperdiet ultricies. Donec id venenatis ex, vitae pretium ligula. Sed nulla eros, dignissim at feugiat non, posuere sit amet urna. Ut eu porttitor tellus. Cras eu massa nulla. Morbi porta fermentum elit eu iaculis. Pellentesque hendrerit venenatis purus at feugiat. Pellentesque vitae feugiat purus. Donec mattis rhoncus lacinia. Sed quam diam, molestie id laoreet eu, lacinia ac turpis. Cras tincidunt lobortis elit quis aliquam. Proin et massa libero.

Aliquam id pharetra arcu. Vivamus vitae mattis ligula. Sed efficitur urna vitae scelerisque tempor. Proin purus magna, vulputate eu ligula a, vehicula malesuada enim. Curabitur aliquet rutrum enim et tincidunt. Vestibulum ante ipsum primis in faucibus orci luctus et ultrices posuere cubilia curae; Vivamus pharetra enim leo, nec molestie nibh consectetur quis. Class aptent taciti sociosqu ad litora torquent per conubia nostra, per inceptos himenaeos. Nunc quis maximus elit, vitae pulvinar urna. Integer at mi elit. Phasellus vitae rutrum sem. Vivamus et mauris ac nisl congue congue eu eget elit. Nullam at quam velit. Pellentesque dictum, diam nec tempor aliquet, tortor justo fermentum sapien, at condimentum turpis elit vel sapien. Aenean rutrum tellus sodales tortor viverra eleifend.

Donec facilisis, diam efficitur maximus ultrices, enim lectus rutrum elit, eget malesuada mi justo dapibus enim. Maecenas finibus euismod nulla quis dignissim. Sed dictum ante rutrum turpis euismod laoreet. Sed placerat tellus leo. In ut lobortis lorem. Nullam vitae lectus egestas urna tincidunt aliquet. Ut sagittis vel enim eget malesuada. Cras in congue tortor. Interdum et malesuada fames ac ante ipsum primis in faucibus. Nunc tempus consequat neque, et eleifend nulla aliquam eu.",Author 272,19,gio-tay-bao-nhieu-han-thoi-chang-gian-may-chau,NXB 272,2024,53
https://cdn1.fahasa.com/media/catalog/product/8/9/8936213491361.JPG,Anh Đứng Giữa Ngàn Hoa Hạ Rực Rỡ,158000,15,9780085480269,"Lorem ipsum dolor sit amet, consectetur adipiscing elit. Nam congue vel tellus non luctus. Vestibulum vitae nunc lorem. Sed lacinia lectus vel augue imperdiet ultricies. Donec id venenatis ex, vitae pretium ligula. Sed nulla eros, dignissim at feugiat non, posuere sit amet urna. Ut eu porttitor tellus. Cras eu massa nulla. Morbi porta fermentum elit eu iaculis. Pellentesque hendrerit venenatis purus at feugiat. Pellentesque vitae feugiat purus. Donec mattis rhoncus lacinia. Sed quam diam, molestie id laoreet eu, lacinia ac turpis. Cras tincidunt lobortis elit quis aliquam. Proin et massa libero.

Aliquam id pharetra arcu. Vivamus vitae mattis ligula. Sed efficitur urna vitae scelerisque tempor. Proin purus magna, vulputate eu ligula a, vehicula malesuada enim. Curabitur aliquet rutrum enim et tincidunt. Vestibulum ante ipsum primis in faucibus orci luctus et ultrices posuere cubilia curae; Vivamus pharetra enim leo, nec molestie nibh consectetur quis. Class aptent taciti sociosqu ad litora torquent per conubia nostra, per inceptos himenaeos. Nunc quis maximus elit, vitae pulvinar urna. Integer at mi elit. Phasellus vitae rutrum sem. Vivamus et mauris ac nisl congue congue eu eget elit. Nullam at quam velit. Pellentesque dictum, diam nec tempor aliquet, tortor justo fermentum sapien, at condimentum turpis elit vel sapien. Aenean rutrum tellus sodales tortor viverra eleifend.

Donec facilisis, diam efficitur maximus ultrices, enim lectus rutrum elit, eget malesuada mi justo dapibus enim. Maecenas finibus euismod nulla quis dignissim. Sed dictum ante rutrum turpis euismod laoreet. Sed placerat tellus leo. In ut lobortis lorem. Nullam vitae lectus egestas urna tincidunt aliquet. Ut sagittis vel enim eget malesuada. Cras in congue tortor. Interdum et malesuada fames ac ante ipsum primis in faucibus. Nunc tempus consequat neque, et eleifend nulla aliquam eu.",Author 273,7,anh-ung-giua-ngan-hoa-ha-ruc-ro,NXB 273,2015,139
https://cdn1.fahasa.com/media/catalog/product/i/m/image_237168.jpg,"Một Nửa Ngọt Ngào, Một Nửa Đau Thương",143000,15,9780085480270,"Lorem ipsum dolor sit amet, consectetur adipiscing elit. Nam congue vel tellus non luctus. Vestibulum vitae nunc lorem. Sed lacinia lectus vel augue imperdiet ultricies. Donec id venenatis ex, vitae pretium ligula. Sed nulla eros, dignissim at feugiat non, posuere sit amet urna. Ut eu porttitor tellus. Cras eu massa nulla. Morbi porta fermentum elit eu iaculis. Pellentesque hendrerit venenatis purus at feugiat. Pellentesque vitae feugiat purus. Donec mattis rhoncus lacinia. Sed quam diam, molestie id laoreet eu, lacinia ac turpis. Cras tincidunt lobortis elit quis aliquam. Proin et massa libero.

Aliquam id pharetra arcu. Vivamus vitae mattis ligula. Sed efficitur urna vitae scelerisque tempor. Proin purus magna, vulputate eu ligula a, vehicula malesuada enim. Curabitur aliquet rutrum enim et tincidunt. Vestibulum ante ipsum primis in faucibus orci luctus et ultrices posuere cubilia curae; Vivamus pharetra enim leo, nec molestie nibh consectetur quis. Class aptent taciti sociosqu ad litora torquent per conubia nostra, per inceptos himenaeos. Nunc quis maximus elit, vitae pulvinar urna. Integer at mi elit. Phasellus vitae rutrum sem. Vivamus et mauris ac nisl congue congue eu eget elit. Nullam at quam velit. Pellentesque dictum, diam nec tempor aliquet, tortor justo fermentum sapien, at condimentum turpis elit vel sapien. Aenean rutrum tellus sodales tortor viverra eleifend.

Donec facilisis, diam efficitur maximus ultrices, enim lectus rutrum elit, eget malesuada mi justo dapibus enim. Maecenas finibus euismod nulla quis dignissim. Sed dictum ante rutrum turpis euismod laoreet. Sed placerat tellus leo. In ut lobortis lorem. Nullam vitae lectus egestas urna tincidunt aliquet. Ut sagittis vel enim eget malesuada. Cras in congue tortor. Interdum et malesuada fames ac ante ipsum primis in faucibus. Nunc tempus consequat neque, et eleifend nulla aliquam eu.",Author 274,18,mot-nua-ngot-ngao-mot-nua-au-thuong,NXB 274,2000,131
https://cdn1.fahasa.com/media/catalog/product/2/d/2d_tro-ve-thang-nam-bo-toi-la-ho_3.jpg,Trở Về Năm Tháng Bố Tôi Là Hot Boy - Tập 2,206000,15,9780085480271,"Lorem ipsum dolor sit amet, consectetur adipiscing elit. Nam congue vel tellus non luctus. Vestibulum vitae nunc lorem. Sed lacinia lectus vel augue imperdiet ultricies. Donec id venenatis ex, vitae pretium ligula. Sed nulla eros, dignissim at feugiat non, posuere sit amet urna. Ut eu porttitor tellus. Cras eu massa nulla. Morbi porta fermentum elit eu iaculis. Pellentesque hendrerit venenatis purus at feugiat. Pellentesque vitae feugiat purus. Donec mattis rhoncus lacinia. Sed quam diam, molestie id laoreet eu, lacinia ac turpis. Cras tincidunt lobortis elit quis aliquam. Proin et massa libero.

Aliquam id pharetra arcu. Vivamus vitae mattis ligula. Sed efficitur urna vitae scelerisque tempor. Proin purus magna, vulputate eu ligula a, vehicula malesuada enim. Curabitur aliquet rutrum enim et tincidunt. Vestibulum ante ipsum primis in faucibus orci luctus et ultrices posuere cubilia curae; Vivamus pharetra enim leo, nec molestie nibh consectetur quis. Class aptent taciti sociosqu ad litora torquent per conubia nostra, per inceptos himenaeos. Nunc quis maximus elit, vitae pulvinar urna. Integer at mi elit. Phasellus vitae rutrum sem. Vivamus et mauris ac nisl congue congue eu eget elit. Nullam at quam velit. Pellentesque dictum, diam nec tempor aliquet, tortor justo fermentum sapien, at condimentum turpis elit vel sapien. Aenean rutrum tellus sodales tortor viverra eleifend.

Donec facilisis, diam efficitur maximus ultrices, enim lectus rutrum elit, eget malesuada mi justo dapibus enim. Maecenas finibus euismod nulla quis dignissim. Sed dictum ante rutrum turpis euismod laoreet. Sed placerat tellus leo. In ut lobortis lorem. Nullam vitae lectus egestas urna tincidunt aliquet. Ut sagittis vel enim eget malesuada. Cras in congue tortor. Interdum et malesuada fames ac ante ipsum primis in faucibus. Nunc tempus consequat neque, et eleifend nulla aliquam eu.",Author 275,16,tro-ve-nam-thang-bo-toi-la-hot-boy-tap-2,NXB 275,2018,131
https://cdn1.fahasa.com/media/catalog/product/8/9/8935212362016.jpg,Đêm Nay Có Rượu,206000,15,9780085480272,"Lorem ipsum dolor sit amet, consectetur adipiscing elit. Nam congue vel tellus non luctus. Vestibulum vitae nunc lorem. Sed lacinia lectus vel augue imperdiet ultricies. Donec id venenatis ex, vitae pretium ligula. Sed nulla eros, dignissim at feugiat non, posuere sit amet urna. Ut eu porttitor tellus. Cras eu massa nulla. Morbi porta fermentum elit eu iaculis. Pellentesque hendrerit venenatis purus at feugiat. Pellentesque vitae feugiat purus. Donec mattis rhoncus lacinia. Sed quam diam, molestie id laoreet eu, lacinia ac turpis. Cras tincidunt lobortis elit quis aliquam. Proin et massa libero.

Aliquam id pharetra arcu. Vivamus vitae mattis ligula. Sed efficitur urna vitae scelerisque tempor. Proin purus magna, vulputate eu ligula a, vehicula malesuada enim. Curabitur aliquet rutrum enim et tincidunt. Vestibulum ante ipsum primis in faucibus orci luctus et ultrices posuere cubilia curae; Vivamus pharetra enim leo, nec molestie nibh consectetur quis. Class aptent taciti sociosqu ad litora torquent per conubia nostra, per inceptos himenaeos. Nunc quis maximus elit, vitae pulvinar urna. Integer at mi elit. Phasellus vitae rutrum sem. Vivamus et mauris ac nisl congue congue eu eget elit. Nullam at quam velit. Pellentesque dictum, diam nec tempor aliquet, tortor justo fermentum sapien, at condimentum turpis elit vel sapien. Aenean rutrum tellus sodales tortor viverra eleifend.

Donec facilisis, diam efficitur maximus ultrices, enim lectus rutrum elit, eget malesuada mi justo dapibus enim. Maecenas finibus euismod nulla quis dignissim. Sed dictum ante rutrum turpis euismod laoreet. Sed placerat tellus leo. In ut lobortis lorem. Nullam vitae lectus egestas urna tincidunt aliquet. Ut sagittis vel enim eget malesuada. Cras in congue tortor. Interdum et malesuada fames ac ante ipsum primis in faucibus. Nunc tempus consequat neque, et eleifend nulla aliquam eu.",Author 276,7,em-nay-co-ruou,NXB 276,2016,129
https://cdn1.fahasa.com/media/catalog/product/i/m/image_217968.jpg,"Dấu Xưa, Vui Lành",100000,15,9780085480273,"Lorem ipsum dolor sit amet, consectetur adipiscing elit. Nam congue vel tellus non luctus. Vestibulum vitae nunc lorem. Sed lacinia lectus vel augue imperdiet ultricies. Donec id venenatis ex, vitae pretium ligula. Sed nulla eros, dignissim at feugiat non, posuere sit amet urna. Ut eu porttitor tellus. Cras eu massa nulla. Morbi porta fermentum elit eu iaculis. Pellentesque hendrerit venenatis purus at feugiat. Pellentesque vitae feugiat purus. Donec mattis rhoncus lacinia. Sed quam diam, molestie id laoreet eu, lacinia ac turpis. Cras tincidunt lobortis elit quis aliquam. Proin et massa libero.

Aliquam id pharetra arcu. Vivamus vitae mattis ligula. Sed efficitur urna vitae scelerisque tempor. Proin purus magna, vulputate eu ligula a, vehicula malesuada enim. Curabitur aliquet rutrum enim et tincidunt. Vestibulum ante ipsum primis in faucibus orci luctus et ultrices posuere cubilia curae; Vivamus pharetra enim leo, nec molestie nibh consectetur quis. Class aptent taciti sociosqu ad litora torquent per conubia nostra, per inceptos himenaeos. Nunc quis maximus elit, vitae pulvinar urna. Integer at mi elit. Phasellus vitae rutrum sem. Vivamus et mauris ac nisl congue congue eu eget elit. Nullam at quam velit. Pellentesque dictum, diam nec tempor aliquet, tortor justo fermentum sapien, at condimentum turpis elit vel sapien. Aenean rutrum tellus sodales tortor viverra eleifend.

Donec facilisis, diam efficitur maximus ultrices, enim lectus rutrum elit, eget malesuada mi justo dapibus enim. Maecenas finibus euismod nulla quis dignissim. Sed dictum ante rutrum turpis euismod laoreet. Sed placerat tellus leo. In ut lobortis lorem. Nullam vitae lectus egestas urna tincidunt aliquet. Ut sagittis vel enim eget malesuada. Cras in congue tortor. Interdum et malesuada fames ac ante ipsum primis in faucibus. Nunc tempus consequat neque, et eleifend nulla aliquam eu.",Author 277,7,dau-xua-vui-lanh,NXB 277,2012,106
https://cdn1.fahasa.com/media/catalog/product/9/7/9786044910871.jpg,Phấn Hoa Lầu Xanh (Tái Bản 2024),75600,15,9780085480274,"Lorem ipsum dolor sit amet, consectetur adipiscing elit. Nam congue vel tellus non luctus. Vestibulum vitae nunc lorem. Sed lacinia lectus vel augue imperdiet ultricies. Donec id venenatis ex, vitae pretium ligula. Sed nulla eros, dignissim at feugiat non, posuere sit amet urna. Ut eu porttitor tellus. Cras eu massa nulla. Morbi porta fermentum elit eu iaculis. Pellentesque hendrerit venenatis purus at feugiat. Pellentesque vitae feugiat purus. Donec mattis rhoncus lacinia. Sed quam diam, molestie id laoreet eu, lacinia ac turpis. Cras tincidunt lobortis elit quis aliquam. Proin et massa libero.

Aliquam id pharetra arcu. Vivamus vitae mattis ligula. Sed efficitur urna vitae scelerisque tempor. Proin purus magna, vulputate eu ligula a, vehicula malesuada enim. Curabitur aliquet rutrum enim et tincidunt. Vestibulum ante ipsum primis in faucibus orci luctus et ultrices posuere cubilia curae; Vivamus pharetra enim leo, nec molestie nibh consectetur quis. Class aptent taciti sociosqu ad litora torquent per conubia nostra, per inceptos himenaeos. Nunc quis maximus elit, vitae pulvinar urna. Integer at mi elit. Phasellus vitae rutrum sem. Vivamus et mauris ac nisl congue congue eu eget elit. Nullam at quam velit. Pellentesque dictum, diam nec tempor aliquet, tortor justo fermentum sapien, at condimentum turpis elit vel sapien. Aenean rutrum tellus sodales tortor viverra eleifend.

Donec facilisis, diam efficitur maximus ultrices, enim lectus rutrum elit, eget malesuada mi justo dapibus enim. Maecenas finibus euismod nulla quis dignissim. Sed dictum ante rutrum turpis euismod laoreet. Sed placerat tellus leo. In ut lobortis lorem. Nullam vitae lectus egestas urna tincidunt aliquet. Ut sagittis vel enim eget malesuada. Cras in congue tortor. Interdum et malesuada fames ac ante ipsum primis in faucibus. Nunc tempus consequat neque, et eleifend nulla aliquam eu.",Author 278,18,phan-hoa-lau-xanh-tai-ban-2024,NXB 278,2025,75
https://cdn1.fahasa.com/media/catalog/product/8/9/8935212362702.jpg,"Chỉ Muốn Thương Anh, Chiều Anh, Nuôi Anh",207000,15,9780085480275,"Lorem ipsum dolor sit amet, consectetur adipiscing elit. Nam congue vel tellus non luctus. Vestibulum vitae nunc lorem. Sed lacinia lectus vel augue imperdiet ultricies. Donec id venenatis ex, vitae pretium ligula. Sed nulla eros, dignissim at feugiat non, posuere sit amet urna. Ut eu porttitor tellus. Cras eu massa nulla. Morbi porta fermentum elit eu iaculis. Pellentesque hendrerit venenatis purus at feugiat. Pellentesque vitae feugiat purus. Donec mattis rhoncus lacinia. Sed quam diam, molestie id laoreet eu, lacinia ac turpis. Cras tincidunt lobortis elit quis aliquam. Proin et massa libero.

Aliquam id pharetra arcu. Vivamus vitae mattis ligula. Sed efficitur urna vitae scelerisque tempor. Proin purus magna, vulputate eu ligula a, vehicula malesuada enim. Curabitur aliquet rutrum enim et tincidunt. Vestibulum ante ipsum primis in faucibus orci luctus et ultrices posuere cubilia curae; Vivamus pharetra enim leo, nec molestie nibh consectetur quis. Class aptent taciti sociosqu ad litora torquent per conubia nostra, per inceptos himenaeos. Nunc quis maximus elit, vitae pulvinar urna. Integer at mi elit. Phasellus vitae rutrum sem. Vivamus et mauris ac nisl congue congue eu eget elit. Nullam at quam velit. Pellentesque dictum, diam nec tempor aliquet, tortor justo fermentum sapien, at condimentum turpis elit vel sapien. Aenean rutrum tellus sodales tortor viverra eleifend.

Donec facilisis, diam efficitur maximus ultrices, enim lectus rutrum elit, eget malesuada mi justo dapibus enim. Maecenas finibus euismod nulla quis dignissim. Sed dictum ante rutrum turpis euismod laoreet. Sed placerat tellus leo. In ut lobortis lorem. Nullam vitae lectus egestas urna tincidunt aliquet. Ut sagittis vel enim eget malesuada. Cras in congue tortor. Interdum et malesuada fames ac ante ipsum primis in faucibus. Nunc tempus consequat neque, et eleifend nulla aliquam eu.",Author 279,12,chi-muon-thuong-anh-chieu-anh-nuoi-anh,NXB 279,2011,114
https://cdn1.fahasa.com/media/catalog/product/8/9/8936229390030.jpg,Phượng Hồ - Tập 1,159000,15,9780085480276,"Lorem ipsum dolor sit amet, consectetur adipiscing elit. Nam congue vel tellus non luctus. Vestibulum vitae nunc lorem. Sed lacinia lectus vel augue imperdiet ultricies. Donec id venenatis ex, vitae pretium ligula. Sed nulla eros, dignissim at feugiat non, posuere sit amet urna. Ut eu porttitor tellus. Cras eu massa nulla. Morbi porta fermentum elit eu iaculis. Pellentesque hendrerit venenatis purus at feugiat. Pellentesque vitae feugiat purus. Donec mattis rhoncus lacinia. Sed quam diam, molestie id laoreet eu, lacinia ac turpis. Cras tincidunt lobortis elit quis aliquam. Proin et massa libero.

Aliquam id pharetra arcu. Vivamus vitae mattis ligula. Sed efficitur urna vitae scelerisque tempor. Proin purus magna, vulputate eu ligula a, vehicula malesuada enim. Curabitur aliquet rutrum enim et tincidunt. Vestibulum ante ipsum primis in faucibus orci luctus et ultrices posuere cubilia curae; Vivamus pharetra enim leo, nec molestie nibh consectetur quis. Class aptent taciti sociosqu ad litora torquent per conubia nostra, per inceptos himenaeos. Nunc quis maximus elit, vitae pulvinar urna. Integer at mi elit. Phasellus vitae rutrum sem. Vivamus et mauris ac nisl congue congue eu eget elit. Nullam at quam velit. Pellentesque dictum, diam nec tempor aliquet, tortor justo fermentum sapien, at condimentum turpis elit vel sapien. Aenean rutrum tellus sodales tortor viverra eleifend.

Donec facilisis, diam efficitur maximus ultrices, enim lectus rutrum elit, eget malesuada mi justo dapibus enim. Maecenas finibus euismod nulla quis dignissim. Sed dictum ante rutrum turpis euismod laoreet. Sed placerat tellus leo. In ut lobortis lorem. Nullam vitae lectus egestas urna tincidunt aliquet. Ut sagittis vel enim eget malesuada. Cras in congue tortor. Interdum et malesuada fames ac ante ipsum primis in faucibus. Nunc tempus consequat neque, et eleifend nulla aliquam eu.",Author 280,14,phuong-ho-tap-1,NXB 280,2001,53
https://cdn1.fahasa.com/media/catalog/product/n/1/n1_3.jpg,Kẹo Dâu Tây Và Tiểu Tiên Nữ Của Anh - Tập 2 - Tặng Kèm Bookmark Cán Màng Lụa Ánh Ngọc Trai,147000,15,9780085480277,"Lorem ipsum dolor sit amet, consectetur adipiscing elit. Nam congue vel tellus non luctus. Vestibulum vitae nunc lorem. Sed lacinia lectus vel augue imperdiet ultricies. Donec id venenatis ex, vitae pretium ligula. Sed nulla eros, dignissim at feugiat non, posuere sit amet urna. Ut eu porttitor tellus. Cras eu massa nulla. Morbi porta fermentum elit eu iaculis. Pellentesque hendrerit venenatis purus at feugiat. Pellentesque vitae feugiat purus. Donec mattis rhoncus lacinia. Sed quam diam, molestie id laoreet eu, lacinia ac turpis. Cras tincidunt lobortis elit quis aliquam. Proin et massa libero.

Aliquam id pharetra arcu. Vivamus vitae mattis ligula. Sed efficitur urna vitae scelerisque tempor. Proin purus magna, vulputate eu ligula a, vehicula malesuada enim. Curabitur aliquet rutrum enim et tincidunt. Vestibulum ante ipsum primis in faucibus orci luctus et ultrices posuere cubilia curae; Vivamus pharetra enim leo, nec molestie nibh consectetur quis. Class aptent taciti sociosqu ad litora torquent per conubia nostra, per inceptos himenaeos. Nunc quis maximus elit, vitae pulvinar urna. Integer at mi elit. Phasellus vitae rutrum sem. Vivamus et mauris ac nisl congue congue eu eget elit. Nullam at quam velit. Pellentesque dictum, diam nec tempor aliquet, tortor justo fermentum sapien, at condimentum turpis elit vel sapien. Aenean rutrum tellus sodales tortor viverra eleifend.

Donec facilisis, diam efficitur maximus ultrices, enim lectus rutrum elit, eget malesuada mi justo dapibus enim. Maecenas finibus euismod nulla quis dignissim. Sed dictum ante rutrum turpis euismod laoreet. Sed placerat tellus leo. In ut lobortis lorem. Nullam vitae lectus egestas urna tincidunt aliquet. Ut sagittis vel enim eget malesuada. Cras in congue tortor. Interdum et malesuada fames ac ante ipsum primis in faucibus. Nunc tempus consequat neque, et eleifend nulla aliquam eu.",Author 281,9,keo-dau-tay-va-tieu-tien-nu-cua-anh-tap-2-tang-kem-bookmark-can-mang-lua-anh-ngoc-trai,NXB 281,2021,66
https://cdn1.fahasa.com/media/catalog/product/t/_/t_p-3_b_a1.jpg,Phượng Hồ - Tập 3,159000,15,9780085480278,"Lorem ipsum dolor sit amet, consectetur adipiscing elit. Nam congue vel tellus non luctus. Vestibulum vitae nunc lorem. Sed lacinia lectus vel augue imperdiet ultricies. Donec id venenatis ex, vitae pretium ligula. Sed nulla eros, dignissim at feugiat non, posuere sit amet urna. Ut eu porttitor tellus. Cras eu massa nulla. Morbi porta fermentum elit eu iaculis. Pellentesque hendrerit venenatis purus at feugiat. Pellentesque vitae feugiat purus. Donec mattis rhoncus lacinia. Sed quam diam, molestie id laoreet eu, lacinia ac turpis. Cras tincidunt lobortis elit quis aliquam. Proin et massa libero.

Aliquam id pharetra arcu. Vivamus vitae mattis ligula. Sed efficitur urna vitae scelerisque tempor. Proin purus magna, vulputate eu ligula a, vehicula malesuada enim. Curabitur aliquet rutrum enim et tincidunt. Vestibulum ante ipsum primis in faucibus orci luctus et ultrices posuere cubilia curae; Vivamus pharetra enim leo, nec molestie nibh consectetur quis. Class aptent taciti sociosqu ad litora torquent per conubia nostra, per inceptos himenaeos. Nunc quis maximus elit, vitae pulvinar urna. Integer at mi elit. Phasellus vitae rutrum sem. Vivamus et mauris ac nisl congue congue eu eget elit. Nullam at quam velit. Pellentesque dictum, diam nec tempor aliquet, tortor justo fermentum sapien, at condimentum turpis elit vel sapien. Aenean rutrum tellus sodales tortor viverra eleifend.

Donec facilisis, diam efficitur maximus ultrices, enim lectus rutrum elit, eget malesuada mi justo dapibus enim. Maecenas finibus euismod nulla quis dignissim. Sed dictum ante rutrum turpis euismod laoreet. Sed placerat tellus leo. In ut lobortis lorem. Nullam vitae lectus egestas urna tincidunt aliquet. Ut sagittis vel enim eget malesuada. Cras in congue tortor. Interdum et malesuada fames ac ante ipsum primis in faucibus. Nunc tempus consequat neque, et eleifend nulla aliquam eu.",Author 282,12,phuong-ho-tap-3,NXB 282,2011,115
https://cdn1.fahasa.com/media/catalog/product/t/_/t_p-4_b_a-1.jpg,Phượng Hồ - Tập 4,159000,15,9780085480279,"Lorem ipsum dolor sit amet, consectetur adipiscing elit. Nam congue vel tellus non luctus. Vestibulum vitae nunc lorem. Sed lacinia lectus vel augue imperdiet ultricies. Donec id venenatis ex, vitae pretium ligula. Sed nulla eros, dignissim at feugiat non, posuere sit amet urna. Ut eu porttitor tellus. Cras eu massa nulla. Morbi porta fermentum elit eu iaculis. Pellentesque hendrerit venenatis purus at feugiat. Pellentesque vitae feugiat purus. Donec mattis rhoncus lacinia. Sed quam diam, molestie id laoreet eu, lacinia ac turpis. Cras tincidunt lobortis elit quis aliquam. Proin et massa libero.

Aliquam id pharetra arcu. Vivamus vitae mattis ligula. Sed efficitur urna vitae scelerisque tempor. Proin purus magna, vulputate eu ligula a, vehicula malesuada enim. Curabitur aliquet rutrum enim et tincidunt. Vestibulum ante ipsum primis in faucibus orci luctus et ultrices posuere cubilia curae; Vivamus pharetra enim leo, nec molestie nibh consectetur quis. Class aptent taciti sociosqu ad litora torquent per conubia nostra, per inceptos himenaeos. Nunc quis maximus elit, vitae pulvinar urna. Integer at mi elit. Phasellus vitae rutrum sem. Vivamus et mauris ac nisl congue congue eu eget elit. Nullam at quam velit. Pellentesque dictum, diam nec tempor aliquet, tortor justo fermentum sapien, at condimentum turpis elit vel sapien. Aenean rutrum tellus sodales tortor viverra eleifend.

Donec facilisis, diam efficitur maximus ultrices, enim lectus rutrum elit, eget malesuada mi justo dapibus enim. Maecenas finibus euismod nulla quis dignissim. Sed dictum ante rutrum turpis euismod laoreet. Sed placerat tellus leo. In ut lobortis lorem. Nullam vitae lectus egestas urna tincidunt aliquet. Ut sagittis vel enim eget malesuada. Cras in congue tortor. Interdum et malesuada fames ac ante ipsum primis in faucibus. Nunc tempus consequat neque, et eleifend nulla aliquam eu.",Author 283,7,phuong-ho-tap-4,NXB 283,2007,70
https://cdn1.fahasa.com/media/catalog/product/c/o/combo-8935212348904-8935212349208.jpg,Combo Sách Bến Xe + Thất Tịch Không Mưa (Bộ 2 Cuốn),116640,15,9780085480280,"Lorem ipsum dolor sit amet, consectetur adipiscing elit. Nam congue vel tellus non luctus. Vestibulum vitae nunc lorem. Sed lacinia lectus vel augue imperdiet ultricies. Donec id venenatis ex, vitae pretium ligula. Sed nulla eros, dignissim at feugiat non, posuere sit amet urna. Ut eu porttitor tellus. Cras eu massa nulla. Morbi porta fermentum elit eu iaculis. Pellentesque hendrerit venenatis purus at feugiat. Pellentesque vitae feugiat purus. Donec mattis rhoncus lacinia. Sed quam diam, molestie id laoreet eu, lacinia ac turpis. Cras tincidunt lobortis elit quis aliquam. Proin et massa libero.

Aliquam id pharetra arcu. Vivamus vitae mattis ligula. Sed efficitur urna vitae scelerisque tempor. Proin purus magna, vulputate eu ligula a, vehicula malesuada enim. Curabitur aliquet rutrum enim et tincidunt. Vestibulum ante ipsum primis in faucibus orci luctus et ultrices posuere cubilia curae; Vivamus pharetra enim leo, nec molestie nibh consectetur quis. Class aptent taciti sociosqu ad litora torquent per conubia nostra, per inceptos himenaeos. Nunc quis maximus elit, vitae pulvinar urna. Integer at mi elit. Phasellus vitae rutrum sem. Vivamus et mauris ac nisl congue congue eu eget elit. Nullam at quam velit. Pellentesque dictum, diam nec tempor aliquet, tortor justo fermentum sapien, at condimentum turpis elit vel sapien. Aenean rutrum tellus sodales tortor viverra eleifend.

Donec facilisis, diam efficitur maximus ultrices, enim lectus rutrum elit, eget malesuada mi justo dapibus enim. Maecenas finibus euismod nulla quis dignissim. Sed dictum ante rutrum turpis euismod laoreet. Sed placerat tellus leo. In ut lobortis lorem. Nullam vitae lectus egestas urna tincidunt aliquet. Ut sagittis vel enim eget malesuada. Cras in congue tortor. Interdum et malesuada fames ac ante ipsum primis in faucibus. Nunc tempus consequat neque, et eleifend nulla aliquam eu.",Author 284,17,combo-sach-ben-xe-that-tich-khong-mua-bo-2-cuon,NXB 284,2013,123
https://cdn1.fahasa.com/media/catalog/product/9/7/9786043607710.jpg,Anh Đến Cùng Ánh Sao Trời - Tập 1,159000,15,9780085480281,"Lorem ipsum dolor sit amet, consectetur adipiscing elit. Nam congue vel tellus non luctus. Vestibulum vitae nunc lorem. Sed lacinia lectus vel augue imperdiet ultricies. Donec id venenatis ex, vitae pretium ligula. Sed nulla eros, dignissim at feugiat non, posuere sit amet urna. Ut eu porttitor tellus. Cras eu massa nulla. Morbi porta fermentum elit eu iaculis. Pellentesque hendrerit venenatis purus at feugiat. Pellentesque vitae feugiat purus. Donec mattis rhoncus lacinia. Sed quam diam, molestie id laoreet eu, lacinia ac turpis. Cras tincidunt lobortis elit quis aliquam. Proin et massa libero.

Aliquam id pharetra arcu. Vivamus vitae mattis ligula. Sed efficitur urna vitae scelerisque tempor. Proin purus magna, vulputate eu ligula a, vehicula malesuada enim. Curabitur aliquet rutrum enim et tincidunt. Vestibulum ante ipsum primis in faucibus orci luctus et ultrices posuere cubilia curae; Vivamus pharetra enim leo, nec molestie nibh consectetur quis. Class aptent taciti sociosqu ad litora torquent per conubia nostra, per inceptos himenaeos. Nunc quis maximus elit, vitae pulvinar urna. Integer at mi elit. Phasellus vitae rutrum sem. Vivamus et mauris ac nisl congue congue eu eget elit. Nullam at quam velit. Pellentesque dictum, diam nec tempor aliquet, tortor justo fermentum sapien, at condimentum turpis elit vel sapien. Aenean rutrum tellus sodales tortor viverra eleifend.

Donec facilisis, diam efficitur maximus ultrices, enim lectus rutrum elit, eget malesuada mi justo dapibus enim. Maecenas finibus euismod nulla quis dignissim. Sed dictum ante rutrum turpis euismod laoreet. Sed placerat tellus leo. In ut lobortis lorem. Nullam vitae lectus egestas urna tincidunt aliquet. Ut sagittis vel enim eget malesuada. Cras in congue tortor. Interdum et malesuada fames ac ante ipsum primis in faucibus. Nunc tempus consequat neque, et eleifend nulla aliquam eu.",Author 285,16,anh-en-cung-anh-sao-troi-tap-1,NXB 285,2016,109
https://cdn1.fahasa.com/media/catalog/product/9/7/9786043607727.jpg,Anh Đến Cùng Ánh Sao Trời - Tập 2,159000,15,9780085480282,"Lorem ipsum dolor sit amet, consectetur adipiscing elit. Nam congue vel tellus non luctus. Vestibulum vitae nunc lorem. Sed lacinia lectus vel augue imperdiet ultricies. Donec id venenatis ex, vitae pretium ligula. Sed nulla eros, dignissim at feugiat non, posuere sit amet urna. Ut eu porttitor tellus. Cras eu massa nulla. Morbi porta fermentum elit eu iaculis. Pellentesque hendrerit venenatis purus at feugiat. Pellentesque vitae feugiat purus. Donec mattis rhoncus lacinia. Sed quam diam, molestie id laoreet eu, lacinia ac turpis. Cras tincidunt lobortis elit quis aliquam. Proin et massa libero.

Aliquam id pharetra arcu. Vivamus vitae mattis ligula. Sed efficitur urna vitae scelerisque tempor. Proin purus magna, vulputate eu ligula a, vehicula malesuada enim. Curabitur aliquet rutrum enim et tincidunt. Vestibulum ante ipsum primis in faucibus orci luctus et ultrices posuere cubilia curae; Vivamus pharetra enim leo, nec molestie nibh consectetur quis. Class aptent taciti sociosqu ad litora torquent per conubia nostra, per inceptos himenaeos. Nunc quis maximus elit, vitae pulvinar urna. Integer at mi elit. Phasellus vitae rutrum sem. Vivamus et mauris ac nisl congue congue eu eget elit. Nullam at quam velit. Pellentesque dictum, diam nec tempor aliquet, tortor justo fermentum sapien, at condimentum turpis elit vel sapien. Aenean rutrum tellus sodales tortor viverra eleifend.

Donec facilisis, diam efficitur maximus ultrices, enim lectus rutrum elit, eget malesuada mi justo dapibus enim. Maecenas finibus euismod nulla quis dignissim. Sed dictum ante rutrum turpis euismod laoreet. Sed placerat tellus leo. In ut lobortis lorem. Nullam vitae lectus egestas urna tincidunt aliquet. Ut sagittis vel enim eget malesuada. Cras in congue tortor. Interdum et malesuada fames ac ante ipsum primis in faucibus. Nunc tempus consequat neque, et eleifend nulla aliquam eu.",Author 286,10,anh-en-cung-anh-sao-troi-tap-2,NXB 286,2011,97
https://cdn1.fahasa.com/media/catalog/product/b/_/b_a-1-t_p-1_3.jpg,Ương Ngạnh - Tập 1,159000,15,9780085480283,"Lorem ipsum dolor sit amet, consectetur adipiscing elit. Nam congue vel tellus non luctus. Vestibulum vitae nunc lorem. Sed lacinia lectus vel augue imperdiet ultricies. Donec id venenatis ex, vitae pretium ligula. Sed nulla eros, dignissim at feugiat non, posuere sit amet urna. Ut eu porttitor tellus. Cras eu massa nulla. Morbi porta fermentum elit eu iaculis. Pellentesque hendrerit venenatis purus at feugiat. Pellentesque vitae feugiat purus. Donec mattis rhoncus lacinia. Sed quam diam, molestie id laoreet eu, lacinia ac turpis. Cras tincidunt lobortis elit quis aliquam. Proin et massa libero.

Aliquam id pharetra arcu. Vivamus vitae mattis ligula. Sed efficitur urna vitae scelerisque tempor. Proin purus magna, vulputate eu ligula a, vehicula malesuada enim. Curabitur aliquet rutrum enim et tincidunt. Vestibulum ante ipsum primis in faucibus orci luctus et ultrices posuere cubilia curae; Vivamus pharetra enim leo, nec molestie nibh consectetur quis. Class aptent taciti sociosqu ad litora torquent per conubia nostra, per inceptos himenaeos. Nunc quis maximus elit, vitae pulvinar urna. Integer at mi elit. Phasellus vitae rutrum sem. Vivamus et mauris ac nisl congue congue eu eget elit. Nullam at quam velit. Pellentesque dictum, diam nec tempor aliquet, tortor justo fermentum sapien, at condimentum turpis elit vel sapien. Aenean rutrum tellus sodales tortor viverra eleifend.

Donec facilisis, diam efficitur maximus ultrices, enim lectus rutrum elit, eget malesuada mi justo dapibus enim. Maecenas finibus euismod nulla quis dignissim. Sed dictum ante rutrum turpis euismod laoreet. Sed placerat tellus leo. In ut lobortis lorem. Nullam vitae lectus egestas urna tincidunt aliquet. Ut sagittis vel enim eget malesuada. Cras in congue tortor. Interdum et malesuada fames ac ante ipsum primis in faucibus. Nunc tempus consequat neque, et eleifend nulla aliquam eu.",Author 287,18,uong-nganh-tap-1,NXB 287,2021,136
https://cdn1.fahasa.com/media/catalog/product/8/9/8936041684867_thanh_ly.jpg,Công Tử Vô Sỉ,159000,15,9780085480284,"Lorem ipsum dolor sit amet, consectetur adipiscing elit. Nam congue vel tellus non luctus. Vestibulum vitae nunc lorem. Sed lacinia lectus vel augue imperdiet ultricies. Donec id venenatis ex, vitae pretium ligula. Sed nulla eros, dignissim at feugiat non, posuere sit amet urna. Ut eu porttitor tellus. Cras eu massa nulla. Morbi porta fermentum elit eu iaculis. Pellentesque hendrerit venenatis purus at feugiat. Pellentesque vitae feugiat purus. Donec mattis rhoncus lacinia. Sed quam diam, molestie id laoreet eu, lacinia ac turpis. Cras tincidunt lobortis elit quis aliquam. Proin et massa libero.

Aliquam id pharetra arcu. Vivamus vitae mattis ligula. Sed efficitur urna vitae scelerisque tempor. Proin purus magna, vulputate eu ligula a, vehicula malesuada enim. Curabitur aliquet rutrum enim et tincidunt. Vestibulum ante ipsum primis in faucibus orci luctus et ultrices posuere cubilia curae; Vivamus pharetra enim leo, nec molestie nibh consectetur quis. Class aptent taciti sociosqu ad litora torquent per conubia nostra, per inceptos himenaeos. Nunc quis maximus elit, vitae pulvinar urna. Integer at mi elit. Phasellus vitae rutrum sem. Vivamus et mauris ac nisl congue congue eu eget elit. Nullam at quam velit. Pellentesque dictum, diam nec tempor aliquet, tortor justo fermentum sapien, at condimentum turpis elit vel sapien. Aenean rutrum tellus sodales tortor viverra eleifend.

Donec facilisis, diam efficitur maximus ultrices, enim lectus rutrum elit, eget malesuada mi justo dapibus enim. Maecenas finibus euismod nulla quis dignissim. Sed dictum ante rutrum turpis euismod laoreet. Sed placerat tellus leo. In ut lobortis lorem. Nullam vitae lectus egestas urna tincidunt aliquet. Ut sagittis vel enim eget malesuada. Cras in congue tortor. Interdum et malesuada fames ac ante ipsum primis in faucibus. Nunc tempus consequat neque, et eleifend nulla aliquam eu.",Author 288,18,cong-tu-vo-si,NXB 288,2023,83
https://cdn1.fahasa.com/media/catalog/product/b/i/bia-2d_ho-diep-va-kinh-ngu_17307.jpg,Hồ Điệp Và Kình Ngư,111600,8,9780085480285,"Lorem ipsum dolor sit amet, consectetur adipiscing elit. Nam congue vel tellus non luctus. Vestibulum vitae nunc lorem. Sed lacinia lectus vel augue imperdiet ultricies. Donec id venenatis ex, vitae pretium ligula. Sed nulla eros, dignissim at feugiat non, posuere sit amet urna. Ut eu porttitor tellus. Cras eu massa nulla. Morbi porta fermentum elit eu iaculis. Pellentesque hendrerit venenatis purus at feugiat. Pellentesque vitae feugiat purus. Donec mattis rhoncus lacinia. Sed quam diam, molestie id laoreet eu, lacinia ac turpis. Cras tincidunt lobortis elit quis aliquam. Proin et massa libero.

Aliquam id pharetra arcu. Vivamus vitae mattis ligula. Sed efficitur urna vitae scelerisque tempor. Proin purus magna, vulputate eu ligula a, vehicula malesuada enim. Curabitur aliquet rutrum enim et tincidunt. Vestibulum ante ipsum primis in faucibus orci luctus et ultrices posuere cubilia curae; Vivamus pharetra enim leo, nec molestie nibh consectetur quis. Class aptent taciti sociosqu ad litora torquent per conubia nostra, per inceptos himenaeos. Nunc quis maximus elit, vitae pulvinar urna. Integer at mi elit. Phasellus vitae rutrum sem. Vivamus et mauris ac nisl congue congue eu eget elit. Nullam at quam velit. Pellentesque dictum, diam nec tempor aliquet, tortor justo fermentum sapien, at condimentum turpis elit vel sapien. Aenean rutrum tellus sodales tortor viverra eleifend.

Donec facilisis, diam efficitur maximus ultrices, enim lectus rutrum elit, eget malesuada mi justo dapibus enim. Maecenas finibus euismod nulla quis dignissim. Sed dictum ante rutrum turpis euismod laoreet. Sed placerat tellus leo. In ut lobortis lorem. Nullam vitae lectus egestas urna tincidunt aliquet. Ut sagittis vel enim eget malesuada. Cras in congue tortor. Interdum et malesuada fames ac ante ipsum primis in faucibus. Nunc tempus consequat neque, et eleifend nulla aliquam eu.",Author 289,18,ho-iep-va-kinh-ngu,NXB 289,2018,115
https://cdn1.fahasa.com/media/catalog/product/c/o/co-be-hang-xom---bia-mem.jpg,Cô Bé Hàng Xóm Và Bốn Viên Kẹo - Tặng Kèm Random 1 Trong 4 Mẫu Bookmark + Sticker,92000,8,9780085480286,"Lorem ipsum dolor sit amet, consectetur adipiscing elit. Nam congue vel tellus non luctus. Vestibulum vitae nunc lorem. Sed lacinia lectus vel augue imperdiet ultricies. Donec id venenatis ex, vitae pretium ligula. Sed nulla eros, dignissim at feugiat non, posuere sit amet urna. Ut eu porttitor tellus. Cras eu massa nulla. Morbi porta fermentum elit eu iaculis. Pellentesque hendrerit venenatis purus at feugiat. Pellentesque vitae feugiat purus. Donec mattis rhoncus lacinia. Sed quam diam, molestie id laoreet eu, lacinia ac turpis. Cras tincidunt lobortis elit quis aliquam. Proin et massa libero.

Aliquam id pharetra arcu. Vivamus vitae mattis ligula. Sed efficitur urna vitae scelerisque tempor. Proin purus magna, vulputate eu ligula a, vehicula malesuada enim. Curabitur aliquet rutrum enim et tincidunt. Vestibulum ante ipsum primis in faucibus orci luctus et ultrices posuere cubilia curae; Vivamus pharetra enim leo, nec molestie nibh consectetur quis. Class aptent taciti sociosqu ad litora torquent per conubia nostra, per inceptos himenaeos. Nunc quis maximus elit, vitae pulvinar urna. Integer at mi elit. Phasellus vitae rutrum sem. Vivamus et mauris ac nisl congue congue eu eget elit. Nullam at quam velit. Pellentesque dictum, diam nec tempor aliquet, tortor justo fermentum sapien, at condimentum turpis elit vel sapien. Aenean rutrum tellus sodales tortor viverra eleifend.

Donec facilisis, diam efficitur maximus ultrices, enim lectus rutrum elit, eget malesuada mi justo dapibus enim. Maecenas finibus euismod nulla quis dignissim. Sed dictum ante rutrum turpis euismod laoreet. Sed placerat tellus leo. In ut lobortis lorem. Nullam vitae lectus egestas urna tincidunt aliquet. Ut sagittis vel enim eget malesuada. Cras in congue tortor. Interdum et malesuada fames ac ante ipsum primis in faucibus. Nunc tempus consequat neque, et eleifend nulla aliquam eu.",Author 290,9,co-be-hang-xom-va-bon-vien-keo-tang-kem-random-1-trong-4-mau-bookmark-sticker,NXB 290,2021,65
https://cdn1.fahasa.com/media/catalog/product/8/9/8934974180098_1.jpg,Nỗi Buồn Chiến Tranh (Tái Bản 2022),110500,8,9780085480287,"Lorem ipsum dolor sit amet, consectetur adipiscing elit. Nam congue vel tellus non luctus. Vestibulum vitae nunc lorem. Sed lacinia lectus vel augue imperdiet ultricies. Donec id venenatis ex, vitae pretium ligula. Sed nulla eros, dignissim at feugiat non, posuere sit amet urna. Ut eu porttitor tellus. Cras eu massa nulla. Morbi porta fermentum elit eu iaculis. Pellentesque hendrerit venenatis purus at feugiat. Pellentesque vitae feugiat purus. Donec mattis rhoncus lacinia. Sed quam diam, molestie id laoreet eu, lacinia ac turpis. Cras tincidunt lobortis elit quis aliquam. Proin et massa libero.

Aliquam id pharetra arcu. Vivamus vitae mattis ligula. Sed efficitur urna vitae scelerisque tempor. Proin purus magna, vulputate eu ligula a, vehicula malesuada enim. Curabitur aliquet rutrum enim et tincidunt. Vestibulum ante ipsum primis in faucibus orci luctus et ultrices posuere cubilia curae; Vivamus pharetra enim leo, nec molestie nibh consectetur quis. Class aptent taciti sociosqu ad litora torquent per conubia nostra, per inceptos himenaeos. Nunc quis maximus elit, vitae pulvinar urna. Integer at mi elit. Phasellus vitae rutrum sem. Vivamus et mauris ac nisl congue congue eu eget elit. Nullam at quam velit. Pellentesque dictum, diam nec tempor aliquet, tortor justo fermentum sapien, at condimentum turpis elit vel sapien. Aenean rutrum tellus sodales tortor viverra eleifend.

Donec facilisis, diam efficitur maximus ultrices, enim lectus rutrum elit, eget malesuada mi justo dapibus enim. Maecenas finibus euismod nulla quis dignissim. Sed dictum ante rutrum turpis euismod laoreet. Sed placerat tellus leo. In ut lobortis lorem. Nullam vitae lectus egestas urna tincidunt aliquet. Ut sagittis vel enim eget malesuada. Cras in congue tortor. Interdum et malesuada fames ac ante ipsum primis in faucibus. Nunc tempus consequat neque, et eleifend nulla aliquam eu.",Author 291,17,noi-buon-chien-tranh-tai-ban-2022,NXB 291,2013,129
https://cdn1.fahasa.com/media/catalog/product/8/9/8934974182375.jpg,Người Đàn Ông Mang Tên OVE (Tái Bản),136000,8,9780085480288,"Lorem ipsum dolor sit amet, consectetur adipiscing elit. Nam congue vel tellus non luctus. Vestibulum vitae nunc lorem. Sed lacinia lectus vel augue imperdiet ultricies. Donec id venenatis ex, vitae pretium ligula. Sed nulla eros, dignissim at feugiat non, posuere sit amet urna. Ut eu porttitor tellus. Cras eu massa nulla. Morbi porta fermentum elit eu iaculis. Pellentesque hendrerit venenatis purus at feugiat. Pellentesque vitae feugiat purus. Donec mattis rhoncus lacinia. Sed quam diam, molestie id laoreet eu, lacinia ac turpis. Cras tincidunt lobortis elit quis aliquam. Proin et massa libero.

Aliquam id pharetra arcu. Vivamus vitae mattis ligula. Sed efficitur urna vitae scelerisque tempor. Proin purus magna, vulputate eu ligula a, vehicula malesuada enim. Curabitur aliquet rutrum enim et tincidunt. Vestibulum ante ipsum primis in faucibus orci luctus et ultrices posuere cubilia curae; Vivamus pharetra enim leo, nec molestie nibh consectetur quis. Class aptent taciti sociosqu ad litora torquent per conubia nostra, per inceptos himenaeos. Nunc quis maximus elit, vitae pulvinar urna. Integer at mi elit. Phasellus vitae rutrum sem. Vivamus et mauris ac nisl congue congue eu eget elit. Nullam at quam velit. Pellentesque dictum, diam nec tempor aliquet, tortor justo fermentum sapien, at condimentum turpis elit vel sapien. Aenean rutrum tellus sodales tortor viverra eleifend.

Donec facilisis, diam efficitur maximus ultrices, enim lectus rutrum elit, eget malesuada mi justo dapibus enim. Maecenas finibus euismod nulla quis dignissim. Sed dictum ante rutrum turpis euismod laoreet. Sed placerat tellus leo. In ut lobortis lorem. Nullam vitae lectus egestas urna tincidunt aliquet. Ut sagittis vel enim eget malesuada. Cras in congue tortor. Interdum et malesuada fames ac ante ipsum primis in faucibus. Nunc tempus consequat neque, et eleifend nulla aliquam eu.",Author 292,17,nguoi-an-ong-mang-ten-ove-tai-ban,NXB 292,2008,117
https://cdn1.fahasa.com/media/catalog/product/i/m/image_195509_1_41170.jpg,Trường Ca Achilles,132500,8,9780085480289,"Lorem ipsum dolor sit amet, consectetur adipiscing elit. Nam congue vel tellus non luctus. Vestibulum vitae nunc lorem. Sed lacinia lectus vel augue imperdiet ultricies. Donec id venenatis ex, vitae pretium ligula. Sed nulla eros, dignissim at feugiat non, posuere sit amet urna. Ut eu porttitor tellus. Cras eu massa nulla. Morbi porta fermentum elit eu iaculis. Pellentesque hendrerit venenatis purus at feugiat. Pellentesque vitae feugiat purus. Donec mattis rhoncus lacinia. Sed quam diam, molestie id laoreet eu, lacinia ac turpis. Cras tincidunt lobortis elit quis aliquam. Proin et massa libero.

Aliquam id pharetra arcu. Vivamus vitae mattis ligula. Sed efficitur urna vitae scelerisque tempor. Proin purus magna, vulputate eu ligula a, vehicula malesuada enim. Curabitur aliquet rutrum enim et tincidunt. Vestibulum ante ipsum primis in faucibus orci luctus et ultrices posuere cubilia curae; Vivamus pharetra enim leo, nec molestie nibh consectetur quis. Class aptent taciti sociosqu ad litora torquent per conubia nostra, per inceptos himenaeos. Nunc quis maximus elit, vitae pulvinar urna. Integer at mi elit. Phasellus vitae rutrum sem. Vivamus et mauris ac nisl congue congue eu eget elit. Nullam at quam velit. Pellentesque dictum, diam nec tempor aliquet, tortor justo fermentum sapien, at condimentum turpis elit vel sapien. Aenean rutrum tellus sodales tortor viverra eleifend.

Donec facilisis, diam efficitur maximus ultrices, enim lectus rutrum elit, eget malesuada mi justo dapibus enim. Maecenas finibus euismod nulla quis dignissim. Sed dictum ante rutrum turpis euismod laoreet. Sed placerat tellus leo. In ut lobortis lorem. Nullam vitae lectus egestas urna tincidunt aliquet. Ut sagittis vel enim eget malesuada. Cras in congue tortor. Interdum et malesuada fames ac ante ipsum primis in faucibus. Nunc tempus consequat neque, et eleifend nulla aliquam eu.",Author 293,18,truong-ca-achilles,NXB 293,2012,102
https://cdn1.fahasa.com/media/catalog/product/i/m/image_195509_1_36793.jpg,Nhà Giả Kim (Tái Bản 2020),67000,8,9780085480290,"Lorem ipsum dolor sit amet, consectetur adipiscing elit. Nam congue vel tellus non luctus. Vestibulum vitae nunc lorem. Sed lacinia lectus vel augue imperdiet ultricies. Donec id venenatis ex, vitae pretium ligula. Sed nulla eros, dignissim at feugiat non, posuere sit amet urna. Ut eu porttitor tellus. Cras eu massa nulla. Morbi porta fermentum elit eu iaculis. Pellentesque hendrerit venenatis purus at feugiat. Pellentesque vitae feugiat purus. Donec mattis rhoncus lacinia. Sed quam diam, molestie id laoreet eu, lacinia ac turpis. Cras tincidunt lobortis elit quis aliquam. Proin et massa libero.

Aliquam id pharetra arcu. Vivamus vitae mattis ligula. Sed efficitur urna vitae scelerisque tempor. Proin purus magna, vulputate eu ligula a, vehicula malesuada enim. Curabitur aliquet rutrum enim et tincidunt. Vestibulum ante ipsum primis in faucibus orci luctus et ultrices posuere cubilia curae; Vivamus pharetra enim leo, nec molestie nibh consectetur quis. Class aptent taciti sociosqu ad litora torquent per conubia nostra, per inceptos himenaeos. Nunc quis maximus elit, vitae pulvinar urna. Integer at mi elit. Phasellus vitae rutrum sem. Vivamus et mauris ac nisl congue congue eu eget elit. Nullam at quam velit. Pellentesque dictum, diam nec tempor aliquet, tortor justo fermentum sapien, at condimentum turpis elit vel sapien. Aenean rutrum tellus sodales tortor viverra eleifend.

Donec facilisis, diam efficitur maximus ultrices, enim lectus rutrum elit, eget malesuada mi justo dapibus enim. Maecenas finibus euismod nulla quis dignissim. Sed dictum ante rutrum turpis euismod laoreet. Sed placerat tellus leo. In ut lobortis lorem. Nullam vitae lectus egestas urna tincidunt aliquet. Ut sagittis vel enim eget malesuada. Cras in congue tortor. Interdum et malesuada fames ac ante ipsum primis in faucibus. Nunc tempus consequat neque, et eleifend nulla aliquam eu.",Author 294,11,nha-gia-kim-tai-ban-2020,NXB 294,2005,82
https://cdn1.fahasa.com/media/catalog/product/8/9/8934974186083.jpg,"Beartown - Thị Trấn Nhỏ, Giấc Mơ Lớn",178500,8,9780085480291,"Lorem ipsum dolor sit amet, consectetur adipiscing elit. Nam congue vel tellus non luctus. Vestibulum vitae nunc lorem. Sed lacinia lectus vel augue imperdiet ultricies. Donec id venenatis ex, vitae pretium ligula. Sed nulla eros, dignissim at feugiat non, posuere sit amet urna. Ut eu porttitor tellus. Cras eu massa nulla. Morbi porta fermentum elit eu iaculis. Pellentesque hendrerit venenatis purus at feugiat. Pellentesque vitae feugiat purus. Donec mattis rhoncus lacinia. Sed quam diam, molestie id laoreet eu, lacinia ac turpis. Cras tincidunt lobortis elit quis aliquam. Proin et massa libero.

Aliquam id pharetra arcu. Vivamus vitae mattis ligula. Sed efficitur urna vitae scelerisque tempor. Proin purus magna, vulputate eu ligula a, vehicula malesuada enim. Curabitur aliquet rutrum enim et tincidunt. Vestibulum ante ipsum primis in faucibus orci luctus et ultrices posuere cubilia curae; Vivamus pharetra enim leo, nec molestie nibh consectetur quis. Class aptent taciti sociosqu ad litora torquent per conubia nostra, per inceptos himenaeos. Nunc quis maximus elit, vitae pulvinar urna. Integer at mi elit. Phasellus vitae rutrum sem. Vivamus et mauris ac nisl congue congue eu eget elit. Nullam at quam velit. Pellentesque dictum, diam nec tempor aliquet, tortor justo fermentum sapien, at condimentum turpis elit vel sapien. Aenean rutrum tellus sodales tortor viverra eleifend.

Donec facilisis, diam efficitur maximus ultrices, enim lectus rutrum elit, eget malesuada mi justo dapibus enim. Maecenas finibus euismod nulla quis dignissim. Sed dictum ante rutrum turpis euismod laoreet. Sed placerat tellus leo. In ut lobortis lorem. Nullam vitae lectus egestas urna tincidunt aliquet. Ut sagittis vel enim eget malesuada. Cras in congue tortor. Interdum et malesuada fames ac ante ipsum primis in faucibus. Nunc tempus consequat neque, et eleifend nulla aliquam eu.",Author 295,20,beartown-thi-tran-nho-giac-mo-lon,NXB 295,2018,53
https://cdn1.fahasa.com/media/catalog/product/c/o/co-be-hang-xom---bia-cung.jpg,Cô Bé Hàng Xóm Và Bốn Viên Kẹo - Bìa Cứng - Tặng Kèm Random 1 Trong 4 Mẫu Bookmark + Sticker + Sổ Vẽ,160000,8,9780085480292,"Lorem ipsum dolor sit amet, consectetur adipiscing elit. Nam congue vel tellus non luctus. Vestibulum vitae nunc lorem. Sed lacinia lectus vel augue imperdiet ultricies. Donec id venenatis ex, vitae pretium ligula. Sed nulla eros, dignissim at feugiat non, posuere sit amet urna. Ut eu porttitor tellus. Cras eu massa nulla. Morbi porta fermentum elit eu iaculis. Pellentesque hendrerit venenatis purus at feugiat. Pellentesque vitae feugiat purus. Donec mattis rhoncus lacinia. Sed quam diam, molestie id laoreet eu, lacinia ac turpis. Cras tincidunt lobortis elit quis aliquam. Proin et massa libero.

Aliquam id pharetra arcu. Vivamus vitae mattis ligula. Sed efficitur urna vitae scelerisque tempor. Proin purus magna, vulputate eu ligula a, vehicula malesuada enim. Curabitur aliquet rutrum enim et tincidunt. Vestibulum ante ipsum primis in faucibus orci luctus et ultrices posuere cubilia curae; Vivamus pharetra enim leo, nec molestie nibh consectetur quis. Class aptent taciti sociosqu ad litora torquent per conubia nostra, per inceptos himenaeos. Nunc quis maximus elit, vitae pulvinar urna. Integer at mi elit. Phasellus vitae rutrum sem. Vivamus et mauris ac nisl congue congue eu eget elit. Nullam at quam velit. Pellentesque dictum, diam nec tempor aliquet, tortor justo fermentum sapien, at condimentum turpis elit vel sapien. Aenean rutrum tellus sodales tortor viverra eleifend.

Donec facilisis, diam efficitur maximus ultrices, enim lectus rutrum elit, eget malesuada mi justo dapibus enim. Maecenas finibus euismod nulla quis dignissim. Sed dictum ante rutrum turpis euismod laoreet. Sed placerat tellus leo. In ut lobortis lorem. Nullam vitae lectus egestas urna tincidunt aliquet. Ut sagittis vel enim eget malesuada. Cras in congue tortor. Interdum et malesuada fames ac ante ipsum primis in faucibus. Nunc tempus consequat neque, et eleifend nulla aliquam eu.",Author 296,11,co-be-hang-xom-va-bon-vien-keo-bia-cung-tang-kem-random-1-trong-4-mau-bookmark-sticker-so-ve,NXB 296,2007,64
https://cdn1.fahasa.com/media/catalog/product/z/7/z7377437015428_07c0eb24c911760d3.jpg,Mưa Đỏ - Ấn Bản Kỷ Niệm - Bìa Cứng - Tặng Kèm Bookmark + Móc Khoá Phone Charm Chibi Hình Tiểu Đội 1 Random 1 Trong 7 Mẫu,211500,8,9780085480293,"Lorem ipsum dolor sit amet, consectetur adipiscing elit. Nam congue vel tellus non luctus. Vestibulum vitae nunc lorem. Sed lacinia lectus vel augue imperdiet ultricies. Donec id venenatis ex, vitae pretium ligula. Sed nulla eros, dignissim at feugiat non, posuere sit amet urna. Ut eu porttitor tellus. Cras eu massa nulla. Morbi porta fermentum elit eu iaculis. Pellentesque hendrerit venenatis purus at feugiat. Pellentesque vitae feugiat purus. Donec mattis rhoncus lacinia. Sed quam diam, molestie id laoreet eu, lacinia ac turpis. Cras tincidunt lobortis elit quis aliquam. Proin et massa libero.

Aliquam id pharetra arcu. Vivamus vitae mattis ligula. Sed efficitur urna vitae scelerisque tempor. Proin purus magna, vulputate eu ligula a, vehicula malesuada enim. Curabitur aliquet rutrum enim et tincidunt. Vestibulum ante ipsum primis in faucibus orci luctus et ultrices posuere cubilia curae; Vivamus pharetra enim leo, nec molestie nibh consectetur quis. Class aptent taciti sociosqu ad litora torquent per conubia nostra, per inceptos himenaeos. Nunc quis maximus elit, vitae pulvinar urna. Integer at mi elit. Phasellus vitae rutrum sem. Vivamus et mauris ac nisl congue congue eu eget elit. Nullam at quam velit. Pellentesque dictum, diam nec tempor aliquet, tortor justo fermentum sapien, at condimentum turpis elit vel sapien. Aenean rutrum tellus sodales tortor viverra eleifend.

Donec facilisis, diam efficitur maximus ultrices, enim lectus rutrum elit, eget malesuada mi justo dapibus enim. Maecenas finibus euismod nulla quis dignissim. Sed dictum ante rutrum turpis euismod laoreet. Sed placerat tellus leo. In ut lobortis lorem. Nullam vitae lectus egestas urna tincidunt aliquet. Ut sagittis vel enim eget malesuada. Cras in congue tortor. Interdum et malesuada fames ac ante ipsum primis in faucibus. Nunc tempus consequat neque, et eleifend nulla aliquam eu.",Author 297,8,mua-o-an-ban-ky-niem-bia-cung-tang-kem-bookmark-moc-khoa-phone-charm-chibi-hinh-tieu-oi-1-random-1-trong-7-mau,NXB 297,2018,100
https://cdn1.fahasa.com/media/catalog/product/8/9/8934974189145.jpg,Beartown 2 - Chúng Tôi Đấu Với Các Bạn,191000,8,9780085480294,"Lorem ipsum dolor sit amet, consectetur adipiscing elit. Nam congue vel tellus non luctus. Vestibulum vitae nunc lorem. Sed lacinia lectus vel augue imperdiet ultricies. Donec id venenatis ex, vitae pretium ligula. Sed nulla eros, dignissim at feugiat non, posuere sit amet urna. Ut eu porttitor tellus. Cras eu massa nulla. Morbi porta fermentum elit eu iaculis. Pellentesque hendrerit venenatis purus at feugiat. Pellentesque vitae feugiat purus. Donec mattis rhoncus lacinia. Sed quam diam, molestie id laoreet eu, lacinia ac turpis. Cras tincidunt lobortis elit quis aliquam. Proin et massa libero.

Aliquam id pharetra arcu. Vivamus vitae mattis ligula. Sed efficitur urna vitae scelerisque tempor. Proin purus magna, vulputate eu ligula a, vehicula malesuada enim. Curabitur aliquet rutrum enim et tincidunt. Vestibulum ante ipsum primis in faucibus orci luctus et ultrices posuere cubilia curae; Vivamus pharetra enim leo, nec molestie nibh consectetur quis. Class aptent taciti sociosqu ad litora torquent per conubia nostra, per inceptos himenaeos. Nunc quis maximus elit, vitae pulvinar urna. Integer at mi elit. Phasellus vitae rutrum sem. Vivamus et mauris ac nisl congue congue eu eget elit. Nullam at quam velit. Pellentesque dictum, diam nec tempor aliquet, tortor justo fermentum sapien, at condimentum turpis elit vel sapien. Aenean rutrum tellus sodales tortor viverra eleifend.

Donec facilisis, diam efficitur maximus ultrices, enim lectus rutrum elit, eget malesuada mi justo dapibus enim. Maecenas finibus euismod nulla quis dignissim. Sed dictum ante rutrum turpis euismod laoreet. Sed placerat tellus leo. In ut lobortis lorem. Nullam vitae lectus egestas urna tincidunt aliquet. Ut sagittis vel enim eget malesuada. Cras in congue tortor. Interdum et malesuada fames ac ante ipsum primis in faucibus. Nunc tempus consequat neque, et eleifend nulla aliquam eu.",Author 298,8,beartown-2-chung-toi-au-voi-cac-ban,NXB 298,2023,78
https://cdn1.fahasa.com/media/catalog/product/8/9/8935212360913.jpg,Sơn Trà Nở Muộn -  Tặng Kèm 1 Bookmark Hoa Sơn Trà + 1 Bookmark Chiếc Bật Lửa + 1 Postcard,178560,8,9780085480295,"Lorem ipsum dolor sit amet, consectetur adipiscing elit. Nam congue vel tellus non luctus. Vestibulum vitae nunc lorem. Sed lacinia lectus vel augue imperdiet ultricies. Donec id venenatis ex, vitae pretium ligula. Sed nulla eros, dignissim at feugiat non, posuere sit amet urna. Ut eu porttitor tellus. Cras eu massa nulla. Morbi porta fermentum elit eu iaculis. Pellentesque hendrerit venenatis purus at feugiat. Pellentesque vitae feugiat purus. Donec mattis rhoncus lacinia. Sed quam diam, molestie id laoreet eu, lacinia ac turpis. Cras tincidunt lobortis elit quis aliquam. Proin et massa libero.

Aliquam id pharetra arcu. Vivamus vitae mattis ligula. Sed efficitur urna vitae scelerisque tempor. Proin purus magna, vulputate eu ligula a, vehicula malesuada enim. Curabitur aliquet rutrum enim et tincidunt. Vestibulum ante ipsum primis in faucibus orci luctus et ultrices posuere cubilia curae; Vivamus pharetra enim leo, nec molestie nibh consectetur quis. Class aptent taciti sociosqu ad litora torquent per conubia nostra, per inceptos himenaeos. Nunc quis maximus elit, vitae pulvinar urna. Integer at mi elit. Phasellus vitae rutrum sem. Vivamus et mauris ac nisl congue congue eu eget elit. Nullam at quam velit. Pellentesque dictum, diam nec tempor aliquet, tortor justo fermentum sapien, at condimentum turpis elit vel sapien. Aenean rutrum tellus sodales tortor viverra eleifend.

Donec facilisis, diam efficitur maximus ultrices, enim lectus rutrum elit, eget malesuada mi justo dapibus enim. Maecenas finibus euismod nulla quis dignissim. Sed dictum ante rutrum turpis euismod laoreet. Sed placerat tellus leo. In ut lobortis lorem. Nullam vitae lectus egestas urna tincidunt aliquet. Ut sagittis vel enim eget malesuada. Cras in congue tortor. Interdum et malesuada fames ac ante ipsum primis in faucibus. Nunc tempus consequat neque, et eleifend nulla aliquam eu.",Author 299,16,son-tra-no-muon-tang-kem-1-bookmark-hoa-son-tra-1-bookmark-chiec-bat-lua-1-postcard,NXB 299,2019,64
https://cdn1.fahasa.com/media/catalog/product/b/_/b_a-1_7_12.jpg,Sứ Mệnh Hail Mary - Project Hail Mary,156500,8,9780085480296,"Lorem ipsum dolor sit amet, consectetur adipiscing elit. Nam congue vel tellus non luctus. Vestibulum vitae nunc lorem. Sed lacinia lectus vel augue imperdiet ultricies. Donec id venenatis ex, vitae pretium ligula. Sed nulla eros, dignissim at feugiat non, posuere sit amet urna. Ut eu porttitor tellus. Cras eu massa nulla. Morbi porta fermentum elit eu iaculis. Pellentesque hendrerit venenatis purus at feugiat. Pellentesque vitae feugiat purus. Donec mattis rhoncus lacinia. Sed quam diam, molestie id laoreet eu, lacinia ac turpis. Cras tincidunt lobortis elit quis aliquam. Proin et massa libero.

Aliquam id pharetra arcu. Vivamus vitae mattis ligula. Sed efficitur urna vitae scelerisque tempor. Proin purus magna, vulputate eu ligula a, vehicula malesuada enim. Curabitur aliquet rutrum enim et tincidunt. Vestibulum ante ipsum primis in faucibus orci luctus et ultrices posuere cubilia curae; Vivamus pharetra enim leo, nec molestie nibh consectetur quis. Class aptent taciti sociosqu ad litora torquent per conubia nostra, per inceptos himenaeos. Nunc quis maximus elit, vitae pulvinar urna. Integer at mi elit. Phasellus vitae rutrum sem. Vivamus et mauris ac nisl congue congue eu eget elit. Nullam at quam velit. Pellentesque dictum, diam nec tempor aliquet, tortor justo fermentum sapien, at condimentum turpis elit vel sapien. Aenean rutrum tellus sodales tortor viverra eleifend.

Donec facilisis, diam efficitur maximus ultrices, enim lectus rutrum elit, eget malesuada mi justo dapibus enim. Maecenas finibus euismod nulla quis dignissim. Sed dictum ante rutrum turpis euismod laoreet. Sed placerat tellus leo. In ut lobortis lorem. Nullam vitae lectus egestas urna tincidunt aliquet. Ut sagittis vel enim eget malesuada. Cras in congue tortor. Interdum et malesuada fames ac ante ipsum primis in faucibus. Nunc tempus consequat neque, et eleifend nulla aliquam eu.",Author 300,7,su-menh-hail-mary-project-hail-mary,NXB 300,2024,115
https://cdn1.fahasa.com/media/catalog/product/m/u/muado.jpg,Mưa Đỏ,184500,8,9780085480297,"Lorem ipsum dolor sit amet, consectetur adipiscing elit. Nam congue vel tellus non luctus. Vestibulum vitae nunc lorem. Sed lacinia lectus vel augue imperdiet ultricies. Donec id venenatis ex, vitae pretium ligula. Sed nulla eros, dignissim at feugiat non, posuere sit amet urna. Ut eu porttitor tellus. Cras eu massa nulla. Morbi porta fermentum elit eu iaculis. Pellentesque hendrerit venenatis purus at feugiat. Pellentesque vitae feugiat purus. Donec mattis rhoncus lacinia. Sed quam diam, molestie id laoreet eu, lacinia ac turpis. Cras tincidunt lobortis elit quis aliquam. Proin et massa libero.

Aliquam id pharetra arcu. Vivamus vitae mattis ligula. Sed efficitur urna vitae scelerisque tempor. Proin purus magna, vulputate eu ligula a, vehicula malesuada enim. Curabitur aliquet rutrum enim et tincidunt. Vestibulum ante ipsum primis in faucibus orci luctus et ultrices posuere cubilia curae; Vivamus pharetra enim leo, nec molestie nibh consectetur quis. Class aptent taciti sociosqu ad litora torquent per conubia nostra, per inceptos himenaeos. Nunc quis maximus elit, vitae pulvinar urna. Integer at mi elit. Phasellus vitae rutrum sem. Vivamus et mauris ac nisl congue congue eu eget elit. Nullam at quam velit. Pellentesque dictum, diam nec tempor aliquet, tortor justo fermentum sapien, at condimentum turpis elit vel sapien. Aenean rutrum tellus sodales tortor viverra eleifend.

Donec facilisis, diam efficitur maximus ultrices, enim lectus rutrum elit, eget malesuada mi justo dapibus enim. Maecenas finibus euismod nulla quis dignissim. Sed dictum ante rutrum turpis euismod laoreet. Sed placerat tellus leo. In ut lobortis lorem. Nullam vitae lectus egestas urna tincidunt aliquet. Ut sagittis vel enim eget malesuada. Cras in congue tortor. Interdum et malesuada fames ac ante ipsum primis in faucibus. Nunc tempus consequat neque, et eleifend nulla aliquam eu.",Author 301,8,mua-o,NXB 301,2021,56
https://cdn1.fahasa.com/media/catalog/product/8/9/8934974178583.jpg,Cô Gái Đến Từ Hôm Qua (Tái Bản 2022),29500,8,9780085480298,"Lorem ipsum dolor sit amet, consectetur adipiscing elit. Nam congue vel tellus non luctus. Vestibulum vitae nunc lorem. Sed lacinia lectus vel augue imperdiet ultricies. Donec id venenatis ex, vitae pretium ligula. Sed nulla eros, dignissim at feugiat non, posuere sit amet urna. Ut eu porttitor tellus. Cras eu massa nulla. Morbi porta fermentum elit eu iaculis. Pellentesque hendrerit venenatis purus at feugiat. Pellentesque vitae feugiat purus. Donec mattis rhoncus lacinia. Sed quam diam, molestie id laoreet eu, lacinia ac turpis. Cras tincidunt lobortis elit quis aliquam. Proin et massa libero.

Aliquam id pharetra arcu. Vivamus vitae mattis ligula. Sed efficitur urna vitae scelerisque tempor. Proin purus magna, vulputate eu ligula a, vehicula malesuada enim. Curabitur aliquet rutrum enim et tincidunt. Vestibulum ante ipsum primis in faucibus orci luctus et ultrices posuere cubilia curae; Vivamus pharetra enim leo, nec molestie nibh consectetur quis. Class aptent taciti sociosqu ad litora torquent per conubia nostra, per inceptos himenaeos. Nunc quis maximus elit, vitae pulvinar urna. Integer at mi elit. Phasellus vitae rutrum sem. Vivamus et mauris ac nisl congue congue eu eget elit. Nullam at quam velit. Pellentesque dictum, diam nec tempor aliquet, tortor justo fermentum sapien, at condimentum turpis elit vel sapien. Aenean rutrum tellus sodales tortor viverra eleifend.

Donec facilisis, diam efficitur maximus ultrices, enim lectus rutrum elit, eget malesuada mi justo dapibus enim. Maecenas finibus euismod nulla quis dignissim. Sed dictum ante rutrum turpis euismod laoreet. Sed placerat tellus leo. In ut lobortis lorem. Nullam vitae lectus egestas urna tincidunt aliquet. Ut sagittis vel enim eget malesuada. Cras in congue tortor. Interdum et malesuada fames ac ante ipsum primis in faucibus. Nunc tempus consequat neque, et eleifend nulla aliquam eu.",Author 302,8,co-gai-en-tu-hom-qua-tai-ban-2022,NXB 302,2025,138
https://cdn1.fahasa.com/media/catalog/product/b/_/b_a-_o-h_-thanh-h_i-y_n_b_a-tr_c.jpg,Hà Thanh Hải Yến - Ngang Qua Ngõ Nhỏ Bình An,156500,8,9780085480299,"Lorem ipsum dolor sit amet, consectetur adipiscing elit. Nam congue vel tellus non luctus. Vestibulum vitae nunc lorem. Sed lacinia lectus vel augue imperdiet ultricies. Donec id venenatis ex, vitae pretium ligula. Sed nulla eros, dignissim at feugiat non, posuere sit amet urna. Ut eu porttitor tellus. Cras eu massa nulla. Morbi porta fermentum elit eu iaculis. Pellentesque hendrerit venenatis purus at feugiat. Pellentesque vitae feugiat purus. Donec mattis rhoncus lacinia. Sed quam diam, molestie id laoreet eu, lacinia ac turpis. Cras tincidunt lobortis elit quis aliquam. Proin et massa libero.

Aliquam id pharetra arcu. Vivamus vitae mattis ligula. Sed efficitur urna vitae scelerisque tempor. Proin purus magna, vulputate eu ligula a, vehicula malesuada enim. Curabitur aliquet rutrum enim et tincidunt. Vestibulum ante ipsum primis in faucibus orci luctus et ultrices posuere cubilia curae; Vivamus pharetra enim leo, nec molestie nibh consectetur quis. Class aptent taciti sociosqu ad litora torquent per conubia nostra, per inceptos himenaeos. Nunc quis maximus elit, vitae pulvinar urna. Integer at mi elit. Phasellus vitae rutrum sem. Vivamus et mauris ac nisl congue congue eu eget elit. Nullam at quam velit. Pellentesque dictum, diam nec tempor aliquet, tortor justo fermentum sapien, at condimentum turpis elit vel sapien. Aenean rutrum tellus sodales tortor viverra eleifend.

Donec facilisis, diam efficitur maximus ultrices, enim lectus rutrum elit, eget malesuada mi justo dapibus enim. Maecenas finibus euismod nulla quis dignissim. Sed dictum ante rutrum turpis euismod laoreet. Sed placerat tellus leo. In ut lobortis lorem. Nullam vitae lectus egestas urna tincidunt aliquet. Ut sagittis vel enim eget malesuada. Cras in congue tortor. Interdum et malesuada fames ac ante ipsum primis in faucibus. Nunc tempus consequat neque, et eleifend nulla aliquam eu.",Author 303,6,ha-thanh-hai-yen-ngang-qua-ngo-nho-binh-an,NXB 303,2000,129
https://cdn1.fahasa.com/media/catalog/product/i/m/image_231202.jpg,Người Bà Tài Giỏi Vùng Saga,102000,8,9780085480300,"Lorem ipsum dolor sit amet, consectetur adipiscing elit. Nam congue vel tellus non luctus. Vestibulum vitae nunc lorem. Sed lacinia lectus vel augue imperdiet ultricies. Donec id venenatis ex, vitae pretium ligula. Sed nulla eros, dignissim at feugiat non, posuere sit amet urna. Ut eu porttitor tellus. Cras eu massa nulla. Morbi porta fermentum elit eu iaculis. Pellentesque hendrerit venenatis purus at feugiat. Pellentesque vitae feugiat purus. Donec mattis rhoncus lacinia. Sed quam diam, molestie id laoreet eu, lacinia ac turpis. Cras tincidunt lobortis elit quis aliquam. Proin et massa libero.

Aliquam id pharetra arcu. Vivamus vitae mattis ligula. Sed efficitur urna vitae scelerisque tempor. Proin purus magna, vulputate eu ligula a, vehicula malesuada enim. Curabitur aliquet rutrum enim et tincidunt. Vestibulum ante ipsum primis in faucibus orci luctus et ultrices posuere cubilia curae; Vivamus pharetra enim leo, nec molestie nibh consectetur quis. Class aptent taciti sociosqu ad litora torquent per conubia nostra, per inceptos himenaeos. Nunc quis maximus elit, vitae pulvinar urna. Integer at mi elit. Phasellus vitae rutrum sem. Vivamus et mauris ac nisl congue congue eu eget elit. Nullam at quam velit. Pellentesque dictum, diam nec tempor aliquet, tortor justo fermentum sapien, at condimentum turpis elit vel sapien. Aenean rutrum tellus sodales tortor viverra eleifend.

Donec facilisis, diam efficitur maximus ultrices, enim lectus rutrum elit, eget malesuada mi justo dapibus enim. Maecenas finibus euismod nulla quis dignissim. Sed dictum ante rutrum turpis euismod laoreet. Sed placerat tellus leo. In ut lobortis lorem. Nullam vitae lectus egestas urna tincidunt aliquet. Ut sagittis vel enim eget malesuada. Cras in congue tortor. Interdum et malesuada fames ac ante ipsum primis in faucibus. Nunc tempus consequat neque, et eleifend nulla aliquam eu.",Author 304,16,nguoi-ba-tai-gioi-vung-saga,NXB 304,2023,112
https://cdn1.fahasa.com/media/catalog/product/u/n/untitled-1_4_81.jpg,Ngõ Ngô Đồng,207000,8,9780085480301,"Lorem ipsum dolor sit amet, consectetur adipiscing elit. Nam congue vel tellus non luctus. Vestibulum vitae nunc lorem. Sed lacinia lectus vel augue imperdiet ultricies. Donec id venenatis ex, vitae pretium ligula. Sed nulla eros, dignissim at feugiat non, posuere sit amet urna. Ut eu porttitor tellus. Cras eu massa nulla. Morbi porta fermentum elit eu iaculis. Pellentesque hendrerit venenatis purus at feugiat. Pellentesque vitae feugiat purus. Donec mattis rhoncus lacinia. Sed quam diam, molestie id laoreet eu, lacinia ac turpis. Cras tincidunt lobortis elit quis aliquam. Proin et massa libero.

Aliquam id pharetra arcu. Vivamus vitae mattis ligula. Sed efficitur urna vitae scelerisque tempor. Proin purus magna, vulputate eu ligula a, vehicula malesuada enim. Curabitur aliquet rutrum enim et tincidunt. Vestibulum ante ipsum primis in faucibus orci luctus et ultrices posuere cubilia curae; Vivamus pharetra enim leo, nec molestie nibh consectetur quis. Class aptent taciti sociosqu ad litora torquent per conubia nostra, per inceptos himenaeos. Nunc quis maximus elit, vitae pulvinar urna. Integer at mi elit. Phasellus vitae rutrum sem. Vivamus et mauris ac nisl congue congue eu eget elit. Nullam at quam velit. Pellentesque dictum, diam nec tempor aliquet, tortor justo fermentum sapien, at condimentum turpis elit vel sapien. Aenean rutrum tellus sodales tortor viverra eleifend.

Donec facilisis, diam efficitur maximus ultrices, enim lectus rutrum elit, eget malesuada mi justo dapibus enim. Maecenas finibus euismod nulla quis dignissim. Sed dictum ante rutrum turpis euismod laoreet. Sed placerat tellus leo. In ut lobortis lorem. Nullam vitae lectus egestas urna tincidunt aliquet. Ut sagittis vel enim eget malesuada. Cras in congue tortor. Interdum et malesuada fames ac ante ipsum primis in faucibus. Nunc tempus consequat neque, et eleifend nulla aliquam eu.",Author 305,18,ngo-ngo-ong,NXB 305,2020,88
https://cdn1.fahasa.com/media/catalog/product/8/9/8935235245891.jpg,Nhà Giả Kim - Ấn Bản Đặc Biệt 20 Năm Thành Lập Nhã Nam - Bìa Cứng,228500,8,9780085480302,"Lorem ipsum dolor sit amet, consectetur adipiscing elit. Nam congue vel tellus non luctus. Vestibulum vitae nunc lorem. Sed lacinia lectus vel augue imperdiet ultricies. Donec id venenatis ex, vitae pretium ligula. Sed nulla eros, dignissim at feugiat non, posuere sit amet urna. Ut eu porttitor tellus. Cras eu massa nulla. Morbi porta fermentum elit eu iaculis. Pellentesque hendrerit venenatis purus at feugiat. Pellentesque vitae feugiat purus. Donec mattis rhoncus lacinia. Sed quam diam, molestie id laoreet eu, lacinia ac turpis. Cras tincidunt lobortis elit quis aliquam. Proin et massa libero.

Aliquam id pharetra arcu. Vivamus vitae mattis ligula. Sed efficitur urna vitae scelerisque tempor. Proin purus magna, vulputate eu ligula a, vehicula malesuada enim. Curabitur aliquet rutrum enim et tincidunt. Vestibulum ante ipsum primis in faucibus orci luctus et ultrices posuere cubilia curae; Vivamus pharetra enim leo, nec molestie nibh consectetur quis. Class aptent taciti sociosqu ad litora torquent per conubia nostra, per inceptos himenaeos. Nunc quis maximus elit, vitae pulvinar urna. Integer at mi elit. Phasellus vitae rutrum sem. Vivamus et mauris ac nisl congue congue eu eget elit. Nullam at quam velit. Pellentesque dictum, diam nec tempor aliquet, tortor justo fermentum sapien, at condimentum turpis elit vel sapien. Aenean rutrum tellus sodales tortor viverra eleifend.

Donec facilisis, diam efficitur maximus ultrices, enim lectus rutrum elit, eget malesuada mi justo dapibus enim. Maecenas finibus euismod nulla quis dignissim. Sed dictum ante rutrum turpis euismod laoreet. Sed placerat tellus leo. In ut lobortis lorem. Nullam vitae lectus egestas urna tincidunt aliquet. Ut sagittis vel enim eget malesuada. Cras in congue tortor. Interdum et malesuada fames ac ante ipsum primis in faucibus. Nunc tempus consequat neque, et eleifend nulla aliquam eu.",Author 306,12,nha-gia-kim-an-ban-ac-biet-20-nam-thanh-lap-nha-nam-bia-cung,NXB 306,2004,76
https://cdn1.fahasa.com/media/catalog/product/8/9/8934974175643.jpg,Những Kẻ Âu Lo - Anxious People,153000,8,9780085480303,"Lorem ipsum dolor sit amet, consectetur adipiscing elit. Nam congue vel tellus non luctus. Vestibulum vitae nunc lorem. Sed lacinia lectus vel augue imperdiet ultricies. Donec id venenatis ex, vitae pretium ligula. Sed nulla eros, dignissim at feugiat non, posuere sit amet urna. Ut eu porttitor tellus. Cras eu massa nulla. Morbi porta fermentum elit eu iaculis. Pellentesque hendrerit venenatis purus at feugiat. Pellentesque vitae feugiat purus. Donec mattis rhoncus lacinia. Sed quam diam, molestie id laoreet eu, lacinia ac turpis. Cras tincidunt lobortis elit quis aliquam. Proin et massa libero.

Aliquam id pharetra arcu. Vivamus vitae mattis ligula. Sed efficitur urna vitae scelerisque tempor. Proin purus magna, vulputate eu ligula a, vehicula malesuada enim. Curabitur aliquet rutrum enim et tincidunt. Vestibulum ante ipsum primis in faucibus orci luctus et ultrices posuere cubilia curae; Vivamus pharetra enim leo, nec molestie nibh consectetur quis. Class aptent taciti sociosqu ad litora torquent per conubia nostra, per inceptos himenaeos. Nunc quis maximus elit, vitae pulvinar urna. Integer at mi elit. Phasellus vitae rutrum sem. Vivamus et mauris ac nisl congue congue eu eget elit. Nullam at quam velit. Pellentesque dictum, diam nec tempor aliquet, tortor justo fermentum sapien, at condimentum turpis elit vel sapien. Aenean rutrum tellus sodales tortor viverra eleifend.

Donec facilisis, diam efficitur maximus ultrices, enim lectus rutrum elit, eget malesuada mi justo dapibus enim. Maecenas finibus euismod nulla quis dignissim. Sed dictum ante rutrum turpis euismod laoreet. Sed placerat tellus leo. In ut lobortis lorem. Nullam vitae lectus egestas urna tincidunt aliquet. Ut sagittis vel enim eget malesuada. Cras in congue tortor. Interdum et malesuada fames ac ante ipsum primis in faucibus. Nunc tempus consequat neque, et eleifend nulla aliquam eu.",Author 307,11,nhung-ke-au-lo-anxious-people,NXB 307,2004,139
https://cdn1.fahasa.com/media/catalog/product/8/9/8934974178613.jpg,Hạ Đỏ (Tái Bản 2022),32000,8,9780085480304,"Lorem ipsum dolor sit amet, consectetur adipiscing elit. Nam congue vel tellus non luctus. Vestibulum vitae nunc lorem. Sed lacinia lectus vel augue imperdiet ultricies. Donec id venenatis ex, vitae pretium ligula. Sed nulla eros, dignissim at feugiat non, posuere sit amet urna. Ut eu porttitor tellus. Cras eu massa nulla. Morbi porta fermentum elit eu iaculis. Pellentesque hendrerit venenatis purus at feugiat. Pellentesque vitae feugiat purus. Donec mattis rhoncus lacinia. Sed quam diam, molestie id laoreet eu, lacinia ac turpis. Cras tincidunt lobortis elit quis aliquam. Proin et massa libero.

Aliquam id pharetra arcu. Vivamus vitae mattis ligula. Sed efficitur urna vitae scelerisque tempor. Proin purus magna, vulputate eu ligula a, vehicula malesuada enim. Curabitur aliquet rutrum enim et tincidunt. Vestibulum ante ipsum primis in faucibus orci luctus et ultrices posuere cubilia curae; Vivamus pharetra enim leo, nec molestie nibh consectetur quis. Class aptent taciti sociosqu ad litora torquent per conubia nostra, per inceptos himenaeos. Nunc quis maximus elit, vitae pulvinar urna. Integer at mi elit. Phasellus vitae rutrum sem. Vivamus et mauris ac nisl congue congue eu eget elit. Nullam at quam velit. Pellentesque dictum, diam nec tempor aliquet, tortor justo fermentum sapien, at condimentum turpis elit vel sapien. Aenean rutrum tellus sodales tortor viverra eleifend.

Donec facilisis, diam efficitur maximus ultrices, enim lectus rutrum elit, eget malesuada mi justo dapibus enim. Maecenas finibus euismod nulla quis dignissim. Sed dictum ante rutrum turpis euismod laoreet. Sed placerat tellus leo. In ut lobortis lorem. Nullam vitae lectus egestas urna tincidunt aliquet. Ut sagittis vel enim eget malesuada. Cras in congue tortor. Interdum et malesuada fames ac ante ipsum primis in faucibus. Nunc tempus consequat neque, et eleifend nulla aliquam eu.",Author 308,10,ha-o-tai-ban-2022,NXB 308,2019,132
https://cdn1.fahasa.com/media/catalog/product/9/7/9786043651591_1.jpg,Lén Nhặt Chuyện Đời,63500,8,9780085480305,"Lorem ipsum dolor sit amet, consectetur adipiscing elit. Nam congue vel tellus non luctus. Vestibulum vitae nunc lorem. Sed lacinia lectus vel augue imperdiet ultricies. Donec id venenatis ex, vitae pretium ligula. Sed nulla eros, dignissim at feugiat non, posuere sit amet urna. Ut eu porttitor tellus. Cras eu massa nulla. Morbi porta fermentum elit eu iaculis. Pellentesque hendrerit venenatis purus at feugiat. Pellentesque vitae feugiat purus. Donec mattis rhoncus lacinia. Sed quam diam, molestie id laoreet eu, lacinia ac turpis. Cras tincidunt lobortis elit quis aliquam. Proin et massa libero.

Aliquam id pharetra arcu. Vivamus vitae mattis ligula. Sed efficitur urna vitae scelerisque tempor. Proin purus magna, vulputate eu ligula a, vehicula malesuada enim. Curabitur aliquet rutrum enim et tincidunt. Vestibulum ante ipsum primis in faucibus orci luctus et ultrices posuere cubilia curae; Vivamus pharetra enim leo, nec molestie nibh consectetur quis. Class aptent taciti sociosqu ad litora torquent per conubia nostra, per inceptos himenaeos. Nunc quis maximus elit, vitae pulvinar urna. Integer at mi elit. Phasellus vitae rutrum sem. Vivamus et mauris ac nisl congue congue eu eget elit. Nullam at quam velit. Pellentesque dictum, diam nec tempor aliquet, tortor justo fermentum sapien, at condimentum turpis elit vel sapien. Aenean rutrum tellus sodales tortor viverra eleifend.

Donec facilisis, diam efficitur maximus ultrices, enim lectus rutrum elit, eget malesuada mi justo dapibus enim. Maecenas finibus euismod nulla quis dignissim. Sed dictum ante rutrum turpis euismod laoreet. Sed placerat tellus leo. In ut lobortis lorem. Nullam vitae lectus egestas urna tincidunt aliquet. Ut sagittis vel enim eget malesuada. Cras in congue tortor. Interdum et malesuada fames ac ante ipsum primis in faucibus. Nunc tempus consequat neque, et eleifend nulla aliquam eu.",Author 309,8,len-nhat-chuyen-oi,NXB 309,2021,124
https://cdn1.fahasa.com/media/catalog/product/m/u/mua-he-khong-ten---bia-mem---qua-tang-kem-1.jpg,Mùa Hè Không Tên - Tặng Kèm Bookmark 2 Mặt + Poster Tranh,110500,8,9780085480306,"Lorem ipsum dolor sit amet, consectetur adipiscing elit. Nam congue vel tellus non luctus. Vestibulum vitae nunc lorem. Sed lacinia lectus vel augue imperdiet ultricies. Donec id venenatis ex, vitae pretium ligula. Sed nulla eros, dignissim at feugiat non, posuere sit amet urna. Ut eu porttitor tellus. Cras eu massa nulla. Morbi porta fermentum elit eu iaculis. Pellentesque hendrerit venenatis purus at feugiat. Pellentesque vitae feugiat purus. Donec mattis rhoncus lacinia. Sed quam diam, molestie id laoreet eu, lacinia ac turpis. Cras tincidunt lobortis elit quis aliquam. Proin et massa libero.

Aliquam id pharetra arcu. Vivamus vitae mattis ligula. Sed efficitur urna vitae scelerisque tempor. Proin purus magna, vulputate eu ligula a, vehicula malesuada enim. Curabitur aliquet rutrum enim et tincidunt. Vestibulum ante ipsum primis in faucibus orci luctus et ultrices posuere cubilia curae; Vivamus pharetra enim leo, nec molestie nibh consectetur quis. Class aptent taciti sociosqu ad litora torquent per conubia nostra, per inceptos himenaeos. Nunc quis maximus elit, vitae pulvinar urna. Integer at mi elit. Phasellus vitae rutrum sem. Vivamus et mauris ac nisl congue congue eu eget elit. Nullam at quam velit. Pellentesque dictum, diam nec tempor aliquet, tortor justo fermentum sapien, at condimentum turpis elit vel sapien. Aenean rutrum tellus sodales tortor viverra eleifend.

Donec facilisis, diam efficitur maximus ultrices, enim lectus rutrum elit, eget malesuada mi justo dapibus enim. Maecenas finibus euismod nulla quis dignissim. Sed dictum ante rutrum turpis euismod laoreet. Sed placerat tellus leo. In ut lobortis lorem. Nullam vitae lectus egestas urna tincidunt aliquet. Ut sagittis vel enim eget malesuada. Cras in congue tortor. Interdum et malesuada fames ac ante ipsum primis in faucibus. Nunc tempus consequat neque, et eleifend nulla aliquam eu.",Author 310,17,mua-he-khong-ten-tang-kem-bookmark-2-mat-poster-tranh,NXB 310,2003,72
https://cdn1.fahasa.com/media/catalog/product/8/9/8934974178637.jpg,Mắt Biếc (Tái Bản 2022),36500,8,9780085480307,"Lorem ipsum dolor sit amet, consectetur adipiscing elit. Nam congue vel tellus non luctus. Vestibulum vitae nunc lorem. Sed lacinia lectus vel augue imperdiet ultricies. Donec id venenatis ex, vitae pretium ligula. Sed nulla eros, dignissim at feugiat non, posuere sit amet urna. Ut eu porttitor tellus. Cras eu massa nulla. Morbi porta fermentum elit eu iaculis. Pellentesque hendrerit venenatis purus at feugiat. Pellentesque vitae feugiat purus. Donec mattis rhoncus lacinia. Sed quam diam, molestie id laoreet eu, lacinia ac turpis. Cras tincidunt lobortis elit quis aliquam. Proin et massa libero.

Aliquam id pharetra arcu. Vivamus vitae mattis ligula. Sed efficitur urna vitae scelerisque tempor. Proin purus magna, vulputate eu ligula a, vehicula malesuada enim. Curabitur aliquet rutrum enim et tincidunt. Vestibulum ante ipsum primis in faucibus orci luctus et ultrices posuere cubilia curae; Vivamus pharetra enim leo, nec molestie nibh consectetur quis. Class aptent taciti sociosqu ad litora torquent per conubia nostra, per inceptos himenaeos. Nunc quis maximus elit, vitae pulvinar urna. Integer at mi elit. Phasellus vitae rutrum sem. Vivamus et mauris ac nisl congue congue eu eget elit. Nullam at quam velit. Pellentesque dictum, diam nec tempor aliquet, tortor justo fermentum sapien, at condimentum turpis elit vel sapien. Aenean rutrum tellus sodales tortor viverra eleifend.

Donec facilisis, diam efficitur maximus ultrices, enim lectus rutrum elit, eget malesuada mi justo dapibus enim. Maecenas finibus euismod nulla quis dignissim. Sed dictum ante rutrum turpis euismod laoreet. Sed placerat tellus leo. In ut lobortis lorem. Nullam vitae lectus egestas urna tincidunt aliquet. Ut sagittis vel enim eget malesuada. Cras in congue tortor. Interdum et malesuada fames ac ante ipsum primis in faucibus. Nunc tempus consequat neque, et eleifend nulla aliquam eu.",Author 311,15,mat-biec-tai-ban-2022,NXB 311,2007,79
https://cdn1.fahasa.com/media/catalog/product/s/p/sp2_25.jpg,Thương Nhớ Tình Thi - Tặng Kèm Bookmark Cán Màng Lụa Ánh Ngọc Trai,179000,8,9780085480308,"Lorem ipsum dolor sit amet, consectetur adipiscing elit. Nam congue vel tellus non luctus. Vestibulum vitae nunc lorem. Sed lacinia lectus vel augue imperdiet ultricies. Donec id venenatis ex, vitae pretium ligula. Sed nulla eros, dignissim at feugiat non, posuere sit amet urna. Ut eu porttitor tellus. Cras eu massa nulla. Morbi porta fermentum elit eu iaculis. Pellentesque hendrerit venenatis purus at feugiat. Pellentesque vitae feugiat purus. Donec mattis rhoncus lacinia. Sed quam diam, molestie id laoreet eu, lacinia ac turpis. Cras tincidunt lobortis elit quis aliquam. Proin et massa libero.

Aliquam id pharetra arcu. Vivamus vitae mattis ligula. Sed efficitur urna vitae scelerisque tempor. Proin purus magna, vulputate eu ligula a, vehicula malesuada enim. Curabitur aliquet rutrum enim et tincidunt. Vestibulum ante ipsum primis in faucibus orci luctus et ultrices posuere cubilia curae; Vivamus pharetra enim leo, nec molestie nibh consectetur quis. Class aptent taciti sociosqu ad litora torquent per conubia nostra, per inceptos himenaeos. Nunc quis maximus elit, vitae pulvinar urna. Integer at mi elit. Phasellus vitae rutrum sem. Vivamus et mauris ac nisl congue congue eu eget elit. Nullam at quam velit. Pellentesque dictum, diam nec tempor aliquet, tortor justo fermentum sapien, at condimentum turpis elit vel sapien. Aenean rutrum tellus sodales tortor viverra eleifend.

Donec facilisis, diam efficitur maximus ultrices, enim lectus rutrum elit, eget malesuada mi justo dapibus enim. Maecenas finibus euismod nulla quis dignissim. Sed dictum ante rutrum turpis euismod laoreet. Sed placerat tellus leo. In ut lobortis lorem. Nullam vitae lectus egestas urna tincidunt aliquet. Ut sagittis vel enim eget malesuada. Cras in congue tortor. Interdum et malesuada fames ac ante ipsum primis in faucibus. Nunc tempus consequat neque, et eleifend nulla aliquam eu.",Author 312,10,thuong-nho-tinh-thi-tang-kem-bookmark-can-mang-lua-anh-ngoc-trai,NXB 312,2002,101
https://cdn1.fahasa.com/media/catalog/product/i/m/image_217480.jpg,Cây Cam Ngọt Của Tôi,91500,8,9780085480309,"Lorem ipsum dolor sit amet, consectetur adipiscing elit. Nam congue vel tellus non luctus. Vestibulum vitae nunc lorem. Sed lacinia lectus vel augue imperdiet ultricies. Donec id venenatis ex, vitae pretium ligula. Sed nulla eros, dignissim at feugiat non, posuere sit amet urna. Ut eu porttitor tellus. Cras eu massa nulla. Morbi porta fermentum elit eu iaculis. Pellentesque hendrerit venenatis purus at feugiat. Pellentesque vitae feugiat purus. Donec mattis rhoncus lacinia. Sed quam diam, molestie id laoreet eu, lacinia ac turpis. Cras tincidunt lobortis elit quis aliquam. Proin et massa libero.

Aliquam id pharetra arcu. Vivamus vitae mattis ligula. Sed efficitur urna vitae scelerisque tempor. Proin purus magna, vulputate eu ligula a, vehicula malesuada enim. Curabitur aliquet rutrum enim et tincidunt. Vestibulum ante ipsum primis in faucibus orci luctus et ultrices posuere cubilia curae; Vivamus pharetra enim leo, nec molestie nibh consectetur quis. Class aptent taciti sociosqu ad litora torquent per conubia nostra, per inceptos himenaeos. Nunc quis maximus elit, vitae pulvinar urna. Integer at mi elit. Phasellus vitae rutrum sem. Vivamus et mauris ac nisl congue congue eu eget elit. Nullam at quam velit. Pellentesque dictum, diam nec tempor aliquet, tortor justo fermentum sapien, at condimentum turpis elit vel sapien. Aenean rutrum tellus sodales tortor viverra eleifend.

Donec facilisis, diam efficitur maximus ultrices, enim lectus rutrum elit, eget malesuada mi justo dapibus enim. Maecenas finibus euismod nulla quis dignissim. Sed dictum ante rutrum turpis euismod laoreet. Sed placerat tellus leo. In ut lobortis lorem. Nullam vitae lectus egestas urna tincidunt aliquet. Ut sagittis vel enim eget malesuada. Cras in congue tortor. Interdum et malesuada fames ac ante ipsum primis in faucibus. Nunc tempus consequat neque, et eleifend nulla aliquam eu.",Author 313,10,cay-cam-ngot-cua-toi,NXB 313,2022,75
https://cdn1.fahasa.com/media/catalog/product/8/9/8935075961890.jpg,Mưa Đỏ - Ấn Bản Bìa Cứng - Kèm Hộp + Chữ Ký Scan,233500,8,9780085480310,"Lorem ipsum dolor sit amet, consectetur adipiscing elit. Nam congue vel tellus non luctus. Vestibulum vitae nunc lorem. Sed lacinia lectus vel augue imperdiet ultricies. Donec id venenatis ex, vitae pretium ligula. Sed nulla eros, dignissim at feugiat non, posuere sit amet urna. Ut eu porttitor tellus. Cras eu massa nulla. Morbi porta fermentum elit eu iaculis. Pellentesque hendrerit venenatis purus at feugiat. Pellentesque vitae feugiat purus. Donec mattis rhoncus lacinia. Sed quam diam, molestie id laoreet eu, lacinia ac turpis. Cras tincidunt lobortis elit quis aliquam. Proin et massa libero.

Aliquam id pharetra arcu. Vivamus vitae mattis ligula. Sed efficitur urna vitae scelerisque tempor. Proin purus magna, vulputate eu ligula a, vehicula malesuada enim. Curabitur aliquet rutrum enim et tincidunt. Vestibulum ante ipsum primis in faucibus orci luctus et ultrices posuere cubilia curae; Vivamus pharetra enim leo, nec molestie nibh consectetur quis. Class aptent taciti sociosqu ad litora torquent per conubia nostra, per inceptos himenaeos. Nunc quis maximus elit, vitae pulvinar urna. Integer at mi elit. Phasellus vitae rutrum sem. Vivamus et mauris ac nisl congue congue eu eget elit. Nullam at quam velit. Pellentesque dictum, diam nec tempor aliquet, tortor justo fermentum sapien, at condimentum turpis elit vel sapien. Aenean rutrum tellus sodales tortor viverra eleifend.

Donec facilisis, diam efficitur maximus ultrices, enim lectus rutrum elit, eget malesuada mi justo dapibus enim. Maecenas finibus euismod nulla quis dignissim. Sed dictum ante rutrum turpis euismod laoreet. Sed placerat tellus leo. In ut lobortis lorem. Nullam vitae lectus egestas urna tincidunt aliquet. Ut sagittis vel enim eget malesuada. Cras in congue tortor. Interdum et malesuada fames ac ante ipsum primis in faucibus. Nunc tempus consequat neque, et eleifend nulla aliquam eu.",Author 314,17,mua-o-an-ban-bia-cung-kem-hop-chu-ky-scan,NXB 314,2009,55
https://cdn1.fahasa.com/media/catalog/product/8/9/8934974213888.jpg,Beartown - Tập 3 - Những Người Chiến Thắng,306000,8,9780085480311,"Lorem ipsum dolor sit amet, consectetur adipiscing elit. Nam congue vel tellus non luctus. Vestibulum vitae nunc lorem. Sed lacinia lectus vel augue imperdiet ultricies. Donec id venenatis ex, vitae pretium ligula. Sed nulla eros, dignissim at feugiat non, posuere sit amet urna. Ut eu porttitor tellus. Cras eu massa nulla. Morbi porta fermentum elit eu iaculis. Pellentesque hendrerit venenatis purus at feugiat. Pellentesque vitae feugiat purus. Donec mattis rhoncus lacinia. Sed quam diam, molestie id laoreet eu, lacinia ac turpis. Cras tincidunt lobortis elit quis aliquam. Proin et massa libero.

Aliquam id pharetra arcu. Vivamus vitae mattis ligula. Sed efficitur urna vitae scelerisque tempor. Proin purus magna, vulputate eu ligula a, vehicula malesuada enim. Curabitur aliquet rutrum enim et tincidunt. Vestibulum ante ipsum primis in faucibus orci luctus et ultrices posuere cubilia curae; Vivamus pharetra enim leo, nec molestie nibh consectetur quis. Class aptent taciti sociosqu ad litora torquent per conubia nostra, per inceptos himenaeos. Nunc quis maximus elit, vitae pulvinar urna. Integer at mi elit. Phasellus vitae rutrum sem. Vivamus et mauris ac nisl congue congue eu eget elit. Nullam at quam velit. Pellentesque dictum, diam nec tempor aliquet, tortor justo fermentum sapien, at condimentum turpis elit vel sapien. Aenean rutrum tellus sodales tortor viverra eleifend.

Donec facilisis, diam efficitur maximus ultrices, enim lectus rutrum elit, eget malesuada mi justo dapibus enim. Maecenas finibus euismod nulla quis dignissim. Sed dictum ante rutrum turpis euismod laoreet. Sed placerat tellus leo. In ut lobortis lorem. Nullam vitae lectus egestas urna tincidunt aliquet. Ut sagittis vel enim eget malesuada. Cras in congue tortor. Interdum et malesuada fames ac ante ipsum primis in faucibus. Nunc tempus consequat neque, et eleifend nulla aliquam eu.",Author 315,13,beartown-tap-3-nhung-nguoi-chien-thang,NXB 315,2009,100
https://cdn1.fahasa.com/media/catalog/product/b/_/b_n-th_ng-ho_ng-t_-t_n-nh_n.jpg,Hoàng Tử Tàn Nhẫn - Tặng Kèm Bookmark Ivory Bồi Cứng + Bookmark PVC Trong + Decal Cán Màng Sao Trời,179000,8,9780085480312,"Lorem ipsum dolor sit amet, consectetur adipiscing elit. Nam congue vel tellus non luctus. Vestibulum vitae nunc lorem. Sed lacinia lectus vel augue imperdiet ultricies. Donec id venenatis ex, vitae pretium ligula. Sed nulla eros, dignissim at feugiat non, posuere sit amet urna. Ut eu porttitor tellus. Cras eu massa nulla. Morbi porta fermentum elit eu iaculis. Pellentesque hendrerit venenatis purus at feugiat. Pellentesque vitae feugiat purus. Donec mattis rhoncus lacinia. Sed quam diam, molestie id laoreet eu, lacinia ac turpis. Cras tincidunt lobortis elit quis aliquam. Proin et massa libero.

Aliquam id pharetra arcu. Vivamus vitae mattis ligula. Sed efficitur urna vitae scelerisque tempor. Proin purus magna, vulputate eu ligula a, vehicula malesuada enim. Curabitur aliquet rutrum enim et tincidunt. Vestibulum ante ipsum primis in faucibus orci luctus et ultrices posuere cubilia curae; Vivamus pharetra enim leo, nec molestie nibh consectetur quis. Class aptent taciti sociosqu ad litora torquent per conubia nostra, per inceptos himenaeos. Nunc quis maximus elit, vitae pulvinar urna. Integer at mi elit. Phasellus vitae rutrum sem. Vivamus et mauris ac nisl congue congue eu eget elit. Nullam at quam velit. Pellentesque dictum, diam nec tempor aliquet, tortor justo fermentum sapien, at condimentum turpis elit vel sapien. Aenean rutrum tellus sodales tortor viverra eleifend.

Donec facilisis, diam efficitur maximus ultrices, enim lectus rutrum elit, eget malesuada mi justo dapibus enim. Maecenas finibus euismod nulla quis dignissim. Sed dictum ante rutrum turpis euismod laoreet. Sed placerat tellus leo. In ut lobortis lorem. Nullam vitae lectus egestas urna tincidunt aliquet. Ut sagittis vel enim eget malesuada. Cras in congue tortor. Interdum et malesuada fames ac ante ipsum primis in faucibus. Nunc tempus consequat neque, et eleifend nulla aliquam eu.",Author 316,11,hoang-tu-tan-nhan-tang-kem-bookmark-ivory-boi-cung-bookmark-pvc-trong-decal-can-mang-sao-troi,NXB 316,2009,99
https://cdn1.fahasa.com/media/catalog/product/8/9/8935212374675.jpg,Bộ Sách Gặp Anh Của Thời Niên Thiếu - Tập 1 + Tập 2 (Bộ 2 Tập) - Bản Đặc Biệt - Tặng Kèm 2 Bookmark Bồi Cứng + 1 Postcard Chữ Ký In + 2 Postcard Nhân Vật + 1 Card PVC + 1 Standee Mica,329760,8,9780085480313,"Lorem ipsum dolor sit amet, consectetur adipiscing elit. Nam congue vel tellus non luctus. Vestibulum vitae nunc lorem. Sed lacinia lectus vel augue imperdiet ultricies. Donec id venenatis ex, vitae pretium ligula. Sed nulla eros, dignissim at feugiat non, posuere sit amet urna. Ut eu porttitor tellus. Cras eu massa nulla. Morbi porta fermentum elit eu iaculis. Pellentesque hendrerit venenatis purus at feugiat. Pellentesque vitae feugiat purus. Donec mattis rhoncus lacinia. Sed quam diam, molestie id laoreet eu, lacinia ac turpis. Cras tincidunt lobortis elit quis aliquam. Proin et massa libero.

Aliquam id pharetra arcu. Vivamus vitae mattis ligula. Sed efficitur urna vitae scelerisque tempor. Proin purus magna, vulputate eu ligula a, vehicula malesuada enim. Curabitur aliquet rutrum enim et tincidunt. Vestibulum ante ipsum primis in faucibus orci luctus et ultrices posuere cubilia curae; Vivamus pharetra enim leo, nec molestie nibh consectetur quis. Class aptent taciti sociosqu ad litora torquent per conubia nostra, per inceptos himenaeos. Nunc quis maximus elit, vitae pulvinar urna. Integer at mi elit. Phasellus vitae rutrum sem. Vivamus et mauris ac nisl congue congue eu eget elit. Nullam at quam velit. Pellentesque dictum, diam nec tempor aliquet, tortor justo fermentum sapien, at condimentum turpis elit vel sapien. Aenean rutrum tellus sodales tortor viverra eleifend.

Donec facilisis, diam efficitur maximus ultrices, enim lectus rutrum elit, eget malesuada mi justo dapibus enim. Maecenas finibus euismod nulla quis dignissim. Sed dictum ante rutrum turpis euismod laoreet. Sed placerat tellus leo. In ut lobortis lorem. Nullam vitae lectus egestas urna tincidunt aliquet. Ut sagittis vel enim eget malesuada. Cras in congue tortor. Interdum et malesuada fames ac ante ipsum primis in faucibus. Nunc tempus consequat neque, et eleifend nulla aliquam eu.",Author 317,17,bo-sach-gap-anh-cua-thoi-nien-thieu-tap-1-tap-2-bo-2-tap-ban-ac-biet-tang-kem-2-bookmark-boi-cung-1-postcard-chu-ky-in-2-postcard-nhan-vat-1-card-pvc-1-standee-mica,NXB 317,2021,85
https://cdn1.fahasa.com/media/catalog/product/u/n/untitled-1_3_25.jpg,Hồn Thiêng Sông Núi - Bìa Cứng,188000,8,9780085480314,"Lorem ipsum dolor sit amet, consectetur adipiscing elit. Nam congue vel tellus non luctus. Vestibulum vitae nunc lorem. Sed lacinia lectus vel augue imperdiet ultricies. Donec id venenatis ex, vitae pretium ligula. Sed nulla eros, dignissim at feugiat non, posuere sit amet urna. Ut eu porttitor tellus. Cras eu massa nulla. Morbi porta fermentum elit eu iaculis. Pellentesque hendrerit venenatis purus at feugiat. Pellentesque vitae feugiat purus. Donec mattis rhoncus lacinia. Sed quam diam, molestie id laoreet eu, lacinia ac turpis. Cras tincidunt lobortis elit quis aliquam. Proin et massa libero.

Aliquam id pharetra arcu. Vivamus vitae mattis ligula. Sed efficitur urna vitae scelerisque tempor. Proin purus magna, vulputate eu ligula a, vehicula malesuada enim. Curabitur aliquet rutrum enim et tincidunt. Vestibulum ante ipsum primis in faucibus orci luctus et ultrices posuere cubilia curae; Vivamus pharetra enim leo, nec molestie nibh consectetur quis. Class aptent taciti sociosqu ad litora torquent per conubia nostra, per inceptos himenaeos. Nunc quis maximus elit, vitae pulvinar urna. Integer at mi elit. Phasellus vitae rutrum sem. Vivamus et mauris ac nisl congue congue eu eget elit. Nullam at quam velit. Pellentesque dictum, diam nec tempor aliquet, tortor justo fermentum sapien, at condimentum turpis elit vel sapien. Aenean rutrum tellus sodales tortor viverra eleifend.

Donec facilisis, diam efficitur maximus ultrices, enim lectus rutrum elit, eget malesuada mi justo dapibus enim. Maecenas finibus euismod nulla quis dignissim. Sed dictum ante rutrum turpis euismod laoreet. Sed placerat tellus leo. In ut lobortis lorem. Nullam vitae lectus egestas urna tincidunt aliquet. Ut sagittis vel enim eget malesuada. Cras in congue tortor. Interdum et malesuada fames ac ante ipsum primis in faucibus. Nunc tempus consequat neque, et eleifend nulla aliquam eu.",Author 318,17,hon-thieng-song-nui-bia-cung,NXB 318,2006,50
https://cdn1.fahasa.com/media/catalog/product/8/9/8935235244177.jpg,Điều Kỳ Diệu Của Tiệm Tạp Hóa Namiya,118000,8,9780085480315,"Lorem ipsum dolor sit amet, consectetur adipiscing elit. Nam congue vel tellus non luctus. Vestibulum vitae nunc lorem. Sed lacinia lectus vel augue imperdiet ultricies. Donec id venenatis ex, vitae pretium ligula. Sed nulla eros, dignissim at feugiat non, posuere sit amet urna. Ut eu porttitor tellus. Cras eu massa nulla. Morbi porta fermentum elit eu iaculis. Pellentesque hendrerit venenatis purus at feugiat. Pellentesque vitae feugiat purus. Donec mattis rhoncus lacinia. Sed quam diam, molestie id laoreet eu, lacinia ac turpis. Cras tincidunt lobortis elit quis aliquam. Proin et massa libero.

Aliquam id pharetra arcu. Vivamus vitae mattis ligula. Sed efficitur urna vitae scelerisque tempor. Proin purus magna, vulputate eu ligula a, vehicula malesuada enim. Curabitur aliquet rutrum enim et tincidunt. Vestibulum ante ipsum primis in faucibus orci luctus et ultrices posuere cubilia curae; Vivamus pharetra enim leo, nec molestie nibh consectetur quis. Class aptent taciti sociosqu ad litora torquent per conubia nostra, per inceptos himenaeos. Nunc quis maximus elit, vitae pulvinar urna. Integer at mi elit. Phasellus vitae rutrum sem. Vivamus et mauris ac nisl congue congue eu eget elit. Nullam at quam velit. Pellentesque dictum, diam nec tempor aliquet, tortor justo fermentum sapien, at condimentum turpis elit vel sapien. Aenean rutrum tellus sodales tortor viverra eleifend.

Donec facilisis, diam efficitur maximus ultrices, enim lectus rutrum elit, eget malesuada mi justo dapibus enim. Maecenas finibus euismod nulla quis dignissim. Sed dictum ante rutrum turpis euismod laoreet. Sed placerat tellus leo. In ut lobortis lorem. Nullam vitae lectus egestas urna tincidunt aliquet. Ut sagittis vel enim eget malesuada. Cras in congue tortor. Interdum et malesuada fames ac ante ipsum primis in faucibus. Nunc tempus consequat neque, et eleifend nulla aliquam eu.",Author 319,16,ieu-ky-dieu-cua-tiem-tap-hoa-namiya,NXB 319,2019,85
https://cdn1.fahasa.com/media/catalog/product/8/9/8934974212249.jpg,Khi Tách Cà Phê Còn Chưa Nguội,123000,8,9780085480316,"Lorem ipsum dolor sit amet, consectetur adipiscing elit. Nam congue vel tellus non luctus. Vestibulum vitae nunc lorem. Sed lacinia lectus vel augue imperdiet ultricies. Donec id venenatis ex, vitae pretium ligula. Sed nulla eros, dignissim at feugiat non, posuere sit amet urna. Ut eu porttitor tellus. Cras eu massa nulla. Morbi porta fermentum elit eu iaculis. Pellentesque hendrerit venenatis purus at feugiat. Pellentesque vitae feugiat purus. Donec mattis rhoncus lacinia. Sed quam diam, molestie id laoreet eu, lacinia ac turpis. Cras tincidunt lobortis elit quis aliquam. Proin et massa libero.

Aliquam id pharetra arcu. Vivamus vitae mattis ligula. Sed efficitur urna vitae scelerisque tempor. Proin purus magna, vulputate eu ligula a, vehicula malesuada enim. Curabitur aliquet rutrum enim et tincidunt. Vestibulum ante ipsum primis in faucibus orci luctus et ultrices posuere cubilia curae; Vivamus pharetra enim leo, nec molestie nibh consectetur quis. Class aptent taciti sociosqu ad litora torquent per conubia nostra, per inceptos himenaeos. Nunc quis maximus elit, vitae pulvinar urna. Integer at mi elit. Phasellus vitae rutrum sem. Vivamus et mauris ac nisl congue congue eu eget elit. Nullam at quam velit. Pellentesque dictum, diam nec tempor aliquet, tortor justo fermentum sapien, at condimentum turpis elit vel sapien. Aenean rutrum tellus sodales tortor viverra eleifend.

Donec facilisis, diam efficitur maximus ultrices, enim lectus rutrum elit, eget malesuada mi justo dapibus enim. Maecenas finibus euismod nulla quis dignissim. Sed dictum ante rutrum turpis euismod laoreet. Sed placerat tellus leo. In ut lobortis lorem. Nullam vitae lectus egestas urna tincidunt aliquet. Ut sagittis vel enim eget malesuada. Cras in congue tortor. Interdum et malesuada fames ac ante ipsum primis in faucibus. Nunc tempus consequat neque, et eleifend nulla aliquam eu.",Author 320,14,khi-tach-ca-phe-con-chua-nguoi,NXB 320,2024,100
https://cdn1.fahasa.com/media/catalog/product/z/5/z5486721869658_44e78a96b676fe662cb7f7e0bd582105_1_1.jpg,Vượt Côn Đảo (Tái Bản 2025),72000,8,9780085480317,"Lorem ipsum dolor sit amet, consectetur adipiscing elit. Nam congue vel tellus non luctus. Vestibulum vitae nunc lorem. Sed lacinia lectus vel augue imperdiet ultricies. Donec id venenatis ex, vitae pretium ligula. Sed nulla eros, dignissim at feugiat non, posuere sit amet urna. Ut eu porttitor tellus. Cras eu massa nulla. Morbi porta fermentum elit eu iaculis. Pellentesque hendrerit venenatis purus at feugiat. Pellentesque vitae feugiat purus. Donec mattis rhoncus lacinia. Sed quam diam, molestie id laoreet eu, lacinia ac turpis. Cras tincidunt lobortis elit quis aliquam. Proin et massa libero.

Aliquam id pharetra arcu. Vivamus vitae mattis ligula. Sed efficitur urna vitae scelerisque tempor. Proin purus magna, vulputate eu ligula a, vehicula malesuada enim. Curabitur aliquet rutrum enim et tincidunt. Vestibulum ante ipsum primis in faucibus orci luctus et ultrices posuere cubilia curae; Vivamus pharetra enim leo, nec molestie nibh consectetur quis. Class aptent taciti sociosqu ad litora torquent per conubia nostra, per inceptos himenaeos. Nunc quis maximus elit, vitae pulvinar urna. Integer at mi elit. Phasellus vitae rutrum sem. Vivamus et mauris ac nisl congue congue eu eget elit. Nullam at quam velit. Pellentesque dictum, diam nec tempor aliquet, tortor justo fermentum sapien, at condimentum turpis elit vel sapien. Aenean rutrum tellus sodales tortor viverra eleifend.

Donec facilisis, diam efficitur maximus ultrices, enim lectus rutrum elit, eget malesuada mi justo dapibus enim. Maecenas finibus euismod nulla quis dignissim. Sed dictum ante rutrum turpis euismod laoreet. Sed placerat tellus leo. In ut lobortis lorem. Nullam vitae lectus egestas urna tincidunt aliquet. Ut sagittis vel enim eget malesuada. Cras in congue tortor. Interdum et malesuada fames ac ante ipsum primis in faucibus. Nunc tempus consequat neque, et eleifend nulla aliquam eu.",Author 321,14,vuot-con-ao-tai-ban-2025,NXB 321,2024,138
https://cdn1.fahasa.com/media/catalog/product/b/i/bia-1-h_nh-lang-hai-l_p.jpg,Hành Lang Hai Lớp,167000,8,9780085480318,"Lorem ipsum dolor sit amet, consectetur adipiscing elit. Nam congue vel tellus non luctus. Vestibulum vitae nunc lorem. Sed lacinia lectus vel augue imperdiet ultricies. Donec id venenatis ex, vitae pretium ligula. Sed nulla eros, dignissim at feugiat non, posuere sit amet urna. Ut eu porttitor tellus. Cras eu massa nulla. Morbi porta fermentum elit eu iaculis. Pellentesque hendrerit venenatis purus at feugiat. Pellentesque vitae feugiat purus. Donec mattis rhoncus lacinia. Sed quam diam, molestie id laoreet eu, lacinia ac turpis. Cras tincidunt lobortis elit quis aliquam. Proin et massa libero.

Aliquam id pharetra arcu. Vivamus vitae mattis ligula. Sed efficitur urna vitae scelerisque tempor. Proin purus magna, vulputate eu ligula a, vehicula malesuada enim. Curabitur aliquet rutrum enim et tincidunt. Vestibulum ante ipsum primis in faucibus orci luctus et ultrices posuere cubilia curae; Vivamus pharetra enim leo, nec molestie nibh consectetur quis. Class aptent taciti sociosqu ad litora torquent per conubia nostra, per inceptos himenaeos. Nunc quis maximus elit, vitae pulvinar urna. Integer at mi elit. Phasellus vitae rutrum sem. Vivamus et mauris ac nisl congue congue eu eget elit. Nullam at quam velit. Pellentesque dictum, diam nec tempor aliquet, tortor justo fermentum sapien, at condimentum turpis elit vel sapien. Aenean rutrum tellus sodales tortor viverra eleifend.

Donec facilisis, diam efficitur maximus ultrices, enim lectus rutrum elit, eget malesuada mi justo dapibus enim. Maecenas finibus euismod nulla quis dignissim. Sed dictum ante rutrum turpis euismod laoreet. Sed placerat tellus leo. In ut lobortis lorem. Nullam vitae lectus egestas urna tincidunt aliquet. Ut sagittis vel enim eget malesuada. Cras in congue tortor. Interdum et malesuada fames ac ante ipsum primis in faucibus. Nunc tempus consequat neque, et eleifend nulla aliquam eu.",Author 322,5,hanh-lang-hai-lop,NXB 322,2019,97
https://cdn1.fahasa.com/media/catalog/product/8/9/8934974176213.jpg,Vừa Nhắm Mắt Vừa Mở Cửa Số (Tái Bản 2022),63500,8,9780085480319,"Lorem ipsum dolor sit amet, consectetur adipiscing elit. Nam congue vel tellus non luctus. Vestibulum vitae nunc lorem. Sed lacinia lectus vel augue imperdiet ultricies. Donec id venenatis ex, vitae pretium ligula. Sed nulla eros, dignissim at feugiat non, posuere sit amet urna. Ut eu porttitor tellus. Cras eu massa nulla. Morbi porta fermentum elit eu iaculis. Pellentesque hendrerit venenatis purus at feugiat. Pellentesque vitae feugiat purus. Donec mattis rhoncus lacinia. Sed quam diam, molestie id laoreet eu, lacinia ac turpis. Cras tincidunt lobortis elit quis aliquam. Proin et massa libero.

Aliquam id pharetra arcu. Vivamus vitae mattis ligula. Sed efficitur urna vitae scelerisque tempor. Proin purus magna, vulputate eu ligula a, vehicula malesuada enim. Curabitur aliquet rutrum enim et tincidunt. Vestibulum ante ipsum primis in faucibus orci luctus et ultrices posuere cubilia curae; Vivamus pharetra enim leo, nec molestie nibh consectetur quis. Class aptent taciti sociosqu ad litora torquent per conubia nostra, per inceptos himenaeos. Nunc quis maximus elit, vitae pulvinar urna. Integer at mi elit. Phasellus vitae rutrum sem. Vivamus et mauris ac nisl congue congue eu eget elit. Nullam at quam velit. Pellentesque dictum, diam nec tempor aliquet, tortor justo fermentum sapien, at condimentum turpis elit vel sapien. Aenean rutrum tellus sodales tortor viverra eleifend.

Donec facilisis, diam efficitur maximus ultrices, enim lectus rutrum elit, eget malesuada mi justo dapibus enim. Maecenas finibus euismod nulla quis dignissim. Sed dictum ante rutrum turpis euismod laoreet. Sed placerat tellus leo. In ut lobortis lorem. Nullam vitae lectus egestas urna tincidunt aliquet. Ut sagittis vel enim eget malesuada. Cras in congue tortor. Interdum et malesuada fames ac ante ipsum primis in faucibus. Nunc tempus consequat neque, et eleifend nulla aliquam eu.",Author 323,18,vua-nham-mat-vua-mo-cua-so-tai-ban-2022,NXB 323,2008,140
https://cdn1.fahasa.com/media/catalog/product/8/9/8935235237773.jpg,Người Đua Diều,109500,8,9780085480320,"Lorem ipsum dolor sit amet, consectetur adipiscing elit. Nam congue vel tellus non luctus. Vestibulum vitae nunc lorem. Sed lacinia lectus vel augue imperdiet ultricies. Donec id venenatis ex, vitae pretium ligula. Sed nulla eros, dignissim at feugiat non, posuere sit amet urna. Ut eu porttitor tellus. Cras eu massa nulla. Morbi porta fermentum elit eu iaculis. Pellentesque hendrerit venenatis purus at feugiat. Pellentesque vitae feugiat purus. Donec mattis rhoncus lacinia. Sed quam diam, molestie id laoreet eu, lacinia ac turpis. Cras tincidunt lobortis elit quis aliquam. Proin et massa libero.

Aliquam id pharetra arcu. Vivamus vitae mattis ligula. Sed efficitur urna vitae scelerisque tempor. Proin purus magna, vulputate eu ligula a, vehicula malesuada enim. Curabitur aliquet rutrum enim et tincidunt. Vestibulum ante ipsum primis in faucibus orci luctus et ultrices posuere cubilia curae; Vivamus pharetra enim leo, nec molestie nibh consectetur quis. Class aptent taciti sociosqu ad litora torquent per conubia nostra, per inceptos himenaeos. Nunc quis maximus elit, vitae pulvinar urna. Integer at mi elit. Phasellus vitae rutrum sem. Vivamus et mauris ac nisl congue congue eu eget elit. Nullam at quam velit. Pellentesque dictum, diam nec tempor aliquet, tortor justo fermentum sapien, at condimentum turpis elit vel sapien. Aenean rutrum tellus sodales tortor viverra eleifend.

Donec facilisis, diam efficitur maximus ultrices, enim lectus rutrum elit, eget malesuada mi justo dapibus enim. Maecenas finibus euismod nulla quis dignissim. Sed dictum ante rutrum turpis euismod laoreet. Sed placerat tellus leo. In ut lobortis lorem. Nullam vitae lectus egestas urna tincidunt aliquet. Ut sagittis vel enim eget malesuada. Cras in congue tortor. Interdum et malesuada fames ac ante ipsum primis in faucibus. Nunc tempus consequat neque, et eleifend nulla aliquam eu.",Author 324,3,nguoi-ua-dieu,NXB 324,2017,101
https://cdn1.fahasa.com/media/catalog/product/8/9/8934974178521.jpg,Bàn Có Năm Chỗ Ngồi (Tái Bản 2022),32000,8,9780085480321,"Lorem ipsum dolor sit amet, consectetur adipiscing elit. Nam congue vel tellus non luctus. Vestibulum vitae nunc lorem. Sed lacinia lectus vel augue imperdiet ultricies. Donec id venenatis ex, vitae pretium ligula. Sed nulla eros, dignissim at feugiat non, posuere sit amet urna. Ut eu porttitor tellus. Cras eu massa nulla. Morbi porta fermentum elit eu iaculis. Pellentesque hendrerit venenatis purus at feugiat. Pellentesque vitae feugiat purus. Donec mattis rhoncus lacinia. Sed quam diam, molestie id laoreet eu, lacinia ac turpis. Cras tincidunt lobortis elit quis aliquam. Proin et massa libero.

Aliquam id pharetra arcu. Vivamus vitae mattis ligula. Sed efficitur urna vitae scelerisque tempor. Proin purus magna, vulputate eu ligula a, vehicula malesuada enim. Curabitur aliquet rutrum enim et tincidunt. Vestibulum ante ipsum primis in faucibus orci luctus et ultrices posuere cubilia curae; Vivamus pharetra enim leo, nec molestie nibh consectetur quis. Class aptent taciti sociosqu ad litora torquent per conubia nostra, per inceptos himenaeos. Nunc quis maximus elit, vitae pulvinar urna. Integer at mi elit. Phasellus vitae rutrum sem. Vivamus et mauris ac nisl congue congue eu eget elit. Nullam at quam velit. Pellentesque dictum, diam nec tempor aliquet, tortor justo fermentum sapien, at condimentum turpis elit vel sapien. Aenean rutrum tellus sodales tortor viverra eleifend.

Donec facilisis, diam efficitur maximus ultrices, enim lectus rutrum elit, eget malesuada mi justo dapibus enim. Maecenas finibus euismod nulla quis dignissim. Sed dictum ante rutrum turpis euismod laoreet. Sed placerat tellus leo. In ut lobortis lorem. Nullam vitae lectus egestas urna tincidunt aliquet. Ut sagittis vel enim eget malesuada. Cras in congue tortor. Interdum et malesuada fames ac ante ipsum primis in faucibus. Nunc tempus consequat neque, et eleifend nulla aliquam eu.",Author 325,11,ban-co-nam-cho-ngoi-tai-ban-2022,NXB 325,2011,55
https://cdn1.fahasa.com/media/catalog/product/b/i/biamem.jpg,Con Chim Xanh Biếc Bay Về - Tặng Kèm 6 Postcard,127500,8,9780085480322,"Lorem ipsum dolor sit amet, consectetur adipiscing elit. Nam congue vel tellus non luctus. Vestibulum vitae nunc lorem. Sed lacinia lectus vel augue imperdiet ultricies. Donec id venenatis ex, vitae pretium ligula. Sed nulla eros, dignissim at feugiat non, posuere sit amet urna. Ut eu porttitor tellus. Cras eu massa nulla. Morbi porta fermentum elit eu iaculis. Pellentesque hendrerit venenatis purus at feugiat. Pellentesque vitae feugiat purus. Donec mattis rhoncus lacinia. Sed quam diam, molestie id laoreet eu, lacinia ac turpis. Cras tincidunt lobortis elit quis aliquam. Proin et massa libero.

Aliquam id pharetra arcu. Vivamus vitae mattis ligula. Sed efficitur urna vitae scelerisque tempor. Proin purus magna, vulputate eu ligula a, vehicula malesuada enim. Curabitur aliquet rutrum enim et tincidunt. Vestibulum ante ipsum primis in faucibus orci luctus et ultrices posuere cubilia curae; Vivamus pharetra enim leo, nec molestie nibh consectetur quis. Class aptent taciti sociosqu ad litora torquent per conubia nostra, per inceptos himenaeos. Nunc quis maximus elit, vitae pulvinar urna. Integer at mi elit. Phasellus vitae rutrum sem. Vivamus et mauris ac nisl congue congue eu eget elit. Nullam at quam velit. Pellentesque dictum, diam nec tempor aliquet, tortor justo fermentum sapien, at condimentum turpis elit vel sapien. Aenean rutrum tellus sodales tortor viverra eleifend.

Donec facilisis, diam efficitur maximus ultrices, enim lectus rutrum elit, eget malesuada mi justo dapibus enim. Maecenas finibus euismod nulla quis dignissim. Sed dictum ante rutrum turpis euismod laoreet. Sed placerat tellus leo. In ut lobortis lorem. Nullam vitae lectus egestas urna tincidunt aliquet. Ut sagittis vel enim eget malesuada. Cras in congue tortor. Interdum et malesuada fames ac ante ipsum primis in faucibus. Nunc tempus consequat neque, et eleifend nulla aliquam eu.",Author 326,4,con-chim-xanh-biec-bay-ve-tang-kem-6-postcard,NXB 326,2014,147
https://cdn1.fahasa.com/media/catalog/product/c/o/copy_25_nxbtre_full_16462018_114633.jpg,Có Hai Con Mèo Ngồi Bên Cửa Sổ (Tái Bản 2023),85000,8,9780085480323,"Lorem ipsum dolor sit amet, consectetur adipiscing elit. Nam congue vel tellus non luctus. Vestibulum vitae nunc lorem. Sed lacinia lectus vel augue imperdiet ultricies. Donec id venenatis ex, vitae pretium ligula. Sed nulla eros, dignissim at feugiat non, posuere sit amet urna. Ut eu porttitor tellus. Cras eu massa nulla. Morbi porta fermentum elit eu iaculis. Pellentesque hendrerit venenatis purus at feugiat. Pellentesque vitae feugiat purus. Donec mattis rhoncus lacinia. Sed quam diam, molestie id laoreet eu, lacinia ac turpis. Cras tincidunt lobortis elit quis aliquam. Proin et massa libero.

Aliquam id pharetra arcu. Vivamus vitae mattis ligula. Sed efficitur urna vitae scelerisque tempor. Proin purus magna, vulputate eu ligula a, vehicula malesuada enim. Curabitur aliquet rutrum enim et tincidunt. Vestibulum ante ipsum primis in faucibus orci luctus et ultrices posuere cubilia curae; Vivamus pharetra enim leo, nec molestie nibh consectetur quis. Class aptent taciti sociosqu ad litora torquent per conubia nostra, per inceptos himenaeos. Nunc quis maximus elit, vitae pulvinar urna. Integer at mi elit. Phasellus vitae rutrum sem. Vivamus et mauris ac nisl congue congue eu eget elit. Nullam at quam velit. Pellentesque dictum, diam nec tempor aliquet, tortor justo fermentum sapien, at condimentum turpis elit vel sapien. Aenean rutrum tellus sodales tortor viverra eleifend.

Donec facilisis, diam efficitur maximus ultrices, enim lectus rutrum elit, eget malesuada mi justo dapibus enim. Maecenas finibus euismod nulla quis dignissim. Sed dictum ante rutrum turpis euismod laoreet. Sed placerat tellus leo. In ut lobortis lorem. Nullam vitae lectus egestas urna tincidunt aliquet. Ut sagittis vel enim eget malesuada. Cras in congue tortor. Interdum et malesuada fames ac ante ipsum primis in faucibus. Nunc tempus consequat neque, et eleifend nulla aliquam eu.",Author 327,14,co-hai-con-meo-ngoi-ben-cua-so-tai-ban-2023,NXB 327,2008,136
https://cdn1.fahasa.com/media/catalog/product/8/9/8934974185086.jpg,Bà Ngoại Tôi Gửi Lời Xin Lỗi (Tái Bản 2023),161500,8,9780085480324,"Lorem ipsum dolor sit amet, consectetur adipiscing elit. Nam congue vel tellus non luctus. Vestibulum vitae nunc lorem. Sed lacinia lectus vel augue imperdiet ultricies. Donec id venenatis ex, vitae pretium ligula. Sed nulla eros, dignissim at feugiat non, posuere sit amet urna. Ut eu porttitor tellus. Cras eu massa nulla. Morbi porta fermentum elit eu iaculis. Pellentesque hendrerit venenatis purus at feugiat. Pellentesque vitae feugiat purus. Donec mattis rhoncus lacinia. Sed quam diam, molestie id laoreet eu, lacinia ac turpis. Cras tincidunt lobortis elit quis aliquam. Proin et massa libero.

Aliquam id pharetra arcu. Vivamus vitae mattis ligula. Sed efficitur urna vitae scelerisque tempor. Proin purus magna, vulputate eu ligula a, vehicula malesuada enim. Curabitur aliquet rutrum enim et tincidunt. Vestibulum ante ipsum primis in faucibus orci luctus et ultrices posuere cubilia curae; Vivamus pharetra enim leo, nec molestie nibh consectetur quis. Class aptent taciti sociosqu ad litora torquent per conubia nostra, per inceptos himenaeos. Nunc quis maximus elit, vitae pulvinar urna. Integer at mi elit. Phasellus vitae rutrum sem. Vivamus et mauris ac nisl congue congue eu eget elit. Nullam at quam velit. Pellentesque dictum, diam nec tempor aliquet, tortor justo fermentum sapien, at condimentum turpis elit vel sapien. Aenean rutrum tellus sodales tortor viverra eleifend.

Donec facilisis, diam efficitur maximus ultrices, enim lectus rutrum elit, eget malesuada mi justo dapibus enim. Maecenas finibus euismod nulla quis dignissim. Sed dictum ante rutrum turpis euismod laoreet. Sed placerat tellus leo. In ut lobortis lorem. Nullam vitae lectus egestas urna tincidunt aliquet. Ut sagittis vel enim eget malesuada. Cras in congue tortor. Interdum et malesuada fames ac ante ipsum primis in faucibus. Nunc tempus consequat neque, et eleifend nulla aliquam eu.",Author 328,12,ba-ngoai-toi-gui-loi-xin-loi-tai-ban-2023,NXB 328,2014,105
https://cdn1.fahasa.com/media/catalog/product/n/n/nna-hvtcx.jpg,Tôi Thấy Hoa Vàng Trên Cỏ Xanh (Tái Bản 2023),127500,8,9780085480325,"Lorem ipsum dolor sit amet, consectetur adipiscing elit. Nam congue vel tellus non luctus. Vestibulum vitae nunc lorem. Sed lacinia lectus vel augue imperdiet ultricies. Donec id venenatis ex, vitae pretium ligula. Sed nulla eros, dignissim at feugiat non, posuere sit amet urna. Ut eu porttitor tellus. Cras eu massa nulla. Morbi porta fermentum elit eu iaculis. Pellentesque hendrerit venenatis purus at feugiat. Pellentesque vitae feugiat purus. Donec mattis rhoncus lacinia. Sed quam diam, molestie id laoreet eu, lacinia ac turpis. Cras tincidunt lobortis elit quis aliquam. Proin et massa libero.

Aliquam id pharetra arcu. Vivamus vitae mattis ligula. Sed efficitur urna vitae scelerisque tempor. Proin purus magna, vulputate eu ligula a, vehicula malesuada enim. Curabitur aliquet rutrum enim et tincidunt. Vestibulum ante ipsum primis in faucibus orci luctus et ultrices posuere cubilia curae; Vivamus pharetra enim leo, nec molestie nibh consectetur quis. Class aptent taciti sociosqu ad litora torquent per conubia nostra, per inceptos himenaeos. Nunc quis maximus elit, vitae pulvinar urna. Integer at mi elit. Phasellus vitae rutrum sem. Vivamus et mauris ac nisl congue congue eu eget elit. Nullam at quam velit. Pellentesque dictum, diam nec tempor aliquet, tortor justo fermentum sapien, at condimentum turpis elit vel sapien. Aenean rutrum tellus sodales tortor viverra eleifend.

Donec facilisis, diam efficitur maximus ultrices, enim lectus rutrum elit, eget malesuada mi justo dapibus enim. Maecenas finibus euismod nulla quis dignissim. Sed dictum ante rutrum turpis euismod laoreet. Sed placerat tellus leo. In ut lobortis lorem. Nullam vitae lectus egestas urna tincidunt aliquet. Ut sagittis vel enim eget malesuada. Cras in congue tortor. Interdum et malesuada fames ac ante ipsum primis in faucibus. Nunc tempus consequat neque, et eleifend nulla aliquam eu.",Author 329,18,toi-thay-hoa-vang-tren-co-xanh-tai-ban-2023,NXB 329,2021,89
https://cdn1.fahasa.com/media/catalog/product/1/6/161205-6_1.jpg,Con Gái Địa Chủ - Tặng Kèm 1 Bookmark 2 Mặt + 1 Postcard + 2 Card Bo Góc,175000,8,9780085480326,"Lorem ipsum dolor sit amet, consectetur adipiscing elit. Nam congue vel tellus non luctus. Vestibulum vitae nunc lorem. Sed lacinia lectus vel augue imperdiet ultricies. Donec id venenatis ex, vitae pretium ligula. Sed nulla eros, dignissim at feugiat non, posuere sit amet urna. Ut eu porttitor tellus. Cras eu massa nulla. Morbi porta fermentum elit eu iaculis. Pellentesque hendrerit venenatis purus at feugiat. Pellentesque vitae feugiat purus. Donec mattis rhoncus lacinia. Sed quam diam, molestie id laoreet eu, lacinia ac turpis. Cras tincidunt lobortis elit quis aliquam. Proin et massa libero.

Aliquam id pharetra arcu. Vivamus vitae mattis ligula. Sed efficitur urna vitae scelerisque tempor. Proin purus magna, vulputate eu ligula a, vehicula malesuada enim. Curabitur aliquet rutrum enim et tincidunt. Vestibulum ante ipsum primis in faucibus orci luctus et ultrices posuere cubilia curae; Vivamus pharetra enim leo, nec molestie nibh consectetur quis. Class aptent taciti sociosqu ad litora torquent per conubia nostra, per inceptos himenaeos. Nunc quis maximus elit, vitae pulvinar urna. Integer at mi elit. Phasellus vitae rutrum sem. Vivamus et mauris ac nisl congue congue eu eget elit. Nullam at quam velit. Pellentesque dictum, diam nec tempor aliquet, tortor justo fermentum sapien, at condimentum turpis elit vel sapien. Aenean rutrum tellus sodales tortor viverra eleifend.

Donec facilisis, diam efficitur maximus ultrices, enim lectus rutrum elit, eget malesuada mi justo dapibus enim. Maecenas finibus euismod nulla quis dignissim. Sed dictum ante rutrum turpis euismod laoreet. Sed placerat tellus leo. In ut lobortis lorem. Nullam vitae lectus egestas urna tincidunt aliquet. Ut sagittis vel enim eget malesuada. Cras in congue tortor. Interdum et malesuada fames ac ante ipsum primis in faucibus. Nunc tempus consequat neque, et eleifend nulla aliquam eu.",Author 330,17,con-gai-ia-chu-tang-kem-1-bookmark-2-mat-1-postcard-2-card-bo-goc,NXB 330,2002,72
https://cdn1.fahasa.com/media/catalog/product/z/7/z7425644042244_7984c34daf5f6b059eefd04d22cc6e1b.jpg,Giả Đứng Đắn - Tập 2 - Bản Đặc Biệt - Tặng Kèm Bookmark Bồi Cứng + Shikishi + Standee,197100,8,9780085480327,"Lorem ipsum dolor sit amet, consectetur adipiscing elit. Nam congue vel tellus non luctus. Vestibulum vitae nunc lorem. Sed lacinia lectus vel augue imperdiet ultricies. Donec id venenatis ex, vitae pretium ligula. Sed nulla eros, dignissim at feugiat non, posuere sit amet urna. Ut eu porttitor tellus. Cras eu massa nulla. Morbi porta fermentum elit eu iaculis. Pellentesque hendrerit venenatis purus at feugiat. Pellentesque vitae feugiat purus. Donec mattis rhoncus lacinia. Sed quam diam, molestie id laoreet eu, lacinia ac turpis. Cras tincidunt lobortis elit quis aliquam. Proin et massa libero.

Aliquam id pharetra arcu. Vivamus vitae mattis ligula. Sed efficitur urna vitae scelerisque tempor. Proin purus magna, vulputate eu ligula a, vehicula malesuada enim. Curabitur aliquet rutrum enim et tincidunt. Vestibulum ante ipsum primis in faucibus orci luctus et ultrices posuere cubilia curae; Vivamus pharetra enim leo, nec molestie nibh consectetur quis. Class aptent taciti sociosqu ad litora torquent per conubia nostra, per inceptos himenaeos. Nunc quis maximus elit, vitae pulvinar urna. Integer at mi elit. Phasellus vitae rutrum sem. Vivamus et mauris ac nisl congue congue eu eget elit. Nullam at quam velit. Pellentesque dictum, diam nec tempor aliquet, tortor justo fermentum sapien, at condimentum turpis elit vel sapien. Aenean rutrum tellus sodales tortor viverra eleifend.

Donec facilisis, diam efficitur maximus ultrices, enim lectus rutrum elit, eget malesuada mi justo dapibus enim. Maecenas finibus euismod nulla quis dignissim. Sed dictum ante rutrum turpis euismod laoreet. Sed placerat tellus leo. In ut lobortis lorem. Nullam vitae lectus egestas urna tincidunt aliquet. Ut sagittis vel enim eget malesuada. Cras in congue tortor. Interdum et malesuada fames ac ante ipsum primis in faucibus. Nunc tempus consequat neque, et eleifend nulla aliquam eu.",Author 331,20,gia-ung-an-tap-2-ban-ac-biet-tang-kem-bookmark-boi-cung-shikishi-standee,NXB 331,2025,71
https://cdn1.fahasa.com/media/catalog/product/u/n/untitled-2_44.jpg,Làm Bạn Với Bầu Trời - Tặng Kèm Khung Hình Xinh Xắn,93500,8,9780085480328,"Lorem ipsum dolor sit amet, consectetur adipiscing elit. Nam congue vel tellus non luctus. Vestibulum vitae nunc lorem. Sed lacinia lectus vel augue imperdiet ultricies. Donec id venenatis ex, vitae pretium ligula. Sed nulla eros, dignissim at feugiat non, posuere sit amet urna. Ut eu porttitor tellus. Cras eu massa nulla. Morbi porta fermentum elit eu iaculis. Pellentesque hendrerit venenatis purus at feugiat. Pellentesque vitae feugiat purus. Donec mattis rhoncus lacinia. Sed quam diam, molestie id laoreet eu, lacinia ac turpis. Cras tincidunt lobortis elit quis aliquam. Proin et massa libero.

Aliquam id pharetra arcu. Vivamus vitae mattis ligula. Sed efficitur urna vitae scelerisque tempor. Proin purus magna, vulputate eu ligula a, vehicula malesuada enim. Curabitur aliquet rutrum enim et tincidunt. Vestibulum ante ipsum primis in faucibus orci luctus et ultrices posuere cubilia curae; Vivamus pharetra enim leo, nec molestie nibh consectetur quis. Class aptent taciti sociosqu ad litora torquent per conubia nostra, per inceptos himenaeos. Nunc quis maximus elit, vitae pulvinar urna. Integer at mi elit. Phasellus vitae rutrum sem. Vivamus et mauris ac nisl congue congue eu eget elit. Nullam at quam velit. Pellentesque dictum, diam nec tempor aliquet, tortor justo fermentum sapien, at condimentum turpis elit vel sapien. Aenean rutrum tellus sodales tortor viverra eleifend.

Donec facilisis, diam efficitur maximus ultrices, enim lectus rutrum elit, eget malesuada mi justo dapibus enim. Maecenas finibus euismod nulla quis dignissim. Sed dictum ante rutrum turpis euismod laoreet. Sed placerat tellus leo. In ut lobortis lorem. Nullam vitae lectus egestas urna tincidunt aliquet. Ut sagittis vel enim eget malesuada. Cras in congue tortor. Interdum et malesuada fames ac ante ipsum primis in faucibus. Nunc tempus consequat neque, et eleifend nulla aliquam eu.",Author 332,19,lam-ban-voi-bau-troi-tang-kem-khung-hinh-xinh-xan,NXB 332,2003,103
https://cdn1.fahasa.com/media/catalog/product/t/i/tiem-sach-cua-nang---bia-mem.jpg,Tiệm Sách Của Nàng - Tặng Kèm Bookmark Photostrip + Sổ Tay Màu Ngẫu Nhiên,106000,8,9780085480329,"Lorem ipsum dolor sit amet, consectetur adipiscing elit. Nam congue vel tellus non luctus. Vestibulum vitae nunc lorem. Sed lacinia lectus vel augue imperdiet ultricies. Donec id venenatis ex, vitae pretium ligula. Sed nulla eros, dignissim at feugiat non, posuere sit amet urna. Ut eu porttitor tellus. Cras eu massa nulla. Morbi porta fermentum elit eu iaculis. Pellentesque hendrerit venenatis purus at feugiat. Pellentesque vitae feugiat purus. Donec mattis rhoncus lacinia. Sed quam diam, molestie id laoreet eu, lacinia ac turpis. Cras tincidunt lobortis elit quis aliquam. Proin et massa libero.

Aliquam id pharetra arcu. Vivamus vitae mattis ligula. Sed efficitur urna vitae scelerisque tempor. Proin purus magna, vulputate eu ligula a, vehicula malesuada enim. Curabitur aliquet rutrum enim et tincidunt. Vestibulum ante ipsum primis in faucibus orci luctus et ultrices posuere cubilia curae; Vivamus pharetra enim leo, nec molestie nibh consectetur quis. Class aptent taciti sociosqu ad litora torquent per conubia nostra, per inceptos himenaeos. Nunc quis maximus elit, vitae pulvinar urna. Integer at mi elit. Phasellus vitae rutrum sem. Vivamus et mauris ac nisl congue congue eu eget elit. Nullam at quam velit. Pellentesque dictum, diam nec tempor aliquet, tortor justo fermentum sapien, at condimentum turpis elit vel sapien. Aenean rutrum tellus sodales tortor viverra eleifend.

Donec facilisis, diam efficitur maximus ultrices, enim lectus rutrum elit, eget malesuada mi justo dapibus enim. Maecenas finibus euismod nulla quis dignissim. Sed dictum ante rutrum turpis euismod laoreet. Sed placerat tellus leo. In ut lobortis lorem. Nullam vitae lectus egestas urna tincidunt aliquet. Ut sagittis vel enim eget malesuada. Cras in congue tortor. Interdum et malesuada fames ac ante ipsum primis in faucibus. Nunc tempus consequat neque, et eleifend nulla aliquam eu.",Author 333,3,tiem-sach-cua-nang-tang-kem-bookmark-photostrip-so-tay-mau-ngau-nhien,NXB 333,2025,75
https://cdn1.fahasa.com/media/catalog/product/8/9/8936067605068.jpg,Tắt Đèn (Tái Bản 2022),35000,8,9780085480330,"Lorem ipsum dolor sit amet, consectetur adipiscing elit. Nam congue vel tellus non luctus. Vestibulum vitae nunc lorem. Sed lacinia lectus vel augue imperdiet ultricies. Donec id venenatis ex, vitae pretium ligula. Sed nulla eros, dignissim at feugiat non, posuere sit amet urna. Ut eu porttitor tellus. Cras eu massa nulla. Morbi porta fermentum elit eu iaculis. Pellentesque hendrerit venenatis purus at feugiat. Pellentesque vitae feugiat purus. Donec mattis rhoncus lacinia. Sed quam diam, molestie id laoreet eu, lacinia ac turpis. Cras tincidunt lobortis elit quis aliquam. Proin et massa libero.

Aliquam id pharetra arcu. Vivamus vitae mattis ligula. Sed efficitur urna vitae scelerisque tempor. Proin purus magna, vulputate eu ligula a, vehicula malesuada enim. Curabitur aliquet rutrum enim et tincidunt. Vestibulum ante ipsum primis in faucibus orci luctus et ultrices posuere cubilia curae; Vivamus pharetra enim leo, nec molestie nibh consectetur quis. Class aptent taciti sociosqu ad litora torquent per conubia nostra, per inceptos himenaeos. Nunc quis maximus elit, vitae pulvinar urna. Integer at mi elit. Phasellus vitae rutrum sem. Vivamus et mauris ac nisl congue congue eu eget elit. Nullam at quam velit. Pellentesque dictum, diam nec tempor aliquet, tortor justo fermentum sapien, at condimentum turpis elit vel sapien. Aenean rutrum tellus sodales tortor viverra eleifend.

Donec facilisis, diam efficitur maximus ultrices, enim lectus rutrum elit, eget malesuada mi justo dapibus enim. Maecenas finibus euismod nulla quis dignissim. Sed dictum ante rutrum turpis euismod laoreet. Sed placerat tellus leo. In ut lobortis lorem. Nullam vitae lectus egestas urna tincidunt aliquet. Ut sagittis vel enim eget malesuada. Cras in congue tortor. Interdum et malesuada fames ac ante ipsum primis in faucibus. Nunc tempus consequat neque, et eleifend nulla aliquam eu.",Author 334,20,tat-en-tai-ban-2022,NXB 334,2008,140
https://cdn1.fahasa.com/media/catalog/product/8/9/8934974213949.jpg,Thám Tử Ẩm Thực Kamogawa,93500,8,9780085480331,"Lorem ipsum dolor sit amet, consectetur adipiscing elit. Nam congue vel tellus non luctus. Vestibulum vitae nunc lorem. Sed lacinia lectus vel augue imperdiet ultricies. Donec id venenatis ex, vitae pretium ligula. Sed nulla eros, dignissim at feugiat non, posuere sit amet urna. Ut eu porttitor tellus. Cras eu massa nulla. Morbi porta fermentum elit eu iaculis. Pellentesque hendrerit venenatis purus at feugiat. Pellentesque vitae feugiat purus. Donec mattis rhoncus lacinia. Sed quam diam, molestie id laoreet eu, lacinia ac turpis. Cras tincidunt lobortis elit quis aliquam. Proin et massa libero.

Aliquam id pharetra arcu. Vivamus vitae mattis ligula. Sed efficitur urna vitae scelerisque tempor. Proin purus magna, vulputate eu ligula a, vehicula malesuada enim. Curabitur aliquet rutrum enim et tincidunt. Vestibulum ante ipsum primis in faucibus orci luctus et ultrices posuere cubilia curae; Vivamus pharetra enim leo, nec molestie nibh consectetur quis. Class aptent taciti sociosqu ad litora torquent per conubia nostra, per inceptos himenaeos. Nunc quis maximus elit, vitae pulvinar urna. Integer at mi elit. Phasellus vitae rutrum sem. Vivamus et mauris ac nisl congue congue eu eget elit. Nullam at quam velit. Pellentesque dictum, diam nec tempor aliquet, tortor justo fermentum sapien, at condimentum turpis elit vel sapien. Aenean rutrum tellus sodales tortor viverra eleifend.

Donec facilisis, diam efficitur maximus ultrices, enim lectus rutrum elit, eget malesuada mi justo dapibus enim. Maecenas finibus euismod nulla quis dignissim. Sed dictum ante rutrum turpis euismod laoreet. Sed placerat tellus leo. In ut lobortis lorem. Nullam vitae lectus egestas urna tincidunt aliquet. Ut sagittis vel enim eget malesuada. Cras in congue tortor. Interdum et malesuada fames ac ante ipsum primis in faucibus. Nunc tempus consequat neque, et eleifend nulla aliquam eu.",Author 335,7,tham-tu-am-thuc-kamogawa,NXB 335,2025,136
https://cdn1.fahasa.com/media/catalog/product/8/9/8934974213956.jpg,Thám Tử Ẩm Thực Kamogawa - Tập 2 - Tiệm Ăn Hoài Niệm,93500,8,9780085480332,"Lorem ipsum dolor sit amet, consectetur adipiscing elit. Nam congue vel tellus non luctus. Vestibulum vitae nunc lorem. Sed lacinia lectus vel augue imperdiet ultricies. Donec id venenatis ex, vitae pretium ligula. Sed nulla eros, dignissim at feugiat non, posuere sit amet urna. Ut eu porttitor tellus. Cras eu massa nulla. Morbi porta fermentum elit eu iaculis. Pellentesque hendrerit venenatis purus at feugiat. Pellentesque vitae feugiat purus. Donec mattis rhoncus lacinia. Sed quam diam, molestie id laoreet eu, lacinia ac turpis. Cras tincidunt lobortis elit quis aliquam. Proin et massa libero.

Aliquam id pharetra arcu. Vivamus vitae mattis ligula. Sed efficitur urna vitae scelerisque tempor. Proin purus magna, vulputate eu ligula a, vehicula malesuada enim. Curabitur aliquet rutrum enim et tincidunt. Vestibulum ante ipsum primis in faucibus orci luctus et ultrices posuere cubilia curae; Vivamus pharetra enim leo, nec molestie nibh consectetur quis. Class aptent taciti sociosqu ad litora torquent per conubia nostra, per inceptos himenaeos. Nunc quis maximus elit, vitae pulvinar urna. Integer at mi elit. Phasellus vitae rutrum sem. Vivamus et mauris ac nisl congue congue eu eget elit. Nullam at quam velit. Pellentesque dictum, diam nec tempor aliquet, tortor justo fermentum sapien, at condimentum turpis elit vel sapien. Aenean rutrum tellus sodales tortor viverra eleifend.

Donec facilisis, diam efficitur maximus ultrices, enim lectus rutrum elit, eget malesuada mi justo dapibus enim. Maecenas finibus euismod nulla quis dignissim. Sed dictum ante rutrum turpis euismod laoreet. Sed placerat tellus leo. In ut lobortis lorem. Nullam vitae lectus egestas urna tincidunt aliquet. Ut sagittis vel enim eget malesuada. Cras in congue tortor. Interdum et malesuada fames ac ante ipsum primis in faucibus. Nunc tempus consequat neque, et eleifend nulla aliquam eu.",Author 336,13,tham-tu-am-thuc-kamogawa-tap-2-tiem-an-hoai-niem,NXB 336,2020,89
https://cdn1.fahasa.com/media/catalog/product/b/_/b_a-1-tr_n-l_n-m_i-nh_-_-kh_c-2.jpg,Trốn Lên Mái Nhà Để Khóc - Tặng Kèm Bookmark,80500,9,9780085480333,"Lorem ipsum dolor sit amet, consectetur adipiscing elit. Nam congue vel tellus non luctus. Vestibulum vitae nunc lorem. Sed lacinia lectus vel augue imperdiet ultricies. Donec id venenatis ex, vitae pretium ligula. Sed nulla eros, dignissim at feugiat non, posuere sit amet urna. Ut eu porttitor tellus. Cras eu massa nulla. Morbi porta fermentum elit eu iaculis. Pellentesque hendrerit venenatis purus at feugiat. Pellentesque vitae feugiat purus. Donec mattis rhoncus lacinia. Sed quam diam, molestie id laoreet eu, lacinia ac turpis. Cras tincidunt lobortis elit quis aliquam. Proin et massa libero.

Aliquam id pharetra arcu. Vivamus vitae mattis ligula. Sed efficitur urna vitae scelerisque tempor. Proin purus magna, vulputate eu ligula a, vehicula malesuada enim. Curabitur aliquet rutrum enim et tincidunt. Vestibulum ante ipsum primis in faucibus orci luctus et ultrices posuere cubilia curae; Vivamus pharetra enim leo, nec molestie nibh consectetur quis. Class aptent taciti sociosqu ad litora torquent per conubia nostra, per inceptos himenaeos. Nunc quis maximus elit, vitae pulvinar urna. Integer at mi elit. Phasellus vitae rutrum sem. Vivamus et mauris ac nisl congue congue eu eget elit. Nullam at quam velit. Pellentesque dictum, diam nec tempor aliquet, tortor justo fermentum sapien, at condimentum turpis elit vel sapien. Aenean rutrum tellus sodales tortor viverra eleifend.

Donec facilisis, diam efficitur maximus ultrices, enim lectus rutrum elit, eget malesuada mi justo dapibus enim. Maecenas finibus euismod nulla quis dignissim. Sed dictum ante rutrum turpis euismod laoreet. Sed placerat tellus leo. In ut lobortis lorem. Nullam vitae lectus egestas urna tincidunt aliquet. Ut sagittis vel enim eget malesuada. Cras in congue tortor. Interdum et malesuada fames ac ante ipsum primis in faucibus. Nunc tempus consequat neque, et eleifend nulla aliquam eu.",Author 337,16,tron-len-mai-nha-e-khoc-tang-kem-bookmark,NXB 337,2000,83
https://cdn1.fahasa.com/media/catalog/product/8/9/8935325011559.jpg,Đám Trẻ Ở Đại Dương Đen,74000,9,9780085480334,"Lorem ipsum dolor sit amet, consectetur adipiscing elit. Nam congue vel tellus non luctus. Vestibulum vitae nunc lorem. Sed lacinia lectus vel augue imperdiet ultricies. Donec id venenatis ex, vitae pretium ligula. Sed nulla eros, dignissim at feugiat non, posuere sit amet urna. Ut eu porttitor tellus. Cras eu massa nulla. Morbi porta fermentum elit eu iaculis. Pellentesque hendrerit venenatis purus at feugiat. Pellentesque vitae feugiat purus. Donec mattis rhoncus lacinia. Sed quam diam, molestie id laoreet eu, lacinia ac turpis. Cras tincidunt lobortis elit quis aliquam. Proin et massa libero.

Aliquam id pharetra arcu. Vivamus vitae mattis ligula. Sed efficitur urna vitae scelerisque tempor. Proin purus magna, vulputate eu ligula a, vehicula malesuada enim. Curabitur aliquet rutrum enim et tincidunt. Vestibulum ante ipsum primis in faucibus orci luctus et ultrices posuere cubilia curae; Vivamus pharetra enim leo, nec molestie nibh consectetur quis. Class aptent taciti sociosqu ad litora torquent per conubia nostra, per inceptos himenaeos. Nunc quis maximus elit, vitae pulvinar urna. Integer at mi elit. Phasellus vitae rutrum sem. Vivamus et mauris ac nisl congue congue eu eget elit. Nullam at quam velit. Pellentesque dictum, diam nec tempor aliquet, tortor justo fermentum sapien, at condimentum turpis elit vel sapien. Aenean rutrum tellus sodales tortor viverra eleifend.

Donec facilisis, diam efficitur maximus ultrices, enim lectus rutrum elit, eget malesuada mi justo dapibus enim. Maecenas finibus euismod nulla quis dignissim. Sed dictum ante rutrum turpis euismod laoreet. Sed placerat tellus leo. In ut lobortis lorem. Nullam vitae lectus egestas urna tincidunt aliquet. Ut sagittis vel enim eget malesuada. Cras in congue tortor. Interdum et malesuada fames ac ante ipsum primis in faucibus. Nunc tempus consequat neque, et eleifend nulla aliquam eu.",Author 338,10,am-tre-o-ai-duong-en,NXB 338,2016,52
https://cdn1.fahasa.com/media/catalog/product/8/9/8932000134749_1.jpg,Nếu Biết Trăm Năm Là Hữu Hạn - Ấn Bản Kỉ Niệm 10 Năm Xuất Bản (Tái Bản 2024),143000,9,9780085480335,"Lorem ipsum dolor sit amet, consectetur adipiscing elit. Nam congue vel tellus non luctus. Vestibulum vitae nunc lorem. Sed lacinia lectus vel augue imperdiet ultricies. Donec id venenatis ex, vitae pretium ligula. Sed nulla eros, dignissim at feugiat non, posuere sit amet urna. Ut eu porttitor tellus. Cras eu massa nulla. Morbi porta fermentum elit eu iaculis. Pellentesque hendrerit venenatis purus at feugiat. Pellentesque vitae feugiat purus. Donec mattis rhoncus lacinia. Sed quam diam, molestie id laoreet eu, lacinia ac turpis. Cras tincidunt lobortis elit quis aliquam. Proin et massa libero.

Aliquam id pharetra arcu. Vivamus vitae mattis ligula. Sed efficitur urna vitae scelerisque tempor. Proin purus magna, vulputate eu ligula a, vehicula malesuada enim. Curabitur aliquet rutrum enim et tincidunt. Vestibulum ante ipsum primis in faucibus orci luctus et ultrices posuere cubilia curae; Vivamus pharetra enim leo, nec molestie nibh consectetur quis. Class aptent taciti sociosqu ad litora torquent per conubia nostra, per inceptos himenaeos. Nunc quis maximus elit, vitae pulvinar urna. Integer at mi elit. Phasellus vitae rutrum sem. Vivamus et mauris ac nisl congue congue eu eget elit. Nullam at quam velit. Pellentesque dictum, diam nec tempor aliquet, tortor justo fermentum sapien, at condimentum turpis elit vel sapien. Aenean rutrum tellus sodales tortor viverra eleifend.

Donec facilisis, diam efficitur maximus ultrices, enim lectus rutrum elit, eget malesuada mi justo dapibus enim. Maecenas finibus euismod nulla quis dignissim. Sed dictum ante rutrum turpis euismod laoreet. Sed placerat tellus leo. In ut lobortis lorem. Nullam vitae lectus egestas urna tincidunt aliquet. Ut sagittis vel enim eget malesuada. Cras in congue tortor. Interdum et malesuada fames ac ante ipsum primis in faucibus. Nunc tempus consequat neque, et eleifend nulla aliquam eu.",Author 339,18,neu-biet-tram-nam-la-huu-han-an-ban-ki-niem-10-nam-xuat-ban-tai-ban-2024,NXB 339,2019,128
https://cdn1.fahasa.com/media/catalog/product/_/n/_nh-cbb_2.jpg,Trốn Lên Mái Nhà Để Khóc - Ấn Bản Sưu Tầm - Bìa Cứng - Tặng Kèm Bộ Lịch Mini 2026 Được Minh Họa Bởi Tác Giả + Đế Lịch Gỗ + Postcard Độc Quyền Có Chữ Ký Tác Giả + Thiệp Thông Điệp Ngẫu Nhiên - Độc Quyền Fahasa,193500,9,9780085480336,"Lorem ipsum dolor sit amet, consectetur adipiscing elit. Nam congue vel tellus non luctus. Vestibulum vitae nunc lorem. Sed lacinia lectus vel augue imperdiet ultricies. Donec id venenatis ex, vitae pretium ligula. Sed nulla eros, dignissim at feugiat non, posuere sit amet urna. Ut eu porttitor tellus. Cras eu massa nulla. Morbi porta fermentum elit eu iaculis. Pellentesque hendrerit venenatis purus at feugiat. Pellentesque vitae feugiat purus. Donec mattis rhoncus lacinia. Sed quam diam, molestie id laoreet eu, lacinia ac turpis. Cras tincidunt lobortis elit quis aliquam. Proin et massa libero.

Aliquam id pharetra arcu. Vivamus vitae mattis ligula. Sed efficitur urna vitae scelerisque tempor. Proin purus magna, vulputate eu ligula a, vehicula malesuada enim. Curabitur aliquet rutrum enim et tincidunt. Vestibulum ante ipsum primis in faucibus orci luctus et ultrices posuere cubilia curae; Vivamus pharetra enim leo, nec molestie nibh consectetur quis. Class aptent taciti sociosqu ad litora torquent per conubia nostra, per inceptos himenaeos. Nunc quis maximus elit, vitae pulvinar urna. Integer at mi elit. Phasellus vitae rutrum sem. Vivamus et mauris ac nisl congue congue eu eget elit. Nullam at quam velit. Pellentesque dictum, diam nec tempor aliquet, tortor justo fermentum sapien, at condimentum turpis elit vel sapien. Aenean rutrum tellus sodales tortor viverra eleifend.

Donec facilisis, diam efficitur maximus ultrices, enim lectus rutrum elit, eget malesuada mi justo dapibus enim. Maecenas finibus euismod nulla quis dignissim. Sed dictum ante rutrum turpis euismod laoreet. Sed placerat tellus leo. In ut lobortis lorem. Nullam vitae lectus egestas urna tincidunt aliquet. Ut sagittis vel enim eget malesuada. Cras in congue tortor. Interdum et malesuada fames ac ante ipsum primis in faucibus. Nunc tempus consequat neque, et eleifend nulla aliquam eu.",Author 340,16,tron-len-mai-nha-e-khoc-an-ban-suu-tam-bia-cung-tang-kem-bo-lich-mini-2026-uoc-minh-hoa-boi-tac-gia-e-lich-go-postcard-oc-quyen-co-chu-ky-tac-gia-thiep-thong-iep-ngau-nhien-oc-quyen-fahasa,NXB 340,2021,117
https://cdn1.fahasa.com/media/catalog/product/c/o/co-mot-ngay-bo-me-se-gia-di_2.jpg,"Có Một Ngày, Bố Mẹ Sẽ Già Đi (Tái Bản 2024)",69000,9,9780085480337,"Lorem ipsum dolor sit amet, consectetur adipiscing elit. Nam congue vel tellus non luctus. Vestibulum vitae nunc lorem. Sed lacinia lectus vel augue imperdiet ultricies. Donec id venenatis ex, vitae pretium ligula. Sed nulla eros, dignissim at feugiat non, posuere sit amet urna. Ut eu porttitor tellus. Cras eu massa nulla. Morbi porta fermentum elit eu iaculis. Pellentesque hendrerit venenatis purus at feugiat. Pellentesque vitae feugiat purus. Donec mattis rhoncus lacinia. Sed quam diam, molestie id laoreet eu, lacinia ac turpis. Cras tincidunt lobortis elit quis aliquam. Proin et massa libero.

Aliquam id pharetra arcu. Vivamus vitae mattis ligula. Sed efficitur urna vitae scelerisque tempor. Proin purus magna, vulputate eu ligula a, vehicula malesuada enim. Curabitur aliquet rutrum enim et tincidunt. Vestibulum ante ipsum primis in faucibus orci luctus et ultrices posuere cubilia curae; Vivamus pharetra enim leo, nec molestie nibh consectetur quis. Class aptent taciti sociosqu ad litora torquent per conubia nostra, per inceptos himenaeos. Nunc quis maximus elit, vitae pulvinar urna. Integer at mi elit. Phasellus vitae rutrum sem. Vivamus et mauris ac nisl congue congue eu eget elit. Nullam at quam velit. Pellentesque dictum, diam nec tempor aliquet, tortor justo fermentum sapien, at condimentum turpis elit vel sapien. Aenean rutrum tellus sodales tortor viverra eleifend.

Donec facilisis, diam efficitur maximus ultrices, enim lectus rutrum elit, eget malesuada mi justo dapibus enim. Maecenas finibus euismod nulla quis dignissim. Sed dictum ante rutrum turpis euismod laoreet. Sed placerat tellus leo. In ut lobortis lorem. Nullam vitae lectus egestas urna tincidunt aliquet. Ut sagittis vel enim eget malesuada. Cras in congue tortor. Interdum et malesuada fames ac ante ipsum primis in faucibus. Nunc tempus consequat neque, et eleifend nulla aliquam eu.",Author 341,5,co-mot-ngay-bo-me-se-gia-i-tai-ban-2024,NXB 341,2008,84
https://cdn1.fahasa.com/media/catalog/product/1/3/139990755_1302883240068333_3844579474690419303_n_1.jpg,Chúng Ta Rồi Sẽ Hạnh Phúc Theo Những Cách Khác Nhau (Tái Bản 2025),73500,9,9780085480338,"Lorem ipsum dolor sit amet, consectetur adipiscing elit. Nam congue vel tellus non luctus. Vestibulum vitae nunc lorem. Sed lacinia lectus vel augue imperdiet ultricies. Donec id venenatis ex, vitae pretium ligula. Sed nulla eros, dignissim at feugiat non, posuere sit amet urna. Ut eu porttitor tellus. Cras eu massa nulla. Morbi porta fermentum elit eu iaculis. Pellentesque hendrerit venenatis purus at feugiat. Pellentesque vitae feugiat purus. Donec mattis rhoncus lacinia. Sed quam diam, molestie id laoreet eu, lacinia ac turpis. Cras tincidunt lobortis elit quis aliquam. Proin et massa libero.

Aliquam id pharetra arcu. Vivamus vitae mattis ligula. Sed efficitur urna vitae scelerisque tempor. Proin purus magna, vulputate eu ligula a, vehicula malesuada enim. Curabitur aliquet rutrum enim et tincidunt. Vestibulum ante ipsum primis in faucibus orci luctus et ultrices posuere cubilia curae; Vivamus pharetra enim leo, nec molestie nibh consectetur quis. Class aptent taciti sociosqu ad litora torquent per conubia nostra, per inceptos himenaeos. Nunc quis maximus elit, vitae pulvinar urna. Integer at mi elit. Phasellus vitae rutrum sem. Vivamus et mauris ac nisl congue congue eu eget elit. Nullam at quam velit. Pellentesque dictum, diam nec tempor aliquet, tortor justo fermentum sapien, at condimentum turpis elit vel sapien. Aenean rutrum tellus sodales tortor viverra eleifend.

Donec facilisis, diam efficitur maximus ultrices, enim lectus rutrum elit, eget malesuada mi justo dapibus enim. Maecenas finibus euismod nulla quis dignissim. Sed dictum ante rutrum turpis euismod laoreet. Sed placerat tellus leo. In ut lobortis lorem. Nullam vitae lectus egestas urna tincidunt aliquet. Ut sagittis vel enim eget malesuada. Cras in congue tortor. Interdum et malesuada fames ac ante ipsum primis in faucibus. Nunc tempus consequat neque, et eleifend nulla aliquam eu.",Author 342,8,chung-ta-roi-se-hanh-phuc-theo-nhung-cach-khac-nhau-tai-ban-2025,NXB 342,2017,121
https://cdn1.fahasa.com/media/catalog/product/_/k/_khai-t_m-chuy_n-v_n_-b_a-1.jpg,Khai Tâm Chuyển Vận - Vận Mệnh Đổi Thay Từ Tâm Thức Đúng,99000,9,9780085480339,"Lorem ipsum dolor sit amet, consectetur adipiscing elit. Nam congue vel tellus non luctus. Vestibulum vitae nunc lorem. Sed lacinia lectus vel augue imperdiet ultricies. Donec id venenatis ex, vitae pretium ligula. Sed nulla eros, dignissim at feugiat non, posuere sit amet urna. Ut eu porttitor tellus. Cras eu massa nulla. Morbi porta fermentum elit eu iaculis. Pellentesque hendrerit venenatis purus at feugiat. Pellentesque vitae feugiat purus. Donec mattis rhoncus lacinia. Sed quam diam, molestie id laoreet eu, lacinia ac turpis. Cras tincidunt lobortis elit quis aliquam. Proin et massa libero.

Aliquam id pharetra arcu. Vivamus vitae mattis ligula. Sed efficitur urna vitae scelerisque tempor. Proin purus magna, vulputate eu ligula a, vehicula malesuada enim. Curabitur aliquet rutrum enim et tincidunt. Vestibulum ante ipsum primis in faucibus orci luctus et ultrices posuere cubilia curae; Vivamus pharetra enim leo, nec molestie nibh consectetur quis. Class aptent taciti sociosqu ad litora torquent per conubia nostra, per inceptos himenaeos. Nunc quis maximus elit, vitae pulvinar urna. Integer at mi elit. Phasellus vitae rutrum sem. Vivamus et mauris ac nisl congue congue eu eget elit. Nullam at quam velit. Pellentesque dictum, diam nec tempor aliquet, tortor justo fermentum sapien, at condimentum turpis elit vel sapien. Aenean rutrum tellus sodales tortor viverra eleifend.

Donec facilisis, diam efficitur maximus ultrices, enim lectus rutrum elit, eget malesuada mi justo dapibus enim. Maecenas finibus euismod nulla quis dignissim. Sed dictum ante rutrum turpis euismod laoreet. Sed placerat tellus leo. In ut lobortis lorem. Nullam vitae lectus egestas urna tincidunt aliquet. Ut sagittis vel enim eget malesuada. Cras in congue tortor. Interdum et malesuada fames ac ante ipsum primis in faucibus. Nunc tempus consequat neque, et eleifend nulla aliquam eu.",Author 343,20,khai-tam-chuyen-van-van-menh-oi-thay-tu-tam-thuc-ung,NXB 343,2005,76
https://cdn1.fahasa.com/media/catalog/product/n/h/nhung-chu-meo-noi-thi-tran-ulthar_qua-tang.jpg,Những Chú Mèo Nơi Thị Trấn Ulthar - Tuyển Tập H. P. Lovecraft - Tặng Kèm Postcard,34000,9,9780085480340,"Lorem ipsum dolor sit amet, consectetur adipiscing elit. Nam congue vel tellus non luctus. Vestibulum vitae nunc lorem. Sed lacinia lectus vel augue imperdiet ultricies. Donec id venenatis ex, vitae pretium ligula. Sed nulla eros, dignissim at feugiat non, posuere sit amet urna. Ut eu porttitor tellus. Cras eu massa nulla. Morbi porta fermentum elit eu iaculis. Pellentesque hendrerit venenatis purus at feugiat. Pellentesque vitae feugiat purus. Donec mattis rhoncus lacinia. Sed quam diam, molestie id laoreet eu, lacinia ac turpis. Cras tincidunt lobortis elit quis aliquam. Proin et massa libero.

Aliquam id pharetra arcu. Vivamus vitae mattis ligula. Sed efficitur urna vitae scelerisque tempor. Proin purus magna, vulputate eu ligula a, vehicula malesuada enim. Curabitur aliquet rutrum enim et tincidunt. Vestibulum ante ipsum primis in faucibus orci luctus et ultrices posuere cubilia curae; Vivamus pharetra enim leo, nec molestie nibh consectetur quis. Class aptent taciti sociosqu ad litora torquent per conubia nostra, per inceptos himenaeos. Nunc quis maximus elit, vitae pulvinar urna. Integer at mi elit. Phasellus vitae rutrum sem. Vivamus et mauris ac nisl congue congue eu eget elit. Nullam at quam velit. Pellentesque dictum, diam nec tempor aliquet, tortor justo fermentum sapien, at condimentum turpis elit vel sapien. Aenean rutrum tellus sodales tortor viverra eleifend.

Donec facilisis, diam efficitur maximus ultrices, enim lectus rutrum elit, eget malesuada mi justo dapibus enim. Maecenas finibus euismod nulla quis dignissim. Sed dictum ante rutrum turpis euismod laoreet. Sed placerat tellus leo. In ut lobortis lorem. Nullam vitae lectus egestas urna tincidunt aliquet. Ut sagittis vel enim eget malesuada. Cras in congue tortor. Interdum et malesuada fames ac ante ipsum primis in faucibus. Nunc tempus consequat neque, et eleifend nulla aliquam eu.",Author 344,18,nhung-chu-meo-noi-thi-tran-ulthar-tuyen-tap-h-p-lovecraft-tang-kem-postcard,NXB 344,2013,135
https://cdn1.fahasa.com/media/catalog/product/c/o/combo-8935325011559-8935325015984.jpg,Combo Sách Đám Trẻ Ở Đại Dương Đen + Trốn Lên Mái Nhà Để Khóc (Bộ 2 Cuốn),154500,9,9780085480341,"Lorem ipsum dolor sit amet, consectetur adipiscing elit. Nam congue vel tellus non luctus. Vestibulum vitae nunc lorem. Sed lacinia lectus vel augue imperdiet ultricies. Donec id venenatis ex, vitae pretium ligula. Sed nulla eros, dignissim at feugiat non, posuere sit amet urna. Ut eu porttitor tellus. Cras eu massa nulla. Morbi porta fermentum elit eu iaculis. Pellentesque hendrerit venenatis purus at feugiat. Pellentesque vitae feugiat purus. Donec mattis rhoncus lacinia. Sed quam diam, molestie id laoreet eu, lacinia ac turpis. Cras tincidunt lobortis elit quis aliquam. Proin et massa libero.

Aliquam id pharetra arcu. Vivamus vitae mattis ligula. Sed efficitur urna vitae scelerisque tempor. Proin purus magna, vulputate eu ligula a, vehicula malesuada enim. Curabitur aliquet rutrum enim et tincidunt. Vestibulum ante ipsum primis in faucibus orci luctus et ultrices posuere cubilia curae; Vivamus pharetra enim leo, nec molestie nibh consectetur quis. Class aptent taciti sociosqu ad litora torquent per conubia nostra, per inceptos himenaeos. Nunc quis maximus elit, vitae pulvinar urna. Integer at mi elit. Phasellus vitae rutrum sem. Vivamus et mauris ac nisl congue congue eu eget elit. Nullam at quam velit. Pellentesque dictum, diam nec tempor aliquet, tortor justo fermentum sapien, at condimentum turpis elit vel sapien. Aenean rutrum tellus sodales tortor viverra eleifend.

Donec facilisis, diam efficitur maximus ultrices, enim lectus rutrum elit, eget malesuada mi justo dapibus enim. Maecenas finibus euismod nulla quis dignissim. Sed dictum ante rutrum turpis euismod laoreet. Sed placerat tellus leo. In ut lobortis lorem. Nullam vitae lectus egestas urna tincidunt aliquet. Ut sagittis vel enim eget malesuada. Cras in congue tortor. Interdum et malesuada fames ac ante ipsum primis in faucibus. Nunc tempus consequat neque, et eleifend nulla aliquam eu.",Author 345,7,combo-sach-am-tre-o-ai-duong-en-tron-len-mai-nha-e-khoc-bo-2-cuon,NXB 345,2025,69
https://cdn1.fahasa.com/media/catalog/product/4/0/40eebd4668f7f312da5486d5804cc24e.jpg,Tôi Thích Dáng Vẻ Nỗ Lực Của Chính Mình,79000,9,9780085480342,"Lorem ipsum dolor sit amet, consectetur adipiscing elit. Nam congue vel tellus non luctus. Vestibulum vitae nunc lorem. Sed lacinia lectus vel augue imperdiet ultricies. Donec id venenatis ex, vitae pretium ligula. Sed nulla eros, dignissim at feugiat non, posuere sit amet urna. Ut eu porttitor tellus. Cras eu massa nulla. Morbi porta fermentum elit eu iaculis. Pellentesque hendrerit venenatis purus at feugiat. Pellentesque vitae feugiat purus. Donec mattis rhoncus lacinia. Sed quam diam, molestie id laoreet eu, lacinia ac turpis. Cras tincidunt lobortis elit quis aliquam. Proin et massa libero.

Aliquam id pharetra arcu. Vivamus vitae mattis ligula. Sed efficitur urna vitae scelerisque tempor. Proin purus magna, vulputate eu ligula a, vehicula malesuada enim. Curabitur aliquet rutrum enim et tincidunt. Vestibulum ante ipsum primis in faucibus orci luctus et ultrices posuere cubilia curae; Vivamus pharetra enim leo, nec molestie nibh consectetur quis. Class aptent taciti sociosqu ad litora torquent per conubia nostra, per inceptos himenaeos. Nunc quis maximus elit, vitae pulvinar urna. Integer at mi elit. Phasellus vitae rutrum sem. Vivamus et mauris ac nisl congue congue eu eget elit. Nullam at quam velit. Pellentesque dictum, diam nec tempor aliquet, tortor justo fermentum sapien, at condimentum turpis elit vel sapien. Aenean rutrum tellus sodales tortor viverra eleifend.

Donec facilisis, diam efficitur maximus ultrices, enim lectus rutrum elit, eget malesuada mi justo dapibus enim. Maecenas finibus euismod nulla quis dignissim. Sed dictum ante rutrum turpis euismod laoreet. Sed placerat tellus leo. In ut lobortis lorem. Nullam vitae lectus egestas urna tincidunt aliquet. Ut sagittis vel enim eget malesuada. Cras in congue tortor. Interdum et malesuada fames ac ante ipsum primis in faucibus. Nunc tempus consequat neque, et eleifend nulla aliquam eu.",Author 346,11,toi-thich-dang-ve-no-luc-cua-chinh-minh,NXB 346,2022,100
https://cdn1.fahasa.com/media/catalog/product/9/8/98bde27a91ea4bb412fb.jpg,Mẹ Làm Gì Có Ước Mơ,66500,9,9780085480343,"Lorem ipsum dolor sit amet, consectetur adipiscing elit. Nam congue vel tellus non luctus. Vestibulum vitae nunc lorem. Sed lacinia lectus vel augue imperdiet ultricies. Donec id venenatis ex, vitae pretium ligula. Sed nulla eros, dignissim at feugiat non, posuere sit amet urna. Ut eu porttitor tellus. Cras eu massa nulla. Morbi porta fermentum elit eu iaculis. Pellentesque hendrerit venenatis purus at feugiat. Pellentesque vitae feugiat purus. Donec mattis rhoncus lacinia. Sed quam diam, molestie id laoreet eu, lacinia ac turpis. Cras tincidunt lobortis elit quis aliquam. Proin et massa libero.

Aliquam id pharetra arcu. Vivamus vitae mattis ligula. Sed efficitur urna vitae scelerisque tempor. Proin purus magna, vulputate eu ligula a, vehicula malesuada enim. Curabitur aliquet rutrum enim et tincidunt. Vestibulum ante ipsum primis in faucibus orci luctus et ultrices posuere cubilia curae; Vivamus pharetra enim leo, nec molestie nibh consectetur quis. Class aptent taciti sociosqu ad litora torquent per conubia nostra, per inceptos himenaeos. Nunc quis maximus elit, vitae pulvinar urna. Integer at mi elit. Phasellus vitae rutrum sem. Vivamus et mauris ac nisl congue congue eu eget elit. Nullam at quam velit. Pellentesque dictum, diam nec tempor aliquet, tortor justo fermentum sapien, at condimentum turpis elit vel sapien. Aenean rutrum tellus sodales tortor viverra eleifend.

Donec facilisis, diam efficitur maximus ultrices, enim lectus rutrum elit, eget malesuada mi justo dapibus enim. Maecenas finibus euismod nulla quis dignissim. Sed dictum ante rutrum turpis euismod laoreet. Sed placerat tellus leo. In ut lobortis lorem. Nullam vitae lectus egestas urna tincidunt aliquet. Ut sagittis vel enim eget malesuada. Cras in congue tortor. Interdum et malesuada fames ac ante ipsum primis in faucibus. Nunc tempus consequat neque, et eleifend nulla aliquam eu.",Author 347,15,me-lam-gi-co-uoc-mo,NXB 347,2008,130
https://cdn1.fahasa.com/media/catalog/product/z/6/z6793444505074_932d9763552742d86e34bf826c5a1235.jpg,Những Ngày Ấu Thơ Thương Nhớ - Bản Đặc Biệt - Tặng Kèm Postcast 2 Mặt + Chữ Ký Tác Giả,87000,9,9780085480344,"Lorem ipsum dolor sit amet, consectetur adipiscing elit. Nam congue vel tellus non luctus. Vestibulum vitae nunc lorem. Sed lacinia lectus vel augue imperdiet ultricies. Donec id venenatis ex, vitae pretium ligula. Sed nulla eros, dignissim at feugiat non, posuere sit amet urna. Ut eu porttitor tellus. Cras eu massa nulla. Morbi porta fermentum elit eu iaculis. Pellentesque hendrerit venenatis purus at feugiat. Pellentesque vitae feugiat purus. Donec mattis rhoncus lacinia. Sed quam diam, molestie id laoreet eu, lacinia ac turpis. Cras tincidunt lobortis elit quis aliquam. Proin et massa libero.

Aliquam id pharetra arcu. Vivamus vitae mattis ligula. Sed efficitur urna vitae scelerisque tempor. Proin purus magna, vulputate eu ligula a, vehicula malesuada enim. Curabitur aliquet rutrum enim et tincidunt. Vestibulum ante ipsum primis in faucibus orci luctus et ultrices posuere cubilia curae; Vivamus pharetra enim leo, nec molestie nibh consectetur quis. Class aptent taciti sociosqu ad litora torquent per conubia nostra, per inceptos himenaeos. Nunc quis maximus elit, vitae pulvinar urna. Integer at mi elit. Phasellus vitae rutrum sem. Vivamus et mauris ac nisl congue congue eu eget elit. Nullam at quam velit. Pellentesque dictum, diam nec tempor aliquet, tortor justo fermentum sapien, at condimentum turpis elit vel sapien. Aenean rutrum tellus sodales tortor viverra eleifend.

Donec facilisis, diam efficitur maximus ultrices, enim lectus rutrum elit, eget malesuada mi justo dapibus enim. Maecenas finibus euismod nulla quis dignissim. Sed dictum ante rutrum turpis euismod laoreet. Sed placerat tellus leo. In ut lobortis lorem. Nullam vitae lectus egestas urna tincidunt aliquet. Ut sagittis vel enim eget malesuada. Cras in congue tortor. Interdum et malesuada fames ac ante ipsum primis in faucibus. Nunc tempus consequat neque, et eleifend nulla aliquam eu.",Author 348,16,nhung-ngay-au-tho-thuong-nho-ban-ac-biet-tang-kem-postcast-2-mat-chu-ky-tac-gia,NXB 348,2014,86
https://cdn1.fahasa.com/media/catalog/product/8/9/8936067605051.jpg,Chiếc Lá Cuối Cùng (2022),66500,9,9780085480345,"Lorem ipsum dolor sit amet, consectetur adipiscing elit. Nam congue vel tellus non luctus. Vestibulum vitae nunc lorem. Sed lacinia lectus vel augue imperdiet ultricies. Donec id venenatis ex, vitae pretium ligula. Sed nulla eros, dignissim at feugiat non, posuere sit amet urna. Ut eu porttitor tellus. Cras eu massa nulla. Morbi porta fermentum elit eu iaculis. Pellentesque hendrerit venenatis purus at feugiat. Pellentesque vitae feugiat purus. Donec mattis rhoncus lacinia. Sed quam diam, molestie id laoreet eu, lacinia ac turpis. Cras tincidunt lobortis elit quis aliquam. Proin et massa libero.

Aliquam id pharetra arcu. Vivamus vitae mattis ligula. Sed efficitur urna vitae scelerisque tempor. Proin purus magna, vulputate eu ligula a, vehicula malesuada enim. Curabitur aliquet rutrum enim et tincidunt. Vestibulum ante ipsum primis in faucibus orci luctus et ultrices posuere cubilia curae; Vivamus pharetra enim leo, nec molestie nibh consectetur quis. Class aptent taciti sociosqu ad litora torquent per conubia nostra, per inceptos himenaeos. Nunc quis maximus elit, vitae pulvinar urna. Integer at mi elit. Phasellus vitae rutrum sem. Vivamus et mauris ac nisl congue congue eu eget elit. Nullam at quam velit. Pellentesque dictum, diam nec tempor aliquet, tortor justo fermentum sapien, at condimentum turpis elit vel sapien. Aenean rutrum tellus sodales tortor viverra eleifend.

Donec facilisis, diam efficitur maximus ultrices, enim lectus rutrum elit, eget malesuada mi justo dapibus enim. Maecenas finibus euismod nulla quis dignissim. Sed dictum ante rutrum turpis euismod laoreet. Sed placerat tellus leo. In ut lobortis lorem. Nullam vitae lectus egestas urna tincidunt aliquet. Ut sagittis vel enim eget malesuada. Cras in congue tortor. Interdum et malesuada fames ac ante ipsum primis in faucibus. Nunc tempus consequat neque, et eleifend nulla aliquam eu.",Author 349,5,chiec-la-cuoi-cung-2022,NXB 349,2004,146
https://cdn1.fahasa.com/media/catalog/product/k/h/khoi-troi-long-lay-tb-2022.jpg,Khói Trời Lộng Lẫy (Tái Bản 2022),76500,9,9780085480346,"Lorem ipsum dolor sit amet, consectetur adipiscing elit. Nam congue vel tellus non luctus. Vestibulum vitae nunc lorem. Sed lacinia lectus vel augue imperdiet ultricies. Donec id venenatis ex, vitae pretium ligula. Sed nulla eros, dignissim at feugiat non, posuere sit amet urna. Ut eu porttitor tellus. Cras eu massa nulla. Morbi porta fermentum elit eu iaculis. Pellentesque hendrerit venenatis purus at feugiat. Pellentesque vitae feugiat purus. Donec mattis rhoncus lacinia. Sed quam diam, molestie id laoreet eu, lacinia ac turpis. Cras tincidunt lobortis elit quis aliquam. Proin et massa libero.

Aliquam id pharetra arcu. Vivamus vitae mattis ligula. Sed efficitur urna vitae scelerisque tempor. Proin purus magna, vulputate eu ligula a, vehicula malesuada enim. Curabitur aliquet rutrum enim et tincidunt. Vestibulum ante ipsum primis in faucibus orci luctus et ultrices posuere cubilia curae; Vivamus pharetra enim leo, nec molestie nibh consectetur quis. Class aptent taciti sociosqu ad litora torquent per conubia nostra, per inceptos himenaeos. Nunc quis maximus elit, vitae pulvinar urna. Integer at mi elit. Phasellus vitae rutrum sem. Vivamus et mauris ac nisl congue congue eu eget elit. Nullam at quam velit. Pellentesque dictum, diam nec tempor aliquet, tortor justo fermentum sapien, at condimentum turpis elit vel sapien. Aenean rutrum tellus sodales tortor viverra eleifend.

Donec facilisis, diam efficitur maximus ultrices, enim lectus rutrum elit, eget malesuada mi justo dapibus enim. Maecenas finibus euismod nulla quis dignissim. Sed dictum ante rutrum turpis euismod laoreet. Sed placerat tellus leo. In ut lobortis lorem. Nullam vitae lectus egestas urna tincidunt aliquet. Ut sagittis vel enim eget malesuada. Cras in congue tortor. Interdum et malesuada fames ac ante ipsum primis in faucibus. Nunc tempus consequat neque, et eleifend nulla aliquam eu.",Author 350,16,khoi-troi-long-lay-tai-ban-2022,NXB 350,2025,91
https://cdn1.fahasa.com/media/catalog/product/8/9/8934974207917.jpg,Tiếng Gọi Chân Trời,68000,9,9780085480347,"Lorem ipsum dolor sit amet, consectetur adipiscing elit. Nam congue vel tellus non luctus. Vestibulum vitae nunc lorem. Sed lacinia lectus vel augue imperdiet ultricies. Donec id venenatis ex, vitae pretium ligula. Sed nulla eros, dignissim at feugiat non, posuere sit amet urna. Ut eu porttitor tellus. Cras eu massa nulla. Morbi porta fermentum elit eu iaculis. Pellentesque hendrerit venenatis purus at feugiat. Pellentesque vitae feugiat purus. Donec mattis rhoncus lacinia. Sed quam diam, molestie id laoreet eu, lacinia ac turpis. Cras tincidunt lobortis elit quis aliquam. Proin et massa libero.

Aliquam id pharetra arcu. Vivamus vitae mattis ligula. Sed efficitur urna vitae scelerisque tempor. Proin purus magna, vulputate eu ligula a, vehicula malesuada enim. Curabitur aliquet rutrum enim et tincidunt. Vestibulum ante ipsum primis in faucibus orci luctus et ultrices posuere cubilia curae; Vivamus pharetra enim leo, nec molestie nibh consectetur quis. Class aptent taciti sociosqu ad litora torquent per conubia nostra, per inceptos himenaeos. Nunc quis maximus elit, vitae pulvinar urna. Integer at mi elit. Phasellus vitae rutrum sem. Vivamus et mauris ac nisl congue congue eu eget elit. Nullam at quam velit. Pellentesque dictum, diam nec tempor aliquet, tortor justo fermentum sapien, at condimentum turpis elit vel sapien. Aenean rutrum tellus sodales tortor viverra eleifend.

Donec facilisis, diam efficitur maximus ultrices, enim lectus rutrum elit, eget malesuada mi justo dapibus enim. Maecenas finibus euismod nulla quis dignissim. Sed dictum ante rutrum turpis euismod laoreet. Sed placerat tellus leo. In ut lobortis lorem. Nullam vitae lectus egestas urna tincidunt aliquet. Ut sagittis vel enim eget malesuada. Cras in congue tortor. Interdum et malesuada fames ac ante ipsum primis in faucibus. Nunc tempus consequat neque, et eleifend nulla aliquam eu.",Author 351,17,tieng-goi-chan-troi,NXB 351,2013,143
https://cdn1.fahasa.com/media/catalog/product/c/h/chia-re_600.jpg,Chia Rẽ - Tại Sao Chúng Ta Đang Sống Trong Thời Đại Của Những Bức Tường,170000,9,9780085480348,"Lorem ipsum dolor sit amet, consectetur adipiscing elit. Nam congue vel tellus non luctus. Vestibulum vitae nunc lorem. Sed lacinia lectus vel augue imperdiet ultricies. Donec id venenatis ex, vitae pretium ligula. Sed nulla eros, dignissim at feugiat non, posuere sit amet urna. Ut eu porttitor tellus. Cras eu massa nulla. Morbi porta fermentum elit eu iaculis. Pellentesque hendrerit venenatis purus at feugiat. Pellentesque vitae feugiat purus. Donec mattis rhoncus lacinia. Sed quam diam, molestie id laoreet eu, lacinia ac turpis. Cras tincidunt lobortis elit quis aliquam. Proin et massa libero.

Aliquam id pharetra arcu. Vivamus vitae mattis ligula. Sed efficitur urna vitae scelerisque tempor. Proin purus magna, vulputate eu ligula a, vehicula malesuada enim. Curabitur aliquet rutrum enim et tincidunt. Vestibulum ante ipsum primis in faucibus orci luctus et ultrices posuere cubilia curae; Vivamus pharetra enim leo, nec molestie nibh consectetur quis. Class aptent taciti sociosqu ad litora torquent per conubia nostra, per inceptos himenaeos. Nunc quis maximus elit, vitae pulvinar urna. Integer at mi elit. Phasellus vitae rutrum sem. Vivamus et mauris ac nisl congue congue eu eget elit. Nullam at quam velit. Pellentesque dictum, diam nec tempor aliquet, tortor justo fermentum sapien, at condimentum turpis elit vel sapien. Aenean rutrum tellus sodales tortor viverra eleifend.

Donec facilisis, diam efficitur maximus ultrices, enim lectus rutrum elit, eget malesuada mi justo dapibus enim. Maecenas finibus euismod nulla quis dignissim. Sed dictum ante rutrum turpis euismod laoreet. Sed placerat tellus leo. In ut lobortis lorem. Nullam vitae lectus egestas urna tincidunt aliquet. Ut sagittis vel enim eget malesuada. Cras in congue tortor. Interdum et malesuada fames ac ante ipsum primis in faucibus. Nunc tempus consequat neque, et eleifend nulla aliquam eu.",Author 352,11,chia-re-tai-sao-chung-ta-ang-song-trong-thoi-ai-cua-nhung-buc-tuong,NXB 352,2006,127
https://cdn1.fahasa.com/media/catalog/product/t/h/thiet_ke_chua_co_ten__79__17e55f38561546cea108dbaa92c7721c_master.jpg,Chí Phèo (Tái Bản 2025),35000,9,9780085480349,"Lorem ipsum dolor sit amet, consectetur adipiscing elit. Nam congue vel tellus non luctus. Vestibulum vitae nunc lorem. Sed lacinia lectus vel augue imperdiet ultricies. Donec id venenatis ex, vitae pretium ligula. Sed nulla eros, dignissim at feugiat non, posuere sit amet urna. Ut eu porttitor tellus. Cras eu massa nulla. Morbi porta fermentum elit eu iaculis. Pellentesque hendrerit venenatis purus at feugiat. Pellentesque vitae feugiat purus. Donec mattis rhoncus lacinia. Sed quam diam, molestie id laoreet eu, lacinia ac turpis. Cras tincidunt lobortis elit quis aliquam. Proin et massa libero.

Aliquam id pharetra arcu. Vivamus vitae mattis ligula. Sed efficitur urna vitae scelerisque tempor. Proin purus magna, vulputate eu ligula a, vehicula malesuada enim. Curabitur aliquet rutrum enim et tincidunt. Vestibulum ante ipsum primis in faucibus orci luctus et ultrices posuere cubilia curae; Vivamus pharetra enim leo, nec molestie nibh consectetur quis. Class aptent taciti sociosqu ad litora torquent per conubia nostra, per inceptos himenaeos. Nunc quis maximus elit, vitae pulvinar urna. Integer at mi elit. Phasellus vitae rutrum sem. Vivamus et mauris ac nisl congue congue eu eget elit. Nullam at quam velit. Pellentesque dictum, diam nec tempor aliquet, tortor justo fermentum sapien, at condimentum turpis elit vel sapien. Aenean rutrum tellus sodales tortor viverra eleifend.

Donec facilisis, diam efficitur maximus ultrices, enim lectus rutrum elit, eget malesuada mi justo dapibus enim. Maecenas finibus euismod nulla quis dignissim. Sed dictum ante rutrum turpis euismod laoreet. Sed placerat tellus leo. In ut lobortis lorem. Nullam vitae lectus egestas urna tincidunt aliquet. Ut sagittis vel enim eget malesuada. Cras in congue tortor. Interdum et malesuada fames ac ante ipsum primis in faucibus. Nunc tempus consequat neque, et eleifend nulla aliquam eu.",Author 353,13,chi-pheo-tai-ban-2025,NXB 353,2021,137
https://cdn1.fahasa.com/media/catalog/product/b/i/bia_mot-quyen-phong-hoa-dai-duong.jpg,Một Quyển Phong Hoa Đại Đường - Tặng Kèm Bookmark 2 Mặt Bế Khuôn Tròn Kích Thước 8cm (Giấy Ivory Bồi 2 Lớp Cán Mờ),104000,9,9780085480350,"Lorem ipsum dolor sit amet, consectetur adipiscing elit. Nam congue vel tellus non luctus. Vestibulum vitae nunc lorem. Sed lacinia lectus vel augue imperdiet ultricies. Donec id venenatis ex, vitae pretium ligula. Sed nulla eros, dignissim at feugiat non, posuere sit amet urna. Ut eu porttitor tellus. Cras eu massa nulla. Morbi porta fermentum elit eu iaculis. Pellentesque hendrerit venenatis purus at feugiat. Pellentesque vitae feugiat purus. Donec mattis rhoncus lacinia. Sed quam diam, molestie id laoreet eu, lacinia ac turpis. Cras tincidunt lobortis elit quis aliquam. Proin et massa libero.

Aliquam id pharetra arcu. Vivamus vitae mattis ligula. Sed efficitur urna vitae scelerisque tempor. Proin purus magna, vulputate eu ligula a, vehicula malesuada enim. Curabitur aliquet rutrum enim et tincidunt. Vestibulum ante ipsum primis in faucibus orci luctus et ultrices posuere cubilia curae; Vivamus pharetra enim leo, nec molestie nibh consectetur quis. Class aptent taciti sociosqu ad litora torquent per conubia nostra, per inceptos himenaeos. Nunc quis maximus elit, vitae pulvinar urna. Integer at mi elit. Phasellus vitae rutrum sem. Vivamus et mauris ac nisl congue congue eu eget elit. Nullam at quam velit. Pellentesque dictum, diam nec tempor aliquet, tortor justo fermentum sapien, at condimentum turpis elit vel sapien. Aenean rutrum tellus sodales tortor viverra eleifend.

Donec facilisis, diam efficitur maximus ultrices, enim lectus rutrum elit, eget malesuada mi justo dapibus enim. Maecenas finibus euismod nulla quis dignissim. Sed dictum ante rutrum turpis euismod laoreet. Sed placerat tellus leo. In ut lobortis lorem. Nullam vitae lectus egestas urna tincidunt aliquet. Ut sagittis vel enim eget malesuada. Cras in congue tortor. Interdum et malesuada fames ac ante ipsum primis in faucibus. Nunc tempus consequat neque, et eleifend nulla aliquam eu.",Author 354,7,mot-quyen-phong-hoa-ai-uong-tang-kem-bookmark-2-mat-be-khuon-tron-kich-thuoc-8cm-giay-ivory-boi-2-lop-can-mo,NXB 354,2025,68
https://cdn1.fahasa.com/media/catalog/product/0/2/021123-8.jpg,Cuối Con Đường Sẽ Gặp Một Người Thương - Tặng Kèm Bookmark,81000,9,9780085480351,"Lorem ipsum dolor sit amet, consectetur adipiscing elit. Nam congue vel tellus non luctus. Vestibulum vitae nunc lorem. Sed lacinia lectus vel augue imperdiet ultricies. Donec id venenatis ex, vitae pretium ligula. Sed nulla eros, dignissim at feugiat non, posuere sit amet urna. Ut eu porttitor tellus. Cras eu massa nulla. Morbi porta fermentum elit eu iaculis. Pellentesque hendrerit venenatis purus at feugiat. Pellentesque vitae feugiat purus. Donec mattis rhoncus lacinia. Sed quam diam, molestie id laoreet eu, lacinia ac turpis. Cras tincidunt lobortis elit quis aliquam. Proin et massa libero.

Aliquam id pharetra arcu. Vivamus vitae mattis ligula. Sed efficitur urna vitae scelerisque tempor. Proin purus magna, vulputate eu ligula a, vehicula malesuada enim. Curabitur aliquet rutrum enim et tincidunt. Vestibulum ante ipsum primis in faucibus orci luctus et ultrices posuere cubilia curae; Vivamus pharetra enim leo, nec molestie nibh consectetur quis. Class aptent taciti sociosqu ad litora torquent per conubia nostra, per inceptos himenaeos. Nunc quis maximus elit, vitae pulvinar urna. Integer at mi elit. Phasellus vitae rutrum sem. Vivamus et mauris ac nisl congue congue eu eget elit. Nullam at quam velit. Pellentesque dictum, diam nec tempor aliquet, tortor justo fermentum sapien, at condimentum turpis elit vel sapien. Aenean rutrum tellus sodales tortor viverra eleifend.

Donec facilisis, diam efficitur maximus ultrices, enim lectus rutrum elit, eget malesuada mi justo dapibus enim. Maecenas finibus euismod nulla quis dignissim. Sed dictum ante rutrum turpis euismod laoreet. Sed placerat tellus leo. In ut lobortis lorem. Nullam vitae lectus egestas urna tincidunt aliquet. Ut sagittis vel enim eget malesuada. Cras in congue tortor. Interdum et malesuada fames ac ante ipsum primis in faucibus. Nunc tempus consequat neque, et eleifend nulla aliquam eu.",Author 355,11,cuoi-con-uong-se-gap-mot-nguoi-thuong-tang-kem-bookmark,NXB 355,2020,62
https://cdn1.fahasa.com/media/catalog/product/9/f/9f8b5630e51b4b9921bd89c95f4e34a9.jpg,Nếp Nhà - Từ Gốc Rễ Đến Ngọn Gió,203150,9,9780085480352,"Lorem ipsum dolor sit amet, consectetur adipiscing elit. Nam congue vel tellus non luctus. Vestibulum vitae nunc lorem. Sed lacinia lectus vel augue imperdiet ultricies. Donec id venenatis ex, vitae pretium ligula. Sed nulla eros, dignissim at feugiat non, posuere sit amet urna. Ut eu porttitor tellus. Cras eu massa nulla. Morbi porta fermentum elit eu iaculis. Pellentesque hendrerit venenatis purus at feugiat. Pellentesque vitae feugiat purus. Donec mattis rhoncus lacinia. Sed quam diam, molestie id laoreet eu, lacinia ac turpis. Cras tincidunt lobortis elit quis aliquam. Proin et massa libero.

Aliquam id pharetra arcu. Vivamus vitae mattis ligula. Sed efficitur urna vitae scelerisque tempor. Proin purus magna, vulputate eu ligula a, vehicula malesuada enim. Curabitur aliquet rutrum enim et tincidunt. Vestibulum ante ipsum primis in faucibus orci luctus et ultrices posuere cubilia curae; Vivamus pharetra enim leo, nec molestie nibh consectetur quis. Class aptent taciti sociosqu ad litora torquent per conubia nostra, per inceptos himenaeos. Nunc quis maximus elit, vitae pulvinar urna. Integer at mi elit. Phasellus vitae rutrum sem. Vivamus et mauris ac nisl congue congue eu eget elit. Nullam at quam velit. Pellentesque dictum, diam nec tempor aliquet, tortor justo fermentum sapien, at condimentum turpis elit vel sapien. Aenean rutrum tellus sodales tortor viverra eleifend.

Donec facilisis, diam efficitur maximus ultrices, enim lectus rutrum elit, eget malesuada mi justo dapibus enim. Maecenas finibus euismod nulla quis dignissim. Sed dictum ante rutrum turpis euismod laoreet. Sed placerat tellus leo. In ut lobortis lorem. Nullam vitae lectus egestas urna tincidunt aliquet. Ut sagittis vel enim eget malesuada. Cras in congue tortor. Interdum et malesuada fames ac ante ipsum primis in faucibus. Nunc tempus consequat neque, et eleifend nulla aliquam eu.",Author 356,6,nep-nha-tu-goc-re-en-ngon-gio,NXB 356,2014,146
https://cdn1.fahasa.com/media/catalog/product/c/o/combo-8935325011559-8935325011818.png,Combo Sách Đám Trẻ Ở Đại Dương Đen + Đứa Trẻ Hiểu Chuyện Thường Không Có Kẹo Ăn (Bộ 2 Cuốn),185000,9,9780085480353,"Lorem ipsum dolor sit amet, consectetur adipiscing elit. Nam congue vel tellus non luctus. Vestibulum vitae nunc lorem. Sed lacinia lectus vel augue imperdiet ultricies. Donec id venenatis ex, vitae pretium ligula. Sed nulla eros, dignissim at feugiat non, posuere sit amet urna. Ut eu porttitor tellus. Cras eu massa nulla. Morbi porta fermentum elit eu iaculis. Pellentesque hendrerit venenatis purus at feugiat. Pellentesque vitae feugiat purus. Donec mattis rhoncus lacinia. Sed quam diam, molestie id laoreet eu, lacinia ac turpis. Cras tincidunt lobortis elit quis aliquam. Proin et massa libero.

Aliquam id pharetra arcu. Vivamus vitae mattis ligula. Sed efficitur urna vitae scelerisque tempor. Proin purus magna, vulputate eu ligula a, vehicula malesuada enim. Curabitur aliquet rutrum enim et tincidunt. Vestibulum ante ipsum primis in faucibus orci luctus et ultrices posuere cubilia curae; Vivamus pharetra enim leo, nec molestie nibh consectetur quis. Class aptent taciti sociosqu ad litora torquent per conubia nostra, per inceptos himenaeos. Nunc quis maximus elit, vitae pulvinar urna. Integer at mi elit. Phasellus vitae rutrum sem. Vivamus et mauris ac nisl congue congue eu eget elit. Nullam at quam velit. Pellentesque dictum, diam nec tempor aliquet, tortor justo fermentum sapien, at condimentum turpis elit vel sapien. Aenean rutrum tellus sodales tortor viverra eleifend.

Donec facilisis, diam efficitur maximus ultrices, enim lectus rutrum elit, eget malesuada mi justo dapibus enim. Maecenas finibus euismod nulla quis dignissim. Sed dictum ante rutrum turpis euismod laoreet. Sed placerat tellus leo. In ut lobortis lorem. Nullam vitae lectus egestas urna tincidunt aliquet. Ut sagittis vel enim eget malesuada. Cras in congue tortor. Interdum et malesuada fames ac ante ipsum primis in faucibus. Nunc tempus consequat neque, et eleifend nulla aliquam eu.",Author 357,13,combo-sach-am-tre-o-ai-duong-en-ua-tre-hieu-chuyen-thuong-khong-co-keo-an-bo-2-cuon,NXB 357,2012,79
https://cdn1.fahasa.com/media/catalog/product/8/9/8935235247260.jpg,Dọc Đường - Tập 3,175000,9,9780085480354,"Lorem ipsum dolor sit amet, consectetur adipiscing elit. Nam congue vel tellus non luctus. Vestibulum vitae nunc lorem. Sed lacinia lectus vel augue imperdiet ultricies. Donec id venenatis ex, vitae pretium ligula. Sed nulla eros, dignissim at feugiat non, posuere sit amet urna. Ut eu porttitor tellus. Cras eu massa nulla. Morbi porta fermentum elit eu iaculis. Pellentesque hendrerit venenatis purus at feugiat. Pellentesque vitae feugiat purus. Donec mattis rhoncus lacinia. Sed quam diam, molestie id laoreet eu, lacinia ac turpis. Cras tincidunt lobortis elit quis aliquam. Proin et massa libero.

Aliquam id pharetra arcu. Vivamus vitae mattis ligula. Sed efficitur urna vitae scelerisque tempor. Proin purus magna, vulputate eu ligula a, vehicula malesuada enim. Curabitur aliquet rutrum enim et tincidunt. Vestibulum ante ipsum primis in faucibus orci luctus et ultrices posuere cubilia curae; Vivamus pharetra enim leo, nec molestie nibh consectetur quis. Class aptent taciti sociosqu ad litora torquent per conubia nostra, per inceptos himenaeos. Nunc quis maximus elit, vitae pulvinar urna. Integer at mi elit. Phasellus vitae rutrum sem. Vivamus et mauris ac nisl congue congue eu eget elit. Nullam at quam velit. Pellentesque dictum, diam nec tempor aliquet, tortor justo fermentum sapien, at condimentum turpis elit vel sapien. Aenean rutrum tellus sodales tortor viverra eleifend.

Donec facilisis, diam efficitur maximus ultrices, enim lectus rutrum elit, eget malesuada mi justo dapibus enim. Maecenas finibus euismod nulla quis dignissim. Sed dictum ante rutrum turpis euismod laoreet. Sed placerat tellus leo. In ut lobortis lorem. Nullam vitae lectus egestas urna tincidunt aliquet. Ut sagittis vel enim eget malesuada. Cras in congue tortor. Interdum et malesuada fames ac ante ipsum primis in faucibus. Nunc tempus consequat neque, et eleifend nulla aliquam eu.",Author 358,9,doc-uong-tap-3,NXB 358,2014,97
https://cdn1.fahasa.com/media/catalog/product/_/n/_nh-cbb-3.jpg,Bộ Sách Nếu Như Không Thể Nói Nếu Như + Có Ai Giữ Giùm Những Lãng Quên + Thức Dậy Anh Vẫn Là Mơ (Bộ 3 Cuốn) (Tái Bản 2025) - Tặng Kèm 3 Bookmark + 3 Postcard,293000,9,9780085480355,"Lorem ipsum dolor sit amet, consectetur adipiscing elit. Nam congue vel tellus non luctus. Vestibulum vitae nunc lorem. Sed lacinia lectus vel augue imperdiet ultricies. Donec id venenatis ex, vitae pretium ligula. Sed nulla eros, dignissim at feugiat non, posuere sit amet urna. Ut eu porttitor tellus. Cras eu massa nulla. Morbi porta fermentum elit eu iaculis. Pellentesque hendrerit venenatis purus at feugiat. Pellentesque vitae feugiat purus. Donec mattis rhoncus lacinia. Sed quam diam, molestie id laoreet eu, lacinia ac turpis. Cras tincidunt lobortis elit quis aliquam. Proin et massa libero.

Aliquam id pharetra arcu. Vivamus vitae mattis ligula. Sed efficitur urna vitae scelerisque tempor. Proin purus magna, vulputate eu ligula a, vehicula malesuada enim. Curabitur aliquet rutrum enim et tincidunt. Vestibulum ante ipsum primis in faucibus orci luctus et ultrices posuere cubilia curae; Vivamus pharetra enim leo, nec molestie nibh consectetur quis. Class aptent taciti sociosqu ad litora torquent per conubia nostra, per inceptos himenaeos. Nunc quis maximus elit, vitae pulvinar urna. Integer at mi elit. Phasellus vitae rutrum sem. Vivamus et mauris ac nisl congue congue eu eget elit. Nullam at quam velit. Pellentesque dictum, diam nec tempor aliquet, tortor justo fermentum sapien, at condimentum turpis elit vel sapien. Aenean rutrum tellus sodales tortor viverra eleifend.

Donec facilisis, diam efficitur maximus ultrices, enim lectus rutrum elit, eget malesuada mi justo dapibus enim. Maecenas finibus euismod nulla quis dignissim. Sed dictum ante rutrum turpis euismod laoreet. Sed placerat tellus leo. In ut lobortis lorem. Nullam vitae lectus egestas urna tincidunt aliquet. Ut sagittis vel enim eget malesuada. Cras in congue tortor. Interdum et malesuada fames ac ante ipsum primis in faucibus. Nunc tempus consequat neque, et eleifend nulla aliquam eu.",Author 359,11,bo-sach-neu-nhu-khong-the-noi-neu-nhu-co-ai-giu-gium-nhung-lang-quen-thuc-day-anh-van-la-mo-bo-3-cuon-tai-ban-2025-tang-kem-3-bookmark-3-postcard,NXB 359,2023,130
https://cdn1.fahasa.com/media/catalog/product/b/i/bia-1_1_14.jpg,"Sổ Tay ""Manifest"" Thịnh Vượng",79500,9,9780085480356,"Lorem ipsum dolor sit amet, consectetur adipiscing elit. Nam congue vel tellus non luctus. Vestibulum vitae nunc lorem. Sed lacinia lectus vel augue imperdiet ultricies. Donec id venenatis ex, vitae pretium ligula. Sed nulla eros, dignissim at feugiat non, posuere sit amet urna. Ut eu porttitor tellus. Cras eu massa nulla. Morbi porta fermentum elit eu iaculis. Pellentesque hendrerit venenatis purus at feugiat. Pellentesque vitae feugiat purus. Donec mattis rhoncus lacinia. Sed quam diam, molestie id laoreet eu, lacinia ac turpis. Cras tincidunt lobortis elit quis aliquam. Proin et massa libero.

Aliquam id pharetra arcu. Vivamus vitae mattis ligula. Sed efficitur urna vitae scelerisque tempor. Proin purus magna, vulputate eu ligula a, vehicula malesuada enim. Curabitur aliquet rutrum enim et tincidunt. Vestibulum ante ipsum primis in faucibus orci luctus et ultrices posuere cubilia curae; Vivamus pharetra enim leo, nec molestie nibh consectetur quis. Class aptent taciti sociosqu ad litora torquent per conubia nostra, per inceptos himenaeos. Nunc quis maximus elit, vitae pulvinar urna. Integer at mi elit. Phasellus vitae rutrum sem. Vivamus et mauris ac nisl congue congue eu eget elit. Nullam at quam velit. Pellentesque dictum, diam nec tempor aliquet, tortor justo fermentum sapien, at condimentum turpis elit vel sapien. Aenean rutrum tellus sodales tortor viverra eleifend.

Donec facilisis, diam efficitur maximus ultrices, enim lectus rutrum elit, eget malesuada mi justo dapibus enim. Maecenas finibus euismod nulla quis dignissim. Sed dictum ante rutrum turpis euismod laoreet. Sed placerat tellus leo. In ut lobortis lorem. Nullam vitae lectus egestas urna tincidunt aliquet. Ut sagittis vel enim eget malesuada. Cras in congue tortor. Interdum et malesuada fames ac ante ipsum primis in faucibus. Nunc tempus consequat neque, et eleifend nulla aliquam eu.",Author 360,13,so-tay-manifest-thinh-vuong,NXB 360,2000,100
https://cdn1.fahasa.com/media/catalog/product/n/h/nhi-thap-bat-hieu---bia-1-_1_.jpg,Nhị Thập Bất Hiếu,52000,9,9780085480357,"Lorem ipsum dolor sit amet, consectetur adipiscing elit. Nam congue vel tellus non luctus. Vestibulum vitae nunc lorem. Sed lacinia lectus vel augue imperdiet ultricies. Donec id venenatis ex, vitae pretium ligula. Sed nulla eros, dignissim at feugiat non, posuere sit amet urna. Ut eu porttitor tellus. Cras eu massa nulla. Morbi porta fermentum elit eu iaculis. Pellentesque hendrerit venenatis purus at feugiat. Pellentesque vitae feugiat purus. Donec mattis rhoncus lacinia. Sed quam diam, molestie id laoreet eu, lacinia ac turpis. Cras tincidunt lobortis elit quis aliquam. Proin et massa libero.

Aliquam id pharetra arcu. Vivamus vitae mattis ligula. Sed efficitur urna vitae scelerisque tempor. Proin purus magna, vulputate eu ligula a, vehicula malesuada enim. Curabitur aliquet rutrum enim et tincidunt. Vestibulum ante ipsum primis in faucibus orci luctus et ultrices posuere cubilia curae; Vivamus pharetra enim leo, nec molestie nibh consectetur quis. Class aptent taciti sociosqu ad litora torquent per conubia nostra, per inceptos himenaeos. Nunc quis maximus elit, vitae pulvinar urna. Integer at mi elit. Phasellus vitae rutrum sem. Vivamus et mauris ac nisl congue congue eu eget elit. Nullam at quam velit. Pellentesque dictum, diam nec tempor aliquet, tortor justo fermentum sapien, at condimentum turpis elit vel sapien. Aenean rutrum tellus sodales tortor viverra eleifend.

Donec facilisis, diam efficitur maximus ultrices, enim lectus rutrum elit, eget malesuada mi justo dapibus enim. Maecenas finibus euismod nulla quis dignissim. Sed dictum ante rutrum turpis euismod laoreet. Sed placerat tellus leo. In ut lobortis lorem. Nullam vitae lectus egestas urna tincidunt aliquet. Ut sagittis vel enim eget malesuada. Cras in congue tortor. Interdum et malesuada fames ac ante ipsum primis in faucibus. Nunc tempus consequat neque, et eleifend nulla aliquam eu.",Author 361,14,nhi-thap-bat-hieu,NXB 361,2006,125
https://cdn1.fahasa.com/media/catalog/product/u/n/untitled-1_4_71.jpg,Như Chiếc Lá Gần Rơi,76000,9,9780085480358,"Lorem ipsum dolor sit amet, consectetur adipiscing elit. Nam congue vel tellus non luctus. Vestibulum vitae nunc lorem. Sed lacinia lectus vel augue imperdiet ultricies. Donec id venenatis ex, vitae pretium ligula. Sed nulla eros, dignissim at feugiat non, posuere sit amet urna. Ut eu porttitor tellus. Cras eu massa nulla. Morbi porta fermentum elit eu iaculis. Pellentesque hendrerit venenatis purus at feugiat. Pellentesque vitae feugiat purus. Donec mattis rhoncus lacinia. Sed quam diam, molestie id laoreet eu, lacinia ac turpis. Cras tincidunt lobortis elit quis aliquam. Proin et massa libero.

Aliquam id pharetra arcu. Vivamus vitae mattis ligula. Sed efficitur urna vitae scelerisque tempor. Proin purus magna, vulputate eu ligula a, vehicula malesuada enim. Curabitur aliquet rutrum enim et tincidunt. Vestibulum ante ipsum primis in faucibus orci luctus et ultrices posuere cubilia curae; Vivamus pharetra enim leo, nec molestie nibh consectetur quis. Class aptent taciti sociosqu ad litora torquent per conubia nostra, per inceptos himenaeos. Nunc quis maximus elit, vitae pulvinar urna. Integer at mi elit. Phasellus vitae rutrum sem. Vivamus et mauris ac nisl congue congue eu eget elit. Nullam at quam velit. Pellentesque dictum, diam nec tempor aliquet, tortor justo fermentum sapien, at condimentum turpis elit vel sapien. Aenean rutrum tellus sodales tortor viverra eleifend.

Donec facilisis, diam efficitur maximus ultrices, enim lectus rutrum elit, eget malesuada mi justo dapibus enim. Maecenas finibus euismod nulla quis dignissim. Sed dictum ante rutrum turpis euismod laoreet. Sed placerat tellus leo. In ut lobortis lorem. Nullam vitae lectus egestas urna tincidunt aliquet. Ut sagittis vel enim eget malesuada. Cras in congue tortor. Interdum et malesuada fames ac ante ipsum primis in faucibus. Nunc tempus consequat neque, et eleifend nulla aliquam eu.",Author 362,13,nhu-chiec-la-gan-roi,NXB 362,2018,84
https://cdn1.fahasa.com/media/catalog/product/n/e/neu-tat-ca-nhung-gi-toi-co-la-ngon-tu_bia.jpg,Nếu Tất Cả Những Gì Tôi Có Là Ngôn Từ,99000,9,9780085480359,"Lorem ipsum dolor sit amet, consectetur adipiscing elit. Nam congue vel tellus non luctus. Vestibulum vitae nunc lorem. Sed lacinia lectus vel augue imperdiet ultricies. Donec id venenatis ex, vitae pretium ligula. Sed nulla eros, dignissim at feugiat non, posuere sit amet urna. Ut eu porttitor tellus. Cras eu massa nulla. Morbi porta fermentum elit eu iaculis. Pellentesque hendrerit venenatis purus at feugiat. Pellentesque vitae feugiat purus. Donec mattis rhoncus lacinia. Sed quam diam, molestie id laoreet eu, lacinia ac turpis. Cras tincidunt lobortis elit quis aliquam. Proin et massa libero.

Aliquam id pharetra arcu. Vivamus vitae mattis ligula. Sed efficitur urna vitae scelerisque tempor. Proin purus magna, vulputate eu ligula a, vehicula malesuada enim. Curabitur aliquet rutrum enim et tincidunt. Vestibulum ante ipsum primis in faucibus orci luctus et ultrices posuere cubilia curae; Vivamus pharetra enim leo, nec molestie nibh consectetur quis. Class aptent taciti sociosqu ad litora torquent per conubia nostra, per inceptos himenaeos. Nunc quis maximus elit, vitae pulvinar urna. Integer at mi elit. Phasellus vitae rutrum sem. Vivamus et mauris ac nisl congue congue eu eget elit. Nullam at quam velit. Pellentesque dictum, diam nec tempor aliquet, tortor justo fermentum sapien, at condimentum turpis elit vel sapien. Aenean rutrum tellus sodales tortor viverra eleifend.

Donec facilisis, diam efficitur maximus ultrices, enim lectus rutrum elit, eget malesuada mi justo dapibus enim. Maecenas finibus euismod nulla quis dignissim. Sed dictum ante rutrum turpis euismod laoreet. Sed placerat tellus leo. In ut lobortis lorem. Nullam vitae lectus egestas urna tincidunt aliquet. Ut sagittis vel enim eget malesuada. Cras in congue tortor. Interdum et malesuada fames ac ante ipsum primis in faucibus. Nunc tempus consequat neque, et eleifend nulla aliquam eu.",Author 363,20,neu-tat-ca-nhung-gi-toi-co-la-ngon-tu,NXB 363,2003,120
https://cdn1.fahasa.com/media/catalog/product/b/_/b_a-1_7_34.jpg,"Thần Với Chả Thoại - Những Câu Chuyện ""Mệt Mỏi"" Về Các Vị Thần (Tái Bản 2025)",127000,9,9780085480360,"Lorem ipsum dolor sit amet, consectetur adipiscing elit. Nam congue vel tellus non luctus. Vestibulum vitae nunc lorem. Sed lacinia lectus vel augue imperdiet ultricies. Donec id venenatis ex, vitae pretium ligula. Sed nulla eros, dignissim at feugiat non, posuere sit amet urna. Ut eu porttitor tellus. Cras eu massa nulla. Morbi porta fermentum elit eu iaculis. Pellentesque hendrerit venenatis purus at feugiat. Pellentesque vitae feugiat purus. Donec mattis rhoncus lacinia. Sed quam diam, molestie id laoreet eu, lacinia ac turpis. Cras tincidunt lobortis elit quis aliquam. Proin et massa libero.

Aliquam id pharetra arcu. Vivamus vitae mattis ligula. Sed efficitur urna vitae scelerisque tempor. Proin purus magna, vulputate eu ligula a, vehicula malesuada enim. Curabitur aliquet rutrum enim et tincidunt. Vestibulum ante ipsum primis in faucibus orci luctus et ultrices posuere cubilia curae; Vivamus pharetra enim leo, nec molestie nibh consectetur quis. Class aptent taciti sociosqu ad litora torquent per conubia nostra, per inceptos himenaeos. Nunc quis maximus elit, vitae pulvinar urna. Integer at mi elit. Phasellus vitae rutrum sem. Vivamus et mauris ac nisl congue congue eu eget elit. Nullam at quam velit. Pellentesque dictum, diam nec tempor aliquet, tortor justo fermentum sapien, at condimentum turpis elit vel sapien. Aenean rutrum tellus sodales tortor viverra eleifend.

Donec facilisis, diam efficitur maximus ultrices, enim lectus rutrum elit, eget malesuada mi justo dapibus enim. Maecenas finibus euismod nulla quis dignissim. Sed dictum ante rutrum turpis euismod laoreet. Sed placerat tellus leo. In ut lobortis lorem. Nullam vitae lectus egestas urna tincidunt aliquet. Ut sagittis vel enim eget malesuada. Cras in congue tortor. Interdum et malesuada fames ac ante ipsum primis in faucibus. Nunc tempus consequat neque, et eleifend nulla aliquam eu.",Author 364,20,than-voi-cha-thoai-nhung-cau-chuyen-met-moi-ve-cac-vi-than-tai-ban-2025,NXB 364,2002,132
https://cdn1.fahasa.com/media/catalog/product/8/9/8935244874327.jpg,Văn Học Tuổi Hoa - Tôi Sẽ Bay,32000,9,9780085480361,"Lorem ipsum dolor sit amet, consectetur adipiscing elit. Nam congue vel tellus non luctus. Vestibulum vitae nunc lorem. Sed lacinia lectus vel augue imperdiet ultricies. Donec id venenatis ex, vitae pretium ligula. Sed nulla eros, dignissim at feugiat non, posuere sit amet urna. Ut eu porttitor tellus. Cras eu massa nulla. Morbi porta fermentum elit eu iaculis. Pellentesque hendrerit venenatis purus at feugiat. Pellentesque vitae feugiat purus. Donec mattis rhoncus lacinia. Sed quam diam, molestie id laoreet eu, lacinia ac turpis. Cras tincidunt lobortis elit quis aliquam. Proin et massa libero.

Aliquam id pharetra arcu. Vivamus vitae mattis ligula. Sed efficitur urna vitae scelerisque tempor. Proin purus magna, vulputate eu ligula a, vehicula malesuada enim. Curabitur aliquet rutrum enim et tincidunt. Vestibulum ante ipsum primis in faucibus orci luctus et ultrices posuere cubilia curae; Vivamus pharetra enim leo, nec molestie nibh consectetur quis. Class aptent taciti sociosqu ad litora torquent per conubia nostra, per inceptos himenaeos. Nunc quis maximus elit, vitae pulvinar urna. Integer at mi elit. Phasellus vitae rutrum sem. Vivamus et mauris ac nisl congue congue eu eget elit. Nullam at quam velit. Pellentesque dictum, diam nec tempor aliquet, tortor justo fermentum sapien, at condimentum turpis elit vel sapien. Aenean rutrum tellus sodales tortor viverra eleifend.

Donec facilisis, diam efficitur maximus ultrices, enim lectus rutrum elit, eget malesuada mi justo dapibus enim. Maecenas finibus euismod nulla quis dignissim. Sed dictum ante rutrum turpis euismod laoreet. Sed placerat tellus leo. In ut lobortis lorem. Nullam vitae lectus egestas urna tincidunt aliquet. Ut sagittis vel enim eget malesuada. Cras in congue tortor. Interdum et malesuada fames ac ante ipsum primis in faucibus. Nunc tempus consequat neque, et eleifend nulla aliquam eu.",Author 365,6,van-hoc-tuoi-hoa-toi-se-bay,NXB 365,2004,50
https://cdn1.fahasa.com/media/catalog/product/b/i/bia_cat-cho-toi-nhung-ngay-xanh-nang-ha.jpg,Cất Cho Tôi Những Ngày Xanh Nắng Hạ,81500,9,9780085480362,"Lorem ipsum dolor sit amet, consectetur adipiscing elit. Nam congue vel tellus non luctus. Vestibulum vitae nunc lorem. Sed lacinia lectus vel augue imperdiet ultricies. Donec id venenatis ex, vitae pretium ligula. Sed nulla eros, dignissim at feugiat non, posuere sit amet urna. Ut eu porttitor tellus. Cras eu massa nulla. Morbi porta fermentum elit eu iaculis. Pellentesque hendrerit venenatis purus at feugiat. Pellentesque vitae feugiat purus. Donec mattis rhoncus lacinia. Sed quam diam, molestie id laoreet eu, lacinia ac turpis. Cras tincidunt lobortis elit quis aliquam. Proin et massa libero.

Aliquam id pharetra arcu. Vivamus vitae mattis ligula. Sed efficitur urna vitae scelerisque tempor. Proin purus magna, vulputate eu ligula a, vehicula malesuada enim. Curabitur aliquet rutrum enim et tincidunt. Vestibulum ante ipsum primis in faucibus orci luctus et ultrices posuere cubilia curae; Vivamus pharetra enim leo, nec molestie nibh consectetur quis. Class aptent taciti sociosqu ad litora torquent per conubia nostra, per inceptos himenaeos. Nunc quis maximus elit, vitae pulvinar urna. Integer at mi elit. Phasellus vitae rutrum sem. Vivamus et mauris ac nisl congue congue eu eget elit. Nullam at quam velit. Pellentesque dictum, diam nec tempor aliquet, tortor justo fermentum sapien, at condimentum turpis elit vel sapien. Aenean rutrum tellus sodales tortor viverra eleifend.

Donec facilisis, diam efficitur maximus ultrices, enim lectus rutrum elit, eget malesuada mi justo dapibus enim. Maecenas finibus euismod nulla quis dignissim. Sed dictum ante rutrum turpis euismod laoreet. Sed placerat tellus leo. In ut lobortis lorem. Nullam vitae lectus egestas urna tincidunt aliquet. Ut sagittis vel enim eget malesuada. Cras in congue tortor. Interdum et malesuada fames ac ante ipsum primis in faucibus. Nunc tempus consequat neque, et eleifend nulla aliquam eu.",Author 366,4,cat-cho-toi-nhung-ngay-xanh-nang-ha,NXB 366,2023,62
https://cdn1.fahasa.com/media/catalog/product/9/7/9786048943349.jpg,"Hiếu - Thở Cho Ba, Mỉm Cười Cho Má",100000,9,9780085480363,"Lorem ipsum dolor sit amet, consectetur adipiscing elit. Nam congue vel tellus non luctus. Vestibulum vitae nunc lorem. Sed lacinia lectus vel augue imperdiet ultricies. Donec id venenatis ex, vitae pretium ligula. Sed nulla eros, dignissim at feugiat non, posuere sit amet urna. Ut eu porttitor tellus. Cras eu massa nulla. Morbi porta fermentum elit eu iaculis. Pellentesque hendrerit venenatis purus at feugiat. Pellentesque vitae feugiat purus. Donec mattis rhoncus lacinia. Sed quam diam, molestie id laoreet eu, lacinia ac turpis. Cras tincidunt lobortis elit quis aliquam. Proin et massa libero.

Aliquam id pharetra arcu. Vivamus vitae mattis ligula. Sed efficitur urna vitae scelerisque tempor. Proin purus magna, vulputate eu ligula a, vehicula malesuada enim. Curabitur aliquet rutrum enim et tincidunt. Vestibulum ante ipsum primis in faucibus orci luctus et ultrices posuere cubilia curae; Vivamus pharetra enim leo, nec molestie nibh consectetur quis. Class aptent taciti sociosqu ad litora torquent per conubia nostra, per inceptos himenaeos. Nunc quis maximus elit, vitae pulvinar urna. Integer at mi elit. Phasellus vitae rutrum sem. Vivamus et mauris ac nisl congue congue eu eget elit. Nullam at quam velit. Pellentesque dictum, diam nec tempor aliquet, tortor justo fermentum sapien, at condimentum turpis elit vel sapien. Aenean rutrum tellus sodales tortor viverra eleifend.

Donec facilisis, diam efficitur maximus ultrices, enim lectus rutrum elit, eget malesuada mi justo dapibus enim. Maecenas finibus euismod nulla quis dignissim. Sed dictum ante rutrum turpis euismod laoreet. Sed placerat tellus leo. In ut lobortis lorem. Nullam vitae lectus egestas urna tincidunt aliquet. Ut sagittis vel enim eget malesuada. Cras in congue tortor. Interdum et malesuada fames ac ante ipsum primis in faucibus. Nunc tempus consequat neque, et eleifend nulla aliquam eu.",Author 367,14,hieu-tho-cho-ba-mim-cuoi-cho-ma,NXB 367,2017,72
https://cdn1.fahasa.com/media/catalog/product/8/9/8935235244818.jpg,Người Ăn Chay,127500,9,9780085480364,"Lorem ipsum dolor sit amet, consectetur adipiscing elit. Nam congue vel tellus non luctus. Vestibulum vitae nunc lorem. Sed lacinia lectus vel augue imperdiet ultricies. Donec id venenatis ex, vitae pretium ligula. Sed nulla eros, dignissim at feugiat non, posuere sit amet urna. Ut eu porttitor tellus. Cras eu massa nulla. Morbi porta fermentum elit eu iaculis. Pellentesque hendrerit venenatis purus at feugiat. Pellentesque vitae feugiat purus. Donec mattis rhoncus lacinia. Sed quam diam, molestie id laoreet eu, lacinia ac turpis. Cras tincidunt lobortis elit quis aliquam. Proin et massa libero.

Aliquam id pharetra arcu. Vivamus vitae mattis ligula. Sed efficitur urna vitae scelerisque tempor. Proin purus magna, vulputate eu ligula a, vehicula malesuada enim. Curabitur aliquet rutrum enim et tincidunt. Vestibulum ante ipsum primis in faucibus orci luctus et ultrices posuere cubilia curae; Vivamus pharetra enim leo, nec molestie nibh consectetur quis. Class aptent taciti sociosqu ad litora torquent per conubia nostra, per inceptos himenaeos. Nunc quis maximus elit, vitae pulvinar urna. Integer at mi elit. Phasellus vitae rutrum sem. Vivamus et mauris ac nisl congue congue eu eget elit. Nullam at quam velit. Pellentesque dictum, diam nec tempor aliquet, tortor justo fermentum sapien, at condimentum turpis elit vel sapien. Aenean rutrum tellus sodales tortor viverra eleifend.

Donec facilisis, diam efficitur maximus ultrices, enim lectus rutrum elit, eget malesuada mi justo dapibus enim. Maecenas finibus euismod nulla quis dignissim. Sed dictum ante rutrum turpis euismod laoreet. Sed placerat tellus leo. In ut lobortis lorem. Nullam vitae lectus egestas urna tincidunt aliquet. Ut sagittis vel enim eget malesuada. Cras in congue tortor. Interdum et malesuada fames ac ante ipsum primis in faucibus. Nunc tempus consequat neque, et eleifend nulla aliquam eu.",Author 368,18,nguoi-an-chay,NXB 368,2022,86
https://cdn1.fahasa.com/media/catalog/product/8/9/8935325010736_1.jpg,999 Lá Thư Gửi Cho Chính Mình - Những Lá Thư Ấn Tượng Nhất - Phiên Bản Song Ngữ Trung-Việt (Tái Bản 2024),89000,9,9780085480365,"Lorem ipsum dolor sit amet, consectetur adipiscing elit. Nam congue vel tellus non luctus. Vestibulum vitae nunc lorem. Sed lacinia lectus vel augue imperdiet ultricies. Donec id venenatis ex, vitae pretium ligula. Sed nulla eros, dignissim at feugiat non, posuere sit amet urna. Ut eu porttitor tellus. Cras eu massa nulla. Morbi porta fermentum elit eu iaculis. Pellentesque hendrerit venenatis purus at feugiat. Pellentesque vitae feugiat purus. Donec mattis rhoncus lacinia. Sed quam diam, molestie id laoreet eu, lacinia ac turpis. Cras tincidunt lobortis elit quis aliquam. Proin et massa libero.

Aliquam id pharetra arcu. Vivamus vitae mattis ligula. Sed efficitur urna vitae scelerisque tempor. Proin purus magna, vulputate eu ligula a, vehicula malesuada enim. Curabitur aliquet rutrum enim et tincidunt. Vestibulum ante ipsum primis in faucibus orci luctus et ultrices posuere cubilia curae; Vivamus pharetra enim leo, nec molestie nibh consectetur quis. Class aptent taciti sociosqu ad litora torquent per conubia nostra, per inceptos himenaeos. Nunc quis maximus elit, vitae pulvinar urna. Integer at mi elit. Phasellus vitae rutrum sem. Vivamus et mauris ac nisl congue congue eu eget elit. Nullam at quam velit. Pellentesque dictum, diam nec tempor aliquet, tortor justo fermentum sapien, at condimentum turpis elit vel sapien. Aenean rutrum tellus sodales tortor viverra eleifend.

Donec facilisis, diam efficitur maximus ultrices, enim lectus rutrum elit, eget malesuada mi justo dapibus enim. Maecenas finibus euismod nulla quis dignissim. Sed dictum ante rutrum turpis euismod laoreet. Sed placerat tellus leo. In ut lobortis lorem. Nullam vitae lectus egestas urna tincidunt aliquet. Ut sagittis vel enim eget malesuada. Cras in congue tortor. Interdum et malesuada fames ac ante ipsum primis in faucibus. Nunc tempus consequat neque, et eleifend nulla aliquam eu.",Author 369,4,999-la-thu-gui-cho-chinh-minh-nhung-la-thu-an-tuong-nhat-phien-ban-song-ngu-trung-viet-tai-ban-2024,NXB 369,2016,135
https://cdn1.fahasa.com/media/catalog/product/9/7/9786048485313.jpg,Chua Ngọt Đời Văn,180000,9,9780085480366,"Lorem ipsum dolor sit amet, consectetur adipiscing elit. Nam congue vel tellus non luctus. Vestibulum vitae nunc lorem. Sed lacinia lectus vel augue imperdiet ultricies. Donec id venenatis ex, vitae pretium ligula. Sed nulla eros, dignissim at feugiat non, posuere sit amet urna. Ut eu porttitor tellus. Cras eu massa nulla. Morbi porta fermentum elit eu iaculis. Pellentesque hendrerit venenatis purus at feugiat. Pellentesque vitae feugiat purus. Donec mattis rhoncus lacinia. Sed quam diam, molestie id laoreet eu, lacinia ac turpis. Cras tincidunt lobortis elit quis aliquam. Proin et massa libero.

Aliquam id pharetra arcu. Vivamus vitae mattis ligula. Sed efficitur urna vitae scelerisque tempor. Proin purus magna, vulputate eu ligula a, vehicula malesuada enim. Curabitur aliquet rutrum enim et tincidunt. Vestibulum ante ipsum primis in faucibus orci luctus et ultrices posuere cubilia curae; Vivamus pharetra enim leo, nec molestie nibh consectetur quis. Class aptent taciti sociosqu ad litora torquent per conubia nostra, per inceptos himenaeos. Nunc quis maximus elit, vitae pulvinar urna. Integer at mi elit. Phasellus vitae rutrum sem. Vivamus et mauris ac nisl congue congue eu eget elit. Nullam at quam velit. Pellentesque dictum, diam nec tempor aliquet, tortor justo fermentum sapien, at condimentum turpis elit vel sapien. Aenean rutrum tellus sodales tortor viverra eleifend.

Donec facilisis, diam efficitur maximus ultrices, enim lectus rutrum elit, eget malesuada mi justo dapibus enim. Maecenas finibus euismod nulla quis dignissim. Sed dictum ante rutrum turpis euismod laoreet. Sed placerat tellus leo. In ut lobortis lorem. Nullam vitae lectus egestas urna tincidunt aliquet. Ut sagittis vel enim eget malesuada. Cras in congue tortor. Interdum et malesuada fames ac ante ipsum primis in faucibus. Nunc tempus consequat neque, et eleifend nulla aliquam eu.",Author 370,13,chua-ngot-oi-van,NXB 370,2006,93
https://cdn1.fahasa.com/media/catalog/product/l/y/lyvachntetlanhatnhatlatet01.jpg,"Ly Và Chũn - Tết Là Nhất, Nhất Là Tết! (Tái Bản 2026)",136000,9,9780085480367,"Lorem ipsum dolor sit amet, consectetur adipiscing elit. Nam congue vel tellus non luctus. Vestibulum vitae nunc lorem. Sed lacinia lectus vel augue imperdiet ultricies. Donec id venenatis ex, vitae pretium ligula. Sed nulla eros, dignissim at feugiat non, posuere sit amet urna. Ut eu porttitor tellus. Cras eu massa nulla. Morbi porta fermentum elit eu iaculis. Pellentesque hendrerit venenatis purus at feugiat. Pellentesque vitae feugiat purus. Donec mattis rhoncus lacinia. Sed quam diam, molestie id laoreet eu, lacinia ac turpis. Cras tincidunt lobortis elit quis aliquam. Proin et massa libero.

Aliquam id pharetra arcu. Vivamus vitae mattis ligula. Sed efficitur urna vitae scelerisque tempor. Proin purus magna, vulputate eu ligula a, vehicula malesuada enim. Curabitur aliquet rutrum enim et tincidunt. Vestibulum ante ipsum primis in faucibus orci luctus et ultrices posuere cubilia curae; Vivamus pharetra enim leo, nec molestie nibh consectetur quis. Class aptent taciti sociosqu ad litora torquent per conubia nostra, per inceptos himenaeos. Nunc quis maximus elit, vitae pulvinar urna. Integer at mi elit. Phasellus vitae rutrum sem. Vivamus et mauris ac nisl congue congue eu eget elit. Nullam at quam velit. Pellentesque dictum, diam nec tempor aliquet, tortor justo fermentum sapien, at condimentum turpis elit vel sapien. Aenean rutrum tellus sodales tortor viverra eleifend.

Donec facilisis, diam efficitur maximus ultrices, enim lectus rutrum elit, eget malesuada mi justo dapibus enim. Maecenas finibus euismod nulla quis dignissim. Sed dictum ante rutrum turpis euismod laoreet. Sed placerat tellus leo. In ut lobortis lorem. Nullam vitae lectus egestas urna tincidunt aliquet. Ut sagittis vel enim eget malesuada. Cras in congue tortor. Interdum et malesuada fames ac ante ipsum primis in faucibus. Nunc tempus consequat neque, et eleifend nulla aliquam eu.",Author 371,20,ly-va-chun-tet-la-nhat-nhat-la-tet-tai-ban-2026,NXB 371,2023,145
https://cdn1.fahasa.com/media/catalog/product/9/7/9786044968926.jpg,"Còn Mẹ, Còn Quê Là Còn Tết",95000,9,9780085480368,"Lorem ipsum dolor sit amet, consectetur adipiscing elit. Nam congue vel tellus non luctus. Vestibulum vitae nunc lorem. Sed lacinia lectus vel augue imperdiet ultricies. Donec id venenatis ex, vitae pretium ligula. Sed nulla eros, dignissim at feugiat non, posuere sit amet urna. Ut eu porttitor tellus. Cras eu massa nulla. Morbi porta fermentum elit eu iaculis. Pellentesque hendrerit venenatis purus at feugiat. Pellentesque vitae feugiat purus. Donec mattis rhoncus lacinia. Sed quam diam, molestie id laoreet eu, lacinia ac turpis. Cras tincidunt lobortis elit quis aliquam. Proin et massa libero.

Aliquam id pharetra arcu. Vivamus vitae mattis ligula. Sed efficitur urna vitae scelerisque tempor. Proin purus magna, vulputate eu ligula a, vehicula malesuada enim. Curabitur aliquet rutrum enim et tincidunt. Vestibulum ante ipsum primis in faucibus orci luctus et ultrices posuere cubilia curae; Vivamus pharetra enim leo, nec molestie nibh consectetur quis. Class aptent taciti sociosqu ad litora torquent per conubia nostra, per inceptos himenaeos. Nunc quis maximus elit, vitae pulvinar urna. Integer at mi elit. Phasellus vitae rutrum sem. Vivamus et mauris ac nisl congue congue eu eget elit. Nullam at quam velit. Pellentesque dictum, diam nec tempor aliquet, tortor justo fermentum sapien, at condimentum turpis elit vel sapien. Aenean rutrum tellus sodales tortor viverra eleifend.

Donec facilisis, diam efficitur maximus ultrices, enim lectus rutrum elit, eget malesuada mi justo dapibus enim. Maecenas finibus euismod nulla quis dignissim. Sed dictum ante rutrum turpis euismod laoreet. Sed placerat tellus leo. In ut lobortis lorem. Nullam vitae lectus egestas urna tincidunt aliquet. Ut sagittis vel enim eget malesuada. Cras in congue tortor. Interdum et malesuada fames ac ante ipsum primis in faucibus. Nunc tempus consequat neque, et eleifend nulla aliquam eu.",Author 372,8,con-me-con-que-la-con-tet,NXB 372,2005,110
https://cdn1.fahasa.com/media/catalog/product/9/7/9786043931754.jpg,Sayings Of Youth - Lời Nói Của Thanh Xuân,127000,9,9780085480369,"Lorem ipsum dolor sit amet, consectetur adipiscing elit. Nam congue vel tellus non luctus. Vestibulum vitae nunc lorem. Sed lacinia lectus vel augue imperdiet ultricies. Donec id venenatis ex, vitae pretium ligula. Sed nulla eros, dignissim at feugiat non, posuere sit amet urna. Ut eu porttitor tellus. Cras eu massa nulla. Morbi porta fermentum elit eu iaculis. Pellentesque hendrerit venenatis purus at feugiat. Pellentesque vitae feugiat purus. Donec mattis rhoncus lacinia. Sed quam diam, molestie id laoreet eu, lacinia ac turpis. Cras tincidunt lobortis elit quis aliquam. Proin et massa libero.

Aliquam id pharetra arcu. Vivamus vitae mattis ligula. Sed efficitur urna vitae scelerisque tempor. Proin purus magna, vulputate eu ligula a, vehicula malesuada enim. Curabitur aliquet rutrum enim et tincidunt. Vestibulum ante ipsum primis in faucibus orci luctus et ultrices posuere cubilia curae; Vivamus pharetra enim leo, nec molestie nibh consectetur quis. Class aptent taciti sociosqu ad litora torquent per conubia nostra, per inceptos himenaeos. Nunc quis maximus elit, vitae pulvinar urna. Integer at mi elit. Phasellus vitae rutrum sem. Vivamus et mauris ac nisl congue congue eu eget elit. Nullam at quam velit. Pellentesque dictum, diam nec tempor aliquet, tortor justo fermentum sapien, at condimentum turpis elit vel sapien. Aenean rutrum tellus sodales tortor viverra eleifend.

Donec facilisis, diam efficitur maximus ultrices, enim lectus rutrum elit, eget malesuada mi justo dapibus enim. Maecenas finibus euismod nulla quis dignissim. Sed dictum ante rutrum turpis euismod laoreet. Sed placerat tellus leo. In ut lobortis lorem. Nullam vitae lectus egestas urna tincidunt aliquet. Ut sagittis vel enim eget malesuada. Cras in congue tortor. Interdum et malesuada fames ac ante ipsum primis in faucibus. Nunc tempus consequat neque, et eleifend nulla aliquam eu.",Author 373,11,sayings-of-youth-loi-noi-cua-thanh-xuan,NXB 373,2025,118
https://cdn1.fahasa.com/media/catalog/product/8/9/8935278605577.jpg,Trưởng Thành Cùng Nỗi Cô Đơn,108000,9,9780085480370,"Lorem ipsum dolor sit amet, consectetur adipiscing elit. Nam congue vel tellus non luctus. Vestibulum vitae nunc lorem. Sed lacinia lectus vel augue imperdiet ultricies. Donec id venenatis ex, vitae pretium ligula. Sed nulla eros, dignissim at feugiat non, posuere sit amet urna. Ut eu porttitor tellus. Cras eu massa nulla. Morbi porta fermentum elit eu iaculis. Pellentesque hendrerit venenatis purus at feugiat. Pellentesque vitae feugiat purus. Donec mattis rhoncus lacinia. Sed quam diam, molestie id laoreet eu, lacinia ac turpis. Cras tincidunt lobortis elit quis aliquam. Proin et massa libero.

Aliquam id pharetra arcu. Vivamus vitae mattis ligula. Sed efficitur urna vitae scelerisque tempor. Proin purus magna, vulputate eu ligula a, vehicula malesuada enim. Curabitur aliquet rutrum enim et tincidunt. Vestibulum ante ipsum primis in faucibus orci luctus et ultrices posuere cubilia curae; Vivamus pharetra enim leo, nec molestie nibh consectetur quis. Class aptent taciti sociosqu ad litora torquent per conubia nostra, per inceptos himenaeos. Nunc quis maximus elit, vitae pulvinar urna. Integer at mi elit. Phasellus vitae rutrum sem. Vivamus et mauris ac nisl congue congue eu eget elit. Nullam at quam velit. Pellentesque dictum, diam nec tempor aliquet, tortor justo fermentum sapien, at condimentum turpis elit vel sapien. Aenean rutrum tellus sodales tortor viverra eleifend.

Donec facilisis, diam efficitur maximus ultrices, enim lectus rutrum elit, eget malesuada mi justo dapibus enim. Maecenas finibus euismod nulla quis dignissim. Sed dictum ante rutrum turpis euismod laoreet. Sed placerat tellus leo. In ut lobortis lorem. Nullam vitae lectus egestas urna tincidunt aliquet. Ut sagittis vel enim eget malesuada. Cras in congue tortor. Interdum et malesuada fames ac ante ipsum primis in faucibus. Nunc tempus consequat neque, et eleifend nulla aliquam eu.",Author 374,15,truong-thanh-cung-noi-co-on,NXB 374,2012,108
https://cdn1.fahasa.com/media/catalog/product/i/m/image_221476.jpg,Việt Nam Danh Tác - Miếng Ngon Hà Nội,56000,9,9780085480371,"Lorem ipsum dolor sit amet, consectetur adipiscing elit. Nam congue vel tellus non luctus. Vestibulum vitae nunc lorem. Sed lacinia lectus vel augue imperdiet ultricies. Donec id venenatis ex, vitae pretium ligula. Sed nulla eros, dignissim at feugiat non, posuere sit amet urna. Ut eu porttitor tellus. Cras eu massa nulla. Morbi porta fermentum elit eu iaculis. Pellentesque hendrerit venenatis purus at feugiat. Pellentesque vitae feugiat purus. Donec mattis rhoncus lacinia. Sed quam diam, molestie id laoreet eu, lacinia ac turpis. Cras tincidunt lobortis elit quis aliquam. Proin et massa libero.

Aliquam id pharetra arcu. Vivamus vitae mattis ligula. Sed efficitur urna vitae scelerisque tempor. Proin purus magna, vulputate eu ligula a, vehicula malesuada enim. Curabitur aliquet rutrum enim et tincidunt. Vestibulum ante ipsum primis in faucibus orci luctus et ultrices posuere cubilia curae; Vivamus pharetra enim leo, nec molestie nibh consectetur quis. Class aptent taciti sociosqu ad litora torquent per conubia nostra, per inceptos himenaeos. Nunc quis maximus elit, vitae pulvinar urna. Integer at mi elit. Phasellus vitae rutrum sem. Vivamus et mauris ac nisl congue congue eu eget elit. Nullam at quam velit. Pellentesque dictum, diam nec tempor aliquet, tortor justo fermentum sapien, at condimentum turpis elit vel sapien. Aenean rutrum tellus sodales tortor viverra eleifend.

Donec facilisis, diam efficitur maximus ultrices, enim lectus rutrum elit, eget malesuada mi justo dapibus enim. Maecenas finibus euismod nulla quis dignissim. Sed dictum ante rutrum turpis euismod laoreet. Sed placerat tellus leo. In ut lobortis lorem. Nullam vitae lectus egestas urna tincidunt aliquet. Ut sagittis vel enim eget malesuada. Cras in congue tortor. Interdum et malesuada fames ac ante ipsum primis in faucibus. Nunc tempus consequat neque, et eleifend nulla aliquam eu.",Author 375,13,viet-nam-danh-tac-mieng-ngon-ha-noi,NXB 375,2006,110
https://cdn1.fahasa.com/media/catalog/product/b/1/b1_33.jpg,999 Lá Thư Gửi Cho Chính Mình - Phiên Bản Kỷ Niệm,201000,9,9780085480372,"Lorem ipsum dolor sit amet, consectetur adipiscing elit. Nam congue vel tellus non luctus. Vestibulum vitae nunc lorem. Sed lacinia lectus vel augue imperdiet ultricies. Donec id venenatis ex, vitae pretium ligula. Sed nulla eros, dignissim at feugiat non, posuere sit amet urna. Ut eu porttitor tellus. Cras eu massa nulla. Morbi porta fermentum elit eu iaculis. Pellentesque hendrerit venenatis purus at feugiat. Pellentesque vitae feugiat purus. Donec mattis rhoncus lacinia. Sed quam diam, molestie id laoreet eu, lacinia ac turpis. Cras tincidunt lobortis elit quis aliquam. Proin et massa libero.

Aliquam id pharetra arcu. Vivamus vitae mattis ligula. Sed efficitur urna vitae scelerisque tempor. Proin purus magna, vulputate eu ligula a, vehicula malesuada enim. Curabitur aliquet rutrum enim et tincidunt. Vestibulum ante ipsum primis in faucibus orci luctus et ultrices posuere cubilia curae; Vivamus pharetra enim leo, nec molestie nibh consectetur quis. Class aptent taciti sociosqu ad litora torquent per conubia nostra, per inceptos himenaeos. Nunc quis maximus elit, vitae pulvinar urna. Integer at mi elit. Phasellus vitae rutrum sem. Vivamus et mauris ac nisl congue congue eu eget elit. Nullam at quam velit. Pellentesque dictum, diam nec tempor aliquet, tortor justo fermentum sapien, at condimentum turpis elit vel sapien. Aenean rutrum tellus sodales tortor viverra eleifend.

Donec facilisis, diam efficitur maximus ultrices, enim lectus rutrum elit, eget malesuada mi justo dapibus enim. Maecenas finibus euismod nulla quis dignissim. Sed dictum ante rutrum turpis euismod laoreet. Sed placerat tellus leo. In ut lobortis lorem. Nullam vitae lectus egestas urna tincidunt aliquet. Ut sagittis vel enim eget malesuada. Cras in congue tortor. Interdum et malesuada fames ac ante ipsum primis in faucibus. Nunc tempus consequat neque, et eleifend nulla aliquam eu.",Author 376,18,999-la-thu-gui-cho-chinh-minh-phien-ban-ky-niem,NXB 376,2002,78
https://cdn1.fahasa.com/media/catalog/product/n/x/nxbtre_full_11402018_104014.jpg,Yên,76500,9,9780085480373,"Lorem ipsum dolor sit amet, consectetur adipiscing elit. Nam congue vel tellus non luctus. Vestibulum vitae nunc lorem. Sed lacinia lectus vel augue imperdiet ultricies. Donec id venenatis ex, vitae pretium ligula. Sed nulla eros, dignissim at feugiat non, posuere sit amet urna. Ut eu porttitor tellus. Cras eu massa nulla. Morbi porta fermentum elit eu iaculis. Pellentesque hendrerit venenatis purus at feugiat. Pellentesque vitae feugiat purus. Donec mattis rhoncus lacinia. Sed quam diam, molestie id laoreet eu, lacinia ac turpis. Cras tincidunt lobortis elit quis aliquam. Proin et massa libero.

Aliquam id pharetra arcu. Vivamus vitae mattis ligula. Sed efficitur urna vitae scelerisque tempor. Proin purus magna, vulputate eu ligula a, vehicula malesuada enim. Curabitur aliquet rutrum enim et tincidunt. Vestibulum ante ipsum primis in faucibus orci luctus et ultrices posuere cubilia curae; Vivamus pharetra enim leo, nec molestie nibh consectetur quis. Class aptent taciti sociosqu ad litora torquent per conubia nostra, per inceptos himenaeos. Nunc quis maximus elit, vitae pulvinar urna. Integer at mi elit. Phasellus vitae rutrum sem. Vivamus et mauris ac nisl congue congue eu eget elit. Nullam at quam velit. Pellentesque dictum, diam nec tempor aliquet, tortor justo fermentum sapien, at condimentum turpis elit vel sapien. Aenean rutrum tellus sodales tortor viverra eleifend.

Donec facilisis, diam efficitur maximus ultrices, enim lectus rutrum elit, eget malesuada mi justo dapibus enim. Maecenas finibus euismod nulla quis dignissim. Sed dictum ante rutrum turpis euismod laoreet. Sed placerat tellus leo. In ut lobortis lorem. Nullam vitae lectus egestas urna tincidunt aliquet. Ut sagittis vel enim eget malesuada. Cras in congue tortor. Interdum et malesuada fames ac ante ipsum primis in faucibus. Nunc tempus consequat neque, et eleifend nulla aliquam eu.",Author 377,4,yen,NXB 377,2016,98
https://cdn1.fahasa.com/media/catalog/product/z/7/z7143621718713_c287b5a930cbd96a9bf097d3d077c360.jpg,Nghề Viết Văn,119000,9,9780085480374,"Lorem ipsum dolor sit amet, consectetur adipiscing elit. Nam congue vel tellus non luctus. Vestibulum vitae nunc lorem. Sed lacinia lectus vel augue imperdiet ultricies. Donec id venenatis ex, vitae pretium ligula. Sed nulla eros, dignissim at feugiat non, posuere sit amet urna. Ut eu porttitor tellus. Cras eu massa nulla. Morbi porta fermentum elit eu iaculis. Pellentesque hendrerit venenatis purus at feugiat. Pellentesque vitae feugiat purus. Donec mattis rhoncus lacinia. Sed quam diam, molestie id laoreet eu, lacinia ac turpis. Cras tincidunt lobortis elit quis aliquam. Proin et massa libero.

Aliquam id pharetra arcu. Vivamus vitae mattis ligula. Sed efficitur urna vitae scelerisque tempor. Proin purus magna, vulputate eu ligula a, vehicula malesuada enim. Curabitur aliquet rutrum enim et tincidunt. Vestibulum ante ipsum primis in faucibus orci luctus et ultrices posuere cubilia curae; Vivamus pharetra enim leo, nec molestie nibh consectetur quis. Class aptent taciti sociosqu ad litora torquent per conubia nostra, per inceptos himenaeos. Nunc quis maximus elit, vitae pulvinar urna. Integer at mi elit. Phasellus vitae rutrum sem. Vivamus et mauris ac nisl congue congue eu eget elit. Nullam at quam velit. Pellentesque dictum, diam nec tempor aliquet, tortor justo fermentum sapien, at condimentum turpis elit vel sapien. Aenean rutrum tellus sodales tortor viverra eleifend.

Donec facilisis, diam efficitur maximus ultrices, enim lectus rutrum elit, eget malesuada mi justo dapibus enim. Maecenas finibus euismod nulla quis dignissim. Sed dictum ante rutrum turpis euismod laoreet. Sed placerat tellus leo. In ut lobortis lorem. Nullam vitae lectus egestas urna tincidunt aliquet. Ut sagittis vel enim eget malesuada. Cras in congue tortor. Interdum et malesuada fames ac ante ipsum primis in faucibus. Nunc tempus consequat neque, et eleifend nulla aliquam eu.",Author 378,12,nghe-viet-van,NXB 378,2010,143
https://cdn1.fahasa.com/media/catalog/product/8/9/8934974190554.jpg,Trôi - Nguyễn Ngọc Tư,80500,9,9780085480375,"Lorem ipsum dolor sit amet, consectetur adipiscing elit. Nam congue vel tellus non luctus. Vestibulum vitae nunc lorem. Sed lacinia lectus vel augue imperdiet ultricies. Donec id venenatis ex, vitae pretium ligula. Sed nulla eros, dignissim at feugiat non, posuere sit amet urna. Ut eu porttitor tellus. Cras eu massa nulla. Morbi porta fermentum elit eu iaculis. Pellentesque hendrerit venenatis purus at feugiat. Pellentesque vitae feugiat purus. Donec mattis rhoncus lacinia. Sed quam diam, molestie id laoreet eu, lacinia ac turpis. Cras tincidunt lobortis elit quis aliquam. Proin et massa libero.

Aliquam id pharetra arcu. Vivamus vitae mattis ligula. Sed efficitur urna vitae scelerisque tempor. Proin purus magna, vulputate eu ligula a, vehicula malesuada enim. Curabitur aliquet rutrum enim et tincidunt. Vestibulum ante ipsum primis in faucibus orci luctus et ultrices posuere cubilia curae; Vivamus pharetra enim leo, nec molestie nibh consectetur quis. Class aptent taciti sociosqu ad litora torquent per conubia nostra, per inceptos himenaeos. Nunc quis maximus elit, vitae pulvinar urna. Integer at mi elit. Phasellus vitae rutrum sem. Vivamus et mauris ac nisl congue congue eu eget elit. Nullam at quam velit. Pellentesque dictum, diam nec tempor aliquet, tortor justo fermentum sapien, at condimentum turpis elit vel sapien. Aenean rutrum tellus sodales tortor viverra eleifend.

Donec facilisis, diam efficitur maximus ultrices, enim lectus rutrum elit, eget malesuada mi justo dapibus enim. Maecenas finibus euismod nulla quis dignissim. Sed dictum ante rutrum turpis euismod laoreet. Sed placerat tellus leo. In ut lobortis lorem. Nullam vitae lectus egestas urna tincidunt aliquet. Ut sagittis vel enim eget malesuada. Cras in congue tortor. Interdum et malesuada fames ac ante ipsum primis in faucibus. Nunc tempus consequat neque, et eleifend nulla aliquam eu.",Author 379,14,troi-nguyen-ngoc-tu,NXB 379,2007,132
https://cdn1.fahasa.com/media/catalog/product/z/6/z6028276186918_aaaee3cc0ae3a3265c5fe2171dea26c1_1.jpg,Thế Giới Mong Cậu Lớn - Tớ Mong Cậu Bình An - Tặng Kèm Bookmark,143000,9,9780085480376,"Lorem ipsum dolor sit amet, consectetur adipiscing elit. Nam congue vel tellus non luctus. Vestibulum vitae nunc lorem. Sed lacinia lectus vel augue imperdiet ultricies. Donec id venenatis ex, vitae pretium ligula. Sed nulla eros, dignissim at feugiat non, posuere sit amet urna. Ut eu porttitor tellus. Cras eu massa nulla. Morbi porta fermentum elit eu iaculis. Pellentesque hendrerit venenatis purus at feugiat. Pellentesque vitae feugiat purus. Donec mattis rhoncus lacinia. Sed quam diam, molestie id laoreet eu, lacinia ac turpis. Cras tincidunt lobortis elit quis aliquam. Proin et massa libero.

Aliquam id pharetra arcu. Vivamus vitae mattis ligula. Sed efficitur urna vitae scelerisque tempor. Proin purus magna, vulputate eu ligula a, vehicula malesuada enim. Curabitur aliquet rutrum enim et tincidunt. Vestibulum ante ipsum primis in faucibus orci luctus et ultrices posuere cubilia curae; Vivamus pharetra enim leo, nec molestie nibh consectetur quis. Class aptent taciti sociosqu ad litora torquent per conubia nostra, per inceptos himenaeos. Nunc quis maximus elit, vitae pulvinar urna. Integer at mi elit. Phasellus vitae rutrum sem. Vivamus et mauris ac nisl congue congue eu eget elit. Nullam at quam velit. Pellentesque dictum, diam nec tempor aliquet, tortor justo fermentum sapien, at condimentum turpis elit vel sapien. Aenean rutrum tellus sodales tortor viverra eleifend.

Donec facilisis, diam efficitur maximus ultrices, enim lectus rutrum elit, eget malesuada mi justo dapibus enim. Maecenas finibus euismod nulla quis dignissim. Sed dictum ante rutrum turpis euismod laoreet. Sed placerat tellus leo. In ut lobortis lorem. Nullam vitae lectus egestas urna tincidunt aliquet. Ut sagittis vel enim eget malesuada. Cras in congue tortor. Interdum et malesuada fames ac ante ipsum primis in faucibus. Nunc tempus consequat neque, et eleifend nulla aliquam eu.",Author 380,18,the-gioi-mong-cau-lon-to-mong-cau-binh-an-tang-kem-bookmark,NXB 380,2024,143
https://cdn1.fahasa.com/media/catalog/product/b/_/b_a-1_2_24.jpg,Cùng Cha Mẹ Già Đi,89000,9,9780085480377,"Lorem ipsum dolor sit amet, consectetur adipiscing elit. Nam congue vel tellus non luctus. Vestibulum vitae nunc lorem. Sed lacinia lectus vel augue imperdiet ultricies. Donec id venenatis ex, vitae pretium ligula. Sed nulla eros, dignissim at feugiat non, posuere sit amet urna. Ut eu porttitor tellus. Cras eu massa nulla. Morbi porta fermentum elit eu iaculis. Pellentesque hendrerit venenatis purus at feugiat. Pellentesque vitae feugiat purus. Donec mattis rhoncus lacinia. Sed quam diam, molestie id laoreet eu, lacinia ac turpis. Cras tincidunt lobortis elit quis aliquam. Proin et massa libero.

Aliquam id pharetra arcu. Vivamus vitae mattis ligula. Sed efficitur urna vitae scelerisque tempor. Proin purus magna, vulputate eu ligula a, vehicula malesuada enim. Curabitur aliquet rutrum enim et tincidunt. Vestibulum ante ipsum primis in faucibus orci luctus et ultrices posuere cubilia curae; Vivamus pharetra enim leo, nec molestie nibh consectetur quis. Class aptent taciti sociosqu ad litora torquent per conubia nostra, per inceptos himenaeos. Nunc quis maximus elit, vitae pulvinar urna. Integer at mi elit. Phasellus vitae rutrum sem. Vivamus et mauris ac nisl congue congue eu eget elit. Nullam at quam velit. Pellentesque dictum, diam nec tempor aliquet, tortor justo fermentum sapien, at condimentum turpis elit vel sapien. Aenean rutrum tellus sodales tortor viverra eleifend.

Donec facilisis, diam efficitur maximus ultrices, enim lectus rutrum elit, eget malesuada mi justo dapibus enim. Maecenas finibus euismod nulla quis dignissim. Sed dictum ante rutrum turpis euismod laoreet. Sed placerat tellus leo. In ut lobortis lorem. Nullam vitae lectus egestas urna tincidunt aliquet. Ut sagittis vel enim eget malesuada. Cras in congue tortor. Interdum et malesuada fames ac ante ipsum primis in faucibus. Nunc tempus consequat neque, et eleifend nulla aliquam eu.",Author 381,8,cung-cha-me-gia-i,NXB 381,2004,54
https://cdn1.fahasa.com/media/catalog/product/b/i/bia-truoc-nhat-ki-cua-bo.jpg,Nhật Ký Của Bố - Hành Trình 19 Năm Trưởng Thành Cùng Ngưu Ngưu,96500,9,9780085480378,"Lorem ipsum dolor sit amet, consectetur adipiscing elit. Nam congue vel tellus non luctus. Vestibulum vitae nunc lorem. Sed lacinia lectus vel augue imperdiet ultricies. Donec id venenatis ex, vitae pretium ligula. Sed nulla eros, dignissim at feugiat non, posuere sit amet urna. Ut eu porttitor tellus. Cras eu massa nulla. Morbi porta fermentum elit eu iaculis. Pellentesque hendrerit venenatis purus at feugiat. Pellentesque vitae feugiat purus. Donec mattis rhoncus lacinia. Sed quam diam, molestie id laoreet eu, lacinia ac turpis. Cras tincidunt lobortis elit quis aliquam. Proin et massa libero.

Aliquam id pharetra arcu. Vivamus vitae mattis ligula. Sed efficitur urna vitae scelerisque tempor. Proin purus magna, vulputate eu ligula a, vehicula malesuada enim. Curabitur aliquet rutrum enim et tincidunt. Vestibulum ante ipsum primis in faucibus orci luctus et ultrices posuere cubilia curae; Vivamus pharetra enim leo, nec molestie nibh consectetur quis. Class aptent taciti sociosqu ad litora torquent per conubia nostra, per inceptos himenaeos. Nunc quis maximus elit, vitae pulvinar urna. Integer at mi elit. Phasellus vitae rutrum sem. Vivamus et mauris ac nisl congue congue eu eget elit. Nullam at quam velit. Pellentesque dictum, diam nec tempor aliquet, tortor justo fermentum sapien, at condimentum turpis elit vel sapien. Aenean rutrum tellus sodales tortor viverra eleifend.

Donec facilisis, diam efficitur maximus ultrices, enim lectus rutrum elit, eget malesuada mi justo dapibus enim. Maecenas finibus euismod nulla quis dignissim. Sed dictum ante rutrum turpis euismod laoreet. Sed placerat tellus leo. In ut lobortis lorem. Nullam vitae lectus egestas urna tincidunt aliquet. Ut sagittis vel enim eget malesuada. Cras in congue tortor. Interdum et malesuada fames ac ante ipsum primis in faucibus. Nunc tempus consequat neque, et eleifend nulla aliquam eu.",Author 382,11,nhat-ky-cua-bo-hanh-trinh-19-nam-truong-thanh-cung-nguu-nguu,NXB 382,2020,66
https://cdn1.fahasa.com/media/catalog/product/b/i/bia_song-ruc-ro-nhu-mot-doa-hoa-1.jpg,Sống Rực Rỡ Như Một Đóa Hoa,112500,9,9780085480379,"Lorem ipsum dolor sit amet, consectetur adipiscing elit. Nam congue vel tellus non luctus. Vestibulum vitae nunc lorem. Sed lacinia lectus vel augue imperdiet ultricies. Donec id venenatis ex, vitae pretium ligula. Sed nulla eros, dignissim at feugiat non, posuere sit amet urna. Ut eu porttitor tellus. Cras eu massa nulla. Morbi porta fermentum elit eu iaculis. Pellentesque hendrerit venenatis purus at feugiat. Pellentesque vitae feugiat purus. Donec mattis rhoncus lacinia. Sed quam diam, molestie id laoreet eu, lacinia ac turpis. Cras tincidunt lobortis elit quis aliquam. Proin et massa libero.

Aliquam id pharetra arcu. Vivamus vitae mattis ligula. Sed efficitur urna vitae scelerisque tempor. Proin purus magna, vulputate eu ligula a, vehicula malesuada enim. Curabitur aliquet rutrum enim et tincidunt. Vestibulum ante ipsum primis in faucibus orci luctus et ultrices posuere cubilia curae; Vivamus pharetra enim leo, nec molestie nibh consectetur quis. Class aptent taciti sociosqu ad litora torquent per conubia nostra, per inceptos himenaeos. Nunc quis maximus elit, vitae pulvinar urna. Integer at mi elit. Phasellus vitae rutrum sem. Vivamus et mauris ac nisl congue congue eu eget elit. Nullam at quam velit. Pellentesque dictum, diam nec tempor aliquet, tortor justo fermentum sapien, at condimentum turpis elit vel sapien. Aenean rutrum tellus sodales tortor viverra eleifend.

Donec facilisis, diam efficitur maximus ultrices, enim lectus rutrum elit, eget malesuada mi justo dapibus enim. Maecenas finibus euismod nulla quis dignissim. Sed dictum ante rutrum turpis euismod laoreet. Sed placerat tellus leo. In ut lobortis lorem. Nullam vitae lectus egestas urna tincidunt aliquet. Ut sagittis vel enim eget malesuada. Cras in congue tortor. Interdum et malesuada fames ac ante ipsum primis in faucibus. Nunc tempus consequat neque, et eleifend nulla aliquam eu.",Author 383,16,song-ruc-ro-nhu-mot-oa-hoa,NXB 383,2023,144
https://cdn1.fahasa.com/media/catalog/product/2/b/2b1b84fd8acb43f386337a4e2ebb63b2.jpg,Combo Sách Truyện Ngắn Của Tác Giả Haruki Murakami - Sau Động Đất + Những Chuyện Lạ Ở Tokyo + Người TV (Bộ 3 Cuốn),266500,9,9780085480380,"Lorem ipsum dolor sit amet, consectetur adipiscing elit. Nam congue vel tellus non luctus. Vestibulum vitae nunc lorem. Sed lacinia lectus vel augue imperdiet ultricies. Donec id venenatis ex, vitae pretium ligula. Sed nulla eros, dignissim at feugiat non, posuere sit amet urna. Ut eu porttitor tellus. Cras eu massa nulla. Morbi porta fermentum elit eu iaculis. Pellentesque hendrerit venenatis purus at feugiat. Pellentesque vitae feugiat purus. Donec mattis rhoncus lacinia. Sed quam diam, molestie id laoreet eu, lacinia ac turpis. Cras tincidunt lobortis elit quis aliquam. Proin et massa libero.

Aliquam id pharetra arcu. Vivamus vitae mattis ligula. Sed efficitur urna vitae scelerisque tempor. Proin purus magna, vulputate eu ligula a, vehicula malesuada enim. Curabitur aliquet rutrum enim et tincidunt. Vestibulum ante ipsum primis in faucibus orci luctus et ultrices posuere cubilia curae; Vivamus pharetra enim leo, nec molestie nibh consectetur quis. Class aptent taciti sociosqu ad litora torquent per conubia nostra, per inceptos himenaeos. Nunc quis maximus elit, vitae pulvinar urna. Integer at mi elit. Phasellus vitae rutrum sem. Vivamus et mauris ac nisl congue congue eu eget elit. Nullam at quam velit. Pellentesque dictum, diam nec tempor aliquet, tortor justo fermentum sapien, at condimentum turpis elit vel sapien. Aenean rutrum tellus sodales tortor viverra eleifend.

Donec facilisis, diam efficitur maximus ultrices, enim lectus rutrum elit, eget malesuada mi justo dapibus enim. Maecenas finibus euismod nulla quis dignissim. Sed dictum ante rutrum turpis euismod laoreet. Sed placerat tellus leo. In ut lobortis lorem. Nullam vitae lectus egestas urna tincidunt aliquet. Ut sagittis vel enim eget malesuada. Cras in congue tortor. Interdum et malesuada fames ac ante ipsum primis in faucibus. Nunc tempus consequat neque, et eleifend nulla aliquam eu.",Author 384,12,combo-sach-truyen-ngan-cua-tac-gia-haruki-murakami-sau-ong-at-nhung-chuyen-la-o-tokyo-nguoi-tv-bo-3-cuon,NXB 384,2010,135
